2026-01-16 12:06:39.811 [info] Started local extension host with pid 43868.
2026-01-16 12:06:39.841 [info] Invoking resolveAuthority(ssh-remote)...
2026-01-16 12:06:39.841 [info] [LocalProcess0][resolveAuthority(ssh-remote,1)][0ms] obtaining proxy...
2026-01-16 12:06:39.970 [info] MCP Registry configured: https://api.mcp.github.com
2026-01-16 12:06:40.151 [info] [LocalProcess0][resolveAuthority(ssh-remote,1)][310ms] invoking...
2026-01-16 12:06:40.210 [error] navigator is now a global in nodejs, please see https://aka.ms/vscode-extensions/navigator for additional info on this error.: PendingMigrationError: navigator is now a global in nodejs, please see https://aka.ms/vscode-extensions/navigator for additional info on this error.
    at get (file:///opt/visual-studio-code/resources/app/out/vs/workbench/api/node/extensionHostProcess.js:402:6611)
    at Object.<anonymous> (/home/bryan/.vscode/extensions/ms-vscode-remote.remote-ssh-0.120.0/out/extension.js:2:486184)
    at 19534 (/home/bryan/.vscode/extensions/ms-vscode-remote.remote-ssh-0.120.0/out/extension.js:2:504894)
    at r (/home/bryan/.vscode/extensions/ms-vscode-remote.remote-ssh-0.120.0/out/extension.js:2:1108387)
    at 92839 (/home/bryan/.vscode/extensions/ms-vscode-remote.remote-ssh-0.120.0/out/extension.js:2:466959)
    at r (/home/bryan/.vscode/extensions/ms-vscode-remote.remote-ssh-0.120.0/out/extension.js:2:1108387)
    at 49424 (/home/bryan/.vscode/extensions/ms-vscode-remote.remote-ssh-0.120.0/out/extension.js:2:465816)
    at r (/home/bryan/.vscode/extensions/ms-vscode-remote.remote-ssh-0.120.0/out/extension.js:2:1108387)
    at 17130 (/home/bryan/.vscode/extensions/ms-vscode-remote.remote-ssh-0.120.0/out/extension.js:2:596135)
    at r (/home/bryan/.vscode/extensions/ms-vscode-remote.remote-ssh-0.120.0/out/extension.js:2:1108387)
    at 87631 (/home/bryan/.vscode/extensions/ms-vscode-remote.remote-ssh-0.120.0/out/extension.js:2:576866)
    at r (/home/bryan/.vscode/extensions/ms-vscode-remote.remote-ssh-0.120.0/out/extension.js:2:1108387)
    at 65861 (/home/bryan/.vscode/extensions/ms-vscode-remote.remote-ssh-0.120.0/out/extension.js:2:600705)
    at r (/home/bryan/.vscode/extensions/ms-vscode-remote.remote-ssh-0.120.0/out/extension.js:2:1108387)
    at 91577 (/home/bryan/.vscode/extensions/ms-vscode-remote.remote-ssh-0.120.0/out/extension.js:2:856974)
    at r (/home/bryan/.vscode/extensions/ms-vscode-remote.remote-ssh-0.120.0/out/extension.js:2:1108387)
    at 94111 (/home/bryan/.vscode/extensions/ms-vscode-remote.remote-ssh-0.120.0/out/extension.js:2:819912)
    at r (/home/bryan/.vscode/extensions/ms-vscode-remote.remote-ssh-0.120.0/out/extension.js:2:1108387)
    at 35187 (/home/bryan/.vscode/extensions/ms-vscode-remote.remote-ssh-0.120.0/out/extension.js:2:690327)
    at r (/home/bryan/.vscode/extensions/ms-vscode-remote.remote-ssh-0.120.0/out/extension.js:2:1108387)
    at 64417 (/home/bryan/.vscode/extensions/ms-vscode-remote.remote-ssh-0.120.0/out/extension.js:2:846572)
    at r (/home/bryan/.vscode/extensions/ms-vscode-remote.remote-ssh-0.120.0/out/extension.js:2:1108387)
    at 24847 (/home/bryan/.vscode/extensions/ms-vscode-remote.remote-ssh-0.120.0/out/extension.js:2:828930)
    at r (/home/bryan/.vscode/extensions/ms-vscode-remote.remote-ssh-0.120.0/out/extension.js:2:1108387)
    at 54788 (/home/bryan/.vscode/extensions/ms-vscode-remote.remote-ssh-0.120.0/out/extension.js:2:788284)
    at r (/home/bryan/.vscode/extensions/ms-vscode-remote.remote-ssh-0.120.0/out/extension.js:2:1108387)
    at 30729 (/home/bryan/.vscode/extensions/ms-vscode-remote.remote-ssh-0.120.0/out/extension.js:2:682648)
    at r (/home/bryan/.vscode/extensions/ms-vscode-remote.remote-ssh-0.120.0/out/extension.js:2:1108387)
    at 24430 (/home/bryan/.vscode/extensions/ms-vscode-remote.remote-ssh-0.120.0/out/extension.js:2:837945)
    at r (/home/bryan/.vscode/extensions/ms-vscode-remote.remote-ssh-0.120.0/out/extension.js:2:1108387)
    at 52584 (/home/bryan/.vscode/extensions/ms-vscode-remote.remote-ssh-0.120.0/out/extension.js:2:811300)
    at r (/home/bryan/.vscode/extensions/ms-vscode-remote.remote-ssh-0.120.0/out/extension.js:2:1108387)
    at 69480 (/home/bryan/.vscode/extensions/ms-vscode-remote.remote-ssh-0.120.0/out/extension.js:2:800490)
    at r (/home/bryan/.vscode/extensions/ms-vscode-remote.remote-ssh-0.120.0/out/extension.js:2:1108387)
    at 71535 (/home/bryan/.vscode/extensions/ms-vscode-remote.remote-ssh-0.120.0/out/extension.js:2:680397)
    at r (/home/bryan/.vscode/extensions/ms-vscode-remote.remote-ssh-0.120.0/out/extension.js:2:1108387)
    at /home/bryan/.vscode/extensions/ms-vscode-remote.remote-ssh-0.120.0/out/extension.js:2:1109251
    at /home/bryan/.vscode/extensions/ms-vscode-remote.remote-ssh-0.120.0/out/extension.js:2:1117584
    at Object.<anonymous> (/home/bryan/.vscode/extensions/ms-vscode-remote.remote-ssh-0.120.0/out/extension.js:2:1117690)
    at Module._compile (node:internal/modules/cjs/loader:1714:14)
    at Module._extensions..js (node:internal/modules/cjs/loader:1848:10)
    at Module.load (node:internal/modules/cjs/loader:1448:32)
    at Module._load (node:internal/modules/cjs/loader:1270:12)
    at c._load (node:electron/js2c/node_init:2:17993)
    at e._load (file:///opt/visual-studio-code/resources/app/out/vs/workbench/api/node/extensionHostProcess.js:402:5984)
    at t._load (file:///opt/visual-studio-code/resources/app/out/vs/workbench/api/node/extensionHostProcess.js:220:22582)
    at r._load (file:///opt/visual-studio-code/resources/app/out/vs/workbench/api/node/extensionHostProcess.js:212:24094)
    at TracingChannel.traceSync (node:diagnostics_channel:322:14)
    at wrapModuleLoad (node:internal/modules/cjs/loader:244:24)
    at Module.require (node:internal/modules/cjs/loader:1470:12)
    at require (node:internal/modules/helpers:147:16)
    at kX.Cb (file:///opt/visual-studio-code/resources/app/out/vs/workbench/api/node/extensionHostProcess.js:251:1253)
2026-01-16 12:06:40.285 [error] navigator is now a global in nodejs, please see https://aka.ms/vscode-extensions/navigator for additional info on this error.: PendingMigrationError: navigator is now a global in nodejs, please see https://aka.ms/vscode-extensions/navigator for additional info on this error.
    at get (file:///opt/visual-studio-code/resources/app/out/vs/workbench/api/node/extensionHostProcess.js:402:6611)
    at g (/home/bryan/.vscode/extensions/ms-vscode-remote.remote-ssh-0.120.0/out/extension.js:2:283829)
    at /home/bryan/.vscode/extensions/ms-vscode-remote.remote-ssh-0.120.0/out/extension.js:2:283674
    at r (/home/bryan/.vscode/extensions/ms-vscode-remote.remote-ssh-0.120.0/out/extension.js:2:285048)
    at /home/bryan/.vscode/extensions/ms-vscode-remote.remote-ssh-0.120.0/out/extension.js:2:285217
    at Object.get (/home/bryan/.vscode/extensions/ms-vscode-remote.remote-ssh-0.120.0/out/extension.js:2:284567)
    at _ (/home/bryan/.vscode/extensions/ms-vscode-remote.remote-ssh-0.120.0/out/extension.js:2:284134)
    at O (/home/bryan/.vscode/extensions/ms-vscode-remote.remote-ssh-0.120.0/out/extension.js:2:229826)
    at /home/bryan/.vscode/extensions/ms-vscode-remote.remote-ssh-0.120.0/out/extension.js:2:163430
    at Object.p [as use] (/home/bryan/.vscode/extensions/ms-vscode-remote.remote-ssh-0.120.0/out/extension.js:2:205291)
    at /home/bryan/.vscode/extensions/ms-vscode-remote.remote-ssh-0.120.0/out/extension.js:2:206959
    at s.<computed> [as watch] (/home/bryan/.vscode/extensions/ms-vscode-remote.remote-ssh-0.120.0/out/extension.js:2:206970)
    at B (/home/bryan/.vscode/extensions/ms-vscode-remote.remote-ssh-0.120.0/out/extension.js:2:207589)
    at e.<computed> [as initialize] (/home/bryan/.vscode/extensions/ms-vscode-remote.remote-ssh-0.120.0/out/extension.js:2:162741)
    at e.n [as initialize] (/home/bryan/.vscode/extensions/ms-vscode-remote.remote-ssh-0.120.0/out/extension.js:2:275397)
    at /home/bryan/.vscode/extensions/ms-vscode-remote.remote-ssh-0.120.0/out/extension.js:2:170519
    at g (/home/bryan/.vscode/extensions/ms-vscode-remote.remote-ssh-0.120.0/out/extension.js:2:239634)
    at e.<computed> [as initialize] (/home/bryan/.vscode/extensions/ms-vscode-remote.remote-ssh-0.120.0/out/extension.js:2:169778)
    at t.n [as initialize] (/home/bryan/.vscode/extensions/ms-vscode-remote.remote-ssh-0.120.0/out/extension.js:2:275397)
    at Array.<anonymous> (/home/bryan/.vscode/extensions/ms-vscode-remote.remote-ssh-0.120.0/out/extension.js:2:244943)
    at o (/home/bryan/.vscode/extensions/ms-vscode-remote.remote-ssh-0.120.0/out/extension.js:2:280977)
    at u (/home/bryan/.vscode/extensions/ms-vscode-remote.remote-ssh-0.120.0/out/extension.js:2:244904)
    at ge (/home/bryan/.vscode/extensions/ms-vscode-remote.remote-ssh-0.120.0/out/extension.js:2:213632)
    at e.<computed> (/home/bryan/.vscode/extensions/ms-vscode-remote.remote-ssh-0.120.0/out/extension.js:2:216146)
    at Object.initialize (/home/bryan/.vscode/extensions/ms-vscode-remote.remote-ssh-0.120.0/out/extension.js:2:276131)
    at /home/bryan/.vscode/extensions/ms-vscode-remote.remote-ssh-0.120.0/out/extension.js:2:140366
    at g (/home/bryan/.vscode/extensions/ms-vscode-remote.remote-ssh-0.120.0/out/extension.js:2:239634)
    at e.<computed> [as initialize] (/home/bryan/.vscode/extensions/ms-vscode-remote.remote-ssh-0.120.0/out/extension.js:2:140291)
    at t.n [as initialize] (/home/bryan/.vscode/extensions/ms-vscode-remote.remote-ssh-0.120.0/out/extension.js:2:275397)
    at /home/bryan/.vscode/extensions/ms-vscode-remote.remote-ssh-0.120.0/out/extension.js:2:339701
    at async t.oneDataSystemClientFactory (/home/bryan/.vscode/extensions/ms-vscode-remote.remote-ssh-0.120.0/out/extension.js:2:339100)
2026-01-16 12:06:41.152 [info] [LocalProcess0][resolveAuthority(ssh-remote,1)][1310ms] waiting...
2026-01-16 12:06:42.152 [info] [LocalProcess0][resolveAuthority(ssh-remote,1)][2310ms] waiting...
2026-01-16 12:06:42.953 [error] [/home/bryan/.vscode/extensions/ms-vscode-remote.remote-ssh-0.122.0]: Extension is not compatible with Code 1.106.3. Extension requires: ^1.107.0.
2026-01-16 12:06:42.954 [error] [/home/bryan/.vscode/extensions/github.copilot-chat-0.35.0]: Extension is not compatible with Code 1.106.3. Extension requires: ^1.107.0-20251119.
2026-01-16 12:06:42.955 [error] [/home/bryan/.vscode/extensions/github.copilot-chat-0.35.2]: Extension is not compatible with Code 1.106.3. Extension requires: ^1.107.0-20251119.
2026-01-16 12:06:42.956 [error] [/home/bryan/.vscode/extensions/github.copilot-chat-0.36.0]: Extension is not compatible with Code 1.106.3. Extension requires: ^1.108.0.
2026-01-16 12:06:42.957 [error] [/home/bryan/.vscode/extensions/github.copilot-chat-0.36.1]: Extension is not compatible with Code 1.106.3. Extension requires: ^1.108.0.
2026-01-16 12:06:43.152 [info] [LocalProcess0][resolveAuthority(ssh-remote,1)][3310ms] waiting...
2026-01-16 12:06:44.152 [info] [LocalProcess0][resolveAuthority(ssh-remote,1)][4310ms] waiting...
2026-01-16 12:06:45.152 [info] [LocalProcess0][resolveAuthority(ssh-remote,1)][5310ms] waiting...
2026-01-16 12:06:46.152 [info] [LocalProcess0][resolveAuthority(ssh-remote,1)][6310ms] waiting...
2026-01-16 12:06:47.152 [info] [LocalProcess0][resolveAuthority(ssh-remote,1)][7310ms] waiting...
2026-01-16 12:06:48.152 [info] [LocalProcess0][resolveAuthority(ssh-remote,1)][8310ms] waiting...
2026-01-16 12:06:49.152 [info] [LocalProcess0][resolveAuthority(ssh-remote,1)][9310ms] waiting...
2026-01-16 12:06:50.152 [info] [LocalProcess0][resolveAuthority(ssh-remote,1)][10310ms] waiting...
2026-01-16 12:06:51.152 [info] [LocalProcess0][resolveAuthority(ssh-remote,1)][11310ms] waiting...
2026-01-16 12:06:52.152 [info] [LocalProcess0][resolveAuthority(ssh-remote,1)][12310ms] waiting...
2026-01-16 12:06:53.152 [info] [LocalProcess0][resolveAuthority(ssh-remote,1)][13310ms] waiting...
2026-01-16 12:06:54.152 [info] [LocalProcess0][resolveAuthority(ssh-remote,1)][14310ms] waiting...
2026-01-16 12:06:55.152 [info] [LocalProcess0][resolveAuthority(ssh-remote,1)][15310ms] waiting...
2026-01-16 12:06:56.152 [info] [LocalProcess0][resolveAuthority(ssh-remote,1)][16310ms] waiting...
2026-01-16 12:06:57.070 [info] [LocalProcess0][resolveAuthority(ssh-remote,1)][17229ms] returned WebSocket(127.0.0.1:42961)
2026-01-16 12:06:57.071 [info] resolveAuthority(ssh-remote) returned 'WebSocket(127.0.0.1:42961)' after 17229 ms
2026-01-16 12:06:57.071 [info] Creating a socket (renderer-Management-b8317895-190a-4258-ab20-7992bc1b4293)...
2026-01-16 12:06:57.082 [info] Creating a socket (renderer-ExtensionHost-f1ebb39a-1762-4332-9a8e-65d16d117aef)...
2026-01-16 12:06:59.249 [info] Creating a socket (renderer-Management-b8317895-190a-4258-ab20-7992bc1b4293) was successful after 2178 ms.
2026-01-16 12:06:59.931 [info] Creating a socket (renderer-ExtensionHost-f1ebb39a-1762-4332-9a8e-65d16d117aef) was successful after 2848 ms.
2026-01-16 12:07:03.037 [info] Settings Sync: Account status changed from uninitialized to unavailable
2026-01-16 12:07:03.119 [error] Cannot change enablement of GitHub Copilot Chat extension because of its extension kind: Error: Cannot change enablement of GitHub Copilot Chat extension because of its extension kind
    at vQe.U (vscode-file://vscode-app/opt/visual-studio-code/resources/app/out/vs/workbench/workbench.desktop.main.js:1355:16893)
    at vQe.S (vscode-file://vscode-app/opt/visual-studio-code/resources/app/out/vs/workbench/workbench.desktop.main.js:1355:16593)
    at vQe.setEnablement (vscode-file://vscode-app/opt/visual-studio-code/resources/app/out/vs/workbench/workbench.desktop.main.js:1355:17641)
    at async Vut.rc (vscode-file://vscode-app/opt/visual-studio-code/resources/app/out/vs/workbench/workbench.desktop.main.js:2493:41838)
    at async Mne.m (vscode-file://vscode-app/opt/visual-studio-code/resources/app/out/vs/workbench/workbench.desktop.main.js:2237:43599)
2026-01-16 12:07:03.267 [info] [perf] Render performance baseline is 17ms
2026-01-16 12:07:14.441 [info] Auto updating outdated extensions. github.copilot-chat
2026-01-16 12:07:31.706 [info] Started local extension host with pid 45231.
2026-01-16 12:07:32.081 [error] navigator is now a global in nodejs, please see https://aka.ms/vscode-extensions/navigator for additional info on this error.: PendingMigrationError: navigator is now a global in nodejs, please see https://aka.ms/vscode-extensions/navigator for additional info on this error.
    at get (file:///opt/visual-studio-code/resources/app/out/vs/workbench/api/node/extensionHostProcess.js:402:6611)
    at Object.<anonymous> (/home/bryan/.vscode/extensions/ms-vscode-remote.remote-ssh-0.120.0/out/extension.js:2:486184)
    at 19534 (/home/bryan/.vscode/extensions/ms-vscode-remote.remote-ssh-0.120.0/out/extension.js:2:504894)
    at r (/home/bryan/.vscode/extensions/ms-vscode-remote.remote-ssh-0.120.0/out/extension.js:2:1108387)
    at 92839 (/home/bryan/.vscode/extensions/ms-vscode-remote.remote-ssh-0.120.0/out/extension.js:2:466959)
    at r (/home/bryan/.vscode/extensions/ms-vscode-remote.remote-ssh-0.120.0/out/extension.js:2:1108387)
    at 49424 (/home/bryan/.vscode/extensions/ms-vscode-remote.remote-ssh-0.120.0/out/extension.js:2:465816)
    at r (/home/bryan/.vscode/extensions/ms-vscode-remote.remote-ssh-0.120.0/out/extension.js:2:1108387)
    at 17130 (/home/bryan/.vscode/extensions/ms-vscode-remote.remote-ssh-0.120.0/out/extension.js:2:596135)
    at r (/home/bryan/.vscode/extensions/ms-vscode-remote.remote-ssh-0.120.0/out/extension.js:2:1108387)
    at 87631 (/home/bryan/.vscode/extensions/ms-vscode-remote.remote-ssh-0.120.0/out/extension.js:2:576866)
    at r (/home/bryan/.vscode/extensions/ms-vscode-remote.remote-ssh-0.120.0/out/extension.js:2:1108387)
    at 65861 (/home/bryan/.vscode/extensions/ms-vscode-remote.remote-ssh-0.120.0/out/extension.js:2:600705)
    at r (/home/bryan/.vscode/extensions/ms-vscode-remote.remote-ssh-0.120.0/out/extension.js:2:1108387)
    at 91577 (/home/bryan/.vscode/extensions/ms-vscode-remote.remote-ssh-0.120.0/out/extension.js:2:856974)
    at r (/home/bryan/.vscode/extensions/ms-vscode-remote.remote-ssh-0.120.0/out/extension.js:2:1108387)
    at 94111 (/home/bryan/.vscode/extensions/ms-vscode-remote.remote-ssh-0.120.0/out/extension.js:2:819912)
    at r (/home/bryan/.vscode/extensions/ms-vscode-remote.remote-ssh-0.120.0/out/extension.js:2:1108387)
    at 35187 (/home/bryan/.vscode/extensions/ms-vscode-remote.remote-ssh-0.120.0/out/extension.js:2:690327)
    at r (/home/bryan/.vscode/extensions/ms-vscode-remote.remote-ssh-0.120.0/out/extension.js:2:1108387)
    at 64417 (/home/bryan/.vscode/extensions/ms-vscode-remote.remote-ssh-0.120.0/out/extension.js:2:846572)
    at r (/home/bryan/.vscode/extensions/ms-vscode-remote.remote-ssh-0.120.0/out/extension.js:2:1108387)
    at 24847 (/home/bryan/.vscode/extensions/ms-vscode-remote.remote-ssh-0.120.0/out/extension.js:2:828930)
    at r (/home/bryan/.vscode/extensions/ms-vscode-remote.remote-ssh-0.120.0/out/extension.js:2:1108387)
    at 54788 (/home/bryan/.vscode/extensions/ms-vscode-remote.remote-ssh-0.120.0/out/extension.js:2:788284)
    at r (/home/bryan/.vscode/extensions/ms-vscode-remote.remote-ssh-0.120.0/out/extension.js:2:1108387)
    at 30729 (/home/bryan/.vscode/extensions/ms-vscode-remote.remote-ssh-0.120.0/out/extension.js:2:682648)
    at r (/home/bryan/.vscode/extensions/ms-vscode-remote.remote-ssh-0.120.0/out/extension.js:2:1108387)
    at 24430 (/home/bryan/.vscode/extensions/ms-vscode-remote.remote-ssh-0.120.0/out/extension.js:2:837945)
    at r (/home/bryan/.vscode/extensions/ms-vscode-remote.remote-ssh-0.120.0/out/extension.js:2:1108387)
    at 52584 (/home/bryan/.vscode/extensions/ms-vscode-remote.remote-ssh-0.120.0/out/extension.js:2:811300)
    at r (/home/bryan/.vscode/extensions/ms-vscode-remote.remote-ssh-0.120.0/out/extension.js:2:1108387)
    at 69480 (/home/bryan/.vscode/extensions/ms-vscode-remote.remote-ssh-0.120.0/out/extension.js:2:800490)
    at r (/home/bryan/.vscode/extensions/ms-vscode-remote.remote-ssh-0.120.0/out/extension.js:2:1108387)
    at 71535 (/home/bryan/.vscode/extensions/ms-vscode-remote.remote-ssh-0.120.0/out/extension.js:2:680397)
    at r (/home/bryan/.vscode/extensions/ms-vscode-remote.remote-ssh-0.120.0/out/extension.js:2:1108387)
    at /home/bryan/.vscode/extensions/ms-vscode-remote.remote-ssh-0.120.0/out/extension.js:2:1109251
    at /home/bryan/.vscode/extensions/ms-vscode-remote.remote-ssh-0.120.0/out/extension.js:2:1117584
    at Object.<anonymous> (/home/bryan/.vscode/extensions/ms-vscode-remote.remote-ssh-0.120.0/out/extension.js:2:1117690)
    at Module._compile (node:internal/modules/cjs/loader:1714:14)
    at Module._extensions..js (node:internal/modules/cjs/loader:1848:10)
    at Module.load (node:internal/modules/cjs/loader:1448:32)
    at Module._load (node:internal/modules/cjs/loader:1270:12)
    at c._load (node:electron/js2c/node_init:2:17993)
    at e._load (file:///opt/visual-studio-code/resources/app/out/vs/workbench/api/node/extensionHostProcess.js:402:5984)
    at t._load (file:///opt/visual-studio-code/resources/app/out/vs/workbench/api/node/extensionHostProcess.js:220:22582)
    at r._load (file:///opt/visual-studio-code/resources/app/out/vs/workbench/api/node/extensionHostProcess.js:212:24094)
    at TracingChannel.traceSync (node:diagnostics_channel:322:14)
    at wrapModuleLoad (node:internal/modules/cjs/loader:244:24)
    at Module.require (node:internal/modules/cjs/loader:1470:12)
    at require (node:internal/modules/helpers:147:16)
    at kX.Cb (file:///opt/visual-studio-code/resources/app/out/vs/workbench/api/node/extensionHostProcess.js:251:1253)
2026-01-16 12:07:32.156 [error] navigator is now a global in nodejs, please see https://aka.ms/vscode-extensions/navigator for additional info on this error.: PendingMigrationError: navigator is now a global in nodejs, please see https://aka.ms/vscode-extensions/navigator for additional info on this error.
    at get (file:///opt/visual-studio-code/resources/app/out/vs/workbench/api/node/extensionHostProcess.js:402:6611)
    at g (/home/bryan/.vscode/extensions/ms-vscode-remote.remote-ssh-0.120.0/out/extension.js:2:283829)
    at /home/bryan/.vscode/extensions/ms-vscode-remote.remote-ssh-0.120.0/out/extension.js:2:283674
    at r (/home/bryan/.vscode/extensions/ms-vscode-remote.remote-ssh-0.120.0/out/extension.js:2:285048)
    at /home/bryan/.vscode/extensions/ms-vscode-remote.remote-ssh-0.120.0/out/extension.js:2:285217
    at Object.get (/home/bryan/.vscode/extensions/ms-vscode-remote.remote-ssh-0.120.0/out/extension.js:2:284567)
    at _ (/home/bryan/.vscode/extensions/ms-vscode-remote.remote-ssh-0.120.0/out/extension.js:2:284134)
    at O (/home/bryan/.vscode/extensions/ms-vscode-remote.remote-ssh-0.120.0/out/extension.js:2:229826)
    at /home/bryan/.vscode/extensions/ms-vscode-remote.remote-ssh-0.120.0/out/extension.js:2:163430
    at Object.p [as use] (/home/bryan/.vscode/extensions/ms-vscode-remote.remote-ssh-0.120.0/out/extension.js:2:205291)
    at /home/bryan/.vscode/extensions/ms-vscode-remote.remote-ssh-0.120.0/out/extension.js:2:206959
    at s.<computed> [as watch] (/home/bryan/.vscode/extensions/ms-vscode-remote.remote-ssh-0.120.0/out/extension.js:2:206970)
    at B (/home/bryan/.vscode/extensions/ms-vscode-remote.remote-ssh-0.120.0/out/extension.js:2:207589)
    at e.<computed> [as initialize] (/home/bryan/.vscode/extensions/ms-vscode-remote.remote-ssh-0.120.0/out/extension.js:2:162741)
    at e.n [as initialize] (/home/bryan/.vscode/extensions/ms-vscode-remote.remote-ssh-0.120.0/out/extension.js:2:275397)
    at /home/bryan/.vscode/extensions/ms-vscode-remote.remote-ssh-0.120.0/out/extension.js:2:170519
    at g (/home/bryan/.vscode/extensions/ms-vscode-remote.remote-ssh-0.120.0/out/extension.js:2:239634)
    at e.<computed> [as initialize] (/home/bryan/.vscode/extensions/ms-vscode-remote.remote-ssh-0.120.0/out/extension.js:2:169778)
    at t.n [as initialize] (/home/bryan/.vscode/extensions/ms-vscode-remote.remote-ssh-0.120.0/out/extension.js:2:275397)
    at Array.<anonymous> (/home/bryan/.vscode/extensions/ms-vscode-remote.remote-ssh-0.120.0/out/extension.js:2:244943)
    at o (/home/bryan/.vscode/extensions/ms-vscode-remote.remote-ssh-0.120.0/out/extension.js:2:280977)
    at u (/home/bryan/.vscode/extensions/ms-vscode-remote.remote-ssh-0.120.0/out/extension.js:2:244904)
    at ge (/home/bryan/.vscode/extensions/ms-vscode-remote.remote-ssh-0.120.0/out/extension.js:2:213632)
    at e.<computed> (/home/bryan/.vscode/extensions/ms-vscode-remote.remote-ssh-0.120.0/out/extension.js:2:216146)
    at Object.initialize (/home/bryan/.vscode/extensions/ms-vscode-remote.remote-ssh-0.120.0/out/extension.js:2:276131)
    at /home/bryan/.vscode/extensions/ms-vscode-remote.remote-ssh-0.120.0/out/extension.js:2:140366
    at g (/home/bryan/.vscode/extensions/ms-vscode-remote.remote-ssh-0.120.0/out/extension.js:2:239634)
    at e.<computed> [as initialize] (/home/bryan/.vscode/extensions/ms-vscode-remote.remote-ssh-0.120.0/out/extension.js:2:140291)
    at t.n [as initialize] (/home/bryan/.vscode/extensions/ms-vscode-remote.remote-ssh-0.120.0/out/extension.js:2:275397)
    at /home/bryan/.vscode/extensions/ms-vscode-remote.remote-ssh-0.120.0/out/extension.js:2:339701
    at async t.oneDataSystemClientFactory (/home/bryan/.vscode/extensions/ms-vscode-remote.remote-ssh-0.120.0/out/extension.js:2:339100)
2026-01-16 12:07:32.158 [info] Invoking resolveAuthority(ssh-remote)...
2026-01-16 12:07:32.158 [info] [LocalProcess0][resolveAuthority(ssh-remote,1)][0ms] obtaining proxy...
2026-01-16 12:07:32.161 [info] [LocalProcess0][resolveAuthority(ssh-remote,1)][3ms] invoking...
2026-01-16 12:07:33.161 [info] [LocalProcess0][resolveAuthority(ssh-remote,1)][1003ms] waiting...
2026-01-16 12:07:33.685 [info] MCP Registry configured: https://api.mcp.github.com
2026-01-16 12:07:34.161 [info] [LocalProcess0][resolveAuthority(ssh-remote,1)][2003ms] waiting...
2026-01-16 12:07:34.838 [error] [/home/bryan/.vscode/extensions/github.copilot-chat-0.35.0]: Extension is not compatible with Code 1.106.3. Extension requires: ^1.107.0-20251119.
2026-01-16 12:07:34.839 [error] [/home/bryan/.vscode/extensions/github.copilot-chat-0.35.2]: Extension is not compatible with Code 1.106.3. Extension requires: ^1.107.0-20251119.
2026-01-16 12:07:34.840 [error] [/home/bryan/.vscode/extensions/github.copilot-chat-0.36.0]: Extension is not compatible with Code 1.106.3. Extension requires: ^1.108.0.
2026-01-16 12:07:34.841 [error] [/home/bryan/.vscode/extensions/ms-vscode-remote.remote-ssh-0.122.0]: Extension is not compatible with Code 1.106.3. Extension requires: ^1.107.0.
2026-01-16 12:07:34.842 [error] [/home/bryan/.vscode/extensions/github.copilot-chat-0.36.1]: Extension is not compatible with Code 1.106.3. Extension requires: ^1.108.0.
2026-01-16 12:07:35.161 [info] [LocalProcess0][resolveAuthority(ssh-remote,1)][3003ms] waiting...
2026-01-16 12:07:36.174 [info] [LocalProcess0][resolveAuthority(ssh-remote,1)][4016ms] waiting...
2026-01-16 12:07:37.161 [info] [LocalProcess0][resolveAuthority(ssh-remote,1)][5003ms] waiting...
2026-01-16 12:07:38.161 [info] [LocalProcess0][resolveAuthority(ssh-remote,1)][6003ms] waiting...
2026-01-16 12:07:39.161 [info] [LocalProcess0][resolveAuthority(ssh-remote,1)][7003ms] waiting...
2026-01-16 12:07:40.161 [info] [LocalProcess0][resolveAuthority(ssh-remote,1)][8003ms] waiting...
2026-01-16 12:07:41.161 [info] [LocalProcess0][resolveAuthority(ssh-remote,1)][9003ms] waiting...
2026-01-16 12:07:42.161 [info] [LocalProcess0][resolveAuthority(ssh-remote,1)][10003ms] waiting...
2026-01-16 12:07:43.161 [info] [LocalProcess0][resolveAuthority(ssh-remote,1)][11003ms] waiting...
2026-01-16 12:07:44.161 [info] [LocalProcess0][resolveAuthority(ssh-remote,1)][12003ms] waiting...
2026-01-16 12:07:45.040 [info] [LocalProcess0][resolveAuthority(ssh-remote,1)][12882ms] returned WebSocket(127.0.0.1:45553)
2026-01-16 12:07:45.040 [info] resolveAuthority(ssh-remote) returned 'WebSocket(127.0.0.1:45553)' after 12882 ms
2026-01-16 12:07:45.041 [info] Creating a socket (renderer-Management-01a90b28-f776-4bae-a937-3f6f10407fe0)...
2026-01-16 12:07:45.041 [info] Creating a socket (renderer-ExtensionHost-bd5d4623-a795-485c-a926-6531fe7ea074)...
2026-01-16 12:07:45.091 [info] Creating a socket (renderer-Management-01a90b28-f776-4bae-a937-3f6f10407fe0) was successful after 50 ms.
2026-01-16 12:07:45.122 [info] Creating a socket (renderer-ExtensionHost-bd5d4623-a795-485c-a926-6531fe7ea074) was successful after 81 ms.
2026-01-16 12:07:48.369 [error] Cannot change enablement of GitHub Copilot Chat extension because of its extension kind: Error: Cannot change enablement of GitHub Copilot Chat extension because of its extension kind
    at vQe.U (vscode-file://vscode-app/opt/visual-studio-code/resources/app/out/vs/workbench/workbench.desktop.main.js:1355:16893)
    at vQe.S (vscode-file://vscode-app/opt/visual-studio-code/resources/app/out/vs/workbench/workbench.desktop.main.js:1355:16593)
    at vQe.setEnablement (vscode-file://vscode-app/opt/visual-studio-code/resources/app/out/vs/workbench/workbench.desktop.main.js:1355:17641)
    at async Vut.rc (vscode-file://vscode-app/opt/visual-studio-code/resources/app/out/vs/workbench/workbench.desktop.main.js:2493:41838)
    at async Mne.m (vscode-file://vscode-app/opt/visual-studio-code/resources/app/out/vs/workbench/workbench.desktop.main.js:2237:43599)
2026-01-16 12:07:49.043 [info] Settings Sync: Account status changed from uninitialized to unavailable
2026-01-16 12:07:49.568 [info] [perf] Render performance baseline is 16ms
2026-01-16 12:28:24.818 [info] Extension host (Remote) is unresponsive.
2026-01-16 12:28:40.818 [info] [remote-connection][ExtensionHost][bd5d4…][reconnect] received socket timeout event (unacknowledgedMsgCount: 9, timeSinceOldestUnacknowledgedMsg: 20000, timeSinceLastReceivedSomeData: 825239).
2026-01-16 12:28:40.818 [info] [remote-connection][ExtensionHost][bd5d4…][reconnect] starting reconnecting loop. You can get more information with the trace log level.
2026-01-16 12:28:40.818 [info] [remote-connection][ExtensionHost][bd5d4…][reconnect] resolving connection...
2026-01-16 12:28:40.818 [info] [remote-connection][ExtensionHost][bd5d4…][reconnect] connecting to WebSocket(127.0.0.1:45553)...
2026-01-16 12:28:40.819 [info] Creating a socket (renderer-ExtensionHost-bd5d4623-a795-485c-a926-6531fe7ea074)...
2026-01-16 12:28:40.819 [info] [remote-connection][Management   ][01a90…][reconnect] received socket timeout event (unacknowledgedMsgCount: 7, timeSinceOldestUnacknowledgedMsg: 20002, timeSinceLastReceivedSomeData: 825651).
2026-01-16 12:28:40.819 [info] [remote-connection][Management   ][01a90…][reconnect] starting reconnecting loop. You can get more information with the trace log level.
2026-01-16 12:28:40.820 [info] [remote-connection][Management   ][01a90…][reconnect] resolving connection...
2026-01-16 12:28:40.820 [info] Invoking resolveAuthority(ssh-remote)...
2026-01-16 12:28:40.820 [info] [LocalProcess0][resolveAuthority(ssh-remote,2)][0ms] obtaining proxy...
2026-01-16 12:28:40.820 [info] [LocalProcess0][resolveAuthority(ssh-remote,2)][0ms] invoking...
2026-01-16 12:28:41.821 [info] [LocalProcess0][resolveAuthority(ssh-remote,2)][1000ms] waiting...
2026-01-16 12:28:42.821 [info] [LocalProcess0][resolveAuthority(ssh-remote,2)][2000ms] waiting...
2026-01-16 12:28:43.821 [info] [LocalProcess0][resolveAuthority(ssh-remote,2)][3000ms] waiting...
2026-01-16 12:28:44.500 [error] [LocalProcess0][resolveAuthority(ssh-remote,2)][3680ms] returned an error {"code":"TemporarilyNotAvailable","message":"No route to host"}
2026-01-16 12:28:44.500 [error] resolveAuthority(ssh-remote) returned an error after 3680 ms No route to host
2026-01-16 12:28:44.501 [info] [remote-connection][Management   ][01a90…][reconnect] A temporarily not available error occurred while trying to reconnect, will try again...
2026-01-16 12:28:44.501 [info] [remote-connection][Management   ][01a90…][reconnect] waiting for 5 seconds before reconnecting...
2026-01-16 12:28:49.501 [info] [remote-connection][Management   ][01a90…][reconnect] resolving connection...
2026-01-16 12:28:49.502 [info] Invoking resolveAuthority(ssh-remote)...
2026-01-16 12:28:49.502 [info] [LocalProcess0][resolveAuthority(ssh-remote,3)][0ms] obtaining proxy...
2026-01-16 12:28:49.502 [info] [LocalProcess0][resolveAuthority(ssh-remote,3)][0ms] invoking...
2026-01-16 12:28:50.502 [info] [LocalProcess0][resolveAuthority(ssh-remote,3)][1001ms] waiting...
2026-01-16 12:28:51.502 [info] [LocalProcess0][resolveAuthority(ssh-remote,3)][2001ms] waiting...
2026-01-16 12:28:52.502 [info] [LocalProcess0][resolveAuthority(ssh-remote,3)][3001ms] waiting...
2026-01-16 12:28:52.924 [error] [LocalProcess0][resolveAuthority(ssh-remote,3)][3423ms] returned an error {"code":"TemporarilyNotAvailable","message":"No route to host"}
2026-01-16 12:28:52.925 [error] resolveAuthority(ssh-remote) returned an error after 3423 ms No route to host
2026-01-16 12:28:52.925 [info] [remote-connection][Management   ][01a90…][reconnect] A temporarily not available error occurred while trying to reconnect, will try again...
2026-01-16 12:28:52.925 [info] [remote-connection][Management   ][01a90…][reconnect] waiting for 5 seconds before reconnecting...
2026-01-16 12:28:54.940 [info] [remote-connection][Management   ][01a90…][reconnect] resolving connection...
2026-01-16 12:28:54.940 [info] Invoking resolveAuthority(ssh-remote)...
2026-01-16 12:28:54.940 [info] [LocalProcess0][resolveAuthority(ssh-remote,4)][0ms] obtaining proxy...
2026-01-16 12:28:54.940 [info] [LocalProcess0][resolveAuthority(ssh-remote,4)][0ms] invoking...
2026-01-16 12:28:55.940 [info] [LocalProcess0][resolveAuthority(ssh-remote,4)][1000ms] waiting...
2026-01-16 12:28:56.940 [info] [LocalProcess0][resolveAuthority(ssh-remote,4)][2000ms] waiting...
2026-01-16 12:28:57.940 [info] [LocalProcess0][resolveAuthority(ssh-remote,4)][3000ms] waiting...
2026-01-16 12:28:58.428 [error] [LocalProcess0][resolveAuthority(ssh-remote,4)][3488ms] returned an error {"code":"TemporarilyNotAvailable","message":"No route to host"}
2026-01-16 12:28:58.428 [error] resolveAuthority(ssh-remote) returned an error after 3489 ms No route to host
2026-01-16 12:28:58.428 [info] [remote-connection][Management   ][01a90…][reconnect] A temporarily not available error occurred while trying to reconnect, will try again...
2026-01-16 12:28:58.429 [info] [remote-connection][Management   ][01a90…][reconnect] waiting for 10 seconds before reconnecting...
2026-01-16 12:29:00.818 [info] [remote-connection][ExtensionHost][bd5d4…][reconnect] received socket timeout event (unacknowledgedMsgCount: 59, timeSinceOldestUnacknowledgedMsg: 40000, timeSinceLastReceivedSomeData: 845239).
2026-01-16 12:29:00.819 [info] [remote-connection][Management   ][01a90…][reconnect] received socket timeout event (unacknowledgedMsgCount: 28, timeSinceOldestUnacknowledgedMsg: 40002, timeSinceLastReceivedSomeData: 845651).
2026-01-16 12:29:04.390 [error] Unable to read file 'vscode-remote://ssh-remote+pi-zero/home/bryan/PICAM/camera.py' (Canceled: Canceled): Error: Unable to read file 'vscode-remote://ssh-remote+pi-zero/home/bryan/PICAM/camera.py' (Canceled: Canceled)
    at Kkt.G (vscode-file://vscode-app/opt/visual-studio-code/resources/app/out/vs/workbench/workbench.desktop.main.js:3828:65903)
    at Kkt.F (vscode-file://vscode-app/opt/visual-studio-code/resources/app/out/vs/workbench/workbench.desktop.main.js:3828:65728)
    at async hxt.L (vscode-file://vscode-app/opt/visual-studio-code/resources/app/out/vs/workbench/workbench.desktop.main.js:3833:9998)
    at async hxt.readStream (vscode-file://vscode-app/opt/visual-studio-code/resources/app/out/vs/workbench/workbench.desktop.main.js:3833:9773)
    at async kye.Eb (vscode-file://vscode-app/opt/visual-studio-code/resources/app/out/vs/workbench/workbench.desktop.main.js:1313:12359)
    at async kye.resolve (vscode-file://vscode-app/opt/visual-studio-code/resources/app/out/vs/workbench/workbench.desktop.main.js:1313:10834)
    at async vscode-file://vscode-app/opt/visual-studio-code/resources/app/out/vs/workbench/workbench.desktop.main.js:3833:6355
2026-01-16 12:29:04.847 [info] Started local extension host with pid 56701.
2026-01-16 12:29:05.224 [error] navigator is now a global in nodejs, please see https://aka.ms/vscode-extensions/navigator for additional info on this error.: PendingMigrationError: navigator is now a global in nodejs, please see https://aka.ms/vscode-extensions/navigator for additional info on this error.
    at get (file:///opt/visual-studio-code/resources/app/out/vs/workbench/api/node/extensionHostProcess.js:402:6611)
    at Object.<anonymous> (/home/bryan/.vscode/extensions/ms-vscode-remote.remote-ssh-0.120.0/out/extension.js:2:486184)
    at 19534 (/home/bryan/.vscode/extensions/ms-vscode-remote.remote-ssh-0.120.0/out/extension.js:2:504894)
    at r (/home/bryan/.vscode/extensions/ms-vscode-remote.remote-ssh-0.120.0/out/extension.js:2:1108387)
    at 92839 (/home/bryan/.vscode/extensions/ms-vscode-remote.remote-ssh-0.120.0/out/extension.js:2:466959)
    at r (/home/bryan/.vscode/extensions/ms-vscode-remote.remote-ssh-0.120.0/out/extension.js:2:1108387)
    at 49424 (/home/bryan/.vscode/extensions/ms-vscode-remote.remote-ssh-0.120.0/out/extension.js:2:465816)
    at r (/home/bryan/.vscode/extensions/ms-vscode-remote.remote-ssh-0.120.0/out/extension.js:2:1108387)
    at 17130 (/home/bryan/.vscode/extensions/ms-vscode-remote.remote-ssh-0.120.0/out/extension.js:2:596135)
    at r (/home/bryan/.vscode/extensions/ms-vscode-remote.remote-ssh-0.120.0/out/extension.js:2:1108387)
    at 87631 (/home/bryan/.vscode/extensions/ms-vscode-remote.remote-ssh-0.120.0/out/extension.js:2:576866)
    at r (/home/bryan/.vscode/extensions/ms-vscode-remote.remote-ssh-0.120.0/out/extension.js:2:1108387)
    at 65861 (/home/bryan/.vscode/extensions/ms-vscode-remote.remote-ssh-0.120.0/out/extension.js:2:600705)
    at r (/home/bryan/.vscode/extensions/ms-vscode-remote.remote-ssh-0.120.0/out/extension.js:2:1108387)
    at 91577 (/home/bryan/.vscode/extensions/ms-vscode-remote.remote-ssh-0.120.0/out/extension.js:2:856974)
    at r (/home/bryan/.vscode/extensions/ms-vscode-remote.remote-ssh-0.120.0/out/extension.js:2:1108387)
    at 94111 (/home/bryan/.vscode/extensions/ms-vscode-remote.remote-ssh-0.120.0/out/extension.js:2:819912)
    at r (/home/bryan/.vscode/extensions/ms-vscode-remote.remote-ssh-0.120.0/out/extension.js:2:1108387)
    at 35187 (/home/bryan/.vscode/extensions/ms-vscode-remote.remote-ssh-0.120.0/out/extension.js:2:690327)
    at r (/home/bryan/.vscode/extensions/ms-vscode-remote.remote-ssh-0.120.0/out/extension.js:2:1108387)
    at 64417 (/home/bryan/.vscode/extensions/ms-vscode-remote.remote-ssh-0.120.0/out/extension.js:2:846572)
    at r (/home/bryan/.vscode/extensions/ms-vscode-remote.remote-ssh-0.120.0/out/extension.js:2:1108387)
    at 24847 (/home/bryan/.vscode/extensions/ms-vscode-remote.remote-ssh-0.120.0/out/extension.js:2:828930)
    at r (/home/bryan/.vscode/extensions/ms-vscode-remote.remote-ssh-0.120.0/out/extension.js:2:1108387)
    at 54788 (/home/bryan/.vscode/extensions/ms-vscode-remote.remote-ssh-0.120.0/out/extension.js:2:788284)
    at r (/home/bryan/.vscode/extensions/ms-vscode-remote.remote-ssh-0.120.0/out/extension.js:2:1108387)
    at 30729 (/home/bryan/.vscode/extensions/ms-vscode-remote.remote-ssh-0.120.0/out/extension.js:2:682648)
    at r (/home/bryan/.vscode/extensions/ms-vscode-remote.remote-ssh-0.120.0/out/extension.js:2:1108387)
    at 24430 (/home/bryan/.vscode/extensions/ms-vscode-remote.remote-ssh-0.120.0/out/extension.js:2:837945)
    at r (/home/bryan/.vscode/extensions/ms-vscode-remote.remote-ssh-0.120.0/out/extension.js:2:1108387)
    at 52584 (/home/bryan/.vscode/extensions/ms-vscode-remote.remote-ssh-0.120.0/out/extension.js:2:811300)
    at r (/home/bryan/.vscode/extensions/ms-vscode-remote.remote-ssh-0.120.0/out/extension.js:2:1108387)
    at 69480 (/home/bryan/.vscode/extensions/ms-vscode-remote.remote-ssh-0.120.0/out/extension.js:2:800490)
    at r (/home/bryan/.vscode/extensions/ms-vscode-remote.remote-ssh-0.120.0/out/extension.js:2:1108387)
    at 71535 (/home/bryan/.vscode/extensions/ms-vscode-remote.remote-ssh-0.120.0/out/extension.js:2:680397)
    at r (/home/bryan/.vscode/extensions/ms-vscode-remote.remote-ssh-0.120.0/out/extension.js:2:1108387)
    at /home/bryan/.vscode/extensions/ms-vscode-remote.remote-ssh-0.120.0/out/extension.js:2:1109251
    at /home/bryan/.vscode/extensions/ms-vscode-remote.remote-ssh-0.120.0/out/extension.js:2:1117584
    at Object.<anonymous> (/home/bryan/.vscode/extensions/ms-vscode-remote.remote-ssh-0.120.0/out/extension.js:2:1117690)
    at Module._compile (node:internal/modules/cjs/loader:1714:14)
    at Module._extensions..js (node:internal/modules/cjs/loader:1848:10)
    at Module.load (node:internal/modules/cjs/loader:1448:32)
    at Module._load (node:internal/modules/cjs/loader:1270:12)
    at c._load (node:electron/js2c/node_init:2:17993)
    at e._load (file:///opt/visual-studio-code/resources/app/out/vs/workbench/api/node/extensionHostProcess.js:402:5984)
    at t._load (file:///opt/visual-studio-code/resources/app/out/vs/workbench/api/node/extensionHostProcess.js:220:22582)
    at r._load (file:///opt/visual-studio-code/resources/app/out/vs/workbench/api/node/extensionHostProcess.js:212:24094)
    at TracingChannel.traceSync (node:diagnostics_channel:322:14)
    at wrapModuleLoad (node:internal/modules/cjs/loader:244:24)
    at Module.require (node:internal/modules/cjs/loader:1470:12)
    at require (node:internal/modules/helpers:147:16)
    at kX.Cb (file:///opt/visual-studio-code/resources/app/out/vs/workbench/api/node/extensionHostProcess.js:251:1253)
2026-01-16 12:29:05.301 [error] navigator is now a global in nodejs, please see https://aka.ms/vscode-extensions/navigator for additional info on this error.: PendingMigrationError: navigator is now a global in nodejs, please see https://aka.ms/vscode-extensions/navigator for additional info on this error.
    at get (file:///opt/visual-studio-code/resources/app/out/vs/workbench/api/node/extensionHostProcess.js:402:6611)
    at g (/home/bryan/.vscode/extensions/ms-vscode-remote.remote-ssh-0.120.0/out/extension.js:2:283829)
    at /home/bryan/.vscode/extensions/ms-vscode-remote.remote-ssh-0.120.0/out/extension.js:2:283674
    at r (/home/bryan/.vscode/extensions/ms-vscode-remote.remote-ssh-0.120.0/out/extension.js:2:285048)
    at /home/bryan/.vscode/extensions/ms-vscode-remote.remote-ssh-0.120.0/out/extension.js:2:285217
    at Object.get (/home/bryan/.vscode/extensions/ms-vscode-remote.remote-ssh-0.120.0/out/extension.js:2:284567)
    at _ (/home/bryan/.vscode/extensions/ms-vscode-remote.remote-ssh-0.120.0/out/extension.js:2:284134)
    at O (/home/bryan/.vscode/extensions/ms-vscode-remote.remote-ssh-0.120.0/out/extension.js:2:229826)
    at /home/bryan/.vscode/extensions/ms-vscode-remote.remote-ssh-0.120.0/out/extension.js:2:163430
    at Object.p [as use] (/home/bryan/.vscode/extensions/ms-vscode-remote.remote-ssh-0.120.0/out/extension.js:2:205291)
    at /home/bryan/.vscode/extensions/ms-vscode-remote.remote-ssh-0.120.0/out/extension.js:2:206959
    at s.<computed> [as watch] (/home/bryan/.vscode/extensions/ms-vscode-remote.remote-ssh-0.120.0/out/extension.js:2:206970)
    at B (/home/bryan/.vscode/extensions/ms-vscode-remote.remote-ssh-0.120.0/out/extension.js:2:207589)
    at e.<computed> [as initialize] (/home/bryan/.vscode/extensions/ms-vscode-remote.remote-ssh-0.120.0/out/extension.js:2:162741)
    at e.n [as initialize] (/home/bryan/.vscode/extensions/ms-vscode-remote.remote-ssh-0.120.0/out/extension.js:2:275397)
    at /home/bryan/.vscode/extensions/ms-vscode-remote.remote-ssh-0.120.0/out/extension.js:2:170519
    at g (/home/bryan/.vscode/extensions/ms-vscode-remote.remote-ssh-0.120.0/out/extension.js:2:239634)
    at e.<computed> [as initialize] (/home/bryan/.vscode/extensions/ms-vscode-remote.remote-ssh-0.120.0/out/extension.js:2:169778)
    at t.n [as initialize] (/home/bryan/.vscode/extensions/ms-vscode-remote.remote-ssh-0.120.0/out/extension.js:2:275397)
    at Array.<anonymous> (/home/bryan/.vscode/extensions/ms-vscode-remote.remote-ssh-0.120.0/out/extension.js:2:244943)
    at o (/home/bryan/.vscode/extensions/ms-vscode-remote.remote-ssh-0.120.0/out/extension.js:2:280977)
    at u (/home/bryan/.vscode/extensions/ms-vscode-remote.remote-ssh-0.120.0/out/extension.js:2:244904)
    at ge (/home/bryan/.vscode/extensions/ms-vscode-remote.remote-ssh-0.120.0/out/extension.js:2:213632)
    at e.<computed> (/home/bryan/.vscode/extensions/ms-vscode-remote.remote-ssh-0.120.0/out/extension.js:2:216146)
    at Object.initialize (/home/bryan/.vscode/extensions/ms-vscode-remote.remote-ssh-0.120.0/out/extension.js:2:276131)
    at /home/bryan/.vscode/extensions/ms-vscode-remote.remote-ssh-0.120.0/out/extension.js:2:140366
    at g (/home/bryan/.vscode/extensions/ms-vscode-remote.remote-ssh-0.120.0/out/extension.js:2:239634)
    at e.<computed> [as initialize] (/home/bryan/.vscode/extensions/ms-vscode-remote.remote-ssh-0.120.0/out/extension.js:2:140291)
    at t.n [as initialize] (/home/bryan/.vscode/extensions/ms-vscode-remote.remote-ssh-0.120.0/out/extension.js:2:275397)
    at /home/bryan/.vscode/extensions/ms-vscode-remote.remote-ssh-0.120.0/out/extension.js:2:339701
    at async t.oneDataSystemClientFactory (/home/bryan/.vscode/extensions/ms-vscode-remote.remote-ssh-0.120.0/out/extension.js:2:339100)
2026-01-16 12:29:05.302 [info] Invoking resolveAuthority(ssh-remote)...
2026-01-16 12:29:05.303 [info] [LocalProcess0][resolveAuthority(ssh-remote,1)][0ms] obtaining proxy...
2026-01-16 12:29:05.305 [info] [LocalProcess0][resolveAuthority(ssh-remote,1)][3ms] invoking...
2026-01-16 12:29:06.306 [info] [LocalProcess0][resolveAuthority(ssh-remote,1)][1003ms] waiting...
2026-01-16 12:29:06.842 [info] MCP Registry configured: https://api.mcp.github.com
2026-01-16 12:29:07.306 [info] [LocalProcess0][resolveAuthority(ssh-remote,1)][2003ms] waiting...
2026-01-16 12:29:07.985 [error] [/home/bryan/.vscode/extensions/github.copilot-chat-0.35.2]: Extension is not compatible with Code 1.106.3. Extension requires: ^1.107.0-20251119.
2026-01-16 12:29:07.986 [error] [/home/bryan/.vscode/extensions/github.copilot-chat-0.35.0]: Extension is not compatible with Code 1.106.3. Extension requires: ^1.107.0-20251119.
2026-01-16 12:29:07.988 [error] [/home/bryan/.vscode/extensions/ms-vscode-remote.remote-ssh-0.122.0]: Extension is not compatible with Code 1.106.3. Extension requires: ^1.107.0.
2026-01-16 12:29:07.989 [error] [/home/bryan/.vscode/extensions/github.copilot-chat-0.36.0]: Extension is not compatible with Code 1.106.3. Extension requires: ^1.108.0.
2026-01-16 12:29:07.990 [error] [/home/bryan/.vscode/extensions/github.copilot-chat-0.36.1]: Extension is not compatible with Code 1.106.3. Extension requires: ^1.108.0.
2026-01-16 12:29:08.306 [info] [LocalProcess0][resolveAuthority(ssh-remote,1)][3003ms] waiting...
2026-01-16 12:29:08.850 [error] [LocalProcess0][resolveAuthority(ssh-remote,1)][3548ms] returned an error {"code":"NotAvailable","message":"No route to host","detail":true}
2026-01-16 12:29:08.850 [error] resolveAuthority(ssh-remote) returned an error after 3548 ms No route to host
2026-01-16 12:29:08.851 [error] Error received from starting extension host (kind: Remote)
2026-01-16 12:29:08.851 [error] CodeExpectedError: No route to host
    at tEt.sb (vscode-file://vscode-app/opt/visual-studio-code/resources/app/out/vs/workbench/workbench.desktop.main.js:3875:15767)
    at async tEt.rb (vscode-file://vscode-app/opt/visual-studio-code/resources/app/out/vs/workbench/workbench.desktop.main.js:3875:15133)
    at async tEt.fc (vscode-file://vscode-app/opt/visual-studio-code/resources/app/out/vs/workbench/workbench.desktop.main.js:3881:3611)
    at async vscode-file://vscode-app/opt/visual-studio-code/resources/app/out/vs/workbench/workbench.desktop.main.js:30:86012
2026-01-16 12:29:08.851 [error] [remote-connection][attempt 1] An error occurred in initial connection! Will retry... Error:
2026-01-16 12:29:08.851 [error] CodeExpectedError: No route to host
    at tEt.sb (vscode-file://vscode-app/opt/visual-studio-code/resources/app/out/vs/workbench/workbench.desktop.main.js:3875:15767)
    at async tEt.rb (vscode-file://vscode-app/opt/visual-studio-code/resources/app/out/vs/workbench/workbench.desktop.main.js:3875:15133)
    at async tEt.fc (vscode-file://vscode-app/opt/visual-studio-code/resources/app/out/vs/workbench/workbench.desktop.main.js:3881:3611)
    at async vscode-file://vscode-app/opt/visual-studio-code/resources/app/out/vs/workbench/workbench.desktop.main.js:30:86012
2026-01-16 12:29:08.852 [error] [remote-connection][attempt 2] An error occurred in initial connection! Will retry... Error:
2026-01-16 12:29:08.852 [error] CodeExpectedError: No route to host
    at tEt.sb (vscode-file://vscode-app/opt/visual-studio-code/resources/app/out/vs/workbench/workbench.desktop.main.js:3875:15767)
    at async tEt.rb (vscode-file://vscode-app/opt/visual-studio-code/resources/app/out/vs/workbench/workbench.desktop.main.js:3875:15133)
    at async tEt.fc (vscode-file://vscode-app/opt/visual-studio-code/resources/app/out/vs/workbench/workbench.desktop.main.js:3881:3611)
    at async vscode-file://vscode-app/opt/visual-studio-code/resources/app/out/vs/workbench/workbench.desktop.main.js:30:86012
2026-01-16 12:29:08.856 [error] [remote-connection][attempt 3] An error occurred in initial connection! Will retry... Error:
2026-01-16 12:29:08.857 [error] CodeExpectedError: No route to host
    at tEt.sb (vscode-file://vscode-app/opt/visual-studio-code/resources/app/out/vs/workbench/workbench.desktop.main.js:3875:15767)
    at async tEt.rb (vscode-file://vscode-app/opt/visual-studio-code/resources/app/out/vs/workbench/workbench.desktop.main.js:3875:15133)
    at async tEt.fc (vscode-file://vscode-app/opt/visual-studio-code/resources/app/out/vs/workbench/workbench.desktop.main.js:3881:3611)
    at async vscode-file://vscode-app/opt/visual-studio-code/resources/app/out/vs/workbench/workbench.desktop.main.js:30:86012
2026-01-16 12:29:08.903 [error] [remote-connection][attempt 4] An error occurred in initial connection! Will retry... Error:
2026-01-16 12:29:08.904 [error] CodeExpectedError: No route to host
    at tEt.sb (vscode-file://vscode-app/opt/visual-studio-code/resources/app/out/vs/workbench/workbench.desktop.main.js:3875:15767)
    at async tEt.rb (vscode-file://vscode-app/opt/visual-studio-code/resources/app/out/vs/workbench/workbench.desktop.main.js:3875:15133)
    at async tEt.fc (vscode-file://vscode-app/opt/visual-studio-code/resources/app/out/vs/workbench/workbench.desktop.main.js:3881:3611)
    at async vscode-file://vscode-app/opt/visual-studio-code/resources/app/out/vs/workbench/workbench.desktop.main.js:30:86012
2026-01-16 12:29:08.905 [error] [remote-connection][attempt 5]  An error occurred in initial connection! It will be treated as a permanent error. Error:
2026-01-16 12:29:08.905 [error] CodeExpectedError: No route to host
    at tEt.sb (vscode-file://vscode-app/opt/visual-studio-code/resources/app/out/vs/workbench/workbench.desktop.main.js:3875:15767)
    at async tEt.rb (vscode-file://vscode-app/opt/visual-studio-code/resources/app/out/vs/workbench/workbench.desktop.main.js:3875:15133)
    at async tEt.fc (vscode-file://vscode-app/opt/visual-studio-code/resources/app/out/vs/workbench/workbench.desktop.main.js:3881:3611)
    at async vscode-file://vscode-app/opt/visual-studio-code/resources/app/out/vs/workbench/workbench.desktop.main.js:30:86012
2026-01-16 12:29:08.906 [warning] Error getting remote process MCP environment No route to host
2026-01-16 12:29:08.906 [error] Cannot register remote filesystem provider. Error while fetching remote environment. No route to host
2026-01-16 12:29:08.907 [error] CodeExpectedError: No route to host
    at tEt.sb (vscode-file://vscode-app/opt/visual-studio-code/resources/app/out/vs/workbench/workbench.desktop.main.js:3875:15767)
    at async tEt.rb (vscode-file://vscode-app/opt/visual-studio-code/resources/app/out/vs/workbench/workbench.desktop.main.js:3875:15133)
    at async tEt.fc (vscode-file://vscode-app/opt/visual-studio-code/resources/app/out/vs/workbench/workbench.desktop.main.js:3881:3611)
    at async vscode-file://vscode-app/opt/visual-studio-code/resources/app/out/vs/workbench/workbench.desktop.main.js:30:86012
2026-01-16 12:29:08.907 [error] CodeExpectedError: No route to host
    at tEt.sb (vscode-file://vscode-app/opt/visual-studio-code/resources/app/out/vs/workbench/workbench.desktop.main.js:3875:15767)
    at async tEt.rb (vscode-file://vscode-app/opt/visual-studio-code/resources/app/out/vs/workbench/workbench.desktop.main.js:3875:15133)
    at async tEt.fc (vscode-file://vscode-app/opt/visual-studio-code/resources/app/out/vs/workbench/workbench.desktop.main.js:3881:3611)
    at async vscode-file://vscode-app/opt/visual-studio-code/resources/app/out/vs/workbench/workbench.desktop.main.js:30:86012
2026-01-16 12:29:08.907 [error] CodeExpectedError: No route to host
    at tEt.sb (vscode-file://vscode-app/opt/visual-studio-code/resources/app/out/vs/workbench/workbench.desktop.main.js:3875:15767)
    at async tEt.rb (vscode-file://vscode-app/opt/visual-studio-code/resources/app/out/vs/workbench/workbench.desktop.main.js:3875:15133)
    at async tEt.fc (vscode-file://vscode-app/opt/visual-studio-code/resources/app/out/vs/workbench/workbench.desktop.main.js:3881:3611)
    at async vscode-file://vscode-app/opt/visual-studio-code/resources/app/out/vs/workbench/workbench.desktop.main.js:30:86012
2026-01-16 12:29:08.907 [error] CodeExpectedError: No route to host
    at tEt.sb (vscode-file://vscode-app/opt/visual-studio-code/resources/app/out/vs/workbench/workbench.desktop.main.js:3875:15767)
    at async tEt.rb (vscode-file://vscode-app/opt/visual-studio-code/resources/app/out/vs/workbench/workbench.desktop.main.js:3875:15133)
    at async tEt.fc (vscode-file://vscode-app/opt/visual-studio-code/resources/app/out/vs/workbench/workbench.desktop.main.js:3881:3611)
    at async vscode-file://vscode-app/opt/visual-studio-code/resources/app/out/vs/workbench/workbench.desktop.main.js:30:86012
2026-01-16 12:29:08.909 [error] CodeExpectedError: No route to host
    at tEt.sb (vscode-file://vscode-app/opt/visual-studio-code/resources/app/out/vs/workbench/workbench.desktop.main.js:3875:15767)
    at async tEt.rb (vscode-file://vscode-app/opt/visual-studio-code/resources/app/out/vs/workbench/workbench.desktop.main.js:3875:15133)
    at async tEt.fc (vscode-file://vscode-app/opt/visual-studio-code/resources/app/out/vs/workbench/workbench.desktop.main.js:3881:3611)
    at async vscode-file://vscode-app/opt/visual-studio-code/resources/app/out/vs/workbench/workbench.desktop.main.js:30:86012
2026-01-16 12:29:08.910 [warning] Ignoring the error while validating workspace folder vscode-remote://ssh-remote%2Bpi-zero/home/bryan/PICAM - ENOPRO: No file system provider found for resource 'vscode-remote://ssh-remote%2Bpi-zero/home/bryan/PICAM'
2026-01-16 12:29:08.910 [error] CodeExpectedError
    at Kkt.j (vscode-file://vscode-app/opt/visual-studio-code/resources/app/out/vs/workbench/workbench.desktop.main.js:3828:60758)
    at async Kkt.cb (vscode-file://vscode-app/opt/visual-studio-code/resources/app/out/vs/workbench/workbench.desktop.main.js:3828:71449)
    at async vscode-file://vscode-app/opt/visual-studio-code/resources/app/out/vs/workbench/workbench.desktop.main.js:3828:71175
2026-01-16 12:29:08.911 [warning] Failed to get installed servers from vscode-remote://ssh-remote%2Bpi-zero/home/bryan/PICAM/.vscode/mcp.json ENOPRO: No file system provider found for resource 'vscode-remote://ssh-remote%2Bpi-zero/home/bryan/PICAM/.vscode/mcp.json'
2026-01-16 12:29:08.912 [error] CodeExpectedError
    at Kkt.j (vscode-file://vscode-app/opt/visual-studio-code/resources/app/out/vs/workbench/workbench.desktop.main.js:3828:60758)
    at async Kkt.cb (vscode-file://vscode-app/opt/visual-studio-code/resources/app/out/vs/workbench/workbench.desktop.main.js:3828:71449)
    at async vscode-file://vscode-app/opt/visual-studio-code/resources/app/out/vs/workbench/workbench.desktop.main.js:3828:71175
2026-01-16 12:29:08.912 [error] CodeExpectedError
    at Kkt.j (vscode-file://vscode-app/opt/visual-studio-code/resources/app/out/vs/workbench/workbench.desktop.main.js:3828:60758)
    at async Kkt.m (vscode-file://vscode-app/opt/visual-studio-code/resources/app/out/vs/workbench/workbench.desktop.main.js:3828:60837)
    at async Kkt.readFileStream (vscode-file://vscode-app/opt/visual-studio-code/resources/app/out/vs/workbench/workbench.desktop.main.js:3828:65215)
    at async hxt.L (vscode-file://vscode-app/opt/visual-studio-code/resources/app/out/vs/workbench/workbench.desktop.main.js:3833:9998)
    at async hxt.readStream (vscode-file://vscode-app/opt/visual-studio-code/resources/app/out/vs/workbench/workbench.desktop.main.js:3833:9773)
    at async kye.Eb (vscode-file://vscode-app/opt/visual-studio-code/resources/app/out/vs/workbench/workbench.desktop.main.js:1313:12359)
    at async kye.resolve (vscode-file://vscode-app/opt/visual-studio-code/resources/app/out/vs/workbench/workbench.desktop.main.js:1313:10834)
    at async axt.W (vscode-file://vscode-app/opt/visual-studio-code/resources/app/out/vs/workbench/workbench.desktop.main.js:3833:6644)
    at async ont.jb (vscode-file://vscode-app/opt/visual-studio-code/resources/app/out/vs/workbench/workbench.desktop.main.js:1972:18720)
    at async $Le.setInput (vscode-file://vscode-app/opt/visual-studio-code/resources/app/out/vs/workbench/workbench.desktop.main.js:2723:80879)
2026-01-16 12:29:08.919 [error] CodeExpectedError
    at Kkt.j (vscode-file://vscode-app/opt/visual-studio-code/resources/app/out/vs/workbench/workbench.desktop.main.js:3828:60758)
    at async Kkt.cb (vscode-file://vscode-app/opt/visual-studio-code/resources/app/out/vs/workbench/workbench.desktop.main.js:3828:71449)
    at async vscode-file://vscode-app/opt/visual-studio-code/resources/app/out/vs/workbench/workbench.desktop.main.js:3828:71175
2026-01-16 12:29:08.960 [error] No route to host: CodeExpectedError: No route to host
    at tEt.sb (vscode-file://vscode-app/opt/visual-studio-code/resources/app/out/vs/workbench/workbench.desktop.main.js:3875:15767)
    at async tEt.rb (vscode-file://vscode-app/opt/visual-studio-code/resources/app/out/vs/workbench/workbench.desktop.main.js:3875:15133)
    at async tEt.fc (vscode-file://vscode-app/opt/visual-studio-code/resources/app/out/vs/workbench/workbench.desktop.main.js:3881:3611)
    at async vscode-file://vscode-app/opt/visual-studio-code/resources/app/out/vs/workbench/workbench.desktop.main.js:30:86012
2026-01-16 12:29:08.960 [error] Cannot change enablement of GitHub Copilot Chat extension because of its extension kind: Error: Cannot change enablement of GitHub Copilot Chat extension because of its extension kind
    at vQe.U (vscode-file://vscode-app/opt/visual-studio-code/resources/app/out/vs/workbench/workbench.desktop.main.js:1355:16893)
    at vQe.S (vscode-file://vscode-app/opt/visual-studio-code/resources/app/out/vs/workbench/workbench.desktop.main.js:1355:16593)
    at vQe.setEnablement (vscode-file://vscode-app/opt/visual-studio-code/resources/app/out/vs/workbench/workbench.desktop.main.js:1355:17641)
    at async Vut.rc (vscode-file://vscode-app/opt/visual-studio-code/resources/app/out/vs/workbench/workbench.desktop.main.js:2493:41838)
    at async Mne.m (vscode-file://vscode-app/opt/visual-studio-code/resources/app/out/vs/workbench/workbench.desktop.main.js:2237:43599)
2026-01-16 12:29:08.961 [error] ENOPRO: No file system provider found for resource 'vscode-remote://ssh-remote%2Bpi-zero/home/bryan/PICAM/.vscode': CodeExpectedError
    at Kkt.j (vscode-file://vscode-app/opt/visual-studio-code/resources/app/out/vs/workbench/workbench.desktop.main.js:3828:60758)
    at async Kkt.exists (vscode-file://vscode-app/opt/visual-studio-code/resources/app/out/vs/workbench/workbench.desktop.main.js:3828:62887)
    at async vscode-file://vscode-app/opt/visual-studio-code/resources/app/out/vs/workbench/workbench.desktop.main.js:577:21793
    at async Promise.all (index 0)
    at async Z_e.v (vscode-file://vscode-app/opt/visual-studio-code/resources/app/out/vs/workbench/workbench.desktop.main.js:577:21900)
2026-01-16 12:29:09.001 [info] Settings Sync: Account status changed from uninitialized to unavailable
2026-01-16 12:29:09.362 [error] CodeExpectedError: No route to host
    at tEt.sb (vscode-file://vscode-app/opt/visual-studio-code/resources/app/out/vs/workbench/workbench.desktop.main.js:3875:15767)
    at async tEt.rb (vscode-file://vscode-app/opt/visual-studio-code/resources/app/out/vs/workbench/workbench.desktop.main.js:3875:15133)
    at async tEt.fc (vscode-file://vscode-app/opt/visual-studio-code/resources/app/out/vs/workbench/workbench.desktop.main.js:3881:3611)
    at async vscode-file://vscode-app/opt/visual-studio-code/resources/app/out/vs/workbench/workbench.desktop.main.js:30:86012
2026-01-16 12:29:09.370 [error] CodeExpectedError: No route to host
    at tEt.sb (vscode-file://vscode-app/opt/visual-studio-code/resources/app/out/vs/workbench/workbench.desktop.main.js:3875:15767)
    at async tEt.rb (vscode-file://vscode-app/opt/visual-studio-code/resources/app/out/vs/workbench/workbench.desktop.main.js:3875:15133)
    at async tEt.fc (vscode-file://vscode-app/opt/visual-studio-code/resources/app/out/vs/workbench/workbench.desktop.main.js:3881:3611)
    at async vscode-file://vscode-app/opt/visual-studio-code/resources/app/out/vs/workbench/workbench.desktop.main.js:30:86012
2026-01-16 12:29:09.371 [error] ENOPRO: No file system provider found for resource 'vscode-remote://ssh-remote%2Bpi-zero/home/bryan/PICAM/.git/config': CodeExpectedError
    at Kkt.j (vscode-file://vscode-app/opt/visual-studio-code/resources/app/out/vs/workbench/workbench.desktop.main.js:3828:60758)
    at async Kkt.exists (vscode-file://vscode-app/opt/visual-studio-code/resources/app/out/vs/workbench/workbench.desktop.main.js:3828:62887)
    at async Promise.all (index 0)
2026-01-16 12:29:09.371 [error] ENOPRO: No file system provider found for resource 'vscode-remote://ssh-remote%2Bpi-zero/home/bryan/PICAM/pom.xml': CodeExpectedError
    at Kkt.j (vscode-file://vscode-app/opt/visual-studio-code/resources/app/out/vs/workbench/workbench.desktop.main.js:3828:60758)
    at async Kkt.exists (vscode-file://vscode-app/opt/visual-studio-code/resources/app/out/vs/workbench/workbench.desktop.main.js:3828:62887)
    at async Promise.all (index 0)
2026-01-16 12:29:09.372 [error] ENOPRO: No file system provider found for resource 'vscode-remote://ssh-remote%2Bpi-zero/home/bryan/PICAM': CodeExpectedError
    at Kkt.j (vscode-file://vscode-app/opt/visual-studio-code/resources/app/out/vs/workbench/workbench.desktop.main.js:3828:60758)
    at async Kkt.r (vscode-file://vscode-app/opt/visual-studio-code/resources/app/out/vs/workbench/workbench.desktop.main.js:3828:61448)
    at async Kkt.resolve (vscode-file://vscode-app/opt/visual-studio-code/resources/app/out/vs/workbench/workbench.desktop.main.js:3828:61329)
    at async PSt.j (vscode-file://vscode-app/opt/visual-studio-code/resources/app/out/vs/workbench/workbench.desktop.main.js:3791:27372)
2026-01-16 12:29:09.541 [error] No route to host: CodeExpectedError: No route to host
    at tEt.sb (vscode-file://vscode-app/opt/visual-studio-code/resources/app/out/vs/workbench/workbench.desktop.main.js:3875:15767)
    at async tEt.rb (vscode-file://vscode-app/opt/visual-studio-code/resources/app/out/vs/workbench/workbench.desktop.main.js:3875:15133)
    at async tEt.fc (vscode-file://vscode-app/opt/visual-studio-code/resources/app/out/vs/workbench/workbench.desktop.main.js:3881:3611)
    at async vscode-file://vscode-app/opt/visual-studio-code/resources/app/out/vs/workbench/workbench.desktop.main.js:30:86012
2026-01-16 12:29:10.781 [error] No route to host: CodeExpectedError: No route to host
    at tEt.sb (vscode-file://vscode-app/opt/visual-studio-code/resources/app/out/vs/workbench/workbench.desktop.main.js:3875:15767)
    at async tEt.rb (vscode-file://vscode-app/opt/visual-studio-code/resources/app/out/vs/workbench/workbench.desktop.main.js:3875:15133)
    at async tEt.fc (vscode-file://vscode-app/opt/visual-studio-code/resources/app/out/vs/workbench/workbench.desktop.main.js:3881:3611)
    at async vscode-file://vscode-app/opt/visual-studio-code/resources/app/out/vs/workbench/workbench.desktop.main.js:30:86012
2026-01-16 12:29:17.180 [info] MCP Registry configured: https://api.mcp.github.com
2026-01-16 12:29:17.183 [info] Started local extension host with pid 56857.
2026-01-16 12:29:17.528 [info] Settings Sync: Account status changed from uninitialized to unavailable
2026-01-16 12:29:19.781 [info] [perf] Render performance baseline is 16ms
2026-01-16 12:29:20.258 [error] [/home/bryan/.vscode/extensions/ms-vscode-remote.remote-ssh-0.122.0]: Extension is not compatible with Code 1.106.3. Extension requires: ^1.107.0.
2026-01-16 12:29:20.259 [error] [/home/bryan/.vscode/extensions/github.copilot-chat-0.35.0]: Extension is not compatible with Code 1.106.3. Extension requires: ^1.107.0-20251119.
2026-01-16 12:29:20.260 [error] [/home/bryan/.vscode/extensions/github.copilot-chat-0.35.2]: Extension is not compatible with Code 1.106.3. Extension requires: ^1.107.0-20251119.
2026-01-16 12:29:20.262 [error] [/home/bryan/.vscode/extensions/github.copilot-chat-0.36.0]: Extension is not compatible with Code 1.106.3. Extension requires: ^1.108.0.
2026-01-16 12:29:20.263 [error] [/home/bryan/.vscode/extensions/github.copilot-chat-0.36.1]: Extension is not compatible with Code 1.106.3. Extension requires: ^1.108.0.
2026-01-16 12:29:23.923 [info] Started local extension host with pid 56955.
2026-01-16 12:29:23.959 [info] Invoking resolveAuthority(ssh-remote)...
2026-01-16 12:29:23.959 [info] [LocalProcess0][resolveAuthority(ssh-remote,1)][0ms] obtaining proxy...
2026-01-16 12:29:24.018 [info] MCP Registry configured: https://api.mcp.github.com
2026-01-16 12:29:24.219 [info] [LocalProcess0][resolveAuthority(ssh-remote,1)][260ms] invoking...
2026-01-16 12:29:24.279 [error] navigator is now a global in nodejs, please see https://aka.ms/vscode-extensions/navigator for additional info on this error.: PendingMigrationError: navigator is now a global in nodejs, please see https://aka.ms/vscode-extensions/navigator for additional info on this error.
    at get (file:///opt/visual-studio-code/resources/app/out/vs/workbench/api/node/extensionHostProcess.js:402:6611)
    at Object.<anonymous> (/home/bryan/.vscode/extensions/ms-vscode-remote.remote-ssh-0.120.0/out/extension.js:2:486184)
    at 19534 (/home/bryan/.vscode/extensions/ms-vscode-remote.remote-ssh-0.120.0/out/extension.js:2:504894)
    at r (/home/bryan/.vscode/extensions/ms-vscode-remote.remote-ssh-0.120.0/out/extension.js:2:1108387)
    at 92839 (/home/bryan/.vscode/extensions/ms-vscode-remote.remote-ssh-0.120.0/out/extension.js:2:466959)
    at r (/home/bryan/.vscode/extensions/ms-vscode-remote.remote-ssh-0.120.0/out/extension.js:2:1108387)
    at 49424 (/home/bryan/.vscode/extensions/ms-vscode-remote.remote-ssh-0.120.0/out/extension.js:2:465816)
    at r (/home/bryan/.vscode/extensions/ms-vscode-remote.remote-ssh-0.120.0/out/extension.js:2:1108387)
    at 17130 (/home/bryan/.vscode/extensions/ms-vscode-remote.remote-ssh-0.120.0/out/extension.js:2:596135)
    at r (/home/bryan/.vscode/extensions/ms-vscode-remote.remote-ssh-0.120.0/out/extension.js:2:1108387)
    at 87631 (/home/bryan/.vscode/extensions/ms-vscode-remote.remote-ssh-0.120.0/out/extension.js:2:576866)
    at r (/home/bryan/.vscode/extensions/ms-vscode-remote.remote-ssh-0.120.0/out/extension.js:2:1108387)
    at 65861 (/home/bryan/.vscode/extensions/ms-vscode-remote.remote-ssh-0.120.0/out/extension.js:2:600705)
    at r (/home/bryan/.vscode/extensions/ms-vscode-remote.remote-ssh-0.120.0/out/extension.js:2:1108387)
    at 91577 (/home/bryan/.vscode/extensions/ms-vscode-remote.remote-ssh-0.120.0/out/extension.js:2:856974)
    at r (/home/bryan/.vscode/extensions/ms-vscode-remote.remote-ssh-0.120.0/out/extension.js:2:1108387)
    at 94111 (/home/bryan/.vscode/extensions/ms-vscode-remote.remote-ssh-0.120.0/out/extension.js:2:819912)
    at r (/home/bryan/.vscode/extensions/ms-vscode-remote.remote-ssh-0.120.0/out/extension.js:2:1108387)
    at 35187 (/home/bryan/.vscode/extensions/ms-vscode-remote.remote-ssh-0.120.0/out/extension.js:2:690327)
    at r (/home/bryan/.vscode/extensions/ms-vscode-remote.remote-ssh-0.120.0/out/extension.js:2:1108387)
    at 64417 (/home/bryan/.vscode/extensions/ms-vscode-remote.remote-ssh-0.120.0/out/extension.js:2:846572)
    at r (/home/bryan/.vscode/extensions/ms-vscode-remote.remote-ssh-0.120.0/out/extension.js:2:1108387)
    at 24847 (/home/bryan/.vscode/extensions/ms-vscode-remote.remote-ssh-0.120.0/out/extension.js:2:828930)
    at r (/home/bryan/.vscode/extensions/ms-vscode-remote.remote-ssh-0.120.0/out/extension.js:2:1108387)
    at 54788 (/home/bryan/.vscode/extensions/ms-vscode-remote.remote-ssh-0.120.0/out/extension.js:2:788284)
    at r (/home/bryan/.vscode/extensions/ms-vscode-remote.remote-ssh-0.120.0/out/extension.js:2:1108387)
    at 30729 (/home/bryan/.vscode/extensions/ms-vscode-remote.remote-ssh-0.120.0/out/extension.js:2:682648)
    at r (/home/bryan/.vscode/extensions/ms-vscode-remote.remote-ssh-0.120.0/out/extension.js:2:1108387)
    at 24430 (/home/bryan/.vscode/extensions/ms-vscode-remote.remote-ssh-0.120.0/out/extension.js:2:837945)
    at r (/home/bryan/.vscode/extensions/ms-vscode-remote.remote-ssh-0.120.0/out/extension.js:2:1108387)
    at 52584 (/home/bryan/.vscode/extensions/ms-vscode-remote.remote-ssh-0.120.0/out/extension.js:2:811300)
    at r (/home/bryan/.vscode/extensions/ms-vscode-remote.remote-ssh-0.120.0/out/extension.js:2:1108387)
    at 69480 (/home/bryan/.vscode/extensions/ms-vscode-remote.remote-ssh-0.120.0/out/extension.js:2:800490)
    at r (/home/bryan/.vscode/extensions/ms-vscode-remote.remote-ssh-0.120.0/out/extension.js:2:1108387)
    at 71535 (/home/bryan/.vscode/extensions/ms-vscode-remote.remote-ssh-0.120.0/out/extension.js:2:680397)
    at r (/home/bryan/.vscode/extensions/ms-vscode-remote.remote-ssh-0.120.0/out/extension.js:2:1108387)
    at /home/bryan/.vscode/extensions/ms-vscode-remote.remote-ssh-0.120.0/out/extension.js:2:1109251
    at /home/bryan/.vscode/extensions/ms-vscode-remote.remote-ssh-0.120.0/out/extension.js:2:1117584
    at Object.<anonymous> (/home/bryan/.vscode/extensions/ms-vscode-remote.remote-ssh-0.120.0/out/extension.js:2:1117690)
    at Module._compile (node:internal/modules/cjs/loader:1714:14)
    at Module._extensions..js (node:internal/modules/cjs/loader:1848:10)
    at Module.load (node:internal/modules/cjs/loader:1448:32)
    at Module._load (node:internal/modules/cjs/loader:1270:12)
    at c._load (node:electron/js2c/node_init:2:17993)
    at e._load (file:///opt/visual-studio-code/resources/app/out/vs/workbench/api/node/extensionHostProcess.js:402:5984)
    at t._load (file:///opt/visual-studio-code/resources/app/out/vs/workbench/api/node/extensionHostProcess.js:220:22582)
    at r._load (file:///opt/visual-studio-code/resources/app/out/vs/workbench/api/node/extensionHostProcess.js:212:24094)
    at TracingChannel.traceSync (node:diagnostics_channel:322:14)
    at wrapModuleLoad (node:internal/modules/cjs/loader:244:24)
    at Module.require (node:internal/modules/cjs/loader:1470:12)
    at require (node:internal/modules/helpers:147:16)
    at kX.Cb (file:///opt/visual-studio-code/resources/app/out/vs/workbench/api/node/extensionHostProcess.js:251:1253)
2026-01-16 12:29:24.357 [error] navigator is now a global in nodejs, please see https://aka.ms/vscode-extensions/navigator for additional info on this error.: PendingMigrationError: navigator is now a global in nodejs, please see https://aka.ms/vscode-extensions/navigator for additional info on this error.
    at get (file:///opt/visual-studio-code/resources/app/out/vs/workbench/api/node/extensionHostProcess.js:402:6611)
    at g (/home/bryan/.vscode/extensions/ms-vscode-remote.remote-ssh-0.120.0/out/extension.js:2:283829)
    at /home/bryan/.vscode/extensions/ms-vscode-remote.remote-ssh-0.120.0/out/extension.js:2:283674
    at r (/home/bryan/.vscode/extensions/ms-vscode-remote.remote-ssh-0.120.0/out/extension.js:2:285048)
    at /home/bryan/.vscode/extensions/ms-vscode-remote.remote-ssh-0.120.0/out/extension.js:2:285217
    at Object.get (/home/bryan/.vscode/extensions/ms-vscode-remote.remote-ssh-0.120.0/out/extension.js:2:284567)
    at _ (/home/bryan/.vscode/extensions/ms-vscode-remote.remote-ssh-0.120.0/out/extension.js:2:284134)
    at O (/home/bryan/.vscode/extensions/ms-vscode-remote.remote-ssh-0.120.0/out/extension.js:2:229826)
    at /home/bryan/.vscode/extensions/ms-vscode-remote.remote-ssh-0.120.0/out/extension.js:2:163430
    at Object.p [as use] (/home/bryan/.vscode/extensions/ms-vscode-remote.remote-ssh-0.120.0/out/extension.js:2:205291)
    at /home/bryan/.vscode/extensions/ms-vscode-remote.remote-ssh-0.120.0/out/extension.js:2:206959
    at s.<computed> [as watch] (/home/bryan/.vscode/extensions/ms-vscode-remote.remote-ssh-0.120.0/out/extension.js:2:206970)
    at B (/home/bryan/.vscode/extensions/ms-vscode-remote.remote-ssh-0.120.0/out/extension.js:2:207589)
    at e.<computed> [as initialize] (/home/bryan/.vscode/extensions/ms-vscode-remote.remote-ssh-0.120.0/out/extension.js:2:162741)
    at e.n [as initialize] (/home/bryan/.vscode/extensions/ms-vscode-remote.remote-ssh-0.120.0/out/extension.js:2:275397)
    at /home/bryan/.vscode/extensions/ms-vscode-remote.remote-ssh-0.120.0/out/extension.js:2:170519
    at g (/home/bryan/.vscode/extensions/ms-vscode-remote.remote-ssh-0.120.0/out/extension.js:2:239634)
    at e.<computed> [as initialize] (/home/bryan/.vscode/extensions/ms-vscode-remote.remote-ssh-0.120.0/out/extension.js:2:169778)
    at t.n [as initialize] (/home/bryan/.vscode/extensions/ms-vscode-remote.remote-ssh-0.120.0/out/extension.js:2:275397)
    at Array.<anonymous> (/home/bryan/.vscode/extensions/ms-vscode-remote.remote-ssh-0.120.0/out/extension.js:2:244943)
    at o (/home/bryan/.vscode/extensions/ms-vscode-remote.remote-ssh-0.120.0/out/extension.js:2:280977)
    at u (/home/bryan/.vscode/extensions/ms-vscode-remote.remote-ssh-0.120.0/out/extension.js:2:244904)
    at ge (/home/bryan/.vscode/extensions/ms-vscode-remote.remote-ssh-0.120.0/out/extension.js:2:213632)
    at e.<computed> (/home/bryan/.vscode/extensions/ms-vscode-remote.remote-ssh-0.120.0/out/extension.js:2:216146)
    at Object.initialize (/home/bryan/.vscode/extensions/ms-vscode-remote.remote-ssh-0.120.0/out/extension.js:2:276131)
    at /home/bryan/.vscode/extensions/ms-vscode-remote.remote-ssh-0.120.0/out/extension.js:2:140366
    at g (/home/bryan/.vscode/extensions/ms-vscode-remote.remote-ssh-0.120.0/out/extension.js:2:239634)
    at e.<computed> [as initialize] (/home/bryan/.vscode/extensions/ms-vscode-remote.remote-ssh-0.120.0/out/extension.js:2:140291)
    at t.n [as initialize] (/home/bryan/.vscode/extensions/ms-vscode-remote.remote-ssh-0.120.0/out/extension.js:2:275397)
    at /home/bryan/.vscode/extensions/ms-vscode-remote.remote-ssh-0.120.0/out/extension.js:2:339701
    at async t.oneDataSystemClientFactory (/home/bryan/.vscode/extensions/ms-vscode-remote.remote-ssh-0.120.0/out/extension.js:2:339100)
2026-01-16 12:29:25.219 [info] [LocalProcess0][resolveAuthority(ssh-remote,1)][1260ms] waiting...
2026-01-16 12:29:26.219 [info] [LocalProcess0][resolveAuthority(ssh-remote,1)][2260ms] waiting...
2026-01-16 12:29:27.048 [error] [/home/bryan/.vscode/extensions/ms-vscode-remote.remote-ssh-0.122.0]: Extension is not compatible with Code 1.106.3. Extension requires: ^1.107.0.
2026-01-16 12:29:27.049 [error] [/home/bryan/.vscode/extensions/github.copilot-chat-0.35.0]: Extension is not compatible with Code 1.106.3. Extension requires: ^1.107.0-20251119.
2026-01-16 12:29:27.050 [error] [/home/bryan/.vscode/extensions/github.copilot-chat-0.35.2]: Extension is not compatible with Code 1.106.3. Extension requires: ^1.107.0-20251119.
2026-01-16 12:29:27.051 [error] [/home/bryan/.vscode/extensions/github.copilot-chat-0.36.0]: Extension is not compatible with Code 1.106.3. Extension requires: ^1.108.0.
2026-01-16 12:29:27.052 [error] [/home/bryan/.vscode/extensions/github.copilot-chat-0.36.1]: Extension is not compatible with Code 1.106.3. Extension requires: ^1.108.0.
2026-01-16 12:29:27.219 [info] [LocalProcess0][resolveAuthority(ssh-remote,1)][3260ms] waiting...
2026-01-16 12:29:27.932 [error] [LocalProcess0][resolveAuthority(ssh-remote,1)][3972ms] returned an error {"code":"NotAvailable","message":"No route to host","detail":true}
2026-01-16 12:29:27.932 [error] resolveAuthority(ssh-remote) returned an error after 3972 ms No route to host
2026-01-16 12:29:27.932 [error] Error received from starting extension host (kind: Remote)
2026-01-16 12:29:27.932 [error] CodeExpectedError: No route to host
    at tEt.sb (vscode-file://vscode-app/opt/visual-studio-code/resources/app/out/vs/workbench/workbench.desktop.main.js:3875:15767)
    at async tEt.rb (vscode-file://vscode-app/opt/visual-studio-code/resources/app/out/vs/workbench/workbench.desktop.main.js:3875:15133)
    at async tEt.fc (vscode-file://vscode-app/opt/visual-studio-code/resources/app/out/vs/workbench/workbench.desktop.main.js:3881:3611)
    at async vscode-file://vscode-app/opt/visual-studio-code/resources/app/out/vs/workbench/workbench.desktop.main.js:30:86012
2026-01-16 12:29:27.932 [error] [remote-connection][attempt 1] An error occurred in initial connection! Will retry... Error:
2026-01-16 12:29:27.933 [error] CodeExpectedError: No route to host
    at tEt.sb (vscode-file://vscode-app/opt/visual-studio-code/resources/app/out/vs/workbench/workbench.desktop.main.js:3875:15767)
    at async tEt.rb (vscode-file://vscode-app/opt/visual-studio-code/resources/app/out/vs/workbench/workbench.desktop.main.js:3875:15133)
    at async tEt.fc (vscode-file://vscode-app/opt/visual-studio-code/resources/app/out/vs/workbench/workbench.desktop.main.js:3881:3611)
    at async vscode-file://vscode-app/opt/visual-studio-code/resources/app/out/vs/workbench/workbench.desktop.main.js:30:86012
2026-01-16 12:29:27.933 [error] [remote-connection][attempt 2] An error occurred in initial connection! Will retry... Error:
2026-01-16 12:29:27.933 [error] CodeExpectedError: No route to host
    at tEt.sb (vscode-file://vscode-app/opt/visual-studio-code/resources/app/out/vs/workbench/workbench.desktop.main.js:3875:15767)
    at async tEt.rb (vscode-file://vscode-app/opt/visual-studio-code/resources/app/out/vs/workbench/workbench.desktop.main.js:3875:15133)
    at async tEt.fc (vscode-file://vscode-app/opt/visual-studio-code/resources/app/out/vs/workbench/workbench.desktop.main.js:3881:3611)
    at async vscode-file://vscode-app/opt/visual-studio-code/resources/app/out/vs/workbench/workbench.desktop.main.js:30:86012
2026-01-16 12:29:27.939 [error] [remote-connection][attempt 3] An error occurred in initial connection! Will retry... Error:
2026-01-16 12:29:27.939 [error] CodeExpectedError: No route to host
    at tEt.sb (vscode-file://vscode-app/opt/visual-studio-code/resources/app/out/vs/workbench/workbench.desktop.main.js:3875:15767)
    at async tEt.rb (vscode-file://vscode-app/opt/visual-studio-code/resources/app/out/vs/workbench/workbench.desktop.main.js:3875:15133)
    at async tEt.fc (vscode-file://vscode-app/opt/visual-studio-code/resources/app/out/vs/workbench/workbench.desktop.main.js:3881:3611)
    at async vscode-file://vscode-app/opt/visual-studio-code/resources/app/out/vs/workbench/workbench.desktop.main.js:30:86012
2026-01-16 12:29:27.977 [error] [remote-connection][attempt 4] An error occurred in initial connection! Will retry... Error:
2026-01-16 12:29:27.977 [error] CodeExpectedError: No route to host
    at tEt.sb (vscode-file://vscode-app/opt/visual-studio-code/resources/app/out/vs/workbench/workbench.desktop.main.js:3875:15767)
    at async tEt.rb (vscode-file://vscode-app/opt/visual-studio-code/resources/app/out/vs/workbench/workbench.desktop.main.js:3875:15133)
    at async tEt.fc (vscode-file://vscode-app/opt/visual-studio-code/resources/app/out/vs/workbench/workbench.desktop.main.js:3881:3611)
    at async vscode-file://vscode-app/opt/visual-studio-code/resources/app/out/vs/workbench/workbench.desktop.main.js:30:86012
2026-01-16 12:29:27.986 [error] [remote-connection][attempt 5]  An error occurred in initial connection! It will be treated as a permanent error. Error:
2026-01-16 12:29:27.986 [error] CodeExpectedError: No route to host
    at tEt.sb (vscode-file://vscode-app/opt/visual-studio-code/resources/app/out/vs/workbench/workbench.desktop.main.js:3875:15767)
    at async tEt.rb (vscode-file://vscode-app/opt/visual-studio-code/resources/app/out/vs/workbench/workbench.desktop.main.js:3875:15133)
    at async tEt.fc (vscode-file://vscode-app/opt/visual-studio-code/resources/app/out/vs/workbench/workbench.desktop.main.js:3881:3611)
    at async vscode-file://vscode-app/opt/visual-studio-code/resources/app/out/vs/workbench/workbench.desktop.main.js:30:86012
2026-01-16 12:29:27.991 [error] CodeExpectedError: No route to host
    at tEt.sb (vscode-file://vscode-app/opt/visual-studio-code/resources/app/out/vs/workbench/workbench.desktop.main.js:3875:15767)
    at async tEt.rb (vscode-file://vscode-app/opt/visual-studio-code/resources/app/out/vs/workbench/workbench.desktop.main.js:3875:15133)
    at async tEt.fc (vscode-file://vscode-app/opt/visual-studio-code/resources/app/out/vs/workbench/workbench.desktop.main.js:3881:3611)
    at async vscode-file://vscode-app/opt/visual-studio-code/resources/app/out/vs/workbench/workbench.desktop.main.js:30:86012
2026-01-16 12:29:27.991 [warning] Error getting remote process MCP environment No route to host
2026-01-16 12:29:27.993 [error] Cannot register remote filesystem provider. Error while fetching remote environment. No route to host
2026-01-16 12:29:27.993 [error] CodeExpectedError: No route to host
    at tEt.sb (vscode-file://vscode-app/opt/visual-studio-code/resources/app/out/vs/workbench/workbench.desktop.main.js:3875:15767)
    at async tEt.rb (vscode-file://vscode-app/opt/visual-studio-code/resources/app/out/vs/workbench/workbench.desktop.main.js:3875:15133)
    at async tEt.fc (vscode-file://vscode-app/opt/visual-studio-code/resources/app/out/vs/workbench/workbench.desktop.main.js:3881:3611)
    at async vscode-file://vscode-app/opt/visual-studio-code/resources/app/out/vs/workbench/workbench.desktop.main.js:30:86012
2026-01-16 12:29:27.993 [error] CodeExpectedError: No route to host
    at tEt.sb (vscode-file://vscode-app/opt/visual-studio-code/resources/app/out/vs/workbench/workbench.desktop.main.js:3875:15767)
    at async tEt.rb (vscode-file://vscode-app/opt/visual-studio-code/resources/app/out/vs/workbench/workbench.desktop.main.js:3875:15133)
    at async tEt.fc (vscode-file://vscode-app/opt/visual-studio-code/resources/app/out/vs/workbench/workbench.desktop.main.js:3881:3611)
    at async vscode-file://vscode-app/opt/visual-studio-code/resources/app/out/vs/workbench/workbench.desktop.main.js:30:86012
2026-01-16 12:29:27.993 [error] CodeExpectedError: No route to host
    at tEt.sb (vscode-file://vscode-app/opt/visual-studio-code/resources/app/out/vs/workbench/workbench.desktop.main.js:3875:15767)
    at async tEt.rb (vscode-file://vscode-app/opt/visual-studio-code/resources/app/out/vs/workbench/workbench.desktop.main.js:3875:15133)
    at async tEt.fc (vscode-file://vscode-app/opt/visual-studio-code/resources/app/out/vs/workbench/workbench.desktop.main.js:3881:3611)
    at async vscode-file://vscode-app/opt/visual-studio-code/resources/app/out/vs/workbench/workbench.desktop.main.js:30:86012
2026-01-16 12:29:27.993 [error] CodeExpectedError: No route to host
    at tEt.sb (vscode-file://vscode-app/opt/visual-studio-code/resources/app/out/vs/workbench/workbench.desktop.main.js:3875:15767)
    at async tEt.rb (vscode-file://vscode-app/opt/visual-studio-code/resources/app/out/vs/workbench/workbench.desktop.main.js:3875:15133)
    at async tEt.fc (vscode-file://vscode-app/opt/visual-studio-code/resources/app/out/vs/workbench/workbench.desktop.main.js:3881:3611)
    at async vscode-file://vscode-app/opt/visual-studio-code/resources/app/out/vs/workbench/workbench.desktop.main.js:30:86012
2026-01-16 12:29:27.994 [error] CodeExpectedError: No route to host
    at tEt.sb (vscode-file://vscode-app/opt/visual-studio-code/resources/app/out/vs/workbench/workbench.desktop.main.js:3875:15767)
    at async tEt.rb (vscode-file://vscode-app/opt/visual-studio-code/resources/app/out/vs/workbench/workbench.desktop.main.js:3875:15133)
    at async tEt.fc (vscode-file://vscode-app/opt/visual-studio-code/resources/app/out/vs/workbench/workbench.desktop.main.js:3881:3611)
    at async vscode-file://vscode-app/opt/visual-studio-code/resources/app/out/vs/workbench/workbench.desktop.main.js:30:86012
2026-01-16 12:29:28.041 [error] No route to host: CodeExpectedError: No route to host
    at tEt.sb (vscode-file://vscode-app/opt/visual-studio-code/resources/app/out/vs/workbench/workbench.desktop.main.js:3875:15767)
    at async tEt.rb (vscode-file://vscode-app/opt/visual-studio-code/resources/app/out/vs/workbench/workbench.desktop.main.js:3875:15133)
    at async tEt.fc (vscode-file://vscode-app/opt/visual-studio-code/resources/app/out/vs/workbench/workbench.desktop.main.js:3881:3611)
    at async vscode-file://vscode-app/opt/visual-studio-code/resources/app/out/vs/workbench/workbench.desktop.main.js:30:86012
2026-01-16 12:29:28.041 [error] Cannot change enablement of GitHub Copilot Chat extension because of its extension kind: Error: Cannot change enablement of GitHub Copilot Chat extension because of its extension kind
    at vQe.U (vscode-file://vscode-app/opt/visual-studio-code/resources/app/out/vs/workbench/workbench.desktop.main.js:1355:16893)
    at vQe.S (vscode-file://vscode-app/opt/visual-studio-code/resources/app/out/vs/workbench/workbench.desktop.main.js:1355:16593)
    at vQe.setEnablement (vscode-file://vscode-app/opt/visual-studio-code/resources/app/out/vs/workbench/workbench.desktop.main.js:1355:17641)
    at async Vut.rc (vscode-file://vscode-app/opt/visual-studio-code/resources/app/out/vs/workbench/workbench.desktop.main.js:2493:41838)
    at async Mne.m (vscode-file://vscode-app/opt/visual-studio-code/resources/app/out/vs/workbench/workbench.desktop.main.js:2237:43599)
2026-01-16 12:29:28.096 [info] Settings Sync: Account status changed from uninitialized to unavailable
2026-01-16 12:29:28.141 [error] No route to host: CodeExpectedError: No route to host
    at tEt.sb (vscode-file://vscode-app/opt/visual-studio-code/resources/app/out/vs/workbench/workbench.desktop.main.js:3875:15767)
    at async tEt.rb (vscode-file://vscode-app/opt/visual-studio-code/resources/app/out/vs/workbench/workbench.desktop.main.js:3875:15133)
    at async tEt.fc (vscode-file://vscode-app/opt/visual-studio-code/resources/app/out/vs/workbench/workbench.desktop.main.js:3881:3611)
    at async vscode-file://vscode-app/opt/visual-studio-code/resources/app/out/vs/workbench/workbench.desktop.main.js:30:86012
2026-01-16 12:29:28.182 [error] CodeExpectedError: No route to host
    at tEt.sb (vscode-file://vscode-app/opt/visual-studio-code/resources/app/out/vs/workbench/workbench.desktop.main.js:3875:15767)
    at async tEt.rb (vscode-file://vscode-app/opt/visual-studio-code/resources/app/out/vs/workbench/workbench.desktop.main.js:3875:15133)
    at async tEt.fc (vscode-file://vscode-app/opt/visual-studio-code/resources/app/out/vs/workbench/workbench.desktop.main.js:3881:3611)
    at async vscode-file://vscode-app/opt/visual-studio-code/resources/app/out/vs/workbench/workbench.desktop.main.js:30:86012
2026-01-16 12:29:30.092 [error] No route to host: CodeExpectedError: No route to host
    at tEt.sb (vscode-file://vscode-app/opt/visual-studio-code/resources/app/out/vs/workbench/workbench.desktop.main.js:3875:15767)
    at async tEt.rb (vscode-file://vscode-app/opt/visual-studio-code/resources/app/out/vs/workbench/workbench.desktop.main.js:3875:15133)
    at async tEt.fc (vscode-file://vscode-app/opt/visual-studio-code/resources/app/out/vs/workbench/workbench.desktop.main.js:3881:3611)
    at async vscode-file://vscode-app/opt/visual-studio-code/resources/app/out/vs/workbench/workbench.desktop.main.js:30:86012
2026-01-16 12:29:31.570 [info] Started local extension host with pid 57046.
2026-01-16 12:29:31.615 [info] Invoking resolveAuthority(ssh-remote)...
2026-01-16 12:29:31.615 [info] [LocalProcess0][resolveAuthority(ssh-remote,1)][0ms] obtaining proxy...
2026-01-16 12:29:31.722 [info] MCP Registry configured: https://api.mcp.github.com
2026-01-16 12:29:31.887 [info] [LocalProcess0][resolveAuthority(ssh-remote,1)][272ms] invoking...
2026-01-16 12:29:31.948 [error] navigator is now a global in nodejs, please see https://aka.ms/vscode-extensions/navigator for additional info on this error.: PendingMigrationError: navigator is now a global in nodejs, please see https://aka.ms/vscode-extensions/navigator for additional info on this error.
    at get (file:///opt/visual-studio-code/resources/app/out/vs/workbench/api/node/extensionHostProcess.js:402:6611)
    at Object.<anonymous> (/home/bryan/.vscode/extensions/ms-vscode-remote.remote-ssh-0.120.0/out/extension.js:2:486184)
    at 19534 (/home/bryan/.vscode/extensions/ms-vscode-remote.remote-ssh-0.120.0/out/extension.js:2:504894)
    at r (/home/bryan/.vscode/extensions/ms-vscode-remote.remote-ssh-0.120.0/out/extension.js:2:1108387)
    at 92839 (/home/bryan/.vscode/extensions/ms-vscode-remote.remote-ssh-0.120.0/out/extension.js:2:466959)
    at r (/home/bryan/.vscode/extensions/ms-vscode-remote.remote-ssh-0.120.0/out/extension.js:2:1108387)
    at 49424 (/home/bryan/.vscode/extensions/ms-vscode-remote.remote-ssh-0.120.0/out/extension.js:2:465816)
    at r (/home/bryan/.vscode/extensions/ms-vscode-remote.remote-ssh-0.120.0/out/extension.js:2:1108387)
    at 17130 (/home/bryan/.vscode/extensions/ms-vscode-remote.remote-ssh-0.120.0/out/extension.js:2:596135)
    at r (/home/bryan/.vscode/extensions/ms-vscode-remote.remote-ssh-0.120.0/out/extension.js:2:1108387)
    at 87631 (/home/bryan/.vscode/extensions/ms-vscode-remote.remote-ssh-0.120.0/out/extension.js:2:576866)
    at r (/home/bryan/.vscode/extensions/ms-vscode-remote.remote-ssh-0.120.0/out/extension.js:2:1108387)
    at 65861 (/home/bryan/.vscode/extensions/ms-vscode-remote.remote-ssh-0.120.0/out/extension.js:2:600705)
    at r (/home/bryan/.vscode/extensions/ms-vscode-remote.remote-ssh-0.120.0/out/extension.js:2:1108387)
    at 91577 (/home/bryan/.vscode/extensions/ms-vscode-remote.remote-ssh-0.120.0/out/extension.js:2:856974)
    at r (/home/bryan/.vscode/extensions/ms-vscode-remote.remote-ssh-0.120.0/out/extension.js:2:1108387)
    at 94111 (/home/bryan/.vscode/extensions/ms-vscode-remote.remote-ssh-0.120.0/out/extension.js:2:819912)
    at r (/home/bryan/.vscode/extensions/ms-vscode-remote.remote-ssh-0.120.0/out/extension.js:2:1108387)
    at 35187 (/home/bryan/.vscode/extensions/ms-vscode-remote.remote-ssh-0.120.0/out/extension.js:2:690327)
    at r (/home/bryan/.vscode/extensions/ms-vscode-remote.remote-ssh-0.120.0/out/extension.js:2:1108387)
    at 64417 (/home/bryan/.vscode/extensions/ms-vscode-remote.remote-ssh-0.120.0/out/extension.js:2:846572)
    at r (/home/bryan/.vscode/extensions/ms-vscode-remote.remote-ssh-0.120.0/out/extension.js:2:1108387)
    at 24847 (/home/bryan/.vscode/extensions/ms-vscode-remote.remote-ssh-0.120.0/out/extension.js:2:828930)
    at r (/home/bryan/.vscode/extensions/ms-vscode-remote.remote-ssh-0.120.0/out/extension.js:2:1108387)
    at 54788 (/home/bryan/.vscode/extensions/ms-vscode-remote.remote-ssh-0.120.0/out/extension.js:2:788284)
    at r (/home/bryan/.vscode/extensions/ms-vscode-remote.remote-ssh-0.120.0/out/extension.js:2:1108387)
    at 30729 (/home/bryan/.vscode/extensions/ms-vscode-remote.remote-ssh-0.120.0/out/extension.js:2:682648)
    at r (/home/bryan/.vscode/extensions/ms-vscode-remote.remote-ssh-0.120.0/out/extension.js:2:1108387)
    at 24430 (/home/bryan/.vscode/extensions/ms-vscode-remote.remote-ssh-0.120.0/out/extension.js:2:837945)
    at r (/home/bryan/.vscode/extensions/ms-vscode-remote.remote-ssh-0.120.0/out/extension.js:2:1108387)
    at 52584 (/home/bryan/.vscode/extensions/ms-vscode-remote.remote-ssh-0.120.0/out/extension.js:2:811300)
    at r (/home/bryan/.vscode/extensions/ms-vscode-remote.remote-ssh-0.120.0/out/extension.js:2:1108387)
    at 69480 (/home/bryan/.vscode/extensions/ms-vscode-remote.remote-ssh-0.120.0/out/extension.js:2:800490)
    at r (/home/bryan/.vscode/extensions/ms-vscode-remote.remote-ssh-0.120.0/out/extension.js:2:1108387)
    at 71535 (/home/bryan/.vscode/extensions/ms-vscode-remote.remote-ssh-0.120.0/out/extension.js:2:680397)
    at r (/home/bryan/.vscode/extensions/ms-vscode-remote.remote-ssh-0.120.0/out/extension.js:2:1108387)
    at /home/bryan/.vscode/extensions/ms-vscode-remote.remote-ssh-0.120.0/out/extension.js:2:1109251
    at /home/bryan/.vscode/extensions/ms-vscode-remote.remote-ssh-0.120.0/out/extension.js:2:1117584
    at Object.<anonymous> (/home/bryan/.vscode/extensions/ms-vscode-remote.remote-ssh-0.120.0/out/extension.js:2:1117690)
    at Module._compile (node:internal/modules/cjs/loader:1714:14)
    at Module._extensions..js (node:internal/modules/cjs/loader:1848:10)
    at Module.load (node:internal/modules/cjs/loader:1448:32)
    at Module._load (node:internal/modules/cjs/loader:1270:12)
    at c._load (node:electron/js2c/node_init:2:17993)
    at e._load (file:///opt/visual-studio-code/resources/app/out/vs/workbench/api/node/extensionHostProcess.js:402:5984)
    at t._load (file:///opt/visual-studio-code/resources/app/out/vs/workbench/api/node/extensionHostProcess.js:220:22582)
    at r._load (file:///opt/visual-studio-code/resources/app/out/vs/workbench/api/node/extensionHostProcess.js:212:24094)
    at TracingChannel.traceSync (node:diagnostics_channel:322:14)
    at wrapModuleLoad (node:internal/modules/cjs/loader:244:24)
    at Module.require (node:internal/modules/cjs/loader:1470:12)
    at require (node:internal/modules/helpers:147:16)
    at kX.Cb (file:///opt/visual-studio-code/resources/app/out/vs/workbench/api/node/extensionHostProcess.js:251:1253)
2026-01-16 12:29:32.025 [error] navigator is now a global in nodejs, please see https://aka.ms/vscode-extensions/navigator for additional info on this error.: PendingMigrationError: navigator is now a global in nodejs, please see https://aka.ms/vscode-extensions/navigator for additional info on this error.
    at get (file:///opt/visual-studio-code/resources/app/out/vs/workbench/api/node/extensionHostProcess.js:402:6611)
    at g (/home/bryan/.vscode/extensions/ms-vscode-remote.remote-ssh-0.120.0/out/extension.js:2:283829)
    at /home/bryan/.vscode/extensions/ms-vscode-remote.remote-ssh-0.120.0/out/extension.js:2:283674
    at r (/home/bryan/.vscode/extensions/ms-vscode-remote.remote-ssh-0.120.0/out/extension.js:2:285048)
    at /home/bryan/.vscode/extensions/ms-vscode-remote.remote-ssh-0.120.0/out/extension.js:2:285217
    at Object.get (/home/bryan/.vscode/extensions/ms-vscode-remote.remote-ssh-0.120.0/out/extension.js:2:284567)
    at _ (/home/bryan/.vscode/extensions/ms-vscode-remote.remote-ssh-0.120.0/out/extension.js:2:284134)
    at O (/home/bryan/.vscode/extensions/ms-vscode-remote.remote-ssh-0.120.0/out/extension.js:2:229826)
    at /home/bryan/.vscode/extensions/ms-vscode-remote.remote-ssh-0.120.0/out/extension.js:2:163430
    at Object.p [as use] (/home/bryan/.vscode/extensions/ms-vscode-remote.remote-ssh-0.120.0/out/extension.js:2:205291)
    at /home/bryan/.vscode/extensions/ms-vscode-remote.remote-ssh-0.120.0/out/extension.js:2:206959
    at s.<computed> [as watch] (/home/bryan/.vscode/extensions/ms-vscode-remote.remote-ssh-0.120.0/out/extension.js:2:206970)
    at B (/home/bryan/.vscode/extensions/ms-vscode-remote.remote-ssh-0.120.0/out/extension.js:2:207589)
    at e.<computed> [as initialize] (/home/bryan/.vscode/extensions/ms-vscode-remote.remote-ssh-0.120.0/out/extension.js:2:162741)
    at e.n [as initialize] (/home/bryan/.vscode/extensions/ms-vscode-remote.remote-ssh-0.120.0/out/extension.js:2:275397)
    at /home/bryan/.vscode/extensions/ms-vscode-remote.remote-ssh-0.120.0/out/extension.js:2:170519
    at g (/home/bryan/.vscode/extensions/ms-vscode-remote.remote-ssh-0.120.0/out/extension.js:2:239634)
    at e.<computed> [as initialize] (/home/bryan/.vscode/extensions/ms-vscode-remote.remote-ssh-0.120.0/out/extension.js:2:169778)
    at t.n [as initialize] (/home/bryan/.vscode/extensions/ms-vscode-remote.remote-ssh-0.120.0/out/extension.js:2:275397)
    at Array.<anonymous> (/home/bryan/.vscode/extensions/ms-vscode-remote.remote-ssh-0.120.0/out/extension.js:2:244943)
    at o (/home/bryan/.vscode/extensions/ms-vscode-remote.remote-ssh-0.120.0/out/extension.js:2:280977)
    at u (/home/bryan/.vscode/extensions/ms-vscode-remote.remote-ssh-0.120.0/out/extension.js:2:244904)
    at ge (/home/bryan/.vscode/extensions/ms-vscode-remote.remote-ssh-0.120.0/out/extension.js:2:213632)
    at e.<computed> (/home/bryan/.vscode/extensions/ms-vscode-remote.remote-ssh-0.120.0/out/extension.js:2:216146)
    at Object.initialize (/home/bryan/.vscode/extensions/ms-vscode-remote.remote-ssh-0.120.0/out/extension.js:2:276131)
    at /home/bryan/.vscode/extensions/ms-vscode-remote.remote-ssh-0.120.0/out/extension.js:2:140366
    at g (/home/bryan/.vscode/extensions/ms-vscode-remote.remote-ssh-0.120.0/out/extension.js:2:239634)
    at e.<computed> [as initialize] (/home/bryan/.vscode/extensions/ms-vscode-remote.remote-ssh-0.120.0/out/extension.js:2:140291)
    at t.n [as initialize] (/home/bryan/.vscode/extensions/ms-vscode-remote.remote-ssh-0.120.0/out/extension.js:2:275397)
    at /home/bryan/.vscode/extensions/ms-vscode-remote.remote-ssh-0.120.0/out/extension.js:2:339701
    at async t.oneDataSystemClientFactory (/home/bryan/.vscode/extensions/ms-vscode-remote.remote-ssh-0.120.0/out/extension.js:2:339100)
2026-01-16 12:29:32.887 [info] [LocalProcess0][resolveAuthority(ssh-remote,1)][1272ms] waiting...
2026-01-16 12:29:33.887 [info] [LocalProcess0][resolveAuthority(ssh-remote,1)][2272ms] waiting...
2026-01-16 12:29:34.708 [error] [/home/bryan/.vscode/extensions/github.copilot-chat-0.35.0]: Extension is not compatible with Code 1.106.3. Extension requires: ^1.107.0-20251119.
2026-01-16 12:29:34.709 [error] [/home/bryan/.vscode/extensions/ms-vscode-remote.remote-ssh-0.122.0]: Extension is not compatible with Code 1.106.3. Extension requires: ^1.107.0.
2026-01-16 12:29:34.710 [error] [/home/bryan/.vscode/extensions/github.copilot-chat-0.35.2]: Extension is not compatible with Code 1.106.3. Extension requires: ^1.107.0-20251119.
2026-01-16 12:29:34.711 [error] [/home/bryan/.vscode/extensions/github.copilot-chat-0.36.0]: Extension is not compatible with Code 1.106.3. Extension requires: ^1.108.0.
2026-01-16 12:29:34.711 [error] [/home/bryan/.vscode/extensions/github.copilot-chat-0.36.1]: Extension is not compatible with Code 1.106.3. Extension requires: ^1.108.0.
2026-01-16 12:29:34.887 [info] [LocalProcess0][resolveAuthority(ssh-remote,1)][3272ms] waiting...
2026-01-16 12:29:35.532 [error] [LocalProcess0][resolveAuthority(ssh-remote,1)][3916ms] returned an error {"code":"NotAvailable","message":"No route to host","detail":true}
2026-01-16 12:29:35.532 [error] resolveAuthority(ssh-remote) returned an error after 3916 ms No route to host
2026-01-16 12:29:35.532 [error] Error received from starting extension host (kind: Remote)
2026-01-16 12:29:35.532 [error] CodeExpectedError: No route to host
    at tEt.sb (vscode-file://vscode-app/opt/visual-studio-code/resources/app/out/vs/workbench/workbench.desktop.main.js:3875:15767)
    at async tEt.rb (vscode-file://vscode-app/opt/visual-studio-code/resources/app/out/vs/workbench/workbench.desktop.main.js:3875:15133)
    at async tEt.fc (vscode-file://vscode-app/opt/visual-studio-code/resources/app/out/vs/workbench/workbench.desktop.main.js:3881:3611)
    at async vscode-file://vscode-app/opt/visual-studio-code/resources/app/out/vs/workbench/workbench.desktop.main.js:30:86012
2026-01-16 12:29:35.532 [error] [remote-connection][attempt 1] An error occurred in initial connection! Will retry... Error:
2026-01-16 12:29:35.532 [error] CodeExpectedError: No route to host
    at tEt.sb (vscode-file://vscode-app/opt/visual-studio-code/resources/app/out/vs/workbench/workbench.desktop.main.js:3875:15767)
    at async tEt.rb (vscode-file://vscode-app/opt/visual-studio-code/resources/app/out/vs/workbench/workbench.desktop.main.js:3875:15133)
    at async tEt.fc (vscode-file://vscode-app/opt/visual-studio-code/resources/app/out/vs/workbench/workbench.desktop.main.js:3881:3611)
    at async vscode-file://vscode-app/opt/visual-studio-code/resources/app/out/vs/workbench/workbench.desktop.main.js:30:86012
2026-01-16 12:29:35.533 [error] [remote-connection][attempt 2] An error occurred in initial connection! Will retry... Error:
2026-01-16 12:29:35.533 [error] CodeExpectedError: No route to host
    at tEt.sb (vscode-file://vscode-app/opt/visual-studio-code/resources/app/out/vs/workbench/workbench.desktop.main.js:3875:15767)
    at async tEt.rb (vscode-file://vscode-app/opt/visual-studio-code/resources/app/out/vs/workbench/workbench.desktop.main.js:3875:15133)
    at async tEt.fc (vscode-file://vscode-app/opt/visual-studio-code/resources/app/out/vs/workbench/workbench.desktop.main.js:3881:3611)
    at async vscode-file://vscode-app/opt/visual-studio-code/resources/app/out/vs/workbench/workbench.desktop.main.js:30:86012
2026-01-16 12:29:35.537 [error] [remote-connection][attempt 3] An error occurred in initial connection! Will retry... Error:
2026-01-16 12:29:35.537 [error] CodeExpectedError: No route to host
    at tEt.sb (vscode-file://vscode-app/opt/visual-studio-code/resources/app/out/vs/workbench/workbench.desktop.main.js:3875:15767)
    at async tEt.rb (vscode-file://vscode-app/opt/visual-studio-code/resources/app/out/vs/workbench/workbench.desktop.main.js:3875:15133)
    at async tEt.fc (vscode-file://vscode-app/opt/visual-studio-code/resources/app/out/vs/workbench/workbench.desktop.main.js:3881:3611)
    at async vscode-file://vscode-app/opt/visual-studio-code/resources/app/out/vs/workbench/workbench.desktop.main.js:30:86012
2026-01-16 12:29:35.575 [error] [remote-connection][attempt 4] An error occurred in initial connection! Will retry... Error:
2026-01-16 12:29:35.575 [error] CodeExpectedError: No route to host
    at tEt.sb (vscode-file://vscode-app/opt/visual-studio-code/resources/app/out/vs/workbench/workbench.desktop.main.js:3875:15767)
    at async tEt.rb (vscode-file://vscode-app/opt/visual-studio-code/resources/app/out/vs/workbench/workbench.desktop.main.js:3875:15133)
    at async tEt.fc (vscode-file://vscode-app/opt/visual-studio-code/resources/app/out/vs/workbench/workbench.desktop.main.js:3881:3611)
    at async vscode-file://vscode-app/opt/visual-studio-code/resources/app/out/vs/workbench/workbench.desktop.main.js:30:86012
2026-01-16 12:29:35.577 [error] [remote-connection][attempt 5]  An error occurred in initial connection! It will be treated as a permanent error. Error:
2026-01-16 12:29:35.577 [error] CodeExpectedError: No route to host
    at tEt.sb (vscode-file://vscode-app/opt/visual-studio-code/resources/app/out/vs/workbench/workbench.desktop.main.js:3875:15767)
    at async tEt.rb (vscode-file://vscode-app/opt/visual-studio-code/resources/app/out/vs/workbench/workbench.desktop.main.js:3875:15133)
    at async tEt.fc (vscode-file://vscode-app/opt/visual-studio-code/resources/app/out/vs/workbench/workbench.desktop.main.js:3881:3611)
    at async vscode-file://vscode-app/opt/visual-studio-code/resources/app/out/vs/workbench/workbench.desktop.main.js:30:86012
2026-01-16 12:29:35.578 [error] CodeExpectedError: No route to host
    at tEt.sb (vscode-file://vscode-app/opt/visual-studio-code/resources/app/out/vs/workbench/workbench.desktop.main.js:3875:15767)
    at async tEt.rb (vscode-file://vscode-app/opt/visual-studio-code/resources/app/out/vs/workbench/workbench.desktop.main.js:3875:15133)
    at async tEt.fc (vscode-file://vscode-app/opt/visual-studio-code/resources/app/out/vs/workbench/workbench.desktop.main.js:3881:3611)
    at async vscode-file://vscode-app/opt/visual-studio-code/resources/app/out/vs/workbench/workbench.desktop.main.js:30:86012
2026-01-16 12:29:35.578 [warning] Error getting remote process MCP environment No route to host
2026-01-16 12:29:35.578 [error] Cannot register remote filesystem provider. Error while fetching remote environment. No route to host
2026-01-16 12:29:35.578 [error] CodeExpectedError: No route to host
    at tEt.sb (vscode-file://vscode-app/opt/visual-studio-code/resources/app/out/vs/workbench/workbench.desktop.main.js:3875:15767)
    at async tEt.rb (vscode-file://vscode-app/opt/visual-studio-code/resources/app/out/vs/workbench/workbench.desktop.main.js:3875:15133)
    at async tEt.fc (vscode-file://vscode-app/opt/visual-studio-code/resources/app/out/vs/workbench/workbench.desktop.main.js:3881:3611)
    at async vscode-file://vscode-app/opt/visual-studio-code/resources/app/out/vs/workbench/workbench.desktop.main.js:30:86012
2026-01-16 12:29:35.578 [error] CodeExpectedError: No route to host
    at tEt.sb (vscode-file://vscode-app/opt/visual-studio-code/resources/app/out/vs/workbench/workbench.desktop.main.js:3875:15767)
    at async tEt.rb (vscode-file://vscode-app/opt/visual-studio-code/resources/app/out/vs/workbench/workbench.desktop.main.js:3875:15133)
    at async tEt.fc (vscode-file://vscode-app/opt/visual-studio-code/resources/app/out/vs/workbench/workbench.desktop.main.js:3881:3611)
    at async vscode-file://vscode-app/opt/visual-studio-code/resources/app/out/vs/workbench/workbench.desktop.main.js:30:86012
2026-01-16 12:29:35.579 [error] CodeExpectedError: No route to host
    at tEt.sb (vscode-file://vscode-app/opt/visual-studio-code/resources/app/out/vs/workbench/workbench.desktop.main.js:3875:15767)
    at async tEt.rb (vscode-file://vscode-app/opt/visual-studio-code/resources/app/out/vs/workbench/workbench.desktop.main.js:3875:15133)
    at async tEt.fc (vscode-file://vscode-app/opt/visual-studio-code/resources/app/out/vs/workbench/workbench.desktop.main.js:3881:3611)
    at async vscode-file://vscode-app/opt/visual-studio-code/resources/app/out/vs/workbench/workbench.desktop.main.js:30:86012
2026-01-16 12:29:35.579 [error] CodeExpectedError: No route to host
    at tEt.sb (vscode-file://vscode-app/opt/visual-studio-code/resources/app/out/vs/workbench/workbench.desktop.main.js:3875:15767)
    at async tEt.rb (vscode-file://vscode-app/opt/visual-studio-code/resources/app/out/vs/workbench/workbench.desktop.main.js:3875:15133)
    at async tEt.fc (vscode-file://vscode-app/opt/visual-studio-code/resources/app/out/vs/workbench/workbench.desktop.main.js:3881:3611)
    at async vscode-file://vscode-app/opt/visual-studio-code/resources/app/out/vs/workbench/workbench.desktop.main.js:30:86012
2026-01-16 12:29:35.581 [error] CodeExpectedError: No route to host
    at tEt.sb (vscode-file://vscode-app/opt/visual-studio-code/resources/app/out/vs/workbench/workbench.desktop.main.js:3875:15767)
    at async tEt.rb (vscode-file://vscode-app/opt/visual-studio-code/resources/app/out/vs/workbench/workbench.desktop.main.js:3875:15133)
    at async tEt.fc (vscode-file://vscode-app/opt/visual-studio-code/resources/app/out/vs/workbench/workbench.desktop.main.js:3881:3611)
    at async vscode-file://vscode-app/opt/visual-studio-code/resources/app/out/vs/workbench/workbench.desktop.main.js:30:86012
2026-01-16 12:29:35.630 [error] No route to host: CodeExpectedError: No route to host
    at tEt.sb (vscode-file://vscode-app/opt/visual-studio-code/resources/app/out/vs/workbench/workbench.desktop.main.js:3875:15767)
    at async tEt.rb (vscode-file://vscode-app/opt/visual-studio-code/resources/app/out/vs/workbench/workbench.desktop.main.js:3875:15133)
    at async tEt.fc (vscode-file://vscode-app/opt/visual-studio-code/resources/app/out/vs/workbench/workbench.desktop.main.js:3881:3611)
    at async vscode-file://vscode-app/opt/visual-studio-code/resources/app/out/vs/workbench/workbench.desktop.main.js:30:86012
2026-01-16 12:29:35.630 [error] Cannot change enablement of GitHub Copilot Chat extension because of its extension kind: Error: Cannot change enablement of GitHub Copilot Chat extension because of its extension kind
    at vQe.U (vscode-file://vscode-app/opt/visual-studio-code/resources/app/out/vs/workbench/workbench.desktop.main.js:1355:16893)
    at vQe.S (vscode-file://vscode-app/opt/visual-studio-code/resources/app/out/vs/workbench/workbench.desktop.main.js:1355:16593)
    at vQe.setEnablement (vscode-file://vscode-app/opt/visual-studio-code/resources/app/out/vs/workbench/workbench.desktop.main.js:1355:17641)
    at async Vut.rc (vscode-file://vscode-app/opt/visual-studio-code/resources/app/out/vs/workbench/workbench.desktop.main.js:2493:41838)
    at async Mne.m (vscode-file://vscode-app/opt/visual-studio-code/resources/app/out/vs/workbench/workbench.desktop.main.js:2237:43599)
2026-01-16 12:29:35.676 [error] No route to host: CodeExpectedError: No route to host
    at tEt.sb (vscode-file://vscode-app/opt/visual-studio-code/resources/app/out/vs/workbench/workbench.desktop.main.js:3875:15767)
    at async tEt.rb (vscode-file://vscode-app/opt/visual-studio-code/resources/app/out/vs/workbench/workbench.desktop.main.js:3875:15133)
    at async tEt.fc (vscode-file://vscode-app/opt/visual-studio-code/resources/app/out/vs/workbench/workbench.desktop.main.js:3881:3611)
    at async vscode-file://vscode-app/opt/visual-studio-code/resources/app/out/vs/workbench/workbench.desktop.main.js:30:86012
2026-01-16 12:29:35.676 [info] Settings Sync: Account status changed from uninitialized to unavailable
2026-01-16 12:29:35.741 [error] CodeExpectedError: No route to host
    at tEt.sb (vscode-file://vscode-app/opt/visual-studio-code/resources/app/out/vs/workbench/workbench.desktop.main.js:3875:15767)
    at async tEt.rb (vscode-file://vscode-app/opt/visual-studio-code/resources/app/out/vs/workbench/workbench.desktop.main.js:3875:15133)
    at async tEt.fc (vscode-file://vscode-app/opt/visual-studio-code/resources/app/out/vs/workbench/workbench.desktop.main.js:3881:3611)
    at async vscode-file://vscode-app/opt/visual-studio-code/resources/app/out/vs/workbench/workbench.desktop.main.js:30:86012
2026-01-16 12:29:37.624 [error] No route to host: CodeExpectedError: No route to host
    at tEt.sb (vscode-file://vscode-app/opt/visual-studio-code/resources/app/out/vs/workbench/workbench.desktop.main.js:3875:15767)
    at async tEt.rb (vscode-file://vscode-app/opt/visual-studio-code/resources/app/out/vs/workbench/workbench.desktop.main.js:3875:15133)
    at async tEt.fc (vscode-file://vscode-app/opt/visual-studio-code/resources/app/out/vs/workbench/workbench.desktop.main.js:3881:3611)
    at async vscode-file://vscode-app/opt/visual-studio-code/resources/app/out/vs/workbench/workbench.desktop.main.js:30:86012
2026-01-16 12:29:43.263 [info] MCP Registry configured: https://api.mcp.github.com
2026-01-16 12:29:43.267 [info] Started local extension host with pid 57153.
2026-01-16 12:29:43.607 [info] Settings Sync: Account status changed from uninitialized to unavailable
2026-01-16 12:29:45.731 [info] Auto updating outdated extensions. github.copilot-chat, ms-vscode-remote.remote-ssh
2026-01-16 12:29:45.863 [info] [perf] Render performance baseline is 17ms
2026-01-16 12:29:46.383 [error] [/home/bryan/.vscode/extensions/github.copilot-chat-0.35.0]: Extension is not compatible with Code 1.106.3. Extension requires: ^1.107.0-20251119.
2026-01-16 12:29:46.385 [error] [/home/bryan/.vscode/extensions/github.copilot-chat-0.35.2]: Extension is not compatible with Code 1.106.3. Extension requires: ^1.107.0-20251119.
2026-01-16 12:29:46.387 [error] [/home/bryan/.vscode/extensions/ms-vscode-remote.remote-ssh-0.122.0]: Extension is not compatible with Code 1.106.3. Extension requires: ^1.107.0.
2026-01-16 12:29:46.388 [error] [/home/bryan/.vscode/extensions/github.copilot-chat-0.36.0]: Extension is not compatible with Code 1.106.3. Extension requires: ^1.108.0.
2026-01-16 12:29:46.389 [error] [/home/bryan/.vscode/extensions/github.copilot-chat-0.36.1]: Extension is not compatible with Code 1.106.3. Extension requires: ^1.108.0.
2026-01-16 12:29:58.785 [info] Started local extension host with pid 57284.
2026-01-16 12:29:58.816 [info] Invoking resolveAuthority(ssh-remote)...
2026-01-16 12:29:58.816 [info] [LocalProcess0][resolveAuthority(ssh-remote,1)][0ms] obtaining proxy...
2026-01-16 12:29:58.907 [info] MCP Registry configured: https://api.mcp.github.com
2026-01-16 12:29:59.101 [info] [LocalProcess0][resolveAuthority(ssh-remote,1)][286ms] invoking...
2026-01-16 12:29:59.162 [error] navigator is now a global in nodejs, please see https://aka.ms/vscode-extensions/navigator for additional info on this error.: PendingMigrationError: navigator is now a global in nodejs, please see https://aka.ms/vscode-extensions/navigator for additional info on this error.
    at get (file:///opt/visual-studio-code/resources/app/out/vs/workbench/api/node/extensionHostProcess.js:402:6611)
    at Object.<anonymous> (/home/bryan/.vscode/extensions/ms-vscode-remote.remote-ssh-0.120.0/out/extension.js:2:486184)
    at 19534 (/home/bryan/.vscode/extensions/ms-vscode-remote.remote-ssh-0.120.0/out/extension.js:2:504894)
    at r (/home/bryan/.vscode/extensions/ms-vscode-remote.remote-ssh-0.120.0/out/extension.js:2:1108387)
    at 92839 (/home/bryan/.vscode/extensions/ms-vscode-remote.remote-ssh-0.120.0/out/extension.js:2:466959)
    at r (/home/bryan/.vscode/extensions/ms-vscode-remote.remote-ssh-0.120.0/out/extension.js:2:1108387)
    at 49424 (/home/bryan/.vscode/extensions/ms-vscode-remote.remote-ssh-0.120.0/out/extension.js:2:465816)
    at r (/home/bryan/.vscode/extensions/ms-vscode-remote.remote-ssh-0.120.0/out/extension.js:2:1108387)
    at 17130 (/home/bryan/.vscode/extensions/ms-vscode-remote.remote-ssh-0.120.0/out/extension.js:2:596135)
    at r (/home/bryan/.vscode/extensions/ms-vscode-remote.remote-ssh-0.120.0/out/extension.js:2:1108387)
    at 87631 (/home/bryan/.vscode/extensions/ms-vscode-remote.remote-ssh-0.120.0/out/extension.js:2:576866)
    at r (/home/bryan/.vscode/extensions/ms-vscode-remote.remote-ssh-0.120.0/out/extension.js:2:1108387)
    at 65861 (/home/bryan/.vscode/extensions/ms-vscode-remote.remote-ssh-0.120.0/out/extension.js:2:600705)
    at r (/home/bryan/.vscode/extensions/ms-vscode-remote.remote-ssh-0.120.0/out/extension.js:2:1108387)
    at 91577 (/home/bryan/.vscode/extensions/ms-vscode-remote.remote-ssh-0.120.0/out/extension.js:2:856974)
    at r (/home/bryan/.vscode/extensions/ms-vscode-remote.remote-ssh-0.120.0/out/extension.js:2:1108387)
    at 94111 (/home/bryan/.vscode/extensions/ms-vscode-remote.remote-ssh-0.120.0/out/extension.js:2:819912)
    at r (/home/bryan/.vscode/extensions/ms-vscode-remote.remote-ssh-0.120.0/out/extension.js:2:1108387)
    at 35187 (/home/bryan/.vscode/extensions/ms-vscode-remote.remote-ssh-0.120.0/out/extension.js:2:690327)
    at r (/home/bryan/.vscode/extensions/ms-vscode-remote.remote-ssh-0.120.0/out/extension.js:2:1108387)
    at 64417 (/home/bryan/.vscode/extensions/ms-vscode-remote.remote-ssh-0.120.0/out/extension.js:2:846572)
    at r (/home/bryan/.vscode/extensions/ms-vscode-remote.remote-ssh-0.120.0/out/extension.js:2:1108387)
    at 24847 (/home/bryan/.vscode/extensions/ms-vscode-remote.remote-ssh-0.120.0/out/extension.js:2:828930)
    at r (/home/bryan/.vscode/extensions/ms-vscode-remote.remote-ssh-0.120.0/out/extension.js:2:1108387)
    at 54788 (/home/bryan/.vscode/extensions/ms-vscode-remote.remote-ssh-0.120.0/out/extension.js:2:788284)
    at r (/home/bryan/.vscode/extensions/ms-vscode-remote.remote-ssh-0.120.0/out/extension.js:2:1108387)
    at 30729 (/home/bryan/.vscode/extensions/ms-vscode-remote.remote-ssh-0.120.0/out/extension.js:2:682648)
    at r (/home/bryan/.vscode/extensions/ms-vscode-remote.remote-ssh-0.120.0/out/extension.js:2:1108387)
    at 24430 (/home/bryan/.vscode/extensions/ms-vscode-remote.remote-ssh-0.120.0/out/extension.js:2:837945)
    at r (/home/bryan/.vscode/extensions/ms-vscode-remote.remote-ssh-0.120.0/out/extension.js:2:1108387)
    at 52584 (/home/bryan/.vscode/extensions/ms-vscode-remote.remote-ssh-0.120.0/out/extension.js:2:811300)
    at r (/home/bryan/.vscode/extensions/ms-vscode-remote.remote-ssh-0.120.0/out/extension.js:2:1108387)
    at 69480 (/home/bryan/.vscode/extensions/ms-vscode-remote.remote-ssh-0.120.0/out/extension.js:2:800490)
    at r (/home/bryan/.vscode/extensions/ms-vscode-remote.remote-ssh-0.120.0/out/extension.js:2:1108387)
    at 71535 (/home/bryan/.vscode/extensions/ms-vscode-remote.remote-ssh-0.120.0/out/extension.js:2:680397)
    at r (/home/bryan/.vscode/extensions/ms-vscode-remote.remote-ssh-0.120.0/out/extension.js:2:1108387)
    at /home/bryan/.vscode/extensions/ms-vscode-remote.remote-ssh-0.120.0/out/extension.js:2:1109251
    at /home/bryan/.vscode/extensions/ms-vscode-remote.remote-ssh-0.120.0/out/extension.js:2:1117584
    at Object.<anonymous> (/home/bryan/.vscode/extensions/ms-vscode-remote.remote-ssh-0.120.0/out/extension.js:2:1117690)
    at Module._compile (node:internal/modules/cjs/loader:1714:14)
    at Module._extensions..js (node:internal/modules/cjs/loader:1848:10)
    at Module.load (node:internal/modules/cjs/loader:1448:32)
    at Module._load (node:internal/modules/cjs/loader:1270:12)
    at c._load (node:electron/js2c/node_init:2:17993)
    at e._load (file:///opt/visual-studio-code/resources/app/out/vs/workbench/api/node/extensionHostProcess.js:402:5984)
    at t._load (file:///opt/visual-studio-code/resources/app/out/vs/workbench/api/node/extensionHostProcess.js:220:22582)
    at r._load (file:///opt/visual-studio-code/resources/app/out/vs/workbench/api/node/extensionHostProcess.js:212:24094)
    at TracingChannel.traceSync (node:diagnostics_channel:322:14)
    at wrapModuleLoad (node:internal/modules/cjs/loader:244:24)
    at Module.require (node:internal/modules/cjs/loader:1470:12)
    at require (node:internal/modules/helpers:147:16)
    at kX.Cb (file:///opt/visual-studio-code/resources/app/out/vs/workbench/api/node/extensionHostProcess.js:251:1253)
2026-01-16 12:29:59.241 [error] navigator is now a global in nodejs, please see https://aka.ms/vscode-extensions/navigator for additional info on this error.: PendingMigrationError: navigator is now a global in nodejs, please see https://aka.ms/vscode-extensions/navigator for additional info on this error.
    at get (file:///opt/visual-studio-code/resources/app/out/vs/workbench/api/node/extensionHostProcess.js:402:6611)
    at g (/home/bryan/.vscode/extensions/ms-vscode-remote.remote-ssh-0.120.0/out/extension.js:2:283829)
    at /home/bryan/.vscode/extensions/ms-vscode-remote.remote-ssh-0.120.0/out/extension.js:2:283674
    at r (/home/bryan/.vscode/extensions/ms-vscode-remote.remote-ssh-0.120.0/out/extension.js:2:285048)
    at /home/bryan/.vscode/extensions/ms-vscode-remote.remote-ssh-0.120.0/out/extension.js:2:285217
    at Object.get (/home/bryan/.vscode/extensions/ms-vscode-remote.remote-ssh-0.120.0/out/extension.js:2:284567)
    at _ (/home/bryan/.vscode/extensions/ms-vscode-remote.remote-ssh-0.120.0/out/extension.js:2:284134)
    at O (/home/bryan/.vscode/extensions/ms-vscode-remote.remote-ssh-0.120.0/out/extension.js:2:229826)
    at /home/bryan/.vscode/extensions/ms-vscode-remote.remote-ssh-0.120.0/out/extension.js:2:163430
    at Object.p [as use] (/home/bryan/.vscode/extensions/ms-vscode-remote.remote-ssh-0.120.0/out/extension.js:2:205291)
    at /home/bryan/.vscode/extensions/ms-vscode-remote.remote-ssh-0.120.0/out/extension.js:2:206959
    at s.<computed> [as watch] (/home/bryan/.vscode/extensions/ms-vscode-remote.remote-ssh-0.120.0/out/extension.js:2:206970)
    at B (/home/bryan/.vscode/extensions/ms-vscode-remote.remote-ssh-0.120.0/out/extension.js:2:207589)
    at e.<computed> [as initialize] (/home/bryan/.vscode/extensions/ms-vscode-remote.remote-ssh-0.120.0/out/extension.js:2:162741)
    at e.n [as initialize] (/home/bryan/.vscode/extensions/ms-vscode-remote.remote-ssh-0.120.0/out/extension.js:2:275397)
    at /home/bryan/.vscode/extensions/ms-vscode-remote.remote-ssh-0.120.0/out/extension.js:2:170519
    at g (/home/bryan/.vscode/extensions/ms-vscode-remote.remote-ssh-0.120.0/out/extension.js:2:239634)
    at e.<computed> [as initialize] (/home/bryan/.vscode/extensions/ms-vscode-remote.remote-ssh-0.120.0/out/extension.js:2:169778)
    at t.n [as initialize] (/home/bryan/.vscode/extensions/ms-vscode-remote.remote-ssh-0.120.0/out/extension.js:2:275397)
    at Array.<anonymous> (/home/bryan/.vscode/extensions/ms-vscode-remote.remote-ssh-0.120.0/out/extension.js:2:244943)
    at o (/home/bryan/.vscode/extensions/ms-vscode-remote.remote-ssh-0.120.0/out/extension.js:2:280977)
    at u (/home/bryan/.vscode/extensions/ms-vscode-remote.remote-ssh-0.120.0/out/extension.js:2:244904)
    at ge (/home/bryan/.vscode/extensions/ms-vscode-remote.remote-ssh-0.120.0/out/extension.js:2:213632)
    at e.<computed> (/home/bryan/.vscode/extensions/ms-vscode-remote.remote-ssh-0.120.0/out/extension.js:2:216146)
    at Object.initialize (/home/bryan/.vscode/extensions/ms-vscode-remote.remote-ssh-0.120.0/out/extension.js:2:276131)
    at /home/bryan/.vscode/extensions/ms-vscode-remote.remote-ssh-0.120.0/out/extension.js:2:140366
    at g (/home/bryan/.vscode/extensions/ms-vscode-remote.remote-ssh-0.120.0/out/extension.js:2:239634)
    at e.<computed> [as initialize] (/home/bryan/.vscode/extensions/ms-vscode-remote.remote-ssh-0.120.0/out/extension.js:2:140291)
    at t.n [as initialize] (/home/bryan/.vscode/extensions/ms-vscode-remote.remote-ssh-0.120.0/out/extension.js:2:275397)
    at /home/bryan/.vscode/extensions/ms-vscode-remote.remote-ssh-0.120.0/out/extension.js:2:339701
    at async t.oneDataSystemClientFactory (/home/bryan/.vscode/extensions/ms-vscode-remote.remote-ssh-0.120.0/out/extension.js:2:339100)
2026-01-16 12:30:00.101 [info] [LocalProcess0][resolveAuthority(ssh-remote,1)][1286ms] waiting...
2026-01-16 12:30:01.101 [info] [LocalProcess0][resolveAuthority(ssh-remote,1)][2286ms] waiting...
2026-01-16 12:30:01.904 [error] [/home/bryan/.vscode/extensions/ms-vscode-remote.remote-ssh-0.122.0]: Extension is not compatible with Code 1.106.3. Extension requires: ^1.107.0.
2026-01-16 12:30:01.905 [error] [/home/bryan/.vscode/extensions/github.copilot-chat-0.35.0]: Extension is not compatible with Code 1.106.3. Extension requires: ^1.107.0-20251119.
2026-01-16 12:30:01.906 [error] [/home/bryan/.vscode/extensions/github.copilot-chat-0.35.2]: Extension is not compatible with Code 1.106.3. Extension requires: ^1.107.0-20251119.
2026-01-16 12:30:01.907 [error] [/home/bryan/.vscode/extensions/github.copilot-chat-0.36.1]: Extension is not compatible with Code 1.106.3. Extension requires: ^1.108.0.
2026-01-16 12:30:01.908 [error] [/home/bryan/.vscode/extensions/github.copilot-chat-0.36.0]: Extension is not compatible with Code 1.106.3. Extension requires: ^1.108.0.
2026-01-16 12:30:02.101 [info] [LocalProcess0][resolveAuthority(ssh-remote,1)][3286ms] waiting...
2026-01-16 12:30:02.816 [error] [LocalProcess0][resolveAuthority(ssh-remote,1)][4001ms] returned an error {"code":"NotAvailable","message":"No route to host","detail":true}
2026-01-16 12:30:02.816 [error] resolveAuthority(ssh-remote) returned an error after 4001 ms No route to host
2026-01-16 12:30:02.816 [error] Error received from starting extension host (kind: Remote)
2026-01-16 12:30:02.816 [error] CodeExpectedError: No route to host
    at tEt.sb (vscode-file://vscode-app/opt/visual-studio-code/resources/app/out/vs/workbench/workbench.desktop.main.js:3875:15767)
    at async tEt.rb (vscode-file://vscode-app/opt/visual-studio-code/resources/app/out/vs/workbench/workbench.desktop.main.js:3875:15133)
    at async tEt.fc (vscode-file://vscode-app/opt/visual-studio-code/resources/app/out/vs/workbench/workbench.desktop.main.js:3881:3611)
    at async vscode-file://vscode-app/opt/visual-studio-code/resources/app/out/vs/workbench/workbench.desktop.main.js:30:86012
2026-01-16 12:30:02.817 [error] [remote-connection][attempt 1] An error occurred in initial connection! Will retry... Error:
2026-01-16 12:30:02.817 [error] CodeExpectedError: No route to host
    at tEt.sb (vscode-file://vscode-app/opt/visual-studio-code/resources/app/out/vs/workbench/workbench.desktop.main.js:3875:15767)
    at async tEt.rb (vscode-file://vscode-app/opt/visual-studio-code/resources/app/out/vs/workbench/workbench.desktop.main.js:3875:15133)
    at async tEt.fc (vscode-file://vscode-app/opt/visual-studio-code/resources/app/out/vs/workbench/workbench.desktop.main.js:3881:3611)
    at async vscode-file://vscode-app/opt/visual-studio-code/resources/app/out/vs/workbench/workbench.desktop.main.js:30:86012
2026-01-16 12:30:02.817 [error] [remote-connection][attempt 2] An error occurred in initial connection! Will retry... Error:
2026-01-16 12:30:02.817 [error] CodeExpectedError: No route to host
    at tEt.sb (vscode-file://vscode-app/opt/visual-studio-code/resources/app/out/vs/workbench/workbench.desktop.main.js:3875:15767)
    at async tEt.rb (vscode-file://vscode-app/opt/visual-studio-code/resources/app/out/vs/workbench/workbench.desktop.main.js:3875:15133)
    at async tEt.fc (vscode-file://vscode-app/opt/visual-studio-code/resources/app/out/vs/workbench/workbench.desktop.main.js:3881:3611)
    at async vscode-file://vscode-app/opt/visual-studio-code/resources/app/out/vs/workbench/workbench.desktop.main.js:30:86012
2026-01-16 12:30:02.823 [error] [remote-connection][attempt 3] An error occurred in initial connection! Will retry... Error:
2026-01-16 12:30:02.823 [error] CodeExpectedError: No route to host
    at tEt.sb (vscode-file://vscode-app/opt/visual-studio-code/resources/app/out/vs/workbench/workbench.desktop.main.js:3875:15767)
    at async tEt.rb (vscode-file://vscode-app/opt/visual-studio-code/resources/app/out/vs/workbench/workbench.desktop.main.js:3875:15133)
    at async tEt.fc (vscode-file://vscode-app/opt/visual-studio-code/resources/app/out/vs/workbench/workbench.desktop.main.js:3881:3611)
    at async vscode-file://vscode-app/opt/visual-studio-code/resources/app/out/vs/workbench/workbench.desktop.main.js:30:86012
2026-01-16 12:30:02.860 [error] [remote-connection][attempt 4] An error occurred in initial connection! Will retry... Error:
2026-01-16 12:30:02.860 [error] CodeExpectedError: No route to host
    at tEt.sb (vscode-file://vscode-app/opt/visual-studio-code/resources/app/out/vs/workbench/workbench.desktop.main.js:3875:15767)
    at async tEt.rb (vscode-file://vscode-app/opt/visual-studio-code/resources/app/out/vs/workbench/workbench.desktop.main.js:3875:15133)
    at async tEt.fc (vscode-file://vscode-app/opt/visual-studio-code/resources/app/out/vs/workbench/workbench.desktop.main.js:3881:3611)
    at async vscode-file://vscode-app/opt/visual-studio-code/resources/app/out/vs/workbench/workbench.desktop.main.js:30:86012
2026-01-16 12:30:02.869 [error] [remote-connection][attempt 5]  An error occurred in initial connection! It will be treated as a permanent error. Error:
2026-01-16 12:30:02.869 [error] CodeExpectedError: No route to host
    at tEt.sb (vscode-file://vscode-app/opt/visual-studio-code/resources/app/out/vs/workbench/workbench.desktop.main.js:3875:15767)
    at async tEt.rb (vscode-file://vscode-app/opt/visual-studio-code/resources/app/out/vs/workbench/workbench.desktop.main.js:3875:15133)
    at async tEt.fc (vscode-file://vscode-app/opt/visual-studio-code/resources/app/out/vs/workbench/workbench.desktop.main.js:3881:3611)
    at async vscode-file://vscode-app/opt/visual-studio-code/resources/app/out/vs/workbench/workbench.desktop.main.js:30:86012
2026-01-16 12:30:02.874 [error] CodeExpectedError: No route to host
    at tEt.sb (vscode-file://vscode-app/opt/visual-studio-code/resources/app/out/vs/workbench/workbench.desktop.main.js:3875:15767)
    at async tEt.rb (vscode-file://vscode-app/opt/visual-studio-code/resources/app/out/vs/workbench/workbench.desktop.main.js:3875:15133)
    at async tEt.fc (vscode-file://vscode-app/opt/visual-studio-code/resources/app/out/vs/workbench/workbench.desktop.main.js:3881:3611)
    at async vscode-file://vscode-app/opt/visual-studio-code/resources/app/out/vs/workbench/workbench.desktop.main.js:30:86012
2026-01-16 12:30:02.874 [warning] Error getting remote process MCP environment No route to host
2026-01-16 12:30:02.876 [error] Cannot register remote filesystem provider. Error while fetching remote environment. No route to host
2026-01-16 12:30:02.876 [error] CodeExpectedError: No route to host
    at tEt.sb (vscode-file://vscode-app/opt/visual-studio-code/resources/app/out/vs/workbench/workbench.desktop.main.js:3875:15767)
    at async tEt.rb (vscode-file://vscode-app/opt/visual-studio-code/resources/app/out/vs/workbench/workbench.desktop.main.js:3875:15133)
    at async tEt.fc (vscode-file://vscode-app/opt/visual-studio-code/resources/app/out/vs/workbench/workbench.desktop.main.js:3881:3611)
    at async vscode-file://vscode-app/opt/visual-studio-code/resources/app/out/vs/workbench/workbench.desktop.main.js:30:86012
2026-01-16 12:30:02.876 [error] CodeExpectedError: No route to host
    at tEt.sb (vscode-file://vscode-app/opt/visual-studio-code/resources/app/out/vs/workbench/workbench.desktop.main.js:3875:15767)
    at async tEt.rb (vscode-file://vscode-app/opt/visual-studio-code/resources/app/out/vs/workbench/workbench.desktop.main.js:3875:15133)
    at async tEt.fc (vscode-file://vscode-app/opt/visual-studio-code/resources/app/out/vs/workbench/workbench.desktop.main.js:3881:3611)
    at async vscode-file://vscode-app/opt/visual-studio-code/resources/app/out/vs/workbench/workbench.desktop.main.js:30:86012
2026-01-16 12:30:02.876 [error] CodeExpectedError: No route to host
    at tEt.sb (vscode-file://vscode-app/opt/visual-studio-code/resources/app/out/vs/workbench/workbench.desktop.main.js:3875:15767)
    at async tEt.rb (vscode-file://vscode-app/opt/visual-studio-code/resources/app/out/vs/workbench/workbench.desktop.main.js:3875:15133)
    at async tEt.fc (vscode-file://vscode-app/opt/visual-studio-code/resources/app/out/vs/workbench/workbench.desktop.main.js:3881:3611)
    at async vscode-file://vscode-app/opt/visual-studio-code/resources/app/out/vs/workbench/workbench.desktop.main.js:30:86012
2026-01-16 12:30:02.876 [error] CodeExpectedError: No route to host
    at tEt.sb (vscode-file://vscode-app/opt/visual-studio-code/resources/app/out/vs/workbench/workbench.desktop.main.js:3875:15767)
    at async tEt.rb (vscode-file://vscode-app/opt/visual-studio-code/resources/app/out/vs/workbench/workbench.desktop.main.js:3875:15133)
    at async tEt.fc (vscode-file://vscode-app/opt/visual-studio-code/resources/app/out/vs/workbench/workbench.desktop.main.js:3881:3611)
    at async vscode-file://vscode-app/opt/visual-studio-code/resources/app/out/vs/workbench/workbench.desktop.main.js:30:86012
2026-01-16 12:30:02.878 [error] CodeExpectedError: No route to host
    at tEt.sb (vscode-file://vscode-app/opt/visual-studio-code/resources/app/out/vs/workbench/workbench.desktop.main.js:3875:15767)
    at async tEt.rb (vscode-file://vscode-app/opt/visual-studio-code/resources/app/out/vs/workbench/workbench.desktop.main.js:3875:15133)
    at async tEt.fc (vscode-file://vscode-app/opt/visual-studio-code/resources/app/out/vs/workbench/workbench.desktop.main.js:3881:3611)
    at async vscode-file://vscode-app/opt/visual-studio-code/resources/app/out/vs/workbench/workbench.desktop.main.js:30:86012
2026-01-16 12:30:03.144 [error] No route to host: CodeExpectedError: No route to host
    at tEt.sb (vscode-file://vscode-app/opt/visual-studio-code/resources/app/out/vs/workbench/workbench.desktop.main.js:3875:15767)
    at async tEt.rb (vscode-file://vscode-app/opt/visual-studio-code/resources/app/out/vs/workbench/workbench.desktop.main.js:3875:15133)
    at async tEt.fc (vscode-file://vscode-app/opt/visual-studio-code/resources/app/out/vs/workbench/workbench.desktop.main.js:3881:3611)
    at async vscode-file://vscode-app/opt/visual-studio-code/resources/app/out/vs/workbench/workbench.desktop.main.js:30:86012
2026-01-16 12:30:03.144 [error] Cannot change enablement of GitHub Copilot Chat extension because of its extension kind: Error: Cannot change enablement of GitHub Copilot Chat extension because of its extension kind
    at vQe.U (vscode-file://vscode-app/opt/visual-studio-code/resources/app/out/vs/workbench/workbench.desktop.main.js:1355:16893)
    at vQe.S (vscode-file://vscode-app/opt/visual-studio-code/resources/app/out/vs/workbench/workbench.desktop.main.js:1355:16593)
    at vQe.setEnablement (vscode-file://vscode-app/opt/visual-studio-code/resources/app/out/vs/workbench/workbench.desktop.main.js:1355:17641)
    at async Vut.rc (vscode-file://vscode-app/opt/visual-studio-code/resources/app/out/vs/workbench/workbench.desktop.main.js:2493:41838)
    at async Mne.m (vscode-file://vscode-app/opt/visual-studio-code/resources/app/out/vs/workbench/workbench.desktop.main.js:2237:43599)
2026-01-16 12:30:03.212 [info] Settings Sync: Account status changed from uninitialized to unavailable
2026-01-16 12:30:03.243 [error] No route to host: CodeExpectedError: No route to host
    at tEt.sb (vscode-file://vscode-app/opt/visual-studio-code/resources/app/out/vs/workbench/workbench.desktop.main.js:3875:15767)
    at async tEt.rb (vscode-file://vscode-app/opt/visual-studio-code/resources/app/out/vs/workbench/workbench.desktop.main.js:3875:15133)
    at async tEt.fc (vscode-file://vscode-app/opt/visual-studio-code/resources/app/out/vs/workbench/workbench.desktop.main.js:3881:3611)
    at async vscode-file://vscode-app/opt/visual-studio-code/resources/app/out/vs/workbench/workbench.desktop.main.js:30:86012
2026-01-16 12:30:03.290 [error] CodeExpectedError: No route to host
    at tEt.sb (vscode-file://vscode-app/opt/visual-studio-code/resources/app/out/vs/workbench/workbench.desktop.main.js:3875:15767)
    at async tEt.rb (vscode-file://vscode-app/opt/visual-studio-code/resources/app/out/vs/workbench/workbench.desktop.main.js:3875:15133)
    at async tEt.fc (vscode-file://vscode-app/opt/visual-studio-code/resources/app/out/vs/workbench/workbench.desktop.main.js:3881:3611)
    at async vscode-file://vscode-app/opt/visual-studio-code/resources/app/out/vs/workbench/workbench.desktop.main.js:30:86012
2026-01-16 12:30:05.154 [error] No route to host: CodeExpectedError: No route to host
    at tEt.sb (vscode-file://vscode-app/opt/visual-studio-code/resources/app/out/vs/workbench/workbench.desktop.main.js:3875:15767)
    at async tEt.rb (vscode-file://vscode-app/opt/visual-studio-code/resources/app/out/vs/workbench/workbench.desktop.main.js:3875:15133)
    at async tEt.fc (vscode-file://vscode-app/opt/visual-studio-code/resources/app/out/vs/workbench/workbench.desktop.main.js:3881:3611)
    at async vscode-file://vscode-app/opt/visual-studio-code/resources/app/out/vs/workbench/workbench.desktop.main.js:30:86012
2026-01-16 12:30:05.582 [info] Started local extension host with pid 57369.
2026-01-16 12:30:05.603 [info] Invoking resolveAuthority(ssh-remote)...
2026-01-16 12:30:05.603 [info] [LocalProcess0][resolveAuthority(ssh-remote,1)][0ms] obtaining proxy...
2026-01-16 12:30:05.790 [info] MCP Registry configured: https://api.mcp.github.com
2026-01-16 12:30:05.945 [info] [LocalProcess0][resolveAuthority(ssh-remote,1)][342ms] invoking...
2026-01-16 12:30:05.996 [error] navigator is now a global in nodejs, please see https://aka.ms/vscode-extensions/navigator for additional info on this error.: PendingMigrationError: navigator is now a global in nodejs, please see https://aka.ms/vscode-extensions/navigator for additional info on this error.
    at get (file:///opt/visual-studio-code/resources/app/out/vs/workbench/api/node/extensionHostProcess.js:402:6611)
    at Object.<anonymous> (/home/bryan/.vscode/extensions/ms-vscode-remote.remote-ssh-0.120.0/out/extension.js:2:486184)
    at 19534 (/home/bryan/.vscode/extensions/ms-vscode-remote.remote-ssh-0.120.0/out/extension.js:2:504894)
    at r (/home/bryan/.vscode/extensions/ms-vscode-remote.remote-ssh-0.120.0/out/extension.js:2:1108387)
    at 92839 (/home/bryan/.vscode/extensions/ms-vscode-remote.remote-ssh-0.120.0/out/extension.js:2:466959)
    at r (/home/bryan/.vscode/extensions/ms-vscode-remote.remote-ssh-0.120.0/out/extension.js:2:1108387)
    at 49424 (/home/bryan/.vscode/extensions/ms-vscode-remote.remote-ssh-0.120.0/out/extension.js:2:465816)
    at r (/home/bryan/.vscode/extensions/ms-vscode-remote.remote-ssh-0.120.0/out/extension.js:2:1108387)
    at 17130 (/home/bryan/.vscode/extensions/ms-vscode-remote.remote-ssh-0.120.0/out/extension.js:2:596135)
    at r (/home/bryan/.vscode/extensions/ms-vscode-remote.remote-ssh-0.120.0/out/extension.js:2:1108387)
    at 87631 (/home/bryan/.vscode/extensions/ms-vscode-remote.remote-ssh-0.120.0/out/extension.js:2:576866)
    at r (/home/bryan/.vscode/extensions/ms-vscode-remote.remote-ssh-0.120.0/out/extension.js:2:1108387)
    at 65861 (/home/bryan/.vscode/extensions/ms-vscode-remote.remote-ssh-0.120.0/out/extension.js:2:600705)
    at r (/home/bryan/.vscode/extensions/ms-vscode-remote.remote-ssh-0.120.0/out/extension.js:2:1108387)
    at 91577 (/home/bryan/.vscode/extensions/ms-vscode-remote.remote-ssh-0.120.0/out/extension.js:2:856974)
    at r (/home/bryan/.vscode/extensions/ms-vscode-remote.remote-ssh-0.120.0/out/extension.js:2:1108387)
    at 94111 (/home/bryan/.vscode/extensions/ms-vscode-remote.remote-ssh-0.120.0/out/extension.js:2:819912)
    at r (/home/bryan/.vscode/extensions/ms-vscode-remote.remote-ssh-0.120.0/out/extension.js:2:1108387)
    at 35187 (/home/bryan/.vscode/extensions/ms-vscode-remote.remote-ssh-0.120.0/out/extension.js:2:690327)
    at r (/home/bryan/.vscode/extensions/ms-vscode-remote.remote-ssh-0.120.0/out/extension.js:2:1108387)
    at 64417 (/home/bryan/.vscode/extensions/ms-vscode-remote.remote-ssh-0.120.0/out/extension.js:2:846572)
    at r (/home/bryan/.vscode/extensions/ms-vscode-remote.remote-ssh-0.120.0/out/extension.js:2:1108387)
    at 24847 (/home/bryan/.vscode/extensions/ms-vscode-remote.remote-ssh-0.120.0/out/extension.js:2:828930)
    at r (/home/bryan/.vscode/extensions/ms-vscode-remote.remote-ssh-0.120.0/out/extension.js:2:1108387)
    at 54788 (/home/bryan/.vscode/extensions/ms-vscode-remote.remote-ssh-0.120.0/out/extension.js:2:788284)
    at r (/home/bryan/.vscode/extensions/ms-vscode-remote.remote-ssh-0.120.0/out/extension.js:2:1108387)
    at 30729 (/home/bryan/.vscode/extensions/ms-vscode-remote.remote-ssh-0.120.0/out/extension.js:2:682648)
    at r (/home/bryan/.vscode/extensions/ms-vscode-remote.remote-ssh-0.120.0/out/extension.js:2:1108387)
    at 24430 (/home/bryan/.vscode/extensions/ms-vscode-remote.remote-ssh-0.120.0/out/extension.js:2:837945)
    at r (/home/bryan/.vscode/extensions/ms-vscode-remote.remote-ssh-0.120.0/out/extension.js:2:1108387)
    at 52584 (/home/bryan/.vscode/extensions/ms-vscode-remote.remote-ssh-0.120.0/out/extension.js:2:811300)
    at r (/home/bryan/.vscode/extensions/ms-vscode-remote.remote-ssh-0.120.0/out/extension.js:2:1108387)
    at 69480 (/home/bryan/.vscode/extensions/ms-vscode-remote.remote-ssh-0.120.0/out/extension.js:2:800490)
    at r (/home/bryan/.vscode/extensions/ms-vscode-remote.remote-ssh-0.120.0/out/extension.js:2:1108387)
    at 71535 (/home/bryan/.vscode/extensions/ms-vscode-remote.remote-ssh-0.120.0/out/extension.js:2:680397)
    at r (/home/bryan/.vscode/extensions/ms-vscode-remote.remote-ssh-0.120.0/out/extension.js:2:1108387)
    at /home/bryan/.vscode/extensions/ms-vscode-remote.remote-ssh-0.120.0/out/extension.js:2:1109251
    at /home/bryan/.vscode/extensions/ms-vscode-remote.remote-ssh-0.120.0/out/extension.js:2:1117584
    at Object.<anonymous> (/home/bryan/.vscode/extensions/ms-vscode-remote.remote-ssh-0.120.0/out/extension.js:2:1117690)
    at Module._compile (node:internal/modules/cjs/loader:1714:14)
    at Module._extensions..js (node:internal/modules/cjs/loader:1848:10)
    at Module.load (node:internal/modules/cjs/loader:1448:32)
    at Module._load (node:internal/modules/cjs/loader:1270:12)
    at c._load (node:electron/js2c/node_init:2:17993)
    at e._load (file:///opt/visual-studio-code/resources/app/out/vs/workbench/api/node/extensionHostProcess.js:402:5984)
    at t._load (file:///opt/visual-studio-code/resources/app/out/vs/workbench/api/node/extensionHostProcess.js:220:22582)
    at r._load (file:///opt/visual-studio-code/resources/app/out/vs/workbench/api/node/extensionHostProcess.js:212:24094)
    at TracingChannel.traceSync (node:diagnostics_channel:322:14)
    at wrapModuleLoad (node:internal/modules/cjs/loader:244:24)
    at Module.require (node:internal/modules/cjs/loader:1470:12)
    at require (node:internal/modules/helpers:147:16)
    at kX.Cb (file:///opt/visual-studio-code/resources/app/out/vs/workbench/api/node/extensionHostProcess.js:251:1253)
2026-01-16 12:30:06.073 [error] navigator is now a global in nodejs, please see https://aka.ms/vscode-extensions/navigator for additional info on this error.: PendingMigrationError: navigator is now a global in nodejs, please see https://aka.ms/vscode-extensions/navigator for additional info on this error.
    at get (file:///opt/visual-studio-code/resources/app/out/vs/workbench/api/node/extensionHostProcess.js:402:6611)
    at g (/home/bryan/.vscode/extensions/ms-vscode-remote.remote-ssh-0.120.0/out/extension.js:2:283829)
    at /home/bryan/.vscode/extensions/ms-vscode-remote.remote-ssh-0.120.0/out/extension.js:2:283674
    at r (/home/bryan/.vscode/extensions/ms-vscode-remote.remote-ssh-0.120.0/out/extension.js:2:285048)
    at /home/bryan/.vscode/extensions/ms-vscode-remote.remote-ssh-0.120.0/out/extension.js:2:285217
    at Object.get (/home/bryan/.vscode/extensions/ms-vscode-remote.remote-ssh-0.120.0/out/extension.js:2:284567)
    at _ (/home/bryan/.vscode/extensions/ms-vscode-remote.remote-ssh-0.120.0/out/extension.js:2:284134)
    at O (/home/bryan/.vscode/extensions/ms-vscode-remote.remote-ssh-0.120.0/out/extension.js:2:229826)
    at /home/bryan/.vscode/extensions/ms-vscode-remote.remote-ssh-0.120.0/out/extension.js:2:163430
    at Object.p [as use] (/home/bryan/.vscode/extensions/ms-vscode-remote.remote-ssh-0.120.0/out/extension.js:2:205291)
    at /home/bryan/.vscode/extensions/ms-vscode-remote.remote-ssh-0.120.0/out/extension.js:2:206959
    at s.<computed> [as watch] (/home/bryan/.vscode/extensions/ms-vscode-remote.remote-ssh-0.120.0/out/extension.js:2:206970)
    at B (/home/bryan/.vscode/extensions/ms-vscode-remote.remote-ssh-0.120.0/out/extension.js:2:207589)
    at e.<computed> [as initialize] (/home/bryan/.vscode/extensions/ms-vscode-remote.remote-ssh-0.120.0/out/extension.js:2:162741)
    at e.n [as initialize] (/home/bryan/.vscode/extensions/ms-vscode-remote.remote-ssh-0.120.0/out/extension.js:2:275397)
    at /home/bryan/.vscode/extensions/ms-vscode-remote.remote-ssh-0.120.0/out/extension.js:2:170519
    at g (/home/bryan/.vscode/extensions/ms-vscode-remote.remote-ssh-0.120.0/out/extension.js:2:239634)
    at e.<computed> [as initialize] (/home/bryan/.vscode/extensions/ms-vscode-remote.remote-ssh-0.120.0/out/extension.js:2:169778)
    at t.n [as initialize] (/home/bryan/.vscode/extensions/ms-vscode-remote.remote-ssh-0.120.0/out/extension.js:2:275397)
    at Array.<anonymous> (/home/bryan/.vscode/extensions/ms-vscode-remote.remote-ssh-0.120.0/out/extension.js:2:244943)
    at o (/home/bryan/.vscode/extensions/ms-vscode-remote.remote-ssh-0.120.0/out/extension.js:2:280977)
    at u (/home/bryan/.vscode/extensions/ms-vscode-remote.remote-ssh-0.120.0/out/extension.js:2:244904)
    at ge (/home/bryan/.vscode/extensions/ms-vscode-remote.remote-ssh-0.120.0/out/extension.js:2:213632)
    at e.<computed> (/home/bryan/.vscode/extensions/ms-vscode-remote.remote-ssh-0.120.0/out/extension.js:2:216146)
    at Object.initialize (/home/bryan/.vscode/extensions/ms-vscode-remote.remote-ssh-0.120.0/out/extension.js:2:276131)
    at /home/bryan/.vscode/extensions/ms-vscode-remote.remote-ssh-0.120.0/out/extension.js:2:140366
    at g (/home/bryan/.vscode/extensions/ms-vscode-remote.remote-ssh-0.120.0/out/extension.js:2:239634)
    at e.<computed> [as initialize] (/home/bryan/.vscode/extensions/ms-vscode-remote.remote-ssh-0.120.0/out/extension.js:2:140291)
    at t.n [as initialize] (/home/bryan/.vscode/extensions/ms-vscode-remote.remote-ssh-0.120.0/out/extension.js:2:275397)
    at /home/bryan/.vscode/extensions/ms-vscode-remote.remote-ssh-0.120.0/out/extension.js:2:339701
    at async t.oneDataSystemClientFactory (/home/bryan/.vscode/extensions/ms-vscode-remote.remote-ssh-0.120.0/out/extension.js:2:339100)
2026-01-16 12:30:06.945 [info] [LocalProcess0][resolveAuthority(ssh-remote,1)][1342ms] waiting...
2026-01-16 12:30:07.945 [info] [LocalProcess0][resolveAuthority(ssh-remote,1)][2342ms] waiting...
2026-01-16 12:30:08.720 [error] [/home/bryan/.vscode/extensions/github.copilot-chat-0.35.0]: Extension is not compatible with Code 1.106.3. Extension requires: ^1.107.0-20251119.
2026-01-16 12:30:08.721 [error] [/home/bryan/.vscode/extensions/github.copilot-chat-0.35.2]: Extension is not compatible with Code 1.106.3. Extension requires: ^1.107.0-20251119.
2026-01-16 12:30:08.723 [error] [/home/bryan/.vscode/extensions/ms-vscode-remote.remote-ssh-0.122.0]: Extension is not compatible with Code 1.106.3. Extension requires: ^1.107.0.
2026-01-16 12:30:08.725 [error] [/home/bryan/.vscode/extensions/github.copilot-chat-0.36.0]: Extension is not compatible with Code 1.106.3. Extension requires: ^1.108.0.
2026-01-16 12:30:08.725 [error] [/home/bryan/.vscode/extensions/github.copilot-chat-0.36.1]: Extension is not compatible with Code 1.106.3. Extension requires: ^1.108.0.
2026-01-16 12:30:08.945 [info] [LocalProcess0][resolveAuthority(ssh-remote,1)][3342ms] waiting...
2026-01-16 12:30:09.577 [error] [LocalProcess0][resolveAuthority(ssh-remote,1)][3974ms] returned an error {"code":"NotAvailable","message":"No route to host","detail":true}
2026-01-16 12:30:09.578 [error] resolveAuthority(ssh-remote) returned an error after 3974 ms No route to host
2026-01-16 12:30:09.578 [error] Error received from starting extension host (kind: Remote)
2026-01-16 12:30:09.578 [error] CodeExpectedError: No route to host
    at tEt.sb (vscode-file://vscode-app/opt/visual-studio-code/resources/app/out/vs/workbench/workbench.desktop.main.js:3875:15767)
    at async tEt.rb (vscode-file://vscode-app/opt/visual-studio-code/resources/app/out/vs/workbench/workbench.desktop.main.js:3875:15133)
    at async tEt.fc (vscode-file://vscode-app/opt/visual-studio-code/resources/app/out/vs/workbench/workbench.desktop.main.js:3881:3611)
    at async vscode-file://vscode-app/opt/visual-studio-code/resources/app/out/vs/workbench/workbench.desktop.main.js:30:86012
2026-01-16 12:30:09.578 [error] [remote-connection][attempt 1] An error occurred in initial connection! Will retry... Error:
2026-01-16 12:30:09.578 [error] CodeExpectedError: No route to host
    at tEt.sb (vscode-file://vscode-app/opt/visual-studio-code/resources/app/out/vs/workbench/workbench.desktop.main.js:3875:15767)
    at async tEt.rb (vscode-file://vscode-app/opt/visual-studio-code/resources/app/out/vs/workbench/workbench.desktop.main.js:3875:15133)
    at async tEt.fc (vscode-file://vscode-app/opt/visual-studio-code/resources/app/out/vs/workbench/workbench.desktop.main.js:3881:3611)
    at async vscode-file://vscode-app/opt/visual-studio-code/resources/app/out/vs/workbench/workbench.desktop.main.js:30:86012
2026-01-16 12:30:09.578 [error] [remote-connection][attempt 2] An error occurred in initial connection! Will retry... Error:
2026-01-16 12:30:09.578 [error] CodeExpectedError: No route to host
    at tEt.sb (vscode-file://vscode-app/opt/visual-studio-code/resources/app/out/vs/workbench/workbench.desktop.main.js:3875:15767)
    at async tEt.rb (vscode-file://vscode-app/opt/visual-studio-code/resources/app/out/vs/workbench/workbench.desktop.main.js:3875:15133)
    at async tEt.fc (vscode-file://vscode-app/opt/visual-studio-code/resources/app/out/vs/workbench/workbench.desktop.main.js:3881:3611)
    at async vscode-file://vscode-app/opt/visual-studio-code/resources/app/out/vs/workbench/workbench.desktop.main.js:30:86012
2026-01-16 12:30:09.584 [error] [remote-connection][attempt 3] An error occurred in initial connection! Will retry... Error:
2026-01-16 12:30:09.584 [error] CodeExpectedError: No route to host
    at tEt.sb (vscode-file://vscode-app/opt/visual-studio-code/resources/app/out/vs/workbench/workbench.desktop.main.js:3875:15767)
    at async tEt.rb (vscode-file://vscode-app/opt/visual-studio-code/resources/app/out/vs/workbench/workbench.desktop.main.js:3875:15133)
    at async tEt.fc (vscode-file://vscode-app/opt/visual-studio-code/resources/app/out/vs/workbench/workbench.desktop.main.js:3881:3611)
    at async vscode-file://vscode-app/opt/visual-studio-code/resources/app/out/vs/workbench/workbench.desktop.main.js:30:86012
2026-01-16 12:30:09.619 [error] [remote-connection][attempt 4] An error occurred in initial connection! Will retry... Error:
2026-01-16 12:30:09.619 [error] CodeExpectedError: No route to host
    at tEt.sb (vscode-file://vscode-app/opt/visual-studio-code/resources/app/out/vs/workbench/workbench.desktop.main.js:3875:15767)
    at async tEt.rb (vscode-file://vscode-app/opt/visual-studio-code/resources/app/out/vs/workbench/workbench.desktop.main.js:3875:15133)
    at async tEt.fc (vscode-file://vscode-app/opt/visual-studio-code/resources/app/out/vs/workbench/workbench.desktop.main.js:3881:3611)
    at async vscode-file://vscode-app/opt/visual-studio-code/resources/app/out/vs/workbench/workbench.desktop.main.js:30:86012
2026-01-16 12:30:09.621 [error] [remote-connection][attempt 5]  An error occurred in initial connection! It will be treated as a permanent error. Error:
2026-01-16 12:30:09.621 [error] CodeExpectedError: No route to host
    at tEt.sb (vscode-file://vscode-app/opt/visual-studio-code/resources/app/out/vs/workbench/workbench.desktop.main.js:3875:15767)
    at async tEt.rb (vscode-file://vscode-app/opt/visual-studio-code/resources/app/out/vs/workbench/workbench.desktop.main.js:3875:15133)
    at async tEt.fc (vscode-file://vscode-app/opt/visual-studio-code/resources/app/out/vs/workbench/workbench.desktop.main.js:3881:3611)
    at async vscode-file://vscode-app/opt/visual-studio-code/resources/app/out/vs/workbench/workbench.desktop.main.js:30:86012
2026-01-16 12:30:09.622 [error] CodeExpectedError: No route to host
    at tEt.sb (vscode-file://vscode-app/opt/visual-studio-code/resources/app/out/vs/workbench/workbench.desktop.main.js:3875:15767)
    at async tEt.rb (vscode-file://vscode-app/opt/visual-studio-code/resources/app/out/vs/workbench/workbench.desktop.main.js:3875:15133)
    at async tEt.fc (vscode-file://vscode-app/opt/visual-studio-code/resources/app/out/vs/workbench/workbench.desktop.main.js:3881:3611)
    at async vscode-file://vscode-app/opt/visual-studio-code/resources/app/out/vs/workbench/workbench.desktop.main.js:30:86012
2026-01-16 12:30:09.622 [warning] Error getting remote process MCP environment No route to host
2026-01-16 12:30:09.622 [error] Cannot register remote filesystem provider. Error while fetching remote environment. No route to host
2026-01-16 12:30:09.622 [error] CodeExpectedError: No route to host
    at tEt.sb (vscode-file://vscode-app/opt/visual-studio-code/resources/app/out/vs/workbench/workbench.desktop.main.js:3875:15767)
    at async tEt.rb (vscode-file://vscode-app/opt/visual-studio-code/resources/app/out/vs/workbench/workbench.desktop.main.js:3875:15133)
    at async tEt.fc (vscode-file://vscode-app/opt/visual-studio-code/resources/app/out/vs/workbench/workbench.desktop.main.js:3881:3611)
    at async vscode-file://vscode-app/opt/visual-studio-code/resources/app/out/vs/workbench/workbench.desktop.main.js:30:86012
2026-01-16 12:30:09.622 [error] CodeExpectedError: No route to host
    at tEt.sb (vscode-file://vscode-app/opt/visual-studio-code/resources/app/out/vs/workbench/workbench.desktop.main.js:3875:15767)
    at async tEt.rb (vscode-file://vscode-app/opt/visual-studio-code/resources/app/out/vs/workbench/workbench.desktop.main.js:3875:15133)
    at async tEt.fc (vscode-file://vscode-app/opt/visual-studio-code/resources/app/out/vs/workbench/workbench.desktop.main.js:3881:3611)
    at async vscode-file://vscode-app/opt/visual-studio-code/resources/app/out/vs/workbench/workbench.desktop.main.js:30:86012
2026-01-16 12:30:09.622 [error] CodeExpectedError: No route to host
    at tEt.sb (vscode-file://vscode-app/opt/visual-studio-code/resources/app/out/vs/workbench/workbench.desktop.main.js:3875:15767)
    at async tEt.rb (vscode-file://vscode-app/opt/visual-studio-code/resources/app/out/vs/workbench/workbench.desktop.main.js:3875:15133)
    at async tEt.fc (vscode-file://vscode-app/opt/visual-studio-code/resources/app/out/vs/workbench/workbench.desktop.main.js:3881:3611)
    at async vscode-file://vscode-app/opt/visual-studio-code/resources/app/out/vs/workbench/workbench.desktop.main.js:30:86012
2026-01-16 12:30:09.622 [error] CodeExpectedError: No route to host
    at tEt.sb (vscode-file://vscode-app/opt/visual-studio-code/resources/app/out/vs/workbench/workbench.desktop.main.js:3875:15767)
    at async tEt.rb (vscode-file://vscode-app/opt/visual-studio-code/resources/app/out/vs/workbench/workbench.desktop.main.js:3875:15133)
    at async tEt.fc (vscode-file://vscode-app/opt/visual-studio-code/resources/app/out/vs/workbench/workbench.desktop.main.js:3881:3611)
    at async vscode-file://vscode-app/opt/visual-studio-code/resources/app/out/vs/workbench/workbench.desktop.main.js:30:86012
2026-01-16 12:30:09.625 [error] CodeExpectedError: No route to host
    at tEt.sb (vscode-file://vscode-app/opt/visual-studio-code/resources/app/out/vs/workbench/workbench.desktop.main.js:3875:15767)
    at async tEt.rb (vscode-file://vscode-app/opt/visual-studio-code/resources/app/out/vs/workbench/workbench.desktop.main.js:3875:15133)
    at async tEt.fc (vscode-file://vscode-app/opt/visual-studio-code/resources/app/out/vs/workbench/workbench.desktop.main.js:3881:3611)
    at async vscode-file://vscode-app/opt/visual-studio-code/resources/app/out/vs/workbench/workbench.desktop.main.js:30:86012
2026-01-16 12:30:09.678 [error] No route to host: CodeExpectedError: No route to host
    at tEt.sb (vscode-file://vscode-app/opt/visual-studio-code/resources/app/out/vs/workbench/workbench.desktop.main.js:3875:15767)
    at async tEt.rb (vscode-file://vscode-app/opt/visual-studio-code/resources/app/out/vs/workbench/workbench.desktop.main.js:3875:15133)
    at async tEt.fc (vscode-file://vscode-app/opt/visual-studio-code/resources/app/out/vs/workbench/workbench.desktop.main.js:3881:3611)
    at async vscode-file://vscode-app/opt/visual-studio-code/resources/app/out/vs/workbench/workbench.desktop.main.js:30:86012
2026-01-16 12:30:09.678 [error] Cannot change enablement of GitHub Copilot Chat extension because of its extension kind: Error: Cannot change enablement of GitHub Copilot Chat extension because of its extension kind
    at vQe.U (vscode-file://vscode-app/opt/visual-studio-code/resources/app/out/vs/workbench/workbench.desktop.main.js:1355:16893)
    at vQe.S (vscode-file://vscode-app/opt/visual-studio-code/resources/app/out/vs/workbench/workbench.desktop.main.js:1355:16593)
    at vQe.setEnablement (vscode-file://vscode-app/opt/visual-studio-code/resources/app/out/vs/workbench/workbench.desktop.main.js:1355:17641)
    at async Vut.rc (vscode-file://vscode-app/opt/visual-studio-code/resources/app/out/vs/workbench/workbench.desktop.main.js:2493:41838)
    at async Mne.m (vscode-file://vscode-app/opt/visual-studio-code/resources/app/out/vs/workbench/workbench.desktop.main.js:2237:43599)
2026-01-16 12:30:09.726 [info] Settings Sync: Account status changed from uninitialized to unavailable
2026-01-16 12:30:09.801 [error] CodeExpectedError: No route to host
    at tEt.sb (vscode-file://vscode-app/opt/visual-studio-code/resources/app/out/vs/workbench/workbench.desktop.main.js:3875:15767)
    at async tEt.rb (vscode-file://vscode-app/opt/visual-studio-code/resources/app/out/vs/workbench/workbench.desktop.main.js:3875:15133)
    at async tEt.fc (vscode-file://vscode-app/opt/visual-studio-code/resources/app/out/vs/workbench/workbench.desktop.main.js:3881:3611)
    at async vscode-file://vscode-app/opt/visual-studio-code/resources/app/out/vs/workbench/workbench.desktop.main.js:30:86012
2026-01-16 12:30:10.175 [error] No route to host: CodeExpectedError: No route to host
    at tEt.sb (vscode-file://vscode-app/opt/visual-studio-code/resources/app/out/vs/workbench/workbench.desktop.main.js:3875:15767)
    at async tEt.rb (vscode-file://vscode-app/opt/visual-studio-code/resources/app/out/vs/workbench/workbench.desktop.main.js:3875:15133)
    at async tEt.fc (vscode-file://vscode-app/opt/visual-studio-code/resources/app/out/vs/workbench/workbench.desktop.main.js:3881:3611)
    at async vscode-file://vscode-app/opt/visual-studio-code/resources/app/out/vs/workbench/workbench.desktop.main.js:30:86012
2026-01-16 12:30:11.261 [info] Started local extension host with pid 57444.
2026-01-16 12:30:11.305 [info] Invoking resolveAuthority(ssh-remote)...
2026-01-16 12:30:11.306 [info] [LocalProcess0][resolveAuthority(ssh-remote,1)][0ms] obtaining proxy...
2026-01-16 12:30:11.427 [info] MCP Registry configured: https://api.mcp.github.com
2026-01-16 12:30:11.589 [info] [LocalProcess0][resolveAuthority(ssh-remote,1)][284ms] invoking...
2026-01-16 12:30:11.650 [error] navigator is now a global in nodejs, please see https://aka.ms/vscode-extensions/navigator for additional info on this error.: PendingMigrationError: navigator is now a global in nodejs, please see https://aka.ms/vscode-extensions/navigator for additional info on this error.
    at get (file:///opt/visual-studio-code/resources/app/out/vs/workbench/api/node/extensionHostProcess.js:402:6611)
    at Object.<anonymous> (/home/bryan/.vscode/extensions/ms-vscode-remote.remote-ssh-0.120.0/out/extension.js:2:486184)
    at 19534 (/home/bryan/.vscode/extensions/ms-vscode-remote.remote-ssh-0.120.0/out/extension.js:2:504894)
    at r (/home/bryan/.vscode/extensions/ms-vscode-remote.remote-ssh-0.120.0/out/extension.js:2:1108387)
    at 92839 (/home/bryan/.vscode/extensions/ms-vscode-remote.remote-ssh-0.120.0/out/extension.js:2:466959)
    at r (/home/bryan/.vscode/extensions/ms-vscode-remote.remote-ssh-0.120.0/out/extension.js:2:1108387)
    at 49424 (/home/bryan/.vscode/extensions/ms-vscode-remote.remote-ssh-0.120.0/out/extension.js:2:465816)
    at r (/home/bryan/.vscode/extensions/ms-vscode-remote.remote-ssh-0.120.0/out/extension.js:2:1108387)
    at 17130 (/home/bryan/.vscode/extensions/ms-vscode-remote.remote-ssh-0.120.0/out/extension.js:2:596135)
    at r (/home/bryan/.vscode/extensions/ms-vscode-remote.remote-ssh-0.120.0/out/extension.js:2:1108387)
    at 87631 (/home/bryan/.vscode/extensions/ms-vscode-remote.remote-ssh-0.120.0/out/extension.js:2:576866)
    at r (/home/bryan/.vscode/extensions/ms-vscode-remote.remote-ssh-0.120.0/out/extension.js:2:1108387)
    at 65861 (/home/bryan/.vscode/extensions/ms-vscode-remote.remote-ssh-0.120.0/out/extension.js:2:600705)
    at r (/home/bryan/.vscode/extensions/ms-vscode-remote.remote-ssh-0.120.0/out/extension.js:2:1108387)
    at 91577 (/home/bryan/.vscode/extensions/ms-vscode-remote.remote-ssh-0.120.0/out/extension.js:2:856974)
    at r (/home/bryan/.vscode/extensions/ms-vscode-remote.remote-ssh-0.120.0/out/extension.js:2:1108387)
    at 94111 (/home/bryan/.vscode/extensions/ms-vscode-remote.remote-ssh-0.120.0/out/extension.js:2:819912)
    at r (/home/bryan/.vscode/extensions/ms-vscode-remote.remote-ssh-0.120.0/out/extension.js:2:1108387)
    at 35187 (/home/bryan/.vscode/extensions/ms-vscode-remote.remote-ssh-0.120.0/out/extension.js:2:690327)
    at r (/home/bryan/.vscode/extensions/ms-vscode-remote.remote-ssh-0.120.0/out/extension.js:2:1108387)
    at 64417 (/home/bryan/.vscode/extensions/ms-vscode-remote.remote-ssh-0.120.0/out/extension.js:2:846572)
    at r (/home/bryan/.vscode/extensions/ms-vscode-remote.remote-ssh-0.120.0/out/extension.js:2:1108387)
    at 24847 (/home/bryan/.vscode/extensions/ms-vscode-remote.remote-ssh-0.120.0/out/extension.js:2:828930)
    at r (/home/bryan/.vscode/extensions/ms-vscode-remote.remote-ssh-0.120.0/out/extension.js:2:1108387)
    at 54788 (/home/bryan/.vscode/extensions/ms-vscode-remote.remote-ssh-0.120.0/out/extension.js:2:788284)
    at r (/home/bryan/.vscode/extensions/ms-vscode-remote.remote-ssh-0.120.0/out/extension.js:2:1108387)
    at 30729 (/home/bryan/.vscode/extensions/ms-vscode-remote.remote-ssh-0.120.0/out/extension.js:2:682648)
    at r (/home/bryan/.vscode/extensions/ms-vscode-remote.remote-ssh-0.120.0/out/extension.js:2:1108387)
    at 24430 (/home/bryan/.vscode/extensions/ms-vscode-remote.remote-ssh-0.120.0/out/extension.js:2:837945)
    at r (/home/bryan/.vscode/extensions/ms-vscode-remote.remote-ssh-0.120.0/out/extension.js:2:1108387)
    at 52584 (/home/bryan/.vscode/extensions/ms-vscode-remote.remote-ssh-0.120.0/out/extension.js:2:811300)
    at r (/home/bryan/.vscode/extensions/ms-vscode-remote.remote-ssh-0.120.0/out/extension.js:2:1108387)
    at 69480 (/home/bryan/.vscode/extensions/ms-vscode-remote.remote-ssh-0.120.0/out/extension.js:2:800490)
    at r (/home/bryan/.vscode/extensions/ms-vscode-remote.remote-ssh-0.120.0/out/extension.js:2:1108387)
    at 71535 (/home/bryan/.vscode/extensions/ms-vscode-remote.remote-ssh-0.120.0/out/extension.js:2:680397)
    at r (/home/bryan/.vscode/extensions/ms-vscode-remote.remote-ssh-0.120.0/out/extension.js:2:1108387)
    at /home/bryan/.vscode/extensions/ms-vscode-remote.remote-ssh-0.120.0/out/extension.js:2:1109251
    at /home/bryan/.vscode/extensions/ms-vscode-remote.remote-ssh-0.120.0/out/extension.js:2:1117584
    at Object.<anonymous> (/home/bryan/.vscode/extensions/ms-vscode-remote.remote-ssh-0.120.0/out/extension.js:2:1117690)
    at Module._compile (node:internal/modules/cjs/loader:1714:14)
    at Module._extensions..js (node:internal/modules/cjs/loader:1848:10)
    at Module.load (node:internal/modules/cjs/loader:1448:32)
    at Module._load (node:internal/modules/cjs/loader:1270:12)
    at c._load (node:electron/js2c/node_init:2:17993)
    at e._load (file:///opt/visual-studio-code/resources/app/out/vs/workbench/api/node/extensionHostProcess.js:402:5984)
    at t._load (file:///opt/visual-studio-code/resources/app/out/vs/workbench/api/node/extensionHostProcess.js:220:22582)
    at r._load (file:///opt/visual-studio-code/resources/app/out/vs/workbench/api/node/extensionHostProcess.js:212:24094)
    at TracingChannel.traceSync (node:diagnostics_channel:322:14)
    at wrapModuleLoad (node:internal/modules/cjs/loader:244:24)
    at Module.require (node:internal/modules/cjs/loader:1470:12)
    at require (node:internal/modules/helpers:147:16)
    at kX.Cb (file:///opt/visual-studio-code/resources/app/out/vs/workbench/api/node/extensionHostProcess.js:251:1253)
2026-01-16 12:30:11.727 [error] navigator is now a global in nodejs, please see https://aka.ms/vscode-extensions/navigator for additional info on this error.: PendingMigrationError: navigator is now a global in nodejs, please see https://aka.ms/vscode-extensions/navigator for additional info on this error.
    at get (file:///opt/visual-studio-code/resources/app/out/vs/workbench/api/node/extensionHostProcess.js:402:6611)
    at g (/home/bryan/.vscode/extensions/ms-vscode-remote.remote-ssh-0.120.0/out/extension.js:2:283829)
    at /home/bryan/.vscode/extensions/ms-vscode-remote.remote-ssh-0.120.0/out/extension.js:2:283674
    at r (/home/bryan/.vscode/extensions/ms-vscode-remote.remote-ssh-0.120.0/out/extension.js:2:285048)
    at /home/bryan/.vscode/extensions/ms-vscode-remote.remote-ssh-0.120.0/out/extension.js:2:285217
    at Object.get (/home/bryan/.vscode/extensions/ms-vscode-remote.remote-ssh-0.120.0/out/extension.js:2:284567)
    at _ (/home/bryan/.vscode/extensions/ms-vscode-remote.remote-ssh-0.120.0/out/extension.js:2:284134)
    at O (/home/bryan/.vscode/extensions/ms-vscode-remote.remote-ssh-0.120.0/out/extension.js:2:229826)
    at /home/bryan/.vscode/extensions/ms-vscode-remote.remote-ssh-0.120.0/out/extension.js:2:163430
    at Object.p [as use] (/home/bryan/.vscode/extensions/ms-vscode-remote.remote-ssh-0.120.0/out/extension.js:2:205291)
    at /home/bryan/.vscode/extensions/ms-vscode-remote.remote-ssh-0.120.0/out/extension.js:2:206959
    at s.<computed> [as watch] (/home/bryan/.vscode/extensions/ms-vscode-remote.remote-ssh-0.120.0/out/extension.js:2:206970)
    at B (/home/bryan/.vscode/extensions/ms-vscode-remote.remote-ssh-0.120.0/out/extension.js:2:207589)
    at e.<computed> [as initialize] (/home/bryan/.vscode/extensions/ms-vscode-remote.remote-ssh-0.120.0/out/extension.js:2:162741)
    at e.n [as initialize] (/home/bryan/.vscode/extensions/ms-vscode-remote.remote-ssh-0.120.0/out/extension.js:2:275397)
    at /home/bryan/.vscode/extensions/ms-vscode-remote.remote-ssh-0.120.0/out/extension.js:2:170519
    at g (/home/bryan/.vscode/extensions/ms-vscode-remote.remote-ssh-0.120.0/out/extension.js:2:239634)
    at e.<computed> [as initialize] (/home/bryan/.vscode/extensions/ms-vscode-remote.remote-ssh-0.120.0/out/extension.js:2:169778)
    at t.n [as initialize] (/home/bryan/.vscode/extensions/ms-vscode-remote.remote-ssh-0.120.0/out/extension.js:2:275397)
    at Array.<anonymous> (/home/bryan/.vscode/extensions/ms-vscode-remote.remote-ssh-0.120.0/out/extension.js:2:244943)
    at o (/home/bryan/.vscode/extensions/ms-vscode-remote.remote-ssh-0.120.0/out/extension.js:2:280977)
    at u (/home/bryan/.vscode/extensions/ms-vscode-remote.remote-ssh-0.120.0/out/extension.js:2:244904)
    at ge (/home/bryan/.vscode/extensions/ms-vscode-remote.remote-ssh-0.120.0/out/extension.js:2:213632)
    at e.<computed> (/home/bryan/.vscode/extensions/ms-vscode-remote.remote-ssh-0.120.0/out/extension.js:2:216146)
    at Object.initialize (/home/bryan/.vscode/extensions/ms-vscode-remote.remote-ssh-0.120.0/out/extension.js:2:276131)
    at /home/bryan/.vscode/extensions/ms-vscode-remote.remote-ssh-0.120.0/out/extension.js:2:140366
    at g (/home/bryan/.vscode/extensions/ms-vscode-remote.remote-ssh-0.120.0/out/extension.js:2:239634)
    at e.<computed> [as initialize] (/home/bryan/.vscode/extensions/ms-vscode-remote.remote-ssh-0.120.0/out/extension.js:2:140291)
    at t.n [as initialize] (/home/bryan/.vscode/extensions/ms-vscode-remote.remote-ssh-0.120.0/out/extension.js:2:275397)
    at /home/bryan/.vscode/extensions/ms-vscode-remote.remote-ssh-0.120.0/out/extension.js:2:339701
    at async t.oneDataSystemClientFactory (/home/bryan/.vscode/extensions/ms-vscode-remote.remote-ssh-0.120.0/out/extension.js:2:339100)
2026-01-16 12:30:12.589 [info] [LocalProcess0][resolveAuthority(ssh-remote,1)][1284ms] waiting...
2026-01-16 12:30:13.589 [info] [LocalProcess0][resolveAuthority(ssh-remote,1)][2284ms] waiting...
2026-01-16 12:30:14.401 [error] [/home/bryan/.vscode/extensions/github.copilot-chat-0.35.0]: Extension is not compatible with Code 1.106.3. Extension requires: ^1.107.0-20251119.
2026-01-16 12:30:14.402 [error] [/home/bryan/.vscode/extensions/github.copilot-chat-0.35.2]: Extension is not compatible with Code 1.106.3. Extension requires: ^1.107.0-20251119.
2026-01-16 12:30:14.403 [error] [/home/bryan/.vscode/extensions/github.copilot-chat-0.36.0]: Extension is not compatible with Code 1.106.3. Extension requires: ^1.108.0.
2026-01-16 12:30:14.404 [error] [/home/bryan/.vscode/extensions/ms-vscode-remote.remote-ssh-0.122.0]: Extension is not compatible with Code 1.106.3. Extension requires: ^1.107.0.
2026-01-16 12:30:14.405 [error] [/home/bryan/.vscode/extensions/github.copilot-chat-0.36.1]: Extension is not compatible with Code 1.106.3. Extension requires: ^1.108.0.
2026-01-16 12:30:14.589 [info] [LocalProcess0][resolveAuthority(ssh-remote,1)][3284ms] waiting...
2026-01-16 12:30:15.589 [info] [LocalProcess0][resolveAuthority(ssh-remote,1)][4284ms] waiting...
2026-01-16 12:30:16.589 [info] [LocalProcess0][resolveAuthority(ssh-remote,1)][5284ms] waiting...
2026-01-16 12:30:17.589 [info] [LocalProcess0][resolveAuthority(ssh-remote,1)][6284ms] waiting...
2026-01-16 12:30:18.589 [info] [LocalProcess0][resolveAuthority(ssh-remote,1)][7284ms] waiting...
2026-01-16 12:30:19.589 [info] [LocalProcess0][resolveAuthority(ssh-remote,1)][8284ms] waiting...
2026-01-16 12:30:20.591 [info] [LocalProcess0][resolveAuthority(ssh-remote,1)][9286ms] waiting...
2026-01-16 12:30:21.589 [info] [LocalProcess0][resolveAuthority(ssh-remote,1)][10284ms] waiting...
2026-01-16 12:30:22.589 [info] [LocalProcess0][resolveAuthority(ssh-remote,1)][11284ms] waiting...
2026-01-16 12:30:23.589 [info] [LocalProcess0][resolveAuthority(ssh-remote,1)][12284ms] waiting...
2026-01-16 12:30:24.589 [info] [LocalProcess0][resolveAuthority(ssh-remote,1)][13284ms] waiting...
2026-01-16 12:30:25.589 [info] [LocalProcess0][resolveAuthority(ssh-remote,1)][14284ms] waiting...
2026-01-16 12:30:26.589 [info] [LocalProcess0][resolveAuthority(ssh-remote,1)][15284ms] waiting...
2026-01-16 12:30:27.589 [info] [LocalProcess0][resolveAuthority(ssh-remote,1)][16284ms] waiting...
2026-01-16 12:30:28.589 [info] [LocalProcess0][resolveAuthority(ssh-remote,1)][17284ms] waiting...
2026-01-16 12:30:29.589 [info] [LocalProcess0][resolveAuthority(ssh-remote,1)][18284ms] waiting...
2026-01-16 12:30:30.589 [info] [LocalProcess0][resolveAuthority(ssh-remote,1)][19284ms] waiting...
2026-01-16 12:30:31.589 [info] [LocalProcess0][resolveAuthority(ssh-remote,1)][20284ms] waiting...
2026-01-16 12:30:32.589 [info] [LocalProcess0][resolveAuthority(ssh-remote,1)][21284ms] waiting...
2026-01-16 12:30:33.589 [info] [LocalProcess0][resolveAuthority(ssh-remote,1)][22284ms] waiting...
2026-01-16 12:30:34.008 [info] [LocalProcess0][resolveAuthority(ssh-remote,1)][22703ms] returned WebSocket(127.0.0.1:36523)
2026-01-16 12:30:34.008 [info] resolveAuthority(ssh-remote) returned 'WebSocket(127.0.0.1:36523)' after 22703 ms
2026-01-16 12:30:34.009 [info] Creating a socket (renderer-Management-3abaa9c3-2b01-41fc-91c3-f0f5ea1b9de9)...
2026-01-16 12:30:34.009 [info] Creating a socket (renderer-ExtensionHost-1e3727c6-9ca8-4828-affd-c1dd4640a39f)...
2026-01-16 12:30:35.507 [info] Creating a socket (renderer-Management-3abaa9c3-2b01-41fc-91c3-f0f5ea1b9de9) was successful after 1499 ms.
2026-01-16 12:30:36.027 [info] Creating a socket (renderer-ExtensionHost-1e3727c6-9ca8-4828-affd-c1dd4640a39f) was successful after 2018 ms.
2026-01-16 12:30:38.294 [info] Settings Sync: Account status changed from uninitialized to unavailable
2026-01-16 12:30:38.493 [info] [perf] Render performance baseline is 17ms
2026-01-16 12:30:39.613 [error] Cannot change enablement of GitHub Copilot Chat extension because of its extension kind: Error: Cannot change enablement of GitHub Copilot Chat extension because of its extension kind
    at vQe.U (vscode-file://vscode-app/opt/visual-studio-code/resources/app/out/vs/workbench/workbench.desktop.main.js:1355:16893)
    at vQe.S (vscode-file://vscode-app/opt/visual-studio-code/resources/app/out/vs/workbench/workbench.desktop.main.js:1355:16593)
    at vQe.setEnablement (vscode-file://vscode-app/opt/visual-studio-code/resources/app/out/vs/workbench/workbench.desktop.main.js:1355:17641)
    at async Vut.rc (vscode-file://vscode-app/opt/visual-studio-code/resources/app/out/vs/workbench/workbench.desktop.main.js:2493:41838)
    at async Mne.m (vscode-file://vscode-app/opt/visual-studio-code/resources/app/out/vs/workbench/workbench.desktop.main.js:2237:43599)
2026-01-16 12:30:59.743 [info] Started local extension host with pid 57867.
2026-01-16 12:31:00.117 [error] navigator is now a global in nodejs, please see https://aka.ms/vscode-extensions/navigator for additional info on this error.: PendingMigrationError: navigator is now a global in nodejs, please see https://aka.ms/vscode-extensions/navigator for additional info on this error.
    at get (file:///opt/visual-studio-code/resources/app/out/vs/workbench/api/node/extensionHostProcess.js:402:6611)
    at Object.<anonymous> (/home/bryan/.vscode/extensions/ms-vscode-remote.remote-ssh-0.120.0/out/extension.js:2:486184)
    at 19534 (/home/bryan/.vscode/extensions/ms-vscode-remote.remote-ssh-0.120.0/out/extension.js:2:504894)
    at r (/home/bryan/.vscode/extensions/ms-vscode-remote.remote-ssh-0.120.0/out/extension.js:2:1108387)
    at 92839 (/home/bryan/.vscode/extensions/ms-vscode-remote.remote-ssh-0.120.0/out/extension.js:2:466959)
    at r (/home/bryan/.vscode/extensions/ms-vscode-remote.remote-ssh-0.120.0/out/extension.js:2:1108387)
    at 49424 (/home/bryan/.vscode/extensions/ms-vscode-remote.remote-ssh-0.120.0/out/extension.js:2:465816)
    at r (/home/bryan/.vscode/extensions/ms-vscode-remote.remote-ssh-0.120.0/out/extension.js:2:1108387)
    at 17130 (/home/bryan/.vscode/extensions/ms-vscode-remote.remote-ssh-0.120.0/out/extension.js:2:596135)
    at r (/home/bryan/.vscode/extensions/ms-vscode-remote.remote-ssh-0.120.0/out/extension.js:2:1108387)
    at 87631 (/home/bryan/.vscode/extensions/ms-vscode-remote.remote-ssh-0.120.0/out/extension.js:2:576866)
    at r (/home/bryan/.vscode/extensions/ms-vscode-remote.remote-ssh-0.120.0/out/extension.js:2:1108387)
    at 65861 (/home/bryan/.vscode/extensions/ms-vscode-remote.remote-ssh-0.120.0/out/extension.js:2:600705)
    at r (/home/bryan/.vscode/extensions/ms-vscode-remote.remote-ssh-0.120.0/out/extension.js:2:1108387)
    at 91577 (/home/bryan/.vscode/extensions/ms-vscode-remote.remote-ssh-0.120.0/out/extension.js:2:856974)
    at r (/home/bryan/.vscode/extensions/ms-vscode-remote.remote-ssh-0.120.0/out/extension.js:2:1108387)
    at 94111 (/home/bryan/.vscode/extensions/ms-vscode-remote.remote-ssh-0.120.0/out/extension.js:2:819912)
    at r (/home/bryan/.vscode/extensions/ms-vscode-remote.remote-ssh-0.120.0/out/extension.js:2:1108387)
    at 35187 (/home/bryan/.vscode/extensions/ms-vscode-remote.remote-ssh-0.120.0/out/extension.js:2:690327)
    at r (/home/bryan/.vscode/extensions/ms-vscode-remote.remote-ssh-0.120.0/out/extension.js:2:1108387)
    at 64417 (/home/bryan/.vscode/extensions/ms-vscode-remote.remote-ssh-0.120.0/out/extension.js:2:846572)
    at r (/home/bryan/.vscode/extensions/ms-vscode-remote.remote-ssh-0.120.0/out/extension.js:2:1108387)
    at 24847 (/home/bryan/.vscode/extensions/ms-vscode-remote.remote-ssh-0.120.0/out/extension.js:2:828930)
    at r (/home/bryan/.vscode/extensions/ms-vscode-remote.remote-ssh-0.120.0/out/extension.js:2:1108387)
    at 54788 (/home/bryan/.vscode/extensions/ms-vscode-remote.remote-ssh-0.120.0/out/extension.js:2:788284)
    at r (/home/bryan/.vscode/extensions/ms-vscode-remote.remote-ssh-0.120.0/out/extension.js:2:1108387)
    at 30729 (/home/bryan/.vscode/extensions/ms-vscode-remote.remote-ssh-0.120.0/out/extension.js:2:682648)
    at r (/home/bryan/.vscode/extensions/ms-vscode-remote.remote-ssh-0.120.0/out/extension.js:2:1108387)
    at 24430 (/home/bryan/.vscode/extensions/ms-vscode-remote.remote-ssh-0.120.0/out/extension.js:2:837945)
    at r (/home/bryan/.vscode/extensions/ms-vscode-remote.remote-ssh-0.120.0/out/extension.js:2:1108387)
    at 52584 (/home/bryan/.vscode/extensions/ms-vscode-remote.remote-ssh-0.120.0/out/extension.js:2:811300)
    at r (/home/bryan/.vscode/extensions/ms-vscode-remote.remote-ssh-0.120.0/out/extension.js:2:1108387)
    at 69480 (/home/bryan/.vscode/extensions/ms-vscode-remote.remote-ssh-0.120.0/out/extension.js:2:800490)
    at r (/home/bryan/.vscode/extensions/ms-vscode-remote.remote-ssh-0.120.0/out/extension.js:2:1108387)
    at 71535 (/home/bryan/.vscode/extensions/ms-vscode-remote.remote-ssh-0.120.0/out/extension.js:2:680397)
    at r (/home/bryan/.vscode/extensions/ms-vscode-remote.remote-ssh-0.120.0/out/extension.js:2:1108387)
    at /home/bryan/.vscode/extensions/ms-vscode-remote.remote-ssh-0.120.0/out/extension.js:2:1109251
    at /home/bryan/.vscode/extensions/ms-vscode-remote.remote-ssh-0.120.0/out/extension.js:2:1117584
    at Object.<anonymous> (/home/bryan/.vscode/extensions/ms-vscode-remote.remote-ssh-0.120.0/out/extension.js:2:1117690)
    at Module._compile (node:internal/modules/cjs/loader:1714:14)
    at Module._extensions..js (node:internal/modules/cjs/loader:1848:10)
    at Module.load (node:internal/modules/cjs/loader:1448:32)
    at Module._load (node:internal/modules/cjs/loader:1270:12)
    at c._load (node:electron/js2c/node_init:2:17993)
    at e._load (file:///opt/visual-studio-code/resources/app/out/vs/workbench/api/node/extensionHostProcess.js:402:5984)
    at t._load (file:///opt/visual-studio-code/resources/app/out/vs/workbench/api/node/extensionHostProcess.js:220:22582)
    at r._load (file:///opt/visual-studio-code/resources/app/out/vs/workbench/api/node/extensionHostProcess.js:212:24094)
    at TracingChannel.traceSync (node:diagnostics_channel:322:14)
    at wrapModuleLoad (node:internal/modules/cjs/loader:244:24)
    at Module.require (node:internal/modules/cjs/loader:1470:12)
    at require (node:internal/modules/helpers:147:16)
    at kX.Cb (file:///opt/visual-studio-code/resources/app/out/vs/workbench/api/node/extensionHostProcess.js:251:1253)
2026-01-16 12:31:00.198 [error] navigator is now a global in nodejs, please see https://aka.ms/vscode-extensions/navigator for additional info on this error.: PendingMigrationError: navigator is now a global in nodejs, please see https://aka.ms/vscode-extensions/navigator for additional info on this error.
    at get (file:///opt/visual-studio-code/resources/app/out/vs/workbench/api/node/extensionHostProcess.js:402:6611)
    at g (/home/bryan/.vscode/extensions/ms-vscode-remote.remote-ssh-0.120.0/out/extension.js:2:283829)
    at /home/bryan/.vscode/extensions/ms-vscode-remote.remote-ssh-0.120.0/out/extension.js:2:283674
    at r (/home/bryan/.vscode/extensions/ms-vscode-remote.remote-ssh-0.120.0/out/extension.js:2:285048)
    at /home/bryan/.vscode/extensions/ms-vscode-remote.remote-ssh-0.120.0/out/extension.js:2:285217
    at Object.get (/home/bryan/.vscode/extensions/ms-vscode-remote.remote-ssh-0.120.0/out/extension.js:2:284567)
    at _ (/home/bryan/.vscode/extensions/ms-vscode-remote.remote-ssh-0.120.0/out/extension.js:2:284134)
    at O (/home/bryan/.vscode/extensions/ms-vscode-remote.remote-ssh-0.120.0/out/extension.js:2:229826)
    at /home/bryan/.vscode/extensions/ms-vscode-remote.remote-ssh-0.120.0/out/extension.js:2:163430
    at Object.p [as use] (/home/bryan/.vscode/extensions/ms-vscode-remote.remote-ssh-0.120.0/out/extension.js:2:205291)
    at /home/bryan/.vscode/extensions/ms-vscode-remote.remote-ssh-0.120.0/out/extension.js:2:206959
    at s.<computed> [as watch] (/home/bryan/.vscode/extensions/ms-vscode-remote.remote-ssh-0.120.0/out/extension.js:2:206970)
    at B (/home/bryan/.vscode/extensions/ms-vscode-remote.remote-ssh-0.120.0/out/extension.js:2:207589)
    at e.<computed> [as initialize] (/home/bryan/.vscode/extensions/ms-vscode-remote.remote-ssh-0.120.0/out/extension.js:2:162741)
    at e.n [as initialize] (/home/bryan/.vscode/extensions/ms-vscode-remote.remote-ssh-0.120.0/out/extension.js:2:275397)
    at /home/bryan/.vscode/extensions/ms-vscode-remote.remote-ssh-0.120.0/out/extension.js:2:170519
    at g (/home/bryan/.vscode/extensions/ms-vscode-remote.remote-ssh-0.120.0/out/extension.js:2:239634)
    at e.<computed> [as initialize] (/home/bryan/.vscode/extensions/ms-vscode-remote.remote-ssh-0.120.0/out/extension.js:2:169778)
    at t.n [as initialize] (/home/bryan/.vscode/extensions/ms-vscode-remote.remote-ssh-0.120.0/out/extension.js:2:275397)
    at Array.<anonymous> (/home/bryan/.vscode/extensions/ms-vscode-remote.remote-ssh-0.120.0/out/extension.js:2:244943)
    at o (/home/bryan/.vscode/extensions/ms-vscode-remote.remote-ssh-0.120.0/out/extension.js:2:280977)
    at u (/home/bryan/.vscode/extensions/ms-vscode-remote.remote-ssh-0.120.0/out/extension.js:2:244904)
    at ge (/home/bryan/.vscode/extensions/ms-vscode-remote.remote-ssh-0.120.0/out/extension.js:2:213632)
    at e.<computed> (/home/bryan/.vscode/extensions/ms-vscode-remote.remote-ssh-0.120.0/out/extension.js:2:216146)
    at Object.initialize (/home/bryan/.vscode/extensions/ms-vscode-remote.remote-ssh-0.120.0/out/extension.js:2:276131)
    at /home/bryan/.vscode/extensions/ms-vscode-remote.remote-ssh-0.120.0/out/extension.js:2:140366
    at g (/home/bryan/.vscode/extensions/ms-vscode-remote.remote-ssh-0.120.0/out/extension.js:2:239634)
    at e.<computed> [as initialize] (/home/bryan/.vscode/extensions/ms-vscode-remote.remote-ssh-0.120.0/out/extension.js:2:140291)
    at t.n [as initialize] (/home/bryan/.vscode/extensions/ms-vscode-remote.remote-ssh-0.120.0/out/extension.js:2:275397)
    at /home/bryan/.vscode/extensions/ms-vscode-remote.remote-ssh-0.120.0/out/extension.js:2:339701
    at async t.oneDataSystemClientFactory (/home/bryan/.vscode/extensions/ms-vscode-remote.remote-ssh-0.120.0/out/extension.js:2:339100)
2026-01-16 12:31:00.199 [info] Invoking resolveAuthority(ssh-remote)...
2026-01-16 12:31:00.199 [info] [LocalProcess0][resolveAuthority(ssh-remote,1)][0ms] obtaining proxy...
2026-01-16 12:31:00.202 [info] [LocalProcess0][resolveAuthority(ssh-remote,1)][3ms] invoking...
2026-01-16 12:31:01.202 [info] [LocalProcess0][resolveAuthority(ssh-remote,1)][1003ms] waiting...
2026-01-16 12:31:01.739 [info] MCP Registry configured: https://api.mcp.github.com
2026-01-16 12:31:02.202 [info] [LocalProcess0][resolveAuthority(ssh-remote,1)][2003ms] waiting...
2026-01-16 12:31:02.883 [error] [/home/bryan/.vscode/extensions/ms-vscode-remote.remote-ssh-0.122.0]: Extension is not compatible with Code 1.106.3. Extension requires: ^1.107.0.
2026-01-16 12:31:02.884 [error] [/home/bryan/.vscode/extensions/github.copilot-chat-0.35.0]: Extension is not compatible with Code 1.106.3. Extension requires: ^1.107.0-20251119.
2026-01-16 12:31:02.885 [error] [/home/bryan/.vscode/extensions/github.copilot-chat-0.36.0]: Extension is not compatible with Code 1.106.3. Extension requires: ^1.108.0.
2026-01-16 12:31:02.886 [error] [/home/bryan/.vscode/extensions/github.copilot-chat-0.35.2]: Extension is not compatible with Code 1.106.3. Extension requires: ^1.107.0-20251119.
2026-01-16 12:31:02.887 [error] [/home/bryan/.vscode/extensions/github.copilot-chat-0.36.1]: Extension is not compatible with Code 1.106.3. Extension requires: ^1.108.0.
2026-01-16 12:31:03.208 [info] [LocalProcess0][resolveAuthority(ssh-remote,1)][3009ms] waiting...
2026-01-16 12:31:04.202 [info] [LocalProcess0][resolveAuthority(ssh-remote,1)][4003ms] waiting...
2026-01-16 12:31:05.202 [info] [LocalProcess0][resolveAuthority(ssh-remote,1)][5003ms] waiting...
2026-01-16 12:31:05.991 [info] [LocalProcess0][resolveAuthority(ssh-remote,1)][5791ms] returned WebSocket(127.0.0.1:37183)
2026-01-16 12:31:05.991 [info] resolveAuthority(ssh-remote) returned 'WebSocket(127.0.0.1:37183)' after 5791 ms
2026-01-16 12:31:05.991 [info] Creating a socket (renderer-Management-b8191e7b-834e-474e-aefc-7ddaa44d3b26)...
2026-01-16 12:31:05.992 [info] Creating a socket (renderer-ExtensionHost-c66b34ff-dcdf-4cbd-9782-46140b70da22)...
2026-01-16 12:31:06.009 [info] Creating a socket (renderer-Management-b8191e7b-834e-474e-aefc-7ddaa44d3b26) was successful after 17 ms.
2026-01-16 12:31:06.037 [info] Creating a socket (renderer-ExtensionHost-c66b34ff-dcdf-4cbd-9782-46140b70da22) was successful after 45 ms.
2026-01-16 12:31:08.844 [info] Settings Sync: Account status changed from uninitialized to unavailable
2026-01-16 12:31:08.911 [error] Cannot change enablement of GitHub Copilot Chat extension because of its extension kind: Error: Cannot change enablement of GitHub Copilot Chat extension because of its extension kind
    at vQe.U (vscode-file://vscode-app/opt/visual-studio-code/resources/app/out/vs/workbench/workbench.desktop.main.js:1355:16893)
    at vQe.S (vscode-file://vscode-app/opt/visual-studio-code/resources/app/out/vs/workbench/workbench.desktop.main.js:1355:16593)
    at vQe.setEnablement (vscode-file://vscode-app/opt/visual-studio-code/resources/app/out/vs/workbench/workbench.desktop.main.js:1355:17641)
    at async Vut.rc (vscode-file://vscode-app/opt/visual-studio-code/resources/app/out/vs/workbench/workbench.desktop.main.js:2493:41838)
    at async Mne.m (vscode-file://vscode-app/opt/visual-studio-code/resources/app/out/vs/workbench/workbench.desktop.main.js:2237:43599)
2026-01-16 12:31:11.032 [info] [perf] Render performance baseline is 16ms
2026-01-16 12:43:05.184 [info] Extension host (Remote) is unresponsive.
2026-01-16 12:43:14.951 [info] [remote-connection][Management   ][b8191…][reconnect] received socket timeout event (unacknowledgedMsgCount: 7, timeSinceOldestUnacknowledgedMsg: 20000, timeSinceLastReceivedSomeData: 22000).
2026-01-16 12:43:14.951 [info] [remote-connection][Management   ][b8191…][reconnect] starting reconnecting loop. You can get more information with the trace log level.
2026-01-16 12:43:14.952 [info] [remote-connection][Management   ][b8191…][reconnect] resolving connection...
2026-01-16 12:43:14.952 [info] Invoking resolveAuthority(ssh-remote)...
2026-01-16 12:43:14.952 [info] [LocalProcess0][resolveAuthority(ssh-remote,2)][0ms] obtaining proxy...
2026-01-16 12:43:14.952 [info] [LocalProcess0][resolveAuthority(ssh-remote,2)][0ms] invoking...
2026-01-16 12:43:15.953 [info] [LocalProcess0][resolveAuthority(ssh-remote,2)][1000ms] waiting...
2026-01-16 12:43:16.953 [info] [LocalProcess0][resolveAuthority(ssh-remote,2)][2000ms] waiting...
2026-01-16 12:43:17.953 [info] [LocalProcess0][resolveAuthority(ssh-remote,2)][3000ms] waiting...
2026-01-16 12:43:18.953 [info] [LocalProcess0][resolveAuthority(ssh-remote,2)][4000ms] waiting...
2026-01-16 12:43:19.953 [info] [LocalProcess0][resolveAuthority(ssh-remote,2)][5000ms] waiting...
2026-01-16 12:43:20.953 [info] [LocalProcess0][resolveAuthority(ssh-remote,2)][6000ms] waiting...
2026-01-16 12:43:21.185 [info] [remote-connection][ExtensionHost][c66b3…][reconnect] received socket timeout event (unacknowledgedMsgCount: 40, timeSinceOldestUnacknowledgedMsg: 20000, timeSinceLastReceivedSomeData: 30535).
2026-01-16 12:43:21.185 [info] [remote-connection][ExtensionHost][c66b3…][reconnect] starting reconnecting loop. You can get more information with the trace log level.
2026-01-16 12:43:21.185 [info] [remote-connection][ExtensionHost][c66b3…][reconnect] resolving connection...
2026-01-16 12:43:21.953 [info] [LocalProcess0][resolveAuthority(ssh-remote,2)][7000ms] waiting...
2026-01-16 12:43:22.772 [error] [LocalProcess0][resolveAuthority(ssh-remote,2)][7820ms] returned an error {"code":"TemporarilyNotAvailable","message":"No route to host"}
2026-01-16 12:43:22.772 [error] resolveAuthority(ssh-remote) returned an error after 7820 ms No route to host
2026-01-16 12:43:22.773 [info] [remote-connection][Management   ][b8191…][reconnect] A temporarily not available error occurred while trying to reconnect, will try again...
2026-01-16 12:43:22.773 [info] [remote-connection][Management   ][b8191…][reconnect] waiting for 5 seconds before reconnecting...
2026-01-16 12:43:22.773 [info] [remote-connection][ExtensionHost][c66b3…][reconnect] A temporarily not available error occurred while trying to reconnect, will try again...
2026-01-16 12:43:22.773 [info] [remote-connection][ExtensionHost][c66b3…][reconnect] waiting for 5 seconds before reconnecting...
2026-01-16 12:43:27.773 [info] [remote-connection][Management   ][b8191…][reconnect] resolving connection...
2026-01-16 12:43:27.773 [info] Invoking resolveAuthority(ssh-remote)...
2026-01-16 12:43:27.773 [info] [LocalProcess0][resolveAuthority(ssh-remote,3)][0ms] obtaining proxy...
2026-01-16 12:43:27.774 [info] [LocalProcess0][resolveAuthority(ssh-remote,3)][0ms] invoking...
2026-01-16 12:43:27.774 [info] [remote-connection][ExtensionHost][c66b3…][reconnect] resolving connection...
2026-01-16 12:43:28.774 [info] [LocalProcess0][resolveAuthority(ssh-remote,3)][1000ms] waiting...
2026-01-16 12:43:29.774 [info] [LocalProcess0][resolveAuthority(ssh-remote,3)][2000ms] waiting...
2026-01-16 12:43:30.774 [info] [LocalProcess0][resolveAuthority(ssh-remote,3)][3000ms] waiting...
2026-01-16 12:43:31.196 [error] [LocalProcess0][resolveAuthority(ssh-remote,3)][3423ms] returned an error {"code":"TemporarilyNotAvailable","message":"No route to host"}
2026-01-16 12:43:31.197 [error] resolveAuthority(ssh-remote) returned an error after 3423 ms No route to host
2026-01-16 12:43:31.197 [info] [remote-connection][Management   ][b8191…][reconnect] A temporarily not available error occurred while trying to reconnect, will try again...
2026-01-16 12:43:31.197 [info] [remote-connection][Management   ][b8191…][reconnect] waiting for 5 seconds before reconnecting...
2026-01-16 12:43:31.197 [info] [remote-connection][ExtensionHost][c66b3…][reconnect] A temporarily not available error occurred while trying to reconnect, will try again...
2026-01-16 12:43:31.197 [info] [remote-connection][ExtensionHost][c66b3…][reconnect] waiting for 5 seconds before reconnecting...
2026-01-16 12:43:34.950 [info] [remote-connection][Management   ][b8191…][reconnect] received socket timeout event (unacknowledgedMsgCount: 20, timeSinceOldestUnacknowledgedMsg: 40000, timeSinceLastReceivedSomeData: 42000).
2026-01-16 12:43:36.197 [info] [remote-connection][Management   ][b8191…][reconnect] resolving connection...
2026-01-16 12:43:36.197 [info] Invoking resolveAuthority(ssh-remote)...
2026-01-16 12:43:36.197 [info] [LocalProcess0][resolveAuthority(ssh-remote,4)][0ms] obtaining proxy...
2026-01-16 12:43:36.197 [info] [LocalProcess0][resolveAuthority(ssh-remote,4)][0ms] invoking...
2026-01-16 12:43:36.200 [info] [remote-connection][ExtensionHost][c66b3…][reconnect] resolving connection...
2026-01-16 12:43:37.197 [info] [LocalProcess0][resolveAuthority(ssh-remote,4)][1000ms] waiting...
2026-01-16 12:43:38.197 [info] [LocalProcess0][resolveAuthority(ssh-remote,4)][2000ms] waiting...
2026-01-16 12:43:39.197 [info] [LocalProcess0][resolveAuthority(ssh-remote,4)][3000ms] waiting...
2026-01-16 12:43:39.644 [error] [LocalProcess0][resolveAuthority(ssh-remote,4)][3447ms] returned an error {"code":"TemporarilyNotAvailable","message":"No route to host"}
2026-01-16 12:43:39.644 [error] resolveAuthority(ssh-remote) returned an error after 3447 ms No route to host
2026-01-16 12:43:39.644 [info] [remote-connection][Management   ][b8191…][reconnect] A temporarily not available error occurred while trying to reconnect, will try again...
2026-01-16 12:43:39.644 [info] [remote-connection][Management   ][b8191…][reconnect] waiting for 10 seconds before reconnecting...
2026-01-16 12:43:39.645 [info] [remote-connection][ExtensionHost][c66b3…][reconnect] A temporarily not available error occurred while trying to reconnect, will try again...
2026-01-16 12:43:39.645 [info] [remote-connection][ExtensionHost][c66b3…][reconnect] waiting for 10 seconds before reconnecting...
2026-01-16 12:43:41.185 [info] [remote-connection][ExtensionHost][c66b3…][reconnect] received socket timeout event (unacknowledgedMsgCount: 75, timeSinceOldestUnacknowledgedMsg: 40000, timeSinceLastReceivedSomeData: 50535).
2026-01-16 12:43:49.645 [info] [remote-connection][Management   ][b8191…][reconnect] resolving connection...
2026-01-16 12:43:49.645 [info] Invoking resolveAuthority(ssh-remote)...
2026-01-16 12:43:49.645 [info] [LocalProcess0][resolveAuthority(ssh-remote,5)][0ms] obtaining proxy...
2026-01-16 12:43:49.645 [info] [LocalProcess0][resolveAuthority(ssh-remote,5)][0ms] invoking...
2026-01-16 12:43:49.648 [info] [remote-connection][ExtensionHost][c66b3…][reconnect] resolving connection...
2026-01-16 12:43:50.646 [info] [LocalProcess0][resolveAuthority(ssh-remote,5)][1000ms] waiting...
2026-01-16 12:43:51.646 [info] [LocalProcess0][resolveAuthority(ssh-remote,5)][2000ms] waiting...
2026-01-16 12:43:52.646 [info] [LocalProcess0][resolveAuthority(ssh-remote,5)][3000ms] waiting...
2026-01-16 12:43:53.085 [error] [LocalProcess0][resolveAuthority(ssh-remote,5)][3440ms] returned an error {"code":"TemporarilyNotAvailable","message":"No route to host"}
2026-01-16 12:43:53.085 [error] resolveAuthority(ssh-remote) returned an error after 3440 ms No route to host
2026-01-16 12:43:53.086 [info] [remote-connection][Management   ][b8191…][reconnect] A temporarily not available error occurred while trying to reconnect, will try again...
2026-01-16 12:43:53.086 [info] [remote-connection][Management   ][b8191…][reconnect] waiting for 10 seconds before reconnecting...
2026-01-16 12:43:53.086 [info] [remote-connection][ExtensionHost][c66b3…][reconnect] A temporarily not available error occurred while trying to reconnect, will try again...
2026-01-16 12:43:53.086 [info] [remote-connection][ExtensionHost][c66b3…][reconnect] waiting for 10 seconds before reconnecting...
2026-01-16 12:43:54.568 [info] [remote-connection][ExtensionHost][c66b3…][reconnect] received socket close event (wasClean: false, code: 1006, reason: ).
2026-01-16 12:43:54.568 [error] {"isTrusted":true}
2026-01-16 12:43:54.568 [info] [remote-connection][Management   ][b8191…][reconnect] received socket close event (wasClean: false, code: 1006, reason: ).
2026-01-16 12:43:54.568 [error] {"isTrusted":true}
2026-01-16 12:43:54.951 [info] [remote-connection][Management   ][b8191…][reconnect] received socket timeout event (unacknowledgedMsgCount: 28, timeSinceOldestUnacknowledgedMsg: 60000, timeSinceLastReceivedSomeData: 62000).
2026-01-16 12:44:01.184 [info] [remote-connection][ExtensionHost][c66b3…][reconnect] received socket timeout event (unacknowledgedMsgCount: 85, timeSinceOldestUnacknowledgedMsg: 60000, timeSinceLastReceivedSomeData: 70535).
2026-01-16 12:44:03.086 [info] [remote-connection][Management   ][b8191…][reconnect] resolving connection...
2026-01-16 12:44:03.086 [info] Invoking resolveAuthority(ssh-remote)...
2026-01-16 12:44:03.086 [info] [LocalProcess0][resolveAuthority(ssh-remote,6)][0ms] obtaining proxy...
2026-01-16 12:44:03.086 [info] [LocalProcess0][resolveAuthority(ssh-remote,6)][0ms] invoking...
2026-01-16 12:44:03.089 [info] [remote-connection][ExtensionHost][c66b3…][reconnect] resolving connection...
2026-01-16 12:44:04.086 [info] [LocalProcess0][resolveAuthority(ssh-remote,6)][1000ms] waiting...
2026-01-16 12:44:05.086 [info] [LocalProcess0][resolveAuthority(ssh-remote,6)][2000ms] waiting...
2026-01-16 12:44:06.086 [info] [LocalProcess0][resolveAuthority(ssh-remote,6)][3000ms] waiting...
2026-01-16 12:44:07.086 [info] [LocalProcess0][resolveAuthority(ssh-remote,6)][4000ms] waiting...
2026-01-16 12:44:08.086 [info] [LocalProcess0][resolveAuthority(ssh-remote,6)][5000ms] waiting...
2026-01-16 12:44:09.086 [info] [LocalProcess0][resolveAuthority(ssh-remote,6)][6000ms] waiting...
2026-01-16 12:44:10.086 [info] [LocalProcess0][resolveAuthority(ssh-remote,6)][7000ms] waiting...
2026-01-16 12:44:11.086 [info] [LocalProcess0][resolveAuthority(ssh-remote,6)][8000ms] waiting...
2026-01-16 12:44:12.086 [info] [LocalProcess0][resolveAuthority(ssh-remote,6)][9000ms] waiting...
2026-01-16 12:44:13.086 [info] [LocalProcess0][resolveAuthority(ssh-remote,6)][10000ms] waiting...
2026-01-16 12:44:14.086 [info] [LocalProcess0][resolveAuthority(ssh-remote,6)][11000ms] waiting...
2026-01-16 12:44:14.951 [info] [remote-connection][Management   ][b8191…][reconnect] received socket timeout event (unacknowledgedMsgCount: 35, timeSinceOldestUnacknowledgedMsg: 80000, timeSinceLastReceivedSomeData: 82000).
2026-01-16 12:44:15.086 [info] [LocalProcess0][resolveAuthority(ssh-remote,6)][12000ms] waiting...
2026-01-16 12:44:16.086 [info] [LocalProcess0][resolveAuthority(ssh-remote,6)][13000ms] waiting...
2026-01-16 12:44:17.086 [info] [LocalProcess0][resolveAuthority(ssh-remote,6)][14000ms] waiting...
2026-01-16 12:44:18.086 [info] [LocalProcess0][resolveAuthority(ssh-remote,6)][15000ms] waiting...
2026-01-16 12:44:18.527 [info] [LocalProcess0][resolveAuthority(ssh-remote,6)][15441ms] returned WebSocket(127.0.0.1:37515)
2026-01-16 12:44:18.528 [info] resolveAuthority(ssh-remote) returned 'WebSocket(127.0.0.1:37515)' after 15441 ms
2026-01-16 12:44:18.528 [info] [remote-connection][Management   ][b8191…][reconnect] connecting to WebSocket(127.0.0.1:37515)...
2026-01-16 12:44:18.528 [info] Creating a socket (renderer-Management-b8191e7b-834e-474e-aefc-7ddaa44d3b26)...
2026-01-16 12:44:18.528 [info] [remote-connection][ExtensionHost][c66b3…][reconnect] connecting to WebSocket(127.0.0.1:37515)...
2026-01-16 12:44:18.529 [info] Creating a socket (renderer-ExtensionHost-c66b34ff-dcdf-4cbd-9782-46140b70da22)...
2026-01-16 12:44:21.184 [info] [remote-connection][ExtensionHost][c66b3…][reconnect] received socket timeout event (unacknowledgedMsgCount: 117, timeSinceOldestUnacknowledgedMsg: 80000, timeSinceLastReceivedSomeData: 90535).
2026-01-16 12:44:21.874 [info] Creating a socket (renderer-Management-b8191e7b-834e-474e-aefc-7ddaa44d3b26) was successful after 3346 ms.
2026-01-16 12:44:22.386 [info] Creating a socket (renderer-ExtensionHost-c66b34ff-dcdf-4cbd-9782-46140b70da22) was successful after 3857 ms.
2026-01-16 12:44:22.535 [error] [remote-connection][Management   ][b8191…][reconnect][WebSocket(127.0.0.1:37515)] received error control message when negotiating connection. Error:
2026-01-16 12:44:22.536 [error] Error: Connection error: Unknown reconnection token (never seen)
    at XAi (vscode-file://vscode-app/opt/visual-studio-code/resources/app/out/vs/workbench/workbench.desktop.main.js:3032:40421)
    at Ple.value (vscode-file://vscode-app/opt/visual-studio-code/resources/app/out/vs/workbench/workbench.desktop.main.js:3032:32560)
    at I.C (vscode-file://vscode-app/opt/visual-studio-code/resources/app/out/vs/workbench/workbench.desktop.main.js:29:2392)
    at I.fire (vscode-file://vscode-app/opt/visual-studio-code/resources/app/out/vs/workbench/workbench.desktop.main.js:29:2611)
    at lj.fire (vscode-file://vscode-app/opt/visual-studio-code/resources/app/out/vs/workbench/workbench.desktop.main.js:561:10345)
    at nks.A (vscode-file://vscode-app/opt/visual-studio-code/resources/app/out/vs/workbench/workbench.desktop.main.js:561:13504)
    at Ple.value (vscode-file://vscode-app/opt/visual-studio-code/resources/app/out/vs/workbench/workbench.desktop.main.js:561:12871)
    at I.C (vscode-file://vscode-app/opt/visual-studio-code/resources/app/out/vs/workbench/workbench.desktop.main.js:29:2392)
    at I.fire (vscode-file://vscode-app/opt/visual-studio-code/resources/app/out/vs/workbench/workbench.desktop.main.js:29:2611)
    at mqe.acceptChunk (vscode-file://vscode-app/opt/visual-studio-code/resources/app/out/vs/workbench/workbench.desktop.main.js:561:8132)
2026-01-16 12:44:22.536 [error] [remote-connection][Management   ][b8191…][reconnect] A permanent error occurred in the reconnecting loop! Will give up now! Error:
2026-01-16 12:44:22.536 [error] Error: Connection error: Unknown reconnection token (never seen)
    at XAi (vscode-file://vscode-app/opt/visual-studio-code/resources/app/out/vs/workbench/workbench.desktop.main.js:3032:40421)
    at Ple.value (vscode-file://vscode-app/opt/visual-studio-code/resources/app/out/vs/workbench/workbench.desktop.main.js:3032:32560)
    at I.C (vscode-file://vscode-app/opt/visual-studio-code/resources/app/out/vs/workbench/workbench.desktop.main.js:29:2392)
    at I.fire (vscode-file://vscode-app/opt/visual-studio-code/resources/app/out/vs/workbench/workbench.desktop.main.js:29:2611)
    at lj.fire (vscode-file://vscode-app/opt/visual-studio-code/resources/app/out/vs/workbench/workbench.desktop.main.js:561:10345)
    at nks.A (vscode-file://vscode-app/opt/visual-studio-code/resources/app/out/vs/workbench/workbench.desktop.main.js:561:13504)
    at Ple.value (vscode-file://vscode-app/opt/visual-studio-code/resources/app/out/vs/workbench/workbench.desktop.main.js:561:12871)
    at I.C (vscode-file://vscode-app/opt/visual-studio-code/resources/app/out/vs/workbench/workbench.desktop.main.js:29:2392)
    at I.fire (vscode-file://vscode-app/opt/visual-studio-code/resources/app/out/vs/workbench/workbench.desktop.main.js:29:2611)
    at mqe.acceptChunk (vscode-file://vscode-app/opt/visual-studio-code/resources/app/out/vs/workbench/workbench.desktop.main.js:561:8132)
2026-01-16 12:44:22.539 [error] Error: Unable to read file 'vscode-remote://ssh-remote+pi-zero/home/bryan/PICAM/.vscode/settings.json' (Canceled: Canceled)
    at Kkt.G (vscode-file://vscode-app/opt/visual-studio-code/resources/app/out/vs/workbench/workbench.desktop.main.js:3828:65903)
    at Kkt.F (vscode-file://vscode-app/opt/visual-studio-code/resources/app/out/vs/workbench/workbench.desktop.main.js:3828:65728)
    at async Kkt.C (vscode-file://vscode-app/opt/visual-studio-code/resources/app/out/vs/workbench/workbench.desktop.main.js:3828:65095)
    at async Object.factory (vscode-file://vscode-app/opt/visual-studio-code/resources/app/out/vs/workbench/workbench.desktop.main.js:3828:64999)
2026-01-16 12:44:22.540 [error] Error: Unable to read file 'vscode-remote://ssh-remote+pi-zero/home/bryan/PICAM/.vscode/tasks.json' (Canceled: Canceled)
    at Kkt.G (vscode-file://vscode-app/opt/visual-studio-code/resources/app/out/vs/workbench/workbench.desktop.main.js:3828:65903)
    at Kkt.F (vscode-file://vscode-app/opt/visual-studio-code/resources/app/out/vs/workbench/workbench.desktop.main.js:3828:65728)
    at async Kkt.C (vscode-file://vscode-app/opt/visual-studio-code/resources/app/out/vs/workbench/workbench.desktop.main.js:3828:65095)
    at async Object.factory (vscode-file://vscode-app/opt/visual-studio-code/resources/app/out/vs/workbench/workbench.desktop.main.js:3828:64999)
2026-01-16 12:44:22.540 [error] Error: Unable to read file 'vscode-remote://ssh-remote+pi-zero/home/bryan/PICAM/.vscode/launch.json' (Canceled: Canceled)
    at Kkt.G (vscode-file://vscode-app/opt/visual-studio-code/resources/app/out/vs/workbench/workbench.desktop.main.js:3828:65903)
    at Kkt.F (vscode-file://vscode-app/opt/visual-studio-code/resources/app/out/vs/workbench/workbench.desktop.main.js:3828:65728)
    at async Kkt.C (vscode-file://vscode-app/opt/visual-studio-code/resources/app/out/vs/workbench/workbench.desktop.main.js:3828:65095)
    at async Object.factory (vscode-file://vscode-app/opt/visual-studio-code/resources/app/out/vs/workbench/workbench.desktop.main.js:3828:64999)
2026-01-16 12:44:22.540 [error] Error: Unable to read file 'vscode-remote://ssh-remote+pi-zero/home/bryan/PICAM/.vscode/mcp.json' (Canceled: Canceled)
    at Kkt.G (vscode-file://vscode-app/opt/visual-studio-code/resources/app/out/vs/workbench/workbench.desktop.main.js:3828:65903)
    at Kkt.F (vscode-file://vscode-app/opt/visual-studio-code/resources/app/out/vs/workbench/workbench.desktop.main.js:3828:65728)
    at async Kkt.C (vscode-file://vscode-app/opt/visual-studio-code/resources/app/out/vs/workbench/workbench.desktop.main.js:3828:65095)
    at async Object.factory (vscode-file://vscode-app/opt/visual-studio-code/resources/app/out/vs/workbench/workbench.desktop.main.js:3828:64999)
2026-01-16 12:44:22.541 [error] Unable to read file 'vscode-remote://ssh-remote+pi-zero/home/bryan/PICAM/test.py' (Canceled: Canceled): Error: Unable to read file 'vscode-remote://ssh-remote+pi-zero/home/bryan/PICAM/test.py' (Canceled: Canceled)
    at Kkt.G (vscode-file://vscode-app/opt/visual-studio-code/resources/app/out/vs/workbench/workbench.desktop.main.js:3828:65903)
    at Kkt.F (vscode-file://vscode-app/opt/visual-studio-code/resources/app/out/vs/workbench/workbench.desktop.main.js:3828:65728)
    at async hxt.L (vscode-file://vscode-app/opt/visual-studio-code/resources/app/out/vs/workbench/workbench.desktop.main.js:3833:9998)
    at async hxt.readStream (vscode-file://vscode-app/opt/visual-studio-code/resources/app/out/vs/workbench/workbench.desktop.main.js:3833:9773)
    at async kye.Eb (vscode-file://vscode-app/opt/visual-studio-code/resources/app/out/vs/workbench/workbench.desktop.main.js:1313:12359)
    at async kye.resolve (vscode-file://vscode-app/opt/visual-studio-code/resources/app/out/vs/workbench/workbench.desktop.main.js:1313:10834)
    at async vscode-file://vscode-app/opt/visual-studio-code/resources/app/out/vs/workbench/workbench.desktop.main.js:3833:6355
2026-01-16 12:44:22.548 [error] Unable to read file 'vscode-remote://ssh-remote+pi-zero/home/bryan/PICAM/buttons.py' (Canceled: Canceled): Error: Unable to read file 'vscode-remote://ssh-remote+pi-zero/home/bryan/PICAM/buttons.py' (Canceled: Canceled)
    at Kkt.G (vscode-file://vscode-app/opt/visual-studio-code/resources/app/out/vs/workbench/workbench.desktop.main.js:3828:65903)
    at Kkt.F (vscode-file://vscode-app/opt/visual-studio-code/resources/app/out/vs/workbench/workbench.desktop.main.js:3828:65728)
    at async hxt.L (vscode-file://vscode-app/opt/visual-studio-code/resources/app/out/vs/workbench/workbench.desktop.main.js:3833:9998)
    at async hxt.readStream (vscode-file://vscode-app/opt/visual-studio-code/resources/app/out/vs/workbench/workbench.desktop.main.js:3833:9773)
    at async kye.Eb (vscode-file://vscode-app/opt/visual-studio-code/resources/app/out/vs/workbench/workbench.desktop.main.js:1313:12359)
    at async kye.resolve (vscode-file://vscode-app/opt/visual-studio-code/resources/app/out/vs/workbench/workbench.desktop.main.js:1313:10834)
    at async vscode-file://vscode-app/opt/visual-studio-code/resources/app/out/vs/workbench/workbench.desktop.main.js:3833:6355
2026-01-16 12:44:22.548 [error] Error: Unable to read file 'vscode-remote://ssh-remote+pi-zero/home/bryan/PICAM/.vscode/settings.json' (Canceled: Canceled)
    at Kkt.G (vscode-file://vscode-app/opt/visual-studio-code/resources/app/out/vs/workbench/workbench.desktop.main.js:3828:65903)
    at Kkt.F (vscode-file://vscode-app/opt/visual-studio-code/resources/app/out/vs/workbench/workbench.desktop.main.js:3828:65728)
    at async Kkt.C (vscode-file://vscode-app/opt/visual-studio-code/resources/app/out/vs/workbench/workbench.desktop.main.js:3828:65095)
    at async Object.factory (vscode-file://vscode-app/opt/visual-studio-code/resources/app/out/vs/workbench/workbench.desktop.main.js:3828:64999)
2026-01-16 12:44:22.548 [error] Error: Unable to read file 'vscode-remote://ssh-remote+pi-zero/home/bryan/PICAM/.vscode/tasks.json' (Canceled: Canceled)
    at Kkt.G (vscode-file://vscode-app/opt/visual-studio-code/resources/app/out/vs/workbench/workbench.desktop.main.js:3828:65903)
    at Kkt.F (vscode-file://vscode-app/opt/visual-studio-code/resources/app/out/vs/workbench/workbench.desktop.main.js:3828:65728)
    at async Kkt.C (vscode-file://vscode-app/opt/visual-studio-code/resources/app/out/vs/workbench/workbench.desktop.main.js:3828:65095)
    at async Object.factory (vscode-file://vscode-app/opt/visual-studio-code/resources/app/out/vs/workbench/workbench.desktop.main.js:3828:64999)
2026-01-16 12:44:22.548 [error] Error: Unable to read file 'vscode-remote://ssh-remote+pi-zero/home/bryan/PICAM/.vscode/launch.json' (Canceled: Canceled)
    at Kkt.G (vscode-file://vscode-app/opt/visual-studio-code/resources/app/out/vs/workbench/workbench.desktop.main.js:3828:65903)
    at Kkt.F (vscode-file://vscode-app/opt/visual-studio-code/resources/app/out/vs/workbench/workbench.desktop.main.js:3828:65728)
    at async Kkt.C (vscode-file://vscode-app/opt/visual-studio-code/resources/app/out/vs/workbench/workbench.desktop.main.js:3828:65095)
    at async Object.factory (vscode-file://vscode-app/opt/visual-studio-code/resources/app/out/vs/workbench/workbench.desktop.main.js:3828:64999)
2026-01-16 12:44:22.549 [error] Error: Unable to read file 'vscode-remote://ssh-remote+pi-zero/home/bryan/PICAM/.vscode/mcp.json' (Canceled: Canceled)
    at Kkt.G (vscode-file://vscode-app/opt/visual-studio-code/resources/app/out/vs/workbench/workbench.desktop.main.js:3828:65903)
    at Kkt.F (vscode-file://vscode-app/opt/visual-studio-code/resources/app/out/vs/workbench/workbench.desktop.main.js:3828:65728)
    at async Kkt.C (vscode-file://vscode-app/opt/visual-studio-code/resources/app/out/vs/workbench/workbench.desktop.main.js:3828:65095)
    at async Object.factory (vscode-file://vscode-app/opt/visual-studio-code/resources/app/out/vs/workbench/workbench.desktop.main.js:3828:64999)
2026-01-16 12:44:22.677 [error] [remote-connection][ExtensionHost][c66b3…][reconnect][WebSocket(127.0.0.1:37515)] received error control message when negotiating connection. Error:
2026-01-16 12:44:22.678 [error] Error: Connection error: Unknown reconnection token (never seen)
    at XAi (vscode-file://vscode-app/opt/visual-studio-code/resources/app/out/vs/workbench/workbench.desktop.main.js:3032:40421)
    at Ple.value (vscode-file://vscode-app/opt/visual-studio-code/resources/app/out/vs/workbench/workbench.desktop.main.js:3032:32560)
    at I.C (vscode-file://vscode-app/opt/visual-studio-code/resources/app/out/vs/workbench/workbench.desktop.main.js:29:2392)
    at I.fire (vscode-file://vscode-app/opt/visual-studio-code/resources/app/out/vs/workbench/workbench.desktop.main.js:29:2611)
    at lj.fire (vscode-file://vscode-app/opt/visual-studio-code/resources/app/out/vs/workbench/workbench.desktop.main.js:561:10345)
    at nks.A (vscode-file://vscode-app/opt/visual-studio-code/resources/app/out/vs/workbench/workbench.desktop.main.js:561:13504)
    at Ple.value (vscode-file://vscode-app/opt/visual-studio-code/resources/app/out/vs/workbench/workbench.desktop.main.js:561:12871)
    at I.C (vscode-file://vscode-app/opt/visual-studio-code/resources/app/out/vs/workbench/workbench.desktop.main.js:29:2392)
    at I.fire (vscode-file://vscode-app/opt/visual-studio-code/resources/app/out/vs/workbench/workbench.desktop.main.js:29:2611)
    at mqe.acceptChunk (vscode-file://vscode-app/opt/visual-studio-code/resources/app/out/vs/workbench/workbench.desktop.main.js:561:8132)
2026-01-16 12:44:22.678 [error] [remote-connection][ExtensionHost][c66b3…][reconnect] A permanent error occurred in the reconnecting loop! Will give up now! Error:
2026-01-16 12:44:22.678 [error] Error: Connection error: Unknown reconnection token (never seen)
    at XAi (vscode-file://vscode-app/opt/visual-studio-code/resources/app/out/vs/workbench/workbench.desktop.main.js:3032:40421)
    at Ple.value (vscode-file://vscode-app/opt/visual-studio-code/resources/app/out/vs/workbench/workbench.desktop.main.js:3032:32560)
    at I.C (vscode-file://vscode-app/opt/visual-studio-code/resources/app/out/vs/workbench/workbench.desktop.main.js:29:2392)
    at I.fire (vscode-file://vscode-app/opt/visual-studio-code/resources/app/out/vs/workbench/workbench.desktop.main.js:29:2611)
    at lj.fire (vscode-file://vscode-app/opt/visual-studio-code/resources/app/out/vs/workbench/workbench.desktop.main.js:561:10345)
    at nks.A (vscode-file://vscode-app/opt/visual-studio-code/resources/app/out/vs/workbench/workbench.desktop.main.js:561:13504)
    at Ple.value (vscode-file://vscode-app/opt/visual-studio-code/resources/app/out/vs/workbench/workbench.desktop.main.js:561:12871)
    at I.C (vscode-file://vscode-app/opt/visual-studio-code/resources/app/out/vs/workbench/workbench.desktop.main.js:29:2392)
    at I.fire (vscode-file://vscode-app/opt/visual-studio-code/resources/app/out/vs/workbench/workbench.desktop.main.js:29:2611)
    at mqe.acceptChunk (vscode-file://vscode-app/opt/visual-studio-code/resources/app/out/vs/workbench/workbench.desktop.main.js:561:8132)
2026-01-16 12:44:25.103 [warning] Creation of workbench contribution 'terminalMain' took 90ms.
2026-01-16 12:44:25.259 [info] Started local extension host with pid 62678.
2026-01-16 12:44:25.641 [error] navigator is now a global in nodejs, please see https://aka.ms/vscode-extensions/navigator for additional info on this error.: PendingMigrationError: navigator is now a global in nodejs, please see https://aka.ms/vscode-extensions/navigator for additional info on this error.
    at get (file:///opt/visual-studio-code/resources/app/out/vs/workbench/api/node/extensionHostProcess.js:402:6611)
    at Object.<anonymous> (/home/bryan/.vscode/extensions/ms-vscode-remote.remote-ssh-0.120.0/out/extension.js:2:486184)
    at 19534 (/home/bryan/.vscode/extensions/ms-vscode-remote.remote-ssh-0.120.0/out/extension.js:2:504894)
    at r (/home/bryan/.vscode/extensions/ms-vscode-remote.remote-ssh-0.120.0/out/extension.js:2:1108387)
    at 92839 (/home/bryan/.vscode/extensions/ms-vscode-remote.remote-ssh-0.120.0/out/extension.js:2:466959)
    at r (/home/bryan/.vscode/extensions/ms-vscode-remote.remote-ssh-0.120.0/out/extension.js:2:1108387)
    at 49424 (/home/bryan/.vscode/extensions/ms-vscode-remote.remote-ssh-0.120.0/out/extension.js:2:465816)
    at r (/home/bryan/.vscode/extensions/ms-vscode-remote.remote-ssh-0.120.0/out/extension.js:2:1108387)
    at 17130 (/home/bryan/.vscode/extensions/ms-vscode-remote.remote-ssh-0.120.0/out/extension.js:2:596135)
    at r (/home/bryan/.vscode/extensions/ms-vscode-remote.remote-ssh-0.120.0/out/extension.js:2:1108387)
    at 87631 (/home/bryan/.vscode/extensions/ms-vscode-remote.remote-ssh-0.120.0/out/extension.js:2:576866)
    at r (/home/bryan/.vscode/extensions/ms-vscode-remote.remote-ssh-0.120.0/out/extension.js:2:1108387)
    at 65861 (/home/bryan/.vscode/extensions/ms-vscode-remote.remote-ssh-0.120.0/out/extension.js:2:600705)
    at r (/home/bryan/.vscode/extensions/ms-vscode-remote.remote-ssh-0.120.0/out/extension.js:2:1108387)
    at 91577 (/home/bryan/.vscode/extensions/ms-vscode-remote.remote-ssh-0.120.0/out/extension.js:2:856974)
    at r (/home/bryan/.vscode/extensions/ms-vscode-remote.remote-ssh-0.120.0/out/extension.js:2:1108387)
    at 94111 (/home/bryan/.vscode/extensions/ms-vscode-remote.remote-ssh-0.120.0/out/extension.js:2:819912)
    at r (/home/bryan/.vscode/extensions/ms-vscode-remote.remote-ssh-0.120.0/out/extension.js:2:1108387)
    at 35187 (/home/bryan/.vscode/extensions/ms-vscode-remote.remote-ssh-0.120.0/out/extension.js:2:690327)
    at r (/home/bryan/.vscode/extensions/ms-vscode-remote.remote-ssh-0.120.0/out/extension.js:2:1108387)
    at 64417 (/home/bryan/.vscode/extensions/ms-vscode-remote.remote-ssh-0.120.0/out/extension.js:2:846572)
    at r (/home/bryan/.vscode/extensions/ms-vscode-remote.remote-ssh-0.120.0/out/extension.js:2:1108387)
    at 24847 (/home/bryan/.vscode/extensions/ms-vscode-remote.remote-ssh-0.120.0/out/extension.js:2:828930)
    at r (/home/bryan/.vscode/extensions/ms-vscode-remote.remote-ssh-0.120.0/out/extension.js:2:1108387)
    at 54788 (/home/bryan/.vscode/extensions/ms-vscode-remote.remote-ssh-0.120.0/out/extension.js:2:788284)
    at r (/home/bryan/.vscode/extensions/ms-vscode-remote.remote-ssh-0.120.0/out/extension.js:2:1108387)
    at 30729 (/home/bryan/.vscode/extensions/ms-vscode-remote.remote-ssh-0.120.0/out/extension.js:2:682648)
    at r (/home/bryan/.vscode/extensions/ms-vscode-remote.remote-ssh-0.120.0/out/extension.js:2:1108387)
    at 24430 (/home/bryan/.vscode/extensions/ms-vscode-remote.remote-ssh-0.120.0/out/extension.js:2:837945)
    at r (/home/bryan/.vscode/extensions/ms-vscode-remote.remote-ssh-0.120.0/out/extension.js:2:1108387)
    at 52584 (/home/bryan/.vscode/extensions/ms-vscode-remote.remote-ssh-0.120.0/out/extension.js:2:811300)
    at r (/home/bryan/.vscode/extensions/ms-vscode-remote.remote-ssh-0.120.0/out/extension.js:2:1108387)
    at 69480 (/home/bryan/.vscode/extensions/ms-vscode-remote.remote-ssh-0.120.0/out/extension.js:2:800490)
    at r (/home/bryan/.vscode/extensions/ms-vscode-remote.remote-ssh-0.120.0/out/extension.js:2:1108387)
    at 71535 (/home/bryan/.vscode/extensions/ms-vscode-remote.remote-ssh-0.120.0/out/extension.js:2:680397)
    at r (/home/bryan/.vscode/extensions/ms-vscode-remote.remote-ssh-0.120.0/out/extension.js:2:1108387)
    at /home/bryan/.vscode/extensions/ms-vscode-remote.remote-ssh-0.120.0/out/extension.js:2:1109251
    at /home/bryan/.vscode/extensions/ms-vscode-remote.remote-ssh-0.120.0/out/extension.js:2:1117584
    at Object.<anonymous> (/home/bryan/.vscode/extensions/ms-vscode-remote.remote-ssh-0.120.0/out/extension.js:2:1117690)
    at Module._compile (node:internal/modules/cjs/loader:1714:14)
    at Module._extensions..js (node:internal/modules/cjs/loader:1848:10)
    at Module.load (node:internal/modules/cjs/loader:1448:32)
    at Module._load (node:internal/modules/cjs/loader:1270:12)
    at c._load (node:electron/js2c/node_init:2:17993)
    at e._load (file:///opt/visual-studio-code/resources/app/out/vs/workbench/api/node/extensionHostProcess.js:402:5984)
    at t._load (file:///opt/visual-studio-code/resources/app/out/vs/workbench/api/node/extensionHostProcess.js:220:22582)
    at r._load (file:///opt/visual-studio-code/resources/app/out/vs/workbench/api/node/extensionHostProcess.js:212:24094)
    at TracingChannel.traceSync (node:diagnostics_channel:322:14)
    at wrapModuleLoad (node:internal/modules/cjs/loader:244:24)
    at Module.require (node:internal/modules/cjs/loader:1470:12)
    at require (node:internal/modules/helpers:147:16)
    at kX.Cb (file:///opt/visual-studio-code/resources/app/out/vs/workbench/api/node/extensionHostProcess.js:251:1253)
2026-01-16 12:44:25.721 [error] navigator is now a global in nodejs, please see https://aka.ms/vscode-extensions/navigator for additional info on this error.: PendingMigrationError: navigator is now a global in nodejs, please see https://aka.ms/vscode-extensions/navigator for additional info on this error.
    at get (file:///opt/visual-studio-code/resources/app/out/vs/workbench/api/node/extensionHostProcess.js:402:6611)
    at g (/home/bryan/.vscode/extensions/ms-vscode-remote.remote-ssh-0.120.0/out/extension.js:2:283829)
    at /home/bryan/.vscode/extensions/ms-vscode-remote.remote-ssh-0.120.0/out/extension.js:2:283674
    at r (/home/bryan/.vscode/extensions/ms-vscode-remote.remote-ssh-0.120.0/out/extension.js:2:285048)
    at /home/bryan/.vscode/extensions/ms-vscode-remote.remote-ssh-0.120.0/out/extension.js:2:285217
    at Object.get (/home/bryan/.vscode/extensions/ms-vscode-remote.remote-ssh-0.120.0/out/extension.js:2:284567)
    at _ (/home/bryan/.vscode/extensions/ms-vscode-remote.remote-ssh-0.120.0/out/extension.js:2:284134)
    at O (/home/bryan/.vscode/extensions/ms-vscode-remote.remote-ssh-0.120.0/out/extension.js:2:229826)
    at /home/bryan/.vscode/extensions/ms-vscode-remote.remote-ssh-0.120.0/out/extension.js:2:163430
    at Object.p [as use] (/home/bryan/.vscode/extensions/ms-vscode-remote.remote-ssh-0.120.0/out/extension.js:2:205291)
    at /home/bryan/.vscode/extensions/ms-vscode-remote.remote-ssh-0.120.0/out/extension.js:2:206959
    at s.<computed> [as watch] (/home/bryan/.vscode/extensions/ms-vscode-remote.remote-ssh-0.120.0/out/extension.js:2:206970)
    at B (/home/bryan/.vscode/extensions/ms-vscode-remote.remote-ssh-0.120.0/out/extension.js:2:207589)
    at e.<computed> [as initialize] (/home/bryan/.vscode/extensions/ms-vscode-remote.remote-ssh-0.120.0/out/extension.js:2:162741)
    at e.n [as initialize] (/home/bryan/.vscode/extensions/ms-vscode-remote.remote-ssh-0.120.0/out/extension.js:2:275397)
    at /home/bryan/.vscode/extensions/ms-vscode-remote.remote-ssh-0.120.0/out/extension.js:2:170519
    at g (/home/bryan/.vscode/extensions/ms-vscode-remote.remote-ssh-0.120.0/out/extension.js:2:239634)
    at e.<computed> [as initialize] (/home/bryan/.vscode/extensions/ms-vscode-remote.remote-ssh-0.120.0/out/extension.js:2:169778)
    at t.n [as initialize] (/home/bryan/.vscode/extensions/ms-vscode-remote.remote-ssh-0.120.0/out/extension.js:2:275397)
    at Array.<anonymous> (/home/bryan/.vscode/extensions/ms-vscode-remote.remote-ssh-0.120.0/out/extension.js:2:244943)
    at o (/home/bryan/.vscode/extensions/ms-vscode-remote.remote-ssh-0.120.0/out/extension.js:2:280977)
    at u (/home/bryan/.vscode/extensions/ms-vscode-remote.remote-ssh-0.120.0/out/extension.js:2:244904)
    at ge (/home/bryan/.vscode/extensions/ms-vscode-remote.remote-ssh-0.120.0/out/extension.js:2:213632)
    at e.<computed> (/home/bryan/.vscode/extensions/ms-vscode-remote.remote-ssh-0.120.0/out/extension.js:2:216146)
    at Object.initialize (/home/bryan/.vscode/extensions/ms-vscode-remote.remote-ssh-0.120.0/out/extension.js:2:276131)
    at /home/bryan/.vscode/extensions/ms-vscode-remote.remote-ssh-0.120.0/out/extension.js:2:140366
    at g (/home/bryan/.vscode/extensions/ms-vscode-remote.remote-ssh-0.120.0/out/extension.js:2:239634)
    at e.<computed> [as initialize] (/home/bryan/.vscode/extensions/ms-vscode-remote.remote-ssh-0.120.0/out/extension.js:2:140291)
    at t.n [as initialize] (/home/bryan/.vscode/extensions/ms-vscode-remote.remote-ssh-0.120.0/out/extension.js:2:275397)
    at /home/bryan/.vscode/extensions/ms-vscode-remote.remote-ssh-0.120.0/out/extension.js:2:339701
    at async t.oneDataSystemClientFactory (/home/bryan/.vscode/extensions/ms-vscode-remote.remote-ssh-0.120.0/out/extension.js:2:339100)
2026-01-16 12:44:25.722 [info] Invoking resolveAuthority(ssh-remote)...
2026-01-16 12:44:25.722 [info] [LocalProcess0][resolveAuthority(ssh-remote,1)][0ms] obtaining proxy...
2026-01-16 12:44:25.725 [info] [LocalProcess0][resolveAuthority(ssh-remote,1)][3ms] invoking...
2026-01-16 12:44:26.727 [info] [LocalProcess0][resolveAuthority(ssh-remote,1)][1003ms] waiting...
2026-01-16 12:44:27.256 [info] MCP Registry configured: https://api.mcp.github.com
2026-01-16 12:44:27.726 [info] [LocalProcess0][resolveAuthority(ssh-remote,1)][2003ms] waiting...
2026-01-16 12:44:28.398 [error] [/home/bryan/.vscode/extensions/github.copilot-chat-0.35.0]: Extension is not compatible with Code 1.106.3. Extension requires: ^1.107.0-20251119.
2026-01-16 12:44:28.399 [error] [/home/bryan/.vscode/extensions/github.copilot-chat-0.35.2]: Extension is not compatible with Code 1.106.3. Extension requires: ^1.107.0-20251119.
2026-01-16 12:44:28.400 [error] [/home/bryan/.vscode/extensions/github.copilot-chat-0.36.0]: Extension is not compatible with Code 1.106.3. Extension requires: ^1.108.0.
2026-01-16 12:44:28.400 [error] [/home/bryan/.vscode/extensions/ms-vscode-remote.remote-ssh-0.122.0]: Extension is not compatible with Code 1.106.3. Extension requires: ^1.107.0.
2026-01-16 12:44:28.401 [error] [/home/bryan/.vscode/extensions/github.copilot-chat-0.36.1]: Extension is not compatible with Code 1.106.3. Extension requires: ^1.108.0.
2026-01-16 12:44:28.726 [info] [LocalProcess0][resolveAuthority(ssh-remote,1)][3003ms] waiting...
2026-01-16 12:44:29.745 [info] [LocalProcess0][resolveAuthority(ssh-remote,1)][4023ms] waiting...
2026-01-16 12:44:30.726 [info] [LocalProcess0][resolveAuthority(ssh-remote,1)][5003ms] waiting...
2026-01-16 12:44:31.726 [info] [LocalProcess0][resolveAuthority(ssh-remote,1)][6003ms] waiting...
2026-01-16 12:44:32.726 [info] [LocalProcess0][resolveAuthority(ssh-remote,1)][7003ms] waiting...
2026-01-16 12:44:33.726 [info] [LocalProcess0][resolveAuthority(ssh-remote,1)][8003ms] waiting...
2026-01-16 12:44:34.726 [info] [LocalProcess0][resolveAuthority(ssh-remote,1)][9003ms] waiting...
2026-01-16 12:44:35.726 [info] [LocalProcess0][resolveAuthority(ssh-remote,1)][10004ms] waiting...
2026-01-16 12:44:35.741 [info] [LocalProcess0][resolveAuthority(ssh-remote,1)][10019ms] returned WebSocket(127.0.0.1:33351)
2026-01-16 12:44:35.741 [info] resolveAuthority(ssh-remote) returned 'WebSocket(127.0.0.1:33351)' after 10019 ms
2026-01-16 12:44:35.741 [info] Creating a socket (renderer-Management-3f3d05b2-6603-4ed5-94f0-c56ebb8af887)...
2026-01-16 12:44:35.742 [info] Creating a socket (renderer-ExtensionHost-fa3b5265-7031-4142-b250-96b8cf771266)...
2026-01-16 12:44:35.754 [info] Creating a socket (renderer-Management-3f3d05b2-6603-4ed5-94f0-c56ebb8af887) was successful after 12 ms.
2026-01-16 12:44:35.780 [info] Creating a socket (renderer-ExtensionHost-fa3b5265-7031-4142-b250-96b8cf771266) was successful after 38 ms.
2026-01-16 12:44:37.617 [info] Settings Sync: Account status changed from uninitialized to unavailable
2026-01-16 12:44:38.390 [error] Cannot change enablement of GitHub Copilot Chat extension because of its extension kind: Error: Cannot change enablement of GitHub Copilot Chat extension because of its extension kind
    at vQe.U (vscode-file://vscode-app/opt/visual-studio-code/resources/app/out/vs/workbench/workbench.desktop.main.js:1355:16893)
    at vQe.S (vscode-file://vscode-app/opt/visual-studio-code/resources/app/out/vs/workbench/workbench.desktop.main.js:1355:16593)
    at vQe.setEnablement (vscode-file://vscode-app/opt/visual-studio-code/resources/app/out/vs/workbench/workbench.desktop.main.js:1355:17641)
    at async Vut.rc (vscode-file://vscode-app/opt/visual-studio-code/resources/app/out/vs/workbench/workbench.desktop.main.js:2493:41838)
    at async Mne.m (vscode-file://vscode-app/opt/visual-studio-code/resources/app/out/vs/workbench/workbench.desktop.main.js:2237:43599)
2026-01-16 12:44:42.185 [info] [perf] Render performance baseline is 16ms
2026-01-16 12:44:46.132 [error] Could not find pty 4 on pty host: CodeExpectedError: Could not find pty 4 on pty host
    at R.X (file:///home/bryan/.vscode-server/bin/bf9252a2fb45be6893dd8870c0bf37e2e1766d61/out/vs/platform/terminal/node/ptyHostMain.js:46:6681)
    at R.updateTitle (file:///home/bryan/.vscode-server/bin/bf9252a2fb45be6893dd8870c0bf37e2e1766d61/out/vs/platform/terminal/node/ptyHostMain.js:46:1839)
    at N.i.<computed> (file:///home/bryan/.vscode-server/bin/bf9252a2fb45be6893dd8870c0bf37e2e1766d61/out/vs/platform/terminal/node/ptyHostMain.js:45:2938)
    at Object.call (file:///home/bryan/.vscode-server/bin/bf9252a2fb45be6893dd8870c0bf37e2e1766d61/out/vs/platform/terminal/node/ptyHostMain.js:28:4202)
    at kl.s (file:///home/bryan/.vscode-server/bin/bf9252a2fb45be6893dd8870c0bf37e2e1766d61/out/vs/platform/terminal/node/ptyHostMain.js:26:83796)
    at kl.q (file:///home/bryan/.vscode-server/bin/bf9252a2fb45be6893dd8870c0bf37e2e1766d61/out/vs/platform/terminal/node/ptyHostMain.js:26:83319)
    at vi.value (file:///home/bryan/.vscode-server/bin/bf9252a2fb45be6893dd8870c0bf37e2e1766d61/out/vs/platform/terminal/node/ptyHostMain.js:26:82721)
    at E.C (file:///home/bryan/.vscode-server/bin/bf9252a2fb45be6893dd8870c0bf37e2e1766d61/out/vs/platform/terminal/node/ptyHostMain.js:26:2373)
    at E.fire (file:///home/bryan/.vscode-server/bin/bf9252a2fb45be6893dd8870c0bf37e2e1766d61/out/vs/platform/terminal/node/ptyHostMain.js:26:2591)
    at process.C (file:///home/bryan/.vscode-server/bin/bf9252a2fb45be6893dd8870c0bf37e2e1766d61/out/vs/platform/terminal/node/ptyHostMain.js:24:30422)
    at process.emit (node:events:519:28)
    at emit (node:internal/child_process:949:14)
    at process.processTicksAndRejections (node:internal/process/task_queues:91:21)
2026-01-16 12:44:46.132 [error] Could not find pty 4 on pty host: CodeExpectedError: Could not find pty 4 on pty host
    at R.X (file:///home/bryan/.vscode-server/bin/bf9252a2fb45be6893dd8870c0bf37e2e1766d61/out/vs/platform/terminal/node/ptyHostMain.js:46:6681)
    at R.updateIcon (file:///home/bryan/.vscode-server/bin/bf9252a2fb45be6893dd8870c0bf37e2e1766d61/out/vs/platform/terminal/node/ptyHostMain.js:46:1889)
    at N.i.<computed> (file:///home/bryan/.vscode-server/bin/bf9252a2fb45be6893dd8870c0bf37e2e1766d61/out/vs/platform/terminal/node/ptyHostMain.js:45:2938)
    at Object.call (file:///home/bryan/.vscode-server/bin/bf9252a2fb45be6893dd8870c0bf37e2e1766d61/out/vs/platform/terminal/node/ptyHostMain.js:28:4202)
    at kl.s (file:///home/bryan/.vscode-server/bin/bf9252a2fb45be6893dd8870c0bf37e2e1766d61/out/vs/platform/terminal/node/ptyHostMain.js:26:83796)
    at kl.q (file:///home/bryan/.vscode-server/bin/bf9252a2fb45be6893dd8870c0bf37e2e1766d61/out/vs/platform/terminal/node/ptyHostMain.js:26:83319)
    at vi.value (file:///home/bryan/.vscode-server/bin/bf9252a2fb45be6893dd8870c0bf37e2e1766d61/out/vs/platform/terminal/node/ptyHostMain.js:26:82721)
    at E.C (file:///home/bryan/.vscode-server/bin/bf9252a2fb45be6893dd8870c0bf37e2e1766d61/out/vs/platform/terminal/node/ptyHostMain.js:26:2373)
    at E.fire (file:///home/bryan/.vscode-server/bin/bf9252a2fb45be6893dd8870c0bf37e2e1766d61/out/vs/platform/terminal/node/ptyHostMain.js:26:2591)
    at process.C (file:///home/bryan/.vscode-server/bin/bf9252a2fb45be6893dd8870c0bf37e2e1766d61/out/vs/platform/terminal/node/ptyHostMain.js:24:30422)
    at process.emit (node:events:519:28)
    at emit (node:internal/child_process:949:14)
    at process.processTicksAndRejections (node:internal/process/task_queues:91:21)
2026-01-16 12:45:09.995 [info] Extension host (Remote) is unresponsive.
2026-01-16 12:45:25.581 [info] [remote-connection][Management   ][3f3d0…][reconnect] received socket timeout event (unacknowledgedMsgCount: 4, timeSinceOldestUnacknowledgedMsg: 20000, timeSinceLastReceivedSomeData: 29644).
2026-01-16 12:45:25.581 [info] [remote-connection][Management   ][3f3d0…][reconnect] starting reconnecting loop. You can get more information with the trace log level.
2026-01-16 12:45:25.582 [info] [remote-connection][Management   ][3f3d0…][reconnect] resolving connection...
2026-01-16 12:45:25.582 [info] Invoking resolveAuthority(ssh-remote)...
2026-01-16 12:45:25.582 [info] [LocalProcess0][resolveAuthority(ssh-remote,2)][0ms] obtaining proxy...
2026-01-16 12:45:25.582 [info] [LocalProcess0][resolveAuthority(ssh-remote,2)][0ms] invoking...
2026-01-16 12:45:25.994 [info] [remote-connection][ExtensionHost][fa3b5…][reconnect] received socket timeout event (unacknowledgedMsgCount: 12, timeSinceOldestUnacknowledgedMsg: 20000, timeSinceLastReceivedSomeData: 31025).
2026-01-16 12:45:25.995 [info] [remote-connection][ExtensionHost][fa3b5…][reconnect] starting reconnecting loop. You can get more information with the trace log level.
2026-01-16 12:45:25.995 [info] [remote-connection][ExtensionHost][fa3b5…][reconnect] resolving connection...
2026-01-16 12:45:26.582 [info] [LocalProcess0][resolveAuthority(ssh-remote,2)][1000ms] waiting...
2026-01-16 12:45:27.582 [info] [LocalProcess0][resolveAuthority(ssh-remote,2)][2000ms] waiting...
2026-01-16 12:45:28.582 [info] [LocalProcess0][resolveAuthority(ssh-remote,2)][3000ms] waiting...
2026-01-16 12:45:29.582 [info] [LocalProcess0][resolveAuthority(ssh-remote,2)][4000ms] waiting...
2026-01-16 12:45:30.582 [info] [LocalProcess0][resolveAuthority(ssh-remote,2)][5000ms] waiting...
2026-01-16 12:45:31.582 [info] [LocalProcess0][resolveAuthority(ssh-remote,2)][6000ms] waiting...
2026-01-16 12:45:32.582 [info] [LocalProcess0][resolveAuthority(ssh-remote,2)][7000ms] waiting...
2026-01-16 12:45:33.582 [info] [LocalProcess0][resolveAuthority(ssh-remote,2)][8000ms] waiting...
2026-01-16 12:45:34.582 [info] [LocalProcess0][resolveAuthority(ssh-remote,2)][9000ms] waiting...
2026-01-16 12:45:35.582 [info] [LocalProcess0][resolveAuthority(ssh-remote,2)][10000ms] waiting...
2026-01-16 12:45:36.582 [info] [LocalProcess0][resolveAuthority(ssh-remote,2)][11000ms] waiting...
2026-01-16 12:45:37.582 [info] [LocalProcess0][resolveAuthority(ssh-remote,2)][12000ms] waiting...
2026-01-16 12:45:38.582 [info] [LocalProcess0][resolveAuthority(ssh-remote,2)][13000ms] waiting...
2026-01-16 12:45:39.582 [info] [LocalProcess0][resolveAuthority(ssh-remote,2)][14000ms] waiting...
2026-01-16 12:45:40.286 [error] [LocalProcess0][resolveAuthority(ssh-remote,2)][14704ms] returned an error {"code":"TemporarilyNotAvailable","message":"No route to host"}
2026-01-16 12:45:40.286 [error] resolveAuthority(ssh-remote) returned an error after 14704 ms No route to host
2026-01-16 12:45:40.287 [info] [remote-connection][Management   ][3f3d0…][reconnect] A temporarily not available error occurred while trying to reconnect, will try again...
2026-01-16 12:45:40.287 [info] [remote-connection][Management   ][3f3d0…][reconnect] waiting for 5 seconds before reconnecting...
2026-01-16 12:45:40.287 [info] [remote-connection][ExtensionHost][fa3b5…][reconnect] A temporarily not available error occurred while trying to reconnect, will try again...
2026-01-16 12:45:40.287 [info] [remote-connection][ExtensionHost][fa3b5…][reconnect] waiting for 5 seconds before reconnecting...
2026-01-16 12:45:45.287 [info] [remote-connection][Management   ][3f3d0…][reconnect] resolving connection...
2026-01-16 12:45:45.288 [info] Invoking resolveAuthority(ssh-remote)...
2026-01-16 12:45:45.288 [info] [LocalProcess0][resolveAuthority(ssh-remote,3)][0ms] obtaining proxy...
2026-01-16 12:45:45.288 [info] [LocalProcess0][resolveAuthority(ssh-remote,3)][1ms] invoking...
2026-01-16 12:45:45.291 [info] [remote-connection][ExtensionHost][fa3b5…][reconnect] resolving connection...
2026-01-16 12:45:45.580 [info] [remote-connection][Management   ][3f3d0…][reconnect] received socket timeout event (unacknowledgedMsgCount: 14, timeSinceOldestUnacknowledgedMsg: 40000, timeSinceLastReceivedSomeData: 49644).
2026-01-16 12:45:45.995 [info] [remote-connection][ExtensionHost][fa3b5…][reconnect] received socket timeout event (unacknowledgedMsgCount: 35, timeSinceOldestUnacknowledgedMsg: 40000, timeSinceLastReceivedSomeData: 51025).
2026-01-16 12:45:46.288 [info] [LocalProcess0][resolveAuthority(ssh-remote,3)][1001ms] waiting...
2026-01-16 12:45:47.288 [info] [LocalProcess0][resolveAuthority(ssh-remote,3)][2001ms] waiting...
2026-01-16 12:45:48.288 [info] [LocalProcess0][resolveAuthority(ssh-remote,3)][3001ms] waiting...
2026-01-16 12:45:48.735 [error] [LocalProcess0][resolveAuthority(ssh-remote,3)][3448ms] returned an error {"code":"TemporarilyNotAvailable","message":"No route to host"}
2026-01-16 12:45:48.735 [error] resolveAuthority(ssh-remote) returned an error after 3448 ms No route to host
2026-01-16 12:45:48.735 [info] [remote-connection][Management   ][3f3d0…][reconnect] A temporarily not available error occurred while trying to reconnect, will try again...
2026-01-16 12:45:48.735 [info] [remote-connection][Management   ][3f3d0…][reconnect] waiting for 5 seconds before reconnecting...
2026-01-16 12:45:48.736 [info] [remote-connection][ExtensionHost][fa3b5…][reconnect] A temporarily not available error occurred while trying to reconnect, will try again...
2026-01-16 12:45:48.736 [info] [remote-connection][ExtensionHost][fa3b5…][reconnect] waiting for 5 seconds before reconnecting...
2026-01-16 12:45:53.736 [info] [remote-connection][Management   ][3f3d0…][reconnect] resolving connection...
2026-01-16 12:45:53.736 [info] Invoking resolveAuthority(ssh-remote)...
2026-01-16 12:45:53.736 [info] [LocalProcess0][resolveAuthority(ssh-remote,4)][0ms] obtaining proxy...
2026-01-16 12:45:53.736 [info] [LocalProcess0][resolveAuthority(ssh-remote,4)][0ms] invoking...
2026-01-16 12:45:53.739 [info] [remote-connection][ExtensionHost][fa3b5…][reconnect] resolving connection...
2026-01-16 12:45:54.736 [info] [LocalProcess0][resolveAuthority(ssh-remote,4)][1000ms] waiting...
2026-01-16 12:45:55.736 [info] [LocalProcess0][resolveAuthority(ssh-remote,4)][2000ms] waiting...
2026-01-16 12:45:56.736 [info] [LocalProcess0][resolveAuthority(ssh-remote,4)][3000ms] waiting...
2026-01-16 12:45:57.583 [info] [remote-connection][ExtensionHost][fa3b5…][reconnect] received socket close event (wasClean: false, code: 1006, reason: ).
2026-01-16 12:45:57.584 [error] {"isTrusted":true}
2026-01-16 12:45:57.584 [info] [remote-connection][Management   ][3f3d0…][reconnect] received socket close event (wasClean: false, code: 1006, reason: ).
2026-01-16 12:45:57.584 [error] {"isTrusted":true}
2026-01-16 12:45:57.736 [info] [LocalProcess0][resolveAuthority(ssh-remote,4)][4000ms] waiting...
2026-01-16 12:45:58.736 [info] [LocalProcess0][resolveAuthority(ssh-remote,4)][5000ms] waiting...
2026-01-16 12:45:59.736 [info] [LocalProcess0][resolveAuthority(ssh-remote,4)][6000ms] waiting...
2026-01-16 12:46:00.736 [info] [LocalProcess0][resolveAuthority(ssh-remote,4)][7000ms] waiting...
2026-01-16 12:46:01.736 [info] [LocalProcess0][resolveAuthority(ssh-remote,4)][8000ms] waiting...
2026-01-16 12:46:02.736 [info] [LocalProcess0][resolveAuthority(ssh-remote,4)][9000ms] waiting...
2026-01-16 12:46:03.736 [info] [LocalProcess0][resolveAuthority(ssh-remote,4)][10000ms] waiting...
2026-01-16 12:46:04.736 [info] [LocalProcess0][resolveAuthority(ssh-remote,4)][11000ms] waiting...
2026-01-16 12:46:05.580 [info] [remote-connection][Management   ][3f3d0…][reconnect] received socket timeout event (unacknowledgedMsgCount: 25, timeSinceOldestUnacknowledgedMsg: 60000, timeSinceLastReceivedSomeData: 69644).
2026-01-16 12:46:05.736 [info] [LocalProcess0][resolveAuthority(ssh-remote,4)][12000ms] waiting...
2026-01-16 12:46:05.994 [info] [remote-connection][ExtensionHost][fa3b5…][reconnect] received socket timeout event (unacknowledgedMsgCount: 59, timeSinceOldestUnacknowledgedMsg: 60000, timeSinceLastReceivedSomeData: 71025).
2026-01-16 12:46:06.736 [info] [LocalProcess0][resolveAuthority(ssh-remote,4)][13000ms] waiting...
2026-01-16 12:46:07.736 [info] [LocalProcess0][resolveAuthority(ssh-remote,4)][14000ms] waiting...
2026-01-16 12:46:08.736 [info] [LocalProcess0][resolveAuthority(ssh-remote,4)][15000ms] waiting...
2026-01-16 12:46:08.866 [error] [LocalProcess0][resolveAuthority(ssh-remote,4)][15129ms] returned an error {"code":"NotAvailable","message":"The VS Code Server failed to start","detail":false}
2026-01-16 12:46:08.866 [error] resolveAuthority(ssh-remote) returned an error after 15129 ms The VS Code Server failed to start
2026-01-16 12:46:08.866 [error] [remote-connection][Management   ][3f3d0…][reconnect] A RemoteAuthorityResolverError occurred while trying to reconnect. Will give up now! Error:
2026-01-16 12:46:08.866 [error] CodeExpectedError: The VS Code Server failed to start
    at tEt.sb (vscode-file://vscode-app/opt/visual-studio-code/resources/app/out/vs/workbench/workbench.desktop.main.js:3875:15767)
    at async tEt.rb (vscode-file://vscode-app/opt/visual-studio-code/resources/app/out/vs/workbench/workbench.desktop.main.js:3875:15133)
    at async tEt.qb (vscode-file://vscode-app/opt/visual-studio-code/resources/app/out/vs/workbench/workbench.desktop.main.js:3875:14871)
2026-01-16 12:46:08.869 [error] [remote-connection][ExtensionHost][fa3b5…][reconnect] A RemoteAuthorityResolverError occurred while trying to reconnect. Will give up now! Error:
2026-01-16 12:46:08.869 [error] CodeExpectedError: The VS Code Server failed to start
    at tEt.sb (vscode-file://vscode-app/opt/visual-studio-code/resources/app/out/vs/workbench/workbench.desktop.main.js:3875:15767)
    at async tEt.rb (vscode-file://vscode-app/opt/visual-studio-code/resources/app/out/vs/workbench/workbench.desktop.main.js:3875:15133)
    at async tEt.qb (vscode-file://vscode-app/opt/visual-studio-code/resources/app/out/vs/workbench/workbench.desktop.main.js:3875:14871)
2026-01-16 12:46:08.876 [error] Unable to read file 'vscode-remote://ssh-remote+pi-zero/home/bryan/PICAM/test.py' (Canceled: Canceled): Error: Unable to read file 'vscode-remote://ssh-remote+pi-zero/home/bryan/PICAM/test.py' (Canceled: Canceled)
    at Kkt.G (vscode-file://vscode-app/opt/visual-studio-code/resources/app/out/vs/workbench/workbench.desktop.main.js:3828:65903)
    at Kkt.F (vscode-file://vscode-app/opt/visual-studio-code/resources/app/out/vs/workbench/workbench.desktop.main.js:3828:65728)
    at async hxt.L (vscode-file://vscode-app/opt/visual-studio-code/resources/app/out/vs/workbench/workbench.desktop.main.js:3833:9998)
    at async hxt.readStream (vscode-file://vscode-app/opt/visual-studio-code/resources/app/out/vs/workbench/workbench.desktop.main.js:3833:9773)
    at async kye.Eb (vscode-file://vscode-app/opt/visual-studio-code/resources/app/out/vs/workbench/workbench.desktop.main.js:1313:12359)
    at async kye.resolve (vscode-file://vscode-app/opt/visual-studio-code/resources/app/out/vs/workbench/workbench.desktop.main.js:1313:10834)
    at async vscode-file://vscode-app/opt/visual-studio-code/resources/app/out/vs/workbench/workbench.desktop.main.js:3833:6355
2026-01-16 12:46:11.238 [info] Started local extension host with pid 63362.
2026-01-16 12:46:11.620 [error] navigator is now a global in nodejs, please see https://aka.ms/vscode-extensions/navigator for additional info on this error.: PendingMigrationError: navigator is now a global in nodejs, please see https://aka.ms/vscode-extensions/navigator for additional info on this error.
    at get (file:///opt/visual-studio-code/resources/app/out/vs/workbench/api/node/extensionHostProcess.js:402:6611)
    at Object.<anonymous> (/home/bryan/.vscode/extensions/ms-vscode-remote.remote-ssh-0.120.0/out/extension.js:2:486184)
    at 19534 (/home/bryan/.vscode/extensions/ms-vscode-remote.remote-ssh-0.120.0/out/extension.js:2:504894)
    at r (/home/bryan/.vscode/extensions/ms-vscode-remote.remote-ssh-0.120.0/out/extension.js:2:1108387)
    at 92839 (/home/bryan/.vscode/extensions/ms-vscode-remote.remote-ssh-0.120.0/out/extension.js:2:466959)
    at r (/home/bryan/.vscode/extensions/ms-vscode-remote.remote-ssh-0.120.0/out/extension.js:2:1108387)
    at 49424 (/home/bryan/.vscode/extensions/ms-vscode-remote.remote-ssh-0.120.0/out/extension.js:2:465816)
    at r (/home/bryan/.vscode/extensions/ms-vscode-remote.remote-ssh-0.120.0/out/extension.js:2:1108387)
    at 17130 (/home/bryan/.vscode/extensions/ms-vscode-remote.remote-ssh-0.120.0/out/extension.js:2:596135)
    at r (/home/bryan/.vscode/extensions/ms-vscode-remote.remote-ssh-0.120.0/out/extension.js:2:1108387)
    at 87631 (/home/bryan/.vscode/extensions/ms-vscode-remote.remote-ssh-0.120.0/out/extension.js:2:576866)
    at r (/home/bryan/.vscode/extensions/ms-vscode-remote.remote-ssh-0.120.0/out/extension.js:2:1108387)
    at 65861 (/home/bryan/.vscode/extensions/ms-vscode-remote.remote-ssh-0.120.0/out/extension.js:2:600705)
    at r (/home/bryan/.vscode/extensions/ms-vscode-remote.remote-ssh-0.120.0/out/extension.js:2:1108387)
    at 91577 (/home/bryan/.vscode/extensions/ms-vscode-remote.remote-ssh-0.120.0/out/extension.js:2:856974)
    at r (/home/bryan/.vscode/extensions/ms-vscode-remote.remote-ssh-0.120.0/out/extension.js:2:1108387)
    at 94111 (/home/bryan/.vscode/extensions/ms-vscode-remote.remote-ssh-0.120.0/out/extension.js:2:819912)
    at r (/home/bryan/.vscode/extensions/ms-vscode-remote.remote-ssh-0.120.0/out/extension.js:2:1108387)
    at 35187 (/home/bryan/.vscode/extensions/ms-vscode-remote.remote-ssh-0.120.0/out/extension.js:2:690327)
    at r (/home/bryan/.vscode/extensions/ms-vscode-remote.remote-ssh-0.120.0/out/extension.js:2:1108387)
    at 64417 (/home/bryan/.vscode/extensions/ms-vscode-remote.remote-ssh-0.120.0/out/extension.js:2:846572)
    at r (/home/bryan/.vscode/extensions/ms-vscode-remote.remote-ssh-0.120.0/out/extension.js:2:1108387)
    at 24847 (/home/bryan/.vscode/extensions/ms-vscode-remote.remote-ssh-0.120.0/out/extension.js:2:828930)
    at r (/home/bryan/.vscode/extensions/ms-vscode-remote.remote-ssh-0.120.0/out/extension.js:2:1108387)
    at 54788 (/home/bryan/.vscode/extensions/ms-vscode-remote.remote-ssh-0.120.0/out/extension.js:2:788284)
    at r (/home/bryan/.vscode/extensions/ms-vscode-remote.remote-ssh-0.120.0/out/extension.js:2:1108387)
    at 30729 (/home/bryan/.vscode/extensions/ms-vscode-remote.remote-ssh-0.120.0/out/extension.js:2:682648)
    at r (/home/bryan/.vscode/extensions/ms-vscode-remote.remote-ssh-0.120.0/out/extension.js:2:1108387)
    at 24430 (/home/bryan/.vscode/extensions/ms-vscode-remote.remote-ssh-0.120.0/out/extension.js:2:837945)
    at r (/home/bryan/.vscode/extensions/ms-vscode-remote.remote-ssh-0.120.0/out/extension.js:2:1108387)
    at 52584 (/home/bryan/.vscode/extensions/ms-vscode-remote.remote-ssh-0.120.0/out/extension.js:2:811300)
    at r (/home/bryan/.vscode/extensions/ms-vscode-remote.remote-ssh-0.120.0/out/extension.js:2:1108387)
    at 69480 (/home/bryan/.vscode/extensions/ms-vscode-remote.remote-ssh-0.120.0/out/extension.js:2:800490)
    at r (/home/bryan/.vscode/extensions/ms-vscode-remote.remote-ssh-0.120.0/out/extension.js:2:1108387)
    at 71535 (/home/bryan/.vscode/extensions/ms-vscode-remote.remote-ssh-0.120.0/out/extension.js:2:680397)
    at r (/home/bryan/.vscode/extensions/ms-vscode-remote.remote-ssh-0.120.0/out/extension.js:2:1108387)
    at /home/bryan/.vscode/extensions/ms-vscode-remote.remote-ssh-0.120.0/out/extension.js:2:1109251
    at /home/bryan/.vscode/extensions/ms-vscode-remote.remote-ssh-0.120.0/out/extension.js:2:1117584
    at Object.<anonymous> (/home/bryan/.vscode/extensions/ms-vscode-remote.remote-ssh-0.120.0/out/extension.js:2:1117690)
    at Module._compile (node:internal/modules/cjs/loader:1714:14)
    at Module._extensions..js (node:internal/modules/cjs/loader:1848:10)
    at Module.load (node:internal/modules/cjs/loader:1448:32)
    at Module._load (node:internal/modules/cjs/loader:1270:12)
    at c._load (node:electron/js2c/node_init:2:17993)
    at e._load (file:///opt/visual-studio-code/resources/app/out/vs/workbench/api/node/extensionHostProcess.js:402:5984)
    at t._load (file:///opt/visual-studio-code/resources/app/out/vs/workbench/api/node/extensionHostProcess.js:220:22582)
    at r._load (file:///opt/visual-studio-code/resources/app/out/vs/workbench/api/node/extensionHostProcess.js:212:24094)
    at TracingChannel.traceSync (node:diagnostics_channel:322:14)
    at wrapModuleLoad (node:internal/modules/cjs/loader:244:24)
    at Module.require (node:internal/modules/cjs/loader:1470:12)
    at require (node:internal/modules/helpers:147:16)
    at kX.Cb (file:///opt/visual-studio-code/resources/app/out/vs/workbench/api/node/extensionHostProcess.js:251:1253)
2026-01-16 12:46:11.701 [error] navigator is now a global in nodejs, please see https://aka.ms/vscode-extensions/navigator for additional info on this error.: PendingMigrationError: navigator is now a global in nodejs, please see https://aka.ms/vscode-extensions/navigator for additional info on this error.
    at get (file:///opt/visual-studio-code/resources/app/out/vs/workbench/api/node/extensionHostProcess.js:402:6611)
    at g (/home/bryan/.vscode/extensions/ms-vscode-remote.remote-ssh-0.120.0/out/extension.js:2:283829)
    at /home/bryan/.vscode/extensions/ms-vscode-remote.remote-ssh-0.120.0/out/extension.js:2:283674
    at r (/home/bryan/.vscode/extensions/ms-vscode-remote.remote-ssh-0.120.0/out/extension.js:2:285048)
    at /home/bryan/.vscode/extensions/ms-vscode-remote.remote-ssh-0.120.0/out/extension.js:2:285217
    at Object.get (/home/bryan/.vscode/extensions/ms-vscode-remote.remote-ssh-0.120.0/out/extension.js:2:284567)
    at _ (/home/bryan/.vscode/extensions/ms-vscode-remote.remote-ssh-0.120.0/out/extension.js:2:284134)
    at O (/home/bryan/.vscode/extensions/ms-vscode-remote.remote-ssh-0.120.0/out/extension.js:2:229826)
    at /home/bryan/.vscode/extensions/ms-vscode-remote.remote-ssh-0.120.0/out/extension.js:2:163430
    at Object.p [as use] (/home/bryan/.vscode/extensions/ms-vscode-remote.remote-ssh-0.120.0/out/extension.js:2:205291)
    at /home/bryan/.vscode/extensions/ms-vscode-remote.remote-ssh-0.120.0/out/extension.js:2:206959
    at s.<computed> [as watch] (/home/bryan/.vscode/extensions/ms-vscode-remote.remote-ssh-0.120.0/out/extension.js:2:206970)
    at B (/home/bryan/.vscode/extensions/ms-vscode-remote.remote-ssh-0.120.0/out/extension.js:2:207589)
    at e.<computed> [as initialize] (/home/bryan/.vscode/extensions/ms-vscode-remote.remote-ssh-0.120.0/out/extension.js:2:162741)
    at e.n [as initialize] (/home/bryan/.vscode/extensions/ms-vscode-remote.remote-ssh-0.120.0/out/extension.js:2:275397)
    at /home/bryan/.vscode/extensions/ms-vscode-remote.remote-ssh-0.120.0/out/extension.js:2:170519
    at g (/home/bryan/.vscode/extensions/ms-vscode-remote.remote-ssh-0.120.0/out/extension.js:2:239634)
    at e.<computed> [as initialize] (/home/bryan/.vscode/extensions/ms-vscode-remote.remote-ssh-0.120.0/out/extension.js:2:169778)
    at t.n [as initialize] (/home/bryan/.vscode/extensions/ms-vscode-remote.remote-ssh-0.120.0/out/extension.js:2:275397)
    at Array.<anonymous> (/home/bryan/.vscode/extensions/ms-vscode-remote.remote-ssh-0.120.0/out/extension.js:2:244943)
    at o (/home/bryan/.vscode/extensions/ms-vscode-remote.remote-ssh-0.120.0/out/extension.js:2:280977)
    at u (/home/bryan/.vscode/extensions/ms-vscode-remote.remote-ssh-0.120.0/out/extension.js:2:244904)
    at ge (/home/bryan/.vscode/extensions/ms-vscode-remote.remote-ssh-0.120.0/out/extension.js:2:213632)
    at e.<computed> (/home/bryan/.vscode/extensions/ms-vscode-remote.remote-ssh-0.120.0/out/extension.js:2:216146)
    at Object.initialize (/home/bryan/.vscode/extensions/ms-vscode-remote.remote-ssh-0.120.0/out/extension.js:2:276131)
    at /home/bryan/.vscode/extensions/ms-vscode-remote.remote-ssh-0.120.0/out/extension.js:2:140366
    at g (/home/bryan/.vscode/extensions/ms-vscode-remote.remote-ssh-0.120.0/out/extension.js:2:239634)
    at e.<computed> [as initialize] (/home/bryan/.vscode/extensions/ms-vscode-remote.remote-ssh-0.120.0/out/extension.js:2:140291)
    at t.n [as initialize] (/home/bryan/.vscode/extensions/ms-vscode-remote.remote-ssh-0.120.0/out/extension.js:2:275397)
    at /home/bryan/.vscode/extensions/ms-vscode-remote.remote-ssh-0.120.0/out/extension.js:2:339701
    at async t.oneDataSystemClientFactory (/home/bryan/.vscode/extensions/ms-vscode-remote.remote-ssh-0.120.0/out/extension.js:2:339100)
2026-01-16 12:46:11.702 [info] Invoking resolveAuthority(ssh-remote)...
2026-01-16 12:46:11.702 [info] [LocalProcess0][resolveAuthority(ssh-remote,1)][0ms] obtaining proxy...
2026-01-16 12:46:11.705 [info] [LocalProcess0][resolveAuthority(ssh-remote,1)][3ms] invoking...
2026-01-16 12:46:12.706 [info] [LocalProcess0][resolveAuthority(ssh-remote,1)][1003ms] waiting...
2026-01-16 12:46:13.267 [info] MCP Registry configured: https://api.mcp.github.com
2026-01-16 12:46:13.706 [info] [LocalProcess0][resolveAuthority(ssh-remote,1)][2003ms] waiting...
2026-01-16 12:46:14.364 [error] [/home/bryan/.vscode/extensions/github.copilot-chat-0.35.0]: Extension is not compatible with Code 1.106.3. Extension requires: ^1.107.0-20251119.
2026-01-16 12:46:14.365 [error] [/home/bryan/.vscode/extensions/ms-vscode-remote.remote-ssh-0.122.0]: Extension is not compatible with Code 1.106.3. Extension requires: ^1.107.0.
2026-01-16 12:46:14.367 [error] [/home/bryan/.vscode/extensions/github.copilot-chat-0.35.2]: Extension is not compatible with Code 1.106.3. Extension requires: ^1.107.0-20251119.
2026-01-16 12:46:14.368 [error] [/home/bryan/.vscode/extensions/github.copilot-chat-0.36.0]: Extension is not compatible with Code 1.106.3. Extension requires: ^1.108.0.
2026-01-16 12:46:14.370 [error] [/home/bryan/.vscode/extensions/github.copilot-chat-0.36.1]: Extension is not compatible with Code 1.106.3. Extension requires: ^1.108.0.
2026-01-16 12:46:14.706 [info] [LocalProcess0][resolveAuthority(ssh-remote,1)][3003ms] waiting...
2026-01-16 12:46:15.706 [info] [LocalProcess0][resolveAuthority(ssh-remote,1)][4003ms] waiting...
2026-01-16 12:46:16.706 [info] [LocalProcess0][resolveAuthority(ssh-remote,1)][5003ms] waiting...
2026-01-16 12:46:17.706 [info] [LocalProcess0][resolveAuthority(ssh-remote,1)][6003ms] waiting...
2026-01-16 12:46:18.706 [info] [LocalProcess0][resolveAuthority(ssh-remote,1)][7003ms] waiting...
2026-01-16 12:46:19.706 [info] [LocalProcess0][resolveAuthority(ssh-remote,1)][8003ms] waiting...
2026-01-16 12:46:20.706 [info] [LocalProcess0][resolveAuthority(ssh-remote,1)][9003ms] waiting...
2026-01-16 12:46:21.706 [info] [LocalProcess0][resolveAuthority(ssh-remote,1)][10003ms] waiting...
2026-01-16 12:46:22.706 [info] [LocalProcess0][resolveAuthority(ssh-remote,1)][11003ms] waiting...
2026-01-16 12:46:23.706 [info] [LocalProcess0][resolveAuthority(ssh-remote,1)][12003ms] waiting...
2026-01-16 12:46:24.706 [info] [LocalProcess0][resolveAuthority(ssh-remote,1)][13003ms] waiting...
2026-01-16 12:46:25.706 [info] [LocalProcess0][resolveAuthority(ssh-remote,1)][14003ms] waiting...
2026-01-16 12:46:26.706 [info] [LocalProcess0][resolveAuthority(ssh-remote,1)][15003ms] waiting...
2026-01-16 12:46:27.706 [info] [LocalProcess0][resolveAuthority(ssh-remote,1)][16003ms] waiting...
2026-01-16 12:46:28.706 [info] [LocalProcess0][resolveAuthority(ssh-remote,1)][17003ms] waiting...
2026-01-16 12:46:29.706 [info] [LocalProcess0][resolveAuthority(ssh-remote,1)][18003ms] waiting...
2026-01-16 12:46:30.706 [info] [LocalProcess0][resolveAuthority(ssh-remote,1)][19003ms] waiting...
2026-01-16 12:46:31.706 [info] [LocalProcess0][resolveAuthority(ssh-remote,1)][20003ms] waiting...
2026-01-16 12:46:32.706 [info] [LocalProcess0][resolveAuthority(ssh-remote,1)][21003ms] waiting...
2026-01-16 12:46:33.706 [info] [LocalProcess0][resolveAuthority(ssh-remote,1)][22003ms] waiting...
2026-01-16 12:46:34.706 [info] [LocalProcess0][resolveAuthority(ssh-remote,1)][23003ms] waiting...
2026-01-16 12:46:35.706 [info] [LocalProcess0][resolveAuthority(ssh-remote,1)][24003ms] waiting...
2026-01-16 12:46:36.706 [info] [LocalProcess0][resolveAuthority(ssh-remote,1)][25003ms] waiting...
2026-01-16 12:46:37.706 [info] [LocalProcess0][resolveAuthority(ssh-remote,1)][26003ms] waiting...
2026-01-16 12:46:38.706 [info] [LocalProcess0][resolveAuthority(ssh-remote,1)][27003ms] waiting...
2026-01-16 12:46:39.706 [info] [LocalProcess0][resolveAuthority(ssh-remote,1)][28003ms] waiting...
2026-01-16 12:46:40.706 [info] [LocalProcess0][resolveAuthority(ssh-remote,1)][29003ms] waiting...
2026-01-16 12:46:41.706 [info] [LocalProcess0][resolveAuthority(ssh-remote,1)][30003ms] waiting...
2026-01-16 12:46:42.706 [info] [LocalProcess0][resolveAuthority(ssh-remote,1)][31003ms] waiting...
2026-01-16 12:46:43.706 [info] [LocalProcess0][resolveAuthority(ssh-remote,1)][32003ms] waiting...
2026-01-16 12:46:44.140 [info] [LocalProcess0][resolveAuthority(ssh-remote,1)][32438ms] returned WebSocket(127.0.0.1:37253)
2026-01-16 12:46:44.140 [info] resolveAuthority(ssh-remote) returned 'WebSocket(127.0.0.1:37253)' after 32438 ms
2026-01-16 12:46:44.140 [info] Creating a socket (renderer-Management-542f867e-645f-451d-b696-241fe21a15d3)...
2026-01-16 12:46:44.141 [info] Creating a socket (renderer-ExtensionHost-43a0f0b3-b930-4658-b263-024c288d34d6)...
2026-01-16 12:46:44.213 [info] Creating a socket (renderer-Management-542f867e-645f-451d-b696-241fe21a15d3) was successful after 73 ms.
2026-01-16 12:46:44.517 [info] Creating a socket (renderer-ExtensionHost-43a0f0b3-b930-4658-b263-024c288d34d6) was successful after 376 ms.
2026-01-16 12:46:47.270 [info] Settings Sync: Account status changed from uninitialized to unavailable
2026-01-16 12:46:47.459 [error] Cannot change enablement of GitHub Copilot Chat extension because of its extension kind: Error: Cannot change enablement of GitHub Copilot Chat extension because of its extension kind
    at vQe.U (vscode-file://vscode-app/opt/visual-studio-code/resources/app/out/vs/workbench/workbench.desktop.main.js:1355:16893)
    at vQe.S (vscode-file://vscode-app/opt/visual-studio-code/resources/app/out/vs/workbench/workbench.desktop.main.js:1355:16593)
    at vQe.setEnablement (vscode-file://vscode-app/opt/visual-studio-code/resources/app/out/vs/workbench/workbench.desktop.main.js:1355:17641)
    at async Vut.rc (vscode-file://vscode-app/opt/visual-studio-code/resources/app/out/vs/workbench/workbench.desktop.main.js:2493:41838)
    at async Mne.m (vscode-file://vscode-app/opt/visual-studio-code/resources/app/out/vs/workbench/workbench.desktop.main.js:2237:43599)
2026-01-16 12:46:49.628 [info] [perf] Render performance baseline is 16ms
2026-01-16 16:17:16.788 [info] [remote-connection][ExtensionHost][43a0f…][reconnect] received socket close event (wasClean: false, code: 1006, reason: ).
2026-01-16 16:17:16.788 [error] {"isTrusted":true}
2026-01-16 16:17:16.788 [info] [remote-connection][ExtensionHost][43a0f…][reconnect] starting reconnecting loop. You can get more information with the trace log level.
2026-01-16 16:17:16.789 [info] [remote-connection][ExtensionHost][43a0f…][reconnect] resolving connection...
2026-01-16 16:17:16.789 [info] [remote-connection][ExtensionHost][43a0f…][reconnect] connecting to WebSocket(127.0.0.1:37253)...
2026-01-16 16:17:16.789 [info] Creating a socket (renderer-ExtensionHost-43a0f0b3-b930-4658-b263-024c288d34d6)...
2026-01-16 16:17:16.789 [info] [remote-connection][Management   ][542f8…][reconnect] received socket close event (wasClean: false, code: 1006, reason: ).
2026-01-16 16:17:16.789 [error] {"isTrusted":true}
2026-01-16 16:17:16.790 [info] [remote-connection][Management   ][542f8…][reconnect] starting reconnecting loop. You can get more information with the trace log level.
2026-01-16 16:17:16.791 [info] [remote-connection][Management   ][542f8…][reconnect] resolving connection...
2026-01-16 16:17:16.791 [info] Invoking resolveAuthority(ssh-remote)...
2026-01-16 16:17:16.791 [info] [LocalProcess0][resolveAuthority(ssh-remote,2)][0ms] obtaining proxy...
2026-01-16 16:17:16.791 [info] [LocalProcess0][resolveAuthority(ssh-remote,2)][0ms] invoking...
2026-01-16 16:17:17.792 [info] [LocalProcess0][resolveAuthority(ssh-remote,2)][1000ms] waiting...
2026-01-16 16:17:18.792 [info] [LocalProcess0][resolveAuthority(ssh-remote,2)][2000ms] waiting...
2026-01-16 22:09:24.524 [info] [LocalProcess0][resolveAuthority(ssh-remote,2)][21127733ms] waiting...
2026-01-16 22:09:24.525 [info] Extension host (Remote) is unresponsive.
2026-01-16 22:09:25.352 [info] [LocalProcess0][resolveAuthority(ssh-remote,2)][21128560ms] waiting...
2026-01-16 22:09:26.352 [info] [LocalProcess0][resolveAuthority(ssh-remote,2)][21129561ms] waiting...
2026-01-16 22:09:27.352 [info] [LocalProcess0][resolveAuthority(ssh-remote,2)][21130560ms] waiting...
2026-01-16 22:09:28.351 [info] [LocalProcess0][resolveAuthority(ssh-remote,2)][21131560ms] waiting...
2026-01-16 22:09:29.352 [info] [LocalProcess0][resolveAuthority(ssh-remote,2)][21132560ms] waiting...
2026-01-16 22:09:30.352 [info] [LocalProcess0][resolveAuthority(ssh-remote,2)][21133560ms] waiting...
2026-01-16 22:09:31.352 [info] [LocalProcess0][resolveAuthority(ssh-remote,2)][21134560ms] waiting...
2026-01-16 22:09:32.352 [info] [LocalProcess0][resolveAuthority(ssh-remote,2)][21135560ms] waiting...
2026-01-16 22:09:33.352 [info] [LocalProcess0][resolveAuthority(ssh-remote,2)][21136560ms] waiting...
2026-01-16 22:09:34.176 [error] [LocalProcess0][resolveAuthority(ssh-remote,2)][21137385ms] returned an error {"code":"TemporarilyNotAvailable","message":"No route to host"}
2026-01-16 22:09:34.176 [error] resolveAuthority(ssh-remote) returned an error after 21137385 ms No route to host
2026-01-16 22:09:34.176 [info] [remote-connection][Management   ][542f8…][reconnect] A temporarily not available error occurred while trying to reconnect, will try again...
2026-01-16 22:09:34.177 [info] [remote-connection][Management   ][542f8…][reconnect] waiting for 5 seconds before reconnecting...
2026-01-16 22:09:39.177 [info] [remote-connection][Management   ][542f8…][reconnect] resolving connection...
2026-01-16 22:09:39.177 [info] Invoking resolveAuthority(ssh-remote)...
2026-01-16 22:09:39.177 [info] [LocalProcess0][resolveAuthority(ssh-remote,3)][0ms] obtaining proxy...
2026-01-16 22:09:39.178 [info] [LocalProcess0][resolveAuthority(ssh-remote,3)][0ms] invoking...
2026-01-16 22:09:39.365 [info] [remote-connection][ExtensionHost][43a0f…][reconnect] received socket timeout event (unacknowledgedMsgCount: 36, timeSinceOldestUnacknowledgedMsg: 21142560, timeSinceLastReceivedSomeData: 21192438).
2026-01-16 22:09:39.370 [info] [remote-connection][Management   ][542f8…][reconnect] received socket timeout event (unacknowledgedMsgCount: 12, timeSinceOldestUnacknowledgedMsg: 21142561, timeSinceLastReceivedSomeData: 21188905).
2026-01-16 22:09:40.178 [info] [LocalProcess0][resolveAuthority(ssh-remote,3)][1000ms] waiting...
2026-01-16 22:09:41.177 [info] [LocalProcess0][resolveAuthority(ssh-remote,3)][2000ms] waiting...
2026-01-16 22:09:42.177 [info] [LocalProcess0][resolveAuthority(ssh-remote,3)][3000ms] waiting...
2026-01-16 22:09:42.653 [error] [LocalProcess0][resolveAuthority(ssh-remote,3)][3476ms] returned an error {"code":"TemporarilyNotAvailable","message":"No route to host"}
2026-01-16 22:09:42.653 [error] resolveAuthority(ssh-remote) returned an error after 3476 ms No route to host
2026-01-16 22:09:42.653 [info] [remote-connection][Management   ][542f8…][reconnect] A temporarily not available error occurred while trying to reconnect, will try again...
2026-01-16 22:09:42.654 [info] [remote-connection][Management   ][542f8…][reconnect] waiting for 5 seconds before reconnecting...
2026-01-16 22:09:47.654 [info] [remote-connection][Management   ][542f8…][reconnect] resolving connection...
2026-01-16 22:09:47.654 [info] Invoking resolveAuthority(ssh-remote)...
2026-01-16 22:09:47.654 [info] [LocalProcess0][resolveAuthority(ssh-remote,4)][0ms] obtaining proxy...
2026-01-16 22:09:47.654 [info] [LocalProcess0][resolveAuthority(ssh-remote,4)][0ms] invoking...
2026-01-16 22:09:48.654 [info] [LocalProcess0][resolveAuthority(ssh-remote,4)][1000ms] waiting...
2026-01-16 22:09:49.349 [error] [remote-connection][ExtensionHost][43a0f…][reconnect][WebSocket(127.0.0.1:37253)] socketFactory.connect() failed or timed out. Error:
2026-01-16 22:09:49.349 [error] Error: Time limit reached
    at ZMe.i (vscode-file://vscode-app/opt/visual-studio-code/resources/app/out/vs/workbench/workbench.desktop.main.js:3032:29241)
    at ZMe.h (vscode-file://vscode-app/opt/visual-studio-code/resources/app/out/vs/workbench/workbench.desktop.main.js:3032:29223)
    at Ple.value (vscode-file://vscode-app/opt/visual-studio-code/resources/app/out/vs/workbench/workbench.desktop.main.js:3032:29078)
    at I.C (vscode-file://vscode-app/opt/visual-studio-code/resources/app/out/vs/workbench/workbench.desktop.main.js:29:2392)
    at I.fire (vscode-file://vscode-app/opt/visual-studio-code/resources/app/out/vs/workbench/workbench.desktop.main.js:29:2611)
    at Hle.cancel (vscode-file://vscode-app/opt/visual-studio-code/resources/app/out/vs/workbench/workbench.desktop.main.js:29:40120)
    at ft.cancel (vscode-file://vscode-app/opt/visual-studio-code/resources/app/out/vs/workbench/workbench.desktop.main.js:29:40534)
    at vscode-file://vscode-app/opt/visual-studio-code/resources/app/out/vs/workbench/workbench.desktop.main.js:3032:28609
2026-01-16 22:09:49.349 [info] [remote-connection][ExtensionHost][43a0f…][reconnect] A network error occurred while trying to reconnect, will try again...
2026-01-16 22:09:49.349 [info] [remote-connection][ExtensionHost][43a0f…][reconnect] waiting for 5 seconds before reconnecting...
2026-01-16 22:09:49.654 [info] [LocalProcess0][resolveAuthority(ssh-remote,4)][2000ms] waiting...
