2026-01-17 10:01:23.259 [info] Extension host with pid 8343 started
2026-01-17 10:01:23.259 [info] Skipping acquiring lock for /home/bryan/.config/Code/User/workspaceStorage/71db83a047e452e1780849dcc45a02d6.
2026-01-17 10:01:23.259 [info] $getCanonicalURI invoked for authority (ssh-remote)
2026-01-17 10:01:23.264 [info] ExtensionService#_doActivateExtension ms-vscode-remote.remote-ssh, startup: false, activationEvent: 'onResolveRemoteAuthority:ssh-remote'
2026-01-17 10:01:23.307 [error] PendingMigrationError: navigator is now a global in nodejs, please see https://aka.ms/vscode-extensions/navigator for additional info on this error.
    at get (file:///opt/visual-studio-code/resources/app/out/vs/workbench/api/node/extensionHostProcess.js:402:6611)
    at Object.<anonymous> (/home/bryan/.vscode/extensions/ms-vscode-remote.remote-ssh-0.120.0/out/extension.js:2:486184)
    at 19534 (/home/bryan/.vscode/extensions/ms-vscode-remote.remote-ssh-0.120.0/out/extension.js:2:504894)
    at r (/home/bryan/.vscode/extensions/ms-vscode-remote.remote-ssh-0.120.0/out/extension.js:2:1108387)
    at 92839 (/home/bryan/.vscode/extensions/ms-vscode-remote.remote-ssh-0.120.0/out/extension.js:2:466959)
    at r (/home/bryan/.vscode/extensions/ms-vscode-remote.remote-ssh-0.120.0/out/extension.js:2:1108387)
    at 49424 (/home/bryan/.vscode/extensions/ms-vscode-remote.remote-ssh-0.120.0/out/extension.js:2:465816)
    at r (/home/bryan/.vscode/extensions/ms-vscode-remote.remote-ssh-0.120.0/out/extension.js:2:1108387)
    at 17130 (/home/bryan/.vscode/extensions/ms-vscode-remote.remote-ssh-0.120.0/out/extension.js:2:596135)
    at r (/home/bryan/.vscode/extensions/ms-vscode-remote.remote-ssh-0.120.0/out/extension.js:2:1108387)
    at 87631 (/home/bryan/.vscode/extensions/ms-vscode-remote.remote-ssh-0.120.0/out/extension.js:2:576866)
    at r (/home/bryan/.vscode/extensions/ms-vscode-remote.remote-ssh-0.120.0/out/extension.js:2:1108387)
    at 65861 (/home/bryan/.vscode/extensions/ms-vscode-remote.remote-ssh-0.120.0/out/extension.js:2:600705)
    at r (/home/bryan/.vscode/extensions/ms-vscode-remote.remote-ssh-0.120.0/out/extension.js:2:1108387)
    at 91577 (/home/bryan/.vscode/extensions/ms-vscode-remote.remote-ssh-0.120.0/out/extension.js:2:856974)
    at r (/home/bryan/.vscode/extensions/ms-vscode-remote.remote-ssh-0.120.0/out/extension.js:2:1108387)
    at 94111 (/home/bryan/.vscode/extensions/ms-vscode-remote.remote-ssh-0.120.0/out/extension.js:2:819912)
    at r (/home/bryan/.vscode/extensions/ms-vscode-remote.remote-ssh-0.120.0/out/extension.js:2:1108387)
    at 35187 (/home/bryan/.vscode/extensions/ms-vscode-remote.remote-ssh-0.120.0/out/extension.js:2:690327)
    at r (/home/bryan/.vscode/extensions/ms-vscode-remote.remote-ssh-0.120.0/out/extension.js:2:1108387)
    at 64417 (/home/bryan/.vscode/extensions/ms-vscode-remote.remote-ssh-0.120.0/out/extension.js:2:846572)
    at r (/home/bryan/.vscode/extensions/ms-vscode-remote.remote-ssh-0.120.0/out/extension.js:2:1108387)
    at 24847 (/home/bryan/.vscode/extensions/ms-vscode-remote.remote-ssh-0.120.0/out/extension.js:2:828930)
    at r (/home/bryan/.vscode/extensions/ms-vscode-remote.remote-ssh-0.120.0/out/extension.js:2:1108387)
    at 54788 (/home/bryan/.vscode/extensions/ms-vscode-remote.remote-ssh-0.120.0/out/extension.js:2:788284)
    at r (/home/bryan/.vscode/extensions/ms-vscode-remote.remote-ssh-0.120.0/out/extension.js:2:1108387)
    at 30729 (/home/bryan/.vscode/extensions/ms-vscode-remote.remote-ssh-0.120.0/out/extension.js:2:682648)
    at r (/home/bryan/.vscode/extensions/ms-vscode-remote.remote-ssh-0.120.0/out/extension.js:2:1108387)
    at 24430 (/home/bryan/.vscode/extensions/ms-vscode-remote.remote-ssh-0.120.0/out/extension.js:2:837945)
    at r (/home/bryan/.vscode/extensions/ms-vscode-remote.remote-ssh-0.120.0/out/extension.js:2:1108387)
    at 52584 (/home/bryan/.vscode/extensions/ms-vscode-remote.remote-ssh-0.120.0/out/extension.js:2:811300)
    at r (/home/bryan/.vscode/extensions/ms-vscode-remote.remote-ssh-0.120.0/out/extension.js:2:1108387)
    at 69480 (/home/bryan/.vscode/extensions/ms-vscode-remote.remote-ssh-0.120.0/out/extension.js:2:800490)
    at r (/home/bryan/.vscode/extensions/ms-vscode-remote.remote-ssh-0.120.0/out/extension.js:2:1108387)
    at 71535 (/home/bryan/.vscode/extensions/ms-vscode-remote.remote-ssh-0.120.0/out/extension.js:2:680397)
    at r (/home/bryan/.vscode/extensions/ms-vscode-remote.remote-ssh-0.120.0/out/extension.js:2:1108387)
    at /home/bryan/.vscode/extensions/ms-vscode-remote.remote-ssh-0.120.0/out/extension.js:2:1109251
    at /home/bryan/.vscode/extensions/ms-vscode-remote.remote-ssh-0.120.0/out/extension.js:2:1117584
    at Object.<anonymous> (/home/bryan/.vscode/extensions/ms-vscode-remote.remote-ssh-0.120.0/out/extension.js:2:1117690)
    at Module._compile (node:internal/modules/cjs/loader:1714:14)
    at Module._extensions..js (node:internal/modules/cjs/loader:1848:10)
    at Module.load (node:internal/modules/cjs/loader:1448:32)
    at Module._load (node:internal/modules/cjs/loader:1270:12)
    at c._load (node:electron/js2c/node_init:2:17993)
    at e._load (file:///opt/visual-studio-code/resources/app/out/vs/workbench/api/node/extensionHostProcess.js:402:5984)
    at t._load (file:///opt/visual-studio-code/resources/app/out/vs/workbench/api/node/extensionHostProcess.js:220:22582)
    at r._load (file:///opt/visual-studio-code/resources/app/out/vs/workbench/api/node/extensionHostProcess.js:212:24094)
    at TracingChannel.traceSync (node:diagnostics_channel:322:14)
    at wrapModuleLoad (node:internal/modules/cjs/loader:244:24)
    at Module.require (node:internal/modules/cjs/loader:1470:12)
    at require (node:internal/modules/helpers:147:16)
    at kX.Cb (file:///opt/visual-studio-code/resources/app/out/vs/workbench/api/node/extensionHostProcess.js:251:1253)
2026-01-17 10:01:23.386 [error] PendingMigrationError: navigator is now a global in nodejs, please see https://aka.ms/vscode-extensions/navigator for additional info on this error.
    at get (file:///opt/visual-studio-code/resources/app/out/vs/workbench/api/node/extensionHostProcess.js:402:6611)
    at g (/home/bryan/.vscode/extensions/ms-vscode-remote.remote-ssh-0.120.0/out/extension.js:2:283829)
    at /home/bryan/.vscode/extensions/ms-vscode-remote.remote-ssh-0.120.0/out/extension.js:2:283674
    at r (/home/bryan/.vscode/extensions/ms-vscode-remote.remote-ssh-0.120.0/out/extension.js:2:285048)
    at /home/bryan/.vscode/extensions/ms-vscode-remote.remote-ssh-0.120.0/out/extension.js:2:285217
    at Object.get (/home/bryan/.vscode/extensions/ms-vscode-remote.remote-ssh-0.120.0/out/extension.js:2:284567)
    at _ (/home/bryan/.vscode/extensions/ms-vscode-remote.remote-ssh-0.120.0/out/extension.js:2:284134)
    at O (/home/bryan/.vscode/extensions/ms-vscode-remote.remote-ssh-0.120.0/out/extension.js:2:229826)
    at /home/bryan/.vscode/extensions/ms-vscode-remote.remote-ssh-0.120.0/out/extension.js:2:163430
    at Object.p [as use] (/home/bryan/.vscode/extensions/ms-vscode-remote.remote-ssh-0.120.0/out/extension.js:2:205291)
    at /home/bryan/.vscode/extensions/ms-vscode-remote.remote-ssh-0.120.0/out/extension.js:2:206959
    at s.<computed> [as watch] (/home/bryan/.vscode/extensions/ms-vscode-remote.remote-ssh-0.120.0/out/extension.js:2:206970)
    at B (/home/bryan/.vscode/extensions/ms-vscode-remote.remote-ssh-0.120.0/out/extension.js:2:207589)
    at e.<computed> [as initialize] (/home/bryan/.vscode/extensions/ms-vscode-remote.remote-ssh-0.120.0/out/extension.js:2:162741)
    at e.n [as initialize] (/home/bryan/.vscode/extensions/ms-vscode-remote.remote-ssh-0.120.0/out/extension.js:2:275397)
    at /home/bryan/.vscode/extensions/ms-vscode-remote.remote-ssh-0.120.0/out/extension.js:2:170519
    at g (/home/bryan/.vscode/extensions/ms-vscode-remote.remote-ssh-0.120.0/out/extension.js:2:239634)
    at e.<computed> [as initialize] (/home/bryan/.vscode/extensions/ms-vscode-remote.remote-ssh-0.120.0/out/extension.js:2:169778)
    at t.n [as initialize] (/home/bryan/.vscode/extensions/ms-vscode-remote.remote-ssh-0.120.0/out/extension.js:2:275397)
    at Array.<anonymous> (/home/bryan/.vscode/extensions/ms-vscode-remote.remote-ssh-0.120.0/out/extension.js:2:244943)
    at o (/home/bryan/.vscode/extensions/ms-vscode-remote.remote-ssh-0.120.0/out/extension.js:2:280977)
    at u (/home/bryan/.vscode/extensions/ms-vscode-remote.remote-ssh-0.120.0/out/extension.js:2:244904)
    at ge (/home/bryan/.vscode/extensions/ms-vscode-remote.remote-ssh-0.120.0/out/extension.js:2:213632)
    at e.<computed> (/home/bryan/.vscode/extensions/ms-vscode-remote.remote-ssh-0.120.0/out/extension.js:2:216146)
    at Object.initialize (/home/bryan/.vscode/extensions/ms-vscode-remote.remote-ssh-0.120.0/out/extension.js:2:276131)
    at /home/bryan/.vscode/extensions/ms-vscode-remote.remote-ssh-0.120.0/out/extension.js:2:140366
    at g (/home/bryan/.vscode/extensions/ms-vscode-remote.remote-ssh-0.120.0/out/extension.js:2:239634)
    at e.<computed> [as initialize] (/home/bryan/.vscode/extensions/ms-vscode-remote.remote-ssh-0.120.0/out/extension.js:2:140291)
    at t.n [as initialize] (/home/bryan/.vscode/extensions/ms-vscode-remote.remote-ssh-0.120.0/out/extension.js:2:275397)
    at /home/bryan/.vscode/extensions/ms-vscode-remote.remote-ssh-0.120.0/out/extension.js:2:339701
    at async t.oneDataSystemClientFactory (/home/bryan/.vscode/extensions/ms-vscode-remote.remote-ssh-0.120.0/out/extension.js:2:339100)
2026-01-17 10:01:23.395 [info] [resolveAuthority(ssh-remote,1)][0ms] activating remote resolvers ssh-remote+pi-zero
2026-01-17 10:01:23.395 [info] [resolveAuthority(ssh-remote,1)][0ms] activating resolver for ssh-remote+pi-zero...
2026-01-17 10:01:23.395 [info] [resolveAuthority(ssh-remote,1)][0ms] invoking final resolve()...
2026-01-17 10:01:24.395 [info] [resolveAuthority(ssh-remote,1)][1000ms] waiting...
2026-01-17 10:01:25.397 [info] [resolveAuthority(ssh-remote,1)][2002ms] waiting...
2026-01-17 10:01:26.398 [info] [resolveAuthority(ssh-remote,1)][3003ms] waiting...
2026-01-17 10:01:27.090 [error] [resolveAuthority(ssh-remote,1)][3695ms] returned an error No route to host
2026-01-17 10:01:27.195 [info] Eager extensions activated
2026-01-17 10:01:27.297 [info] ExtensionService#_doActivateExtension vscode.github-authentication, startup: false, activationEvent: 'onAuthenticationRequest:github'
2026-01-17 10:01:27.315 [info] ExtensionService#_doActivateExtension ms-vscode.remote-explorer, startup: false, activationEvent: 'onCommand:remote-internal.setActiveFolders'
2026-01-17 10:09:28.073 [info] Extension host terminating: renderer closed the MessagePort
2026-01-17 10:09:28.077 [info] Extension host with pid 8343 exiting with code 0
2026-01-17 10:09:28.792 [info] Extension host with pid 11138 started
2026-01-17 10:09:28.792 [info] Skipping acquiring lock for /home/bryan/.config/Code/User/workspaceStorage/71db83a047e452e1780849dcc45a02d6.
2026-01-17 10:09:28.792 [info] $getCanonicalURI invoked for authority (ssh-remote)
2026-01-17 10:09:28.797 [info] ExtensionService#_doActivateExtension ms-vscode-remote.remote-ssh, startup: false, activationEvent: 'onResolveRemoteAuthority:ssh-remote'
2026-01-17 10:09:28.843 [error] PendingMigrationError: navigator is now a global in nodejs, please see https://aka.ms/vscode-extensions/navigator for additional info on this error.
    at get (file:///opt/visual-studio-code/resources/app/out/vs/workbench/api/node/extensionHostProcess.js:402:6611)
    at Object.<anonymous> (/home/bryan/.vscode/extensions/ms-vscode-remote.remote-ssh-0.120.0/out/extension.js:2:486184)
    at 19534 (/home/bryan/.vscode/extensions/ms-vscode-remote.remote-ssh-0.120.0/out/extension.js:2:504894)
    at r (/home/bryan/.vscode/extensions/ms-vscode-remote.remote-ssh-0.120.0/out/extension.js:2:1108387)
    at 92839 (/home/bryan/.vscode/extensions/ms-vscode-remote.remote-ssh-0.120.0/out/extension.js:2:466959)
    at r (/home/bryan/.vscode/extensions/ms-vscode-remote.remote-ssh-0.120.0/out/extension.js:2:1108387)
    at 49424 (/home/bryan/.vscode/extensions/ms-vscode-remote.remote-ssh-0.120.0/out/extension.js:2:465816)
    at r (/home/bryan/.vscode/extensions/ms-vscode-remote.remote-ssh-0.120.0/out/extension.js:2:1108387)
    at 17130 (/home/bryan/.vscode/extensions/ms-vscode-remote.remote-ssh-0.120.0/out/extension.js:2:596135)
    at r (/home/bryan/.vscode/extensions/ms-vscode-remote.remote-ssh-0.120.0/out/extension.js:2:1108387)
    at 87631 (/home/bryan/.vscode/extensions/ms-vscode-remote.remote-ssh-0.120.0/out/extension.js:2:576866)
    at r (/home/bryan/.vscode/extensions/ms-vscode-remote.remote-ssh-0.120.0/out/extension.js:2:1108387)
    at 65861 (/home/bryan/.vscode/extensions/ms-vscode-remote.remote-ssh-0.120.0/out/extension.js:2:600705)
    at r (/home/bryan/.vscode/extensions/ms-vscode-remote.remote-ssh-0.120.0/out/extension.js:2:1108387)
    at 91577 (/home/bryan/.vscode/extensions/ms-vscode-remote.remote-ssh-0.120.0/out/extension.js:2:856974)
    at r (/home/bryan/.vscode/extensions/ms-vscode-remote.remote-ssh-0.120.0/out/extension.js:2:1108387)
    at 94111 (/home/bryan/.vscode/extensions/ms-vscode-remote.remote-ssh-0.120.0/out/extension.js:2:819912)
    at r (/home/bryan/.vscode/extensions/ms-vscode-remote.remote-ssh-0.120.0/out/extension.js:2:1108387)
    at 35187 (/home/bryan/.vscode/extensions/ms-vscode-remote.remote-ssh-0.120.0/out/extension.js:2:690327)
    at r (/home/bryan/.vscode/extensions/ms-vscode-remote.remote-ssh-0.120.0/out/extension.js:2:1108387)
    at 64417 (/home/bryan/.vscode/extensions/ms-vscode-remote.remote-ssh-0.120.0/out/extension.js:2:846572)
    at r (/home/bryan/.vscode/extensions/ms-vscode-remote.remote-ssh-0.120.0/out/extension.js:2:1108387)
    at 24847 (/home/bryan/.vscode/extensions/ms-vscode-remote.remote-ssh-0.120.0/out/extension.js:2:828930)
    at r (/home/bryan/.vscode/extensions/ms-vscode-remote.remote-ssh-0.120.0/out/extension.js:2:1108387)
    at 54788 (/home/bryan/.vscode/extensions/ms-vscode-remote.remote-ssh-0.120.0/out/extension.js:2:788284)
    at r (/home/bryan/.vscode/extensions/ms-vscode-remote.remote-ssh-0.120.0/out/extension.js:2:1108387)
    at 30729 (/home/bryan/.vscode/extensions/ms-vscode-remote.remote-ssh-0.120.0/out/extension.js:2:682648)
    at r (/home/bryan/.vscode/extensions/ms-vscode-remote.remote-ssh-0.120.0/out/extension.js:2:1108387)
    at 24430 (/home/bryan/.vscode/extensions/ms-vscode-remote.remote-ssh-0.120.0/out/extension.js:2:837945)
    at r (/home/bryan/.vscode/extensions/ms-vscode-remote.remote-ssh-0.120.0/out/extension.js:2:1108387)
    at 52584 (/home/bryan/.vscode/extensions/ms-vscode-remote.remote-ssh-0.120.0/out/extension.js:2:811300)
    at r (/home/bryan/.vscode/extensions/ms-vscode-remote.remote-ssh-0.120.0/out/extension.js:2:1108387)
    at 69480 (/home/bryan/.vscode/extensions/ms-vscode-remote.remote-ssh-0.120.0/out/extension.js:2:800490)
    at r (/home/bryan/.vscode/extensions/ms-vscode-remote.remote-ssh-0.120.0/out/extension.js:2:1108387)
    at 71535 (/home/bryan/.vscode/extensions/ms-vscode-remote.remote-ssh-0.120.0/out/extension.js:2:680397)
    at r (/home/bryan/.vscode/extensions/ms-vscode-remote.remote-ssh-0.120.0/out/extension.js:2:1108387)
    at /home/bryan/.vscode/extensions/ms-vscode-remote.remote-ssh-0.120.0/out/extension.js:2:1109251
    at /home/bryan/.vscode/extensions/ms-vscode-remote.remote-ssh-0.120.0/out/extension.js:2:1117584
    at Object.<anonymous> (/home/bryan/.vscode/extensions/ms-vscode-remote.remote-ssh-0.120.0/out/extension.js:2:1117690)
    at Module._compile (node:internal/modules/cjs/loader:1714:14)
    at Module._extensions..js (node:internal/modules/cjs/loader:1848:10)
    at Module.load (node:internal/modules/cjs/loader:1448:32)
    at Module._load (node:internal/modules/cjs/loader:1270:12)
    at c._load (node:electron/js2c/node_init:2:17993)
    at e._load (file:///opt/visual-studio-code/resources/app/out/vs/workbench/api/node/extensionHostProcess.js:402:5984)
    at t._load (file:///opt/visual-studio-code/resources/app/out/vs/workbench/api/node/extensionHostProcess.js:220:22582)
    at r._load (file:///opt/visual-studio-code/resources/app/out/vs/workbench/api/node/extensionHostProcess.js:212:24094)
    at TracingChannel.traceSync (node:diagnostics_channel:322:14)
    at wrapModuleLoad (node:internal/modules/cjs/loader:244:24)
    at Module.require (node:internal/modules/cjs/loader:1470:12)
    at require (node:internal/modules/helpers:147:16)
    at kX.Cb (file:///opt/visual-studio-code/resources/app/out/vs/workbench/api/node/extensionHostProcess.js:251:1253)
2026-01-17 10:09:28.921 [error] PendingMigrationError: navigator is now a global in nodejs, please see https://aka.ms/vscode-extensions/navigator for additional info on this error.
    at get (file:///opt/visual-studio-code/resources/app/out/vs/workbench/api/node/extensionHostProcess.js:402:6611)
    at g (/home/bryan/.vscode/extensions/ms-vscode-remote.remote-ssh-0.120.0/out/extension.js:2:283829)
    at /home/bryan/.vscode/extensions/ms-vscode-remote.remote-ssh-0.120.0/out/extension.js:2:283674
    at r (/home/bryan/.vscode/extensions/ms-vscode-remote.remote-ssh-0.120.0/out/extension.js:2:285048)
    at /home/bryan/.vscode/extensions/ms-vscode-remote.remote-ssh-0.120.0/out/extension.js:2:285217
    at Object.get (/home/bryan/.vscode/extensions/ms-vscode-remote.remote-ssh-0.120.0/out/extension.js:2:284567)
    at _ (/home/bryan/.vscode/extensions/ms-vscode-remote.remote-ssh-0.120.0/out/extension.js:2:284134)
    at O (/home/bryan/.vscode/extensions/ms-vscode-remote.remote-ssh-0.120.0/out/extension.js:2:229826)
    at /home/bryan/.vscode/extensions/ms-vscode-remote.remote-ssh-0.120.0/out/extension.js:2:163430
    at Object.p [as use] (/home/bryan/.vscode/extensions/ms-vscode-remote.remote-ssh-0.120.0/out/extension.js:2:205291)
    at /home/bryan/.vscode/extensions/ms-vscode-remote.remote-ssh-0.120.0/out/extension.js:2:206959
    at s.<computed> [as watch] (/home/bryan/.vscode/extensions/ms-vscode-remote.remote-ssh-0.120.0/out/extension.js:2:206970)
    at B (/home/bryan/.vscode/extensions/ms-vscode-remote.remote-ssh-0.120.0/out/extension.js:2:207589)
    at e.<computed> [as initialize] (/home/bryan/.vscode/extensions/ms-vscode-remote.remote-ssh-0.120.0/out/extension.js:2:162741)
    at e.n [as initialize] (/home/bryan/.vscode/extensions/ms-vscode-remote.remote-ssh-0.120.0/out/extension.js:2:275397)
    at /home/bryan/.vscode/extensions/ms-vscode-remote.remote-ssh-0.120.0/out/extension.js:2:170519
    at g (/home/bryan/.vscode/extensions/ms-vscode-remote.remote-ssh-0.120.0/out/extension.js:2:239634)
    at e.<computed> [as initialize] (/home/bryan/.vscode/extensions/ms-vscode-remote.remote-ssh-0.120.0/out/extension.js:2:169778)
    at t.n [as initialize] (/home/bryan/.vscode/extensions/ms-vscode-remote.remote-ssh-0.120.0/out/extension.js:2:275397)
    at Array.<anonymous> (/home/bryan/.vscode/extensions/ms-vscode-remote.remote-ssh-0.120.0/out/extension.js:2:244943)
    at o (/home/bryan/.vscode/extensions/ms-vscode-remote.remote-ssh-0.120.0/out/extension.js:2:280977)
    at u (/home/bryan/.vscode/extensions/ms-vscode-remote.remote-ssh-0.120.0/out/extension.js:2:244904)
    at ge (/home/bryan/.vscode/extensions/ms-vscode-remote.remote-ssh-0.120.0/out/extension.js:2:213632)
    at e.<computed> (/home/bryan/.vscode/extensions/ms-vscode-remote.remote-ssh-0.120.0/out/extension.js:2:216146)
    at Object.initialize (/home/bryan/.vscode/extensions/ms-vscode-remote.remote-ssh-0.120.0/out/extension.js:2:276131)
    at /home/bryan/.vscode/extensions/ms-vscode-remote.remote-ssh-0.120.0/out/extension.js:2:140366
    at g (/home/bryan/.vscode/extensions/ms-vscode-remote.remote-ssh-0.120.0/out/extension.js:2:239634)
    at e.<computed> [as initialize] (/home/bryan/.vscode/extensions/ms-vscode-remote.remote-ssh-0.120.0/out/extension.js:2:140291)
    at t.n [as initialize] (/home/bryan/.vscode/extensions/ms-vscode-remote.remote-ssh-0.120.0/out/extension.js:2:275397)
    at /home/bryan/.vscode/extensions/ms-vscode-remote.remote-ssh-0.120.0/out/extension.js:2:339701
    at async t.oneDataSystemClientFactory (/home/bryan/.vscode/extensions/ms-vscode-remote.remote-ssh-0.120.0/out/extension.js:2:339100)
2026-01-17 10:09:28.927 [info] [resolveAuthority(ssh-remote,1)][0ms] activating remote resolvers ssh-remote+pi-zero
2026-01-17 10:09:28.927 [info] [resolveAuthority(ssh-remote,1)][0ms] activating resolver for ssh-remote+pi-zero...
2026-01-17 10:09:28.927 [info] [resolveAuthority(ssh-remote,1)][0ms] invoking final resolve()...
2026-01-17 10:09:29.927 [info] [resolveAuthority(ssh-remote,1)][1000ms] waiting...
2026-01-17 10:09:30.928 [info] [resolveAuthority(ssh-remote,1)][2001ms] waiting...
2026-01-17 10:09:31.929 [info] [resolveAuthority(ssh-remote,1)][3002ms] waiting...
2026-01-17 10:09:32.930 [info] [resolveAuthority(ssh-remote,1)][4003ms] waiting...
2026-01-17 10:09:33.932 [info] [resolveAuthority(ssh-remote,1)][5005ms] waiting...
2026-01-17 10:09:34.933 [info] [resolveAuthority(ssh-remote,1)][6006ms] waiting...
2026-01-17 10:09:35.934 [info] [resolveAuthority(ssh-remote,1)][7007ms] waiting...
2026-01-17 10:09:36.935 [info] [resolveAuthority(ssh-remote,1)][8008ms] waiting...
2026-01-17 10:09:37.936 [info] [resolveAuthority(ssh-remote,1)][9009ms] waiting...
2026-01-17 10:09:38.936 [info] [resolveAuthority(ssh-remote,1)][10009ms] waiting...
2026-01-17 10:09:39.937 [info] [resolveAuthority(ssh-remote,1)][11010ms] waiting...
2026-01-17 10:09:40.939 [info] [resolveAuthority(ssh-remote,1)][12012ms] waiting...
2026-01-17 10:09:41.940 [info] [resolveAuthority(ssh-remote,1)][13013ms] waiting...
2026-01-17 10:09:42.941 [info] [resolveAuthority(ssh-remote,1)][14014ms] waiting...
2026-01-17 10:09:43.942 [info] [resolveAuthority(ssh-remote,1)][15015ms] waiting...
2026-01-17 10:09:44.943 [info] [resolveAuthority(ssh-remote,1)][16016ms] waiting...
2026-01-17 10:09:45.944 [info] [resolveAuthority(ssh-remote,1)][17017ms] waiting...
2026-01-17 10:09:46.945 [info] [resolveAuthority(ssh-remote,1)][18018ms] waiting...
2026-01-17 10:09:47.947 [info] [resolveAuthority(ssh-remote,1)][19020ms] waiting...
2026-01-17 10:09:48.948 [info] [resolveAuthority(ssh-remote,1)][20021ms] waiting...
2026-01-17 10:09:49.949 [info] [resolveAuthority(ssh-remote,1)][21022ms] waiting...
2026-01-17 10:09:50.950 [info] [resolveAuthority(ssh-remote,1)][22023ms] waiting...
2026-01-17 10:09:51.950 [info] [resolveAuthority(ssh-remote,1)][23023ms] waiting...
2026-01-17 10:09:52.951 [info] [resolveAuthority(ssh-remote,1)][24024ms] waiting...
2026-01-17 10:09:53.953 [info] [resolveAuthority(ssh-remote,1)][25026ms] waiting...
2026-01-17 10:09:54.954 [info] [resolveAuthority(ssh-remote,1)][26027ms] waiting...
2026-01-17 10:09:55.954 [info] [resolveAuthority(ssh-remote,1)][27027ms] waiting...
2026-01-17 10:09:56.954 [info] [resolveAuthority(ssh-remote,1)][28027ms] waiting...
2026-01-17 10:09:57.955 [info] [resolveAuthority(ssh-remote,1)][29028ms] waiting...
2026-01-17 10:09:58.956 [info] [resolveAuthority(ssh-remote,1)][30029ms] waiting...
2026-01-17 10:09:59.958 [info] [resolveAuthority(ssh-remote,1)][31031ms] waiting...
2026-01-17 10:10:00.959 [info] [resolveAuthority(ssh-remote,1)][32032ms] waiting...
2026-01-17 10:10:01.960 [info] [resolveAuthority(ssh-remote,1)][33033ms] waiting...
2026-01-17 10:10:02.961 [info] [resolveAuthority(ssh-remote,1)][34034ms] waiting...
2026-01-17 10:10:03.962 [info] [resolveAuthority(ssh-remote,1)][35035ms] waiting...
2026-01-17 10:10:04.963 [info] [resolveAuthority(ssh-remote,1)][36036ms] waiting...
2026-01-17 10:10:05.964 [info] [resolveAuthority(ssh-remote,1)][37037ms] waiting...
2026-01-17 10:10:06.964 [info] [resolveAuthority(ssh-remote,1)][38037ms] waiting...
2026-01-17 10:10:07.966 [info] [resolveAuthority(ssh-remote,1)][39039ms] waiting...
2026-01-17 10:10:08.967 [info] [resolveAuthority(ssh-remote,1)][40040ms] waiting...
2026-01-17 10:10:09.968 [info] [resolveAuthority(ssh-remote,1)][41041ms] waiting...
2026-01-17 10:10:10.969 [info] [resolveAuthority(ssh-remote,1)][42042ms] waiting...
2026-01-17 10:10:11.970 [info] [resolveAuthority(ssh-remote,1)][43043ms] waiting...
2026-01-17 10:10:12.971 [info] [resolveAuthority(ssh-remote,1)][44044ms] waiting...
2026-01-17 10:10:13.972 [info] [resolveAuthority(ssh-remote,1)][45045ms] waiting...
2026-01-17 10:10:14.972 [info] [resolveAuthority(ssh-remote,1)][46045ms] waiting...
2026-01-17 10:10:15.974 [info] [resolveAuthority(ssh-remote,1)][47046ms] waiting...
2026-01-17 10:10:16.975 [info] [resolveAuthority(ssh-remote,1)][48048ms] waiting...
2026-01-17 10:10:17.976 [info] [resolveAuthority(ssh-remote,1)][49049ms] waiting...
2026-01-17 10:10:18.977 [info] [resolveAuthority(ssh-remote,1)][50050ms] waiting...
2026-01-17 10:10:19.978 [info] [resolveAuthority(ssh-remote,1)][51051ms] waiting...
2026-01-17 10:10:20.979 [info] [resolveAuthority(ssh-remote,1)][52052ms] waiting...
2026-01-17 10:10:21.980 [info] [resolveAuthority(ssh-remote,1)][53053ms] waiting...
2026-01-17 10:10:22.980 [info] [resolveAuthority(ssh-remote,1)][54053ms] waiting...
2026-01-17 10:10:23.981 [info] [resolveAuthority(ssh-remote,1)][55054ms] waiting...
2026-01-17 10:10:24.982 [info] [resolveAuthority(ssh-remote,1)][56055ms] waiting...
2026-01-17 10:10:25.984 [info] [resolveAuthority(ssh-remote,1)][57057ms] waiting...
2026-01-17 10:10:26.985 [info] [resolveAuthority(ssh-remote,1)][58058ms] waiting...
2026-01-17 10:10:27.986 [info] [resolveAuthority(ssh-remote,1)][59059ms] waiting...
2026-01-17 10:10:28.987 [info] [resolveAuthority(ssh-remote,1)][60060ms] waiting...
2026-01-17 10:10:29.988 [info] [resolveAuthority(ssh-remote,1)][61061ms] waiting...
2026-01-17 10:10:30.989 [info] [resolveAuthority(ssh-remote,1)][62062ms] waiting...
2026-01-17 10:10:31.990 [info] [resolveAuthority(ssh-remote,1)][63063ms] waiting...
2026-01-17 10:10:32.991 [info] [resolveAuthority(ssh-remote,1)][64064ms] waiting...
2026-01-17 10:10:33.992 [info] [resolveAuthority(ssh-remote,1)][65065ms] waiting...
2026-01-17 10:10:34.993 [info] [resolveAuthority(ssh-remote,1)][66066ms] waiting...
2026-01-17 10:10:35.994 [info] [resolveAuthority(ssh-remote,1)][67067ms] waiting...
2026-01-17 10:10:36.995 [info] [resolveAuthority(ssh-remote,1)][68068ms] waiting...
2026-01-17 10:10:37.996 [info] [resolveAuthority(ssh-remote,1)][69069ms] waiting...
2026-01-17 10:10:38.998 [info] [resolveAuthority(ssh-remote,1)][70071ms] waiting...
2026-01-17 10:10:39.999 [info] [resolveAuthority(ssh-remote,1)][71072ms] waiting...
2026-01-17 10:10:41.000 [info] [resolveAuthority(ssh-remote,1)][72073ms] waiting...
2026-01-17 10:10:42.001 [info] [resolveAuthority(ssh-remote,1)][73074ms] waiting...
2026-01-17 10:10:43.002 [info] [resolveAuthority(ssh-remote,1)][74075ms] waiting...
2026-01-17 10:10:44.003 [info] [resolveAuthority(ssh-remote,1)][75076ms] waiting...
2026-01-17 10:10:45.004 [info] [resolveAuthority(ssh-remote,1)][76077ms] waiting...
2026-01-17 10:10:46.005 [info] [resolveAuthority(ssh-remote,1)][77078ms] waiting...
2026-01-17 10:10:47.006 [info] [resolveAuthority(ssh-remote,1)][78079ms] waiting...
2026-01-17 10:10:48.008 [info] [resolveAuthority(ssh-remote,1)][79080ms] waiting...
2026-01-17 10:10:49.009 [info] [resolveAuthority(ssh-remote,1)][80082ms] waiting...
2026-01-17 10:10:50.010 [info] [resolveAuthority(ssh-remote,1)][81083ms] waiting...
2026-01-17 10:10:51.011 [info] [resolveAuthority(ssh-remote,1)][82084ms] waiting...
2026-01-17 10:10:52.012 [info] [resolveAuthority(ssh-remote,1)][83085ms] waiting...
2026-01-17 10:10:53.013 [info] [resolveAuthority(ssh-remote,1)][84086ms] waiting...
2026-01-17 10:10:54.014 [info] [resolveAuthority(ssh-remote,1)][85087ms] waiting...
2026-01-17 10:10:55.015 [info] [resolveAuthority(ssh-remote,1)][86088ms] waiting...
2026-01-17 10:10:56.015 [info] [resolveAuthority(ssh-remote,1)][87088ms] waiting...
2026-01-17 10:10:57.016 [info] [resolveAuthority(ssh-remote,1)][88089ms] waiting...
2026-01-17 10:10:58.017 [info] [resolveAuthority(ssh-remote,1)][89090ms] waiting...
2026-01-17 10:10:59.018 [info] [resolveAuthority(ssh-remote,1)][90091ms] waiting...
2026-01-17 10:11:00.019 [info] [resolveAuthority(ssh-remote,1)][91092ms] waiting...
2026-01-17 10:11:01.020 [info] [resolveAuthority(ssh-remote,1)][92093ms] waiting...
2026-01-17 10:11:02.022 [info] [resolveAuthority(ssh-remote,1)][93094ms] waiting...
2026-01-17 10:11:03.023 [info] [resolveAuthority(ssh-remote,1)][94096ms] waiting...
2026-01-17 10:11:04.023 [info] [resolveAuthority(ssh-remote,1)][95096ms] waiting...
2026-01-17 10:11:05.024 [info] [resolveAuthority(ssh-remote,1)][96097ms] waiting...
2026-01-17 10:11:06.025 [info] [resolveAuthority(ssh-remote,1)][97098ms] waiting...
2026-01-17 10:11:07.026 [info] [resolveAuthority(ssh-remote,1)][98099ms] waiting...
2026-01-17 10:11:08.027 [info] [resolveAuthority(ssh-remote,1)][99100ms] waiting...
2026-01-17 10:11:09.028 [info] [resolveAuthority(ssh-remote,1)][100101ms] waiting...
2026-01-17 10:11:10.029 [info] [resolveAuthority(ssh-remote,1)][101102ms] waiting...
2026-01-17 10:11:11.030 [info] [resolveAuthority(ssh-remote,1)][102103ms] waiting...
2026-01-17 10:11:12.031 [info] [resolveAuthority(ssh-remote,1)][103104ms] waiting...
2026-01-17 10:11:13.030 [info] [resolveAuthority(ssh-remote,1)][104103ms] waiting...
2026-01-17 10:11:14.031 [info] [resolveAuthority(ssh-remote,1)][105104ms] waiting...
2026-01-17 10:11:15.032 [info] [resolveAuthority(ssh-remote,1)][106105ms] waiting...
2026-01-17 10:11:16.033 [info] [resolveAuthority(ssh-remote,1)][107106ms] waiting...
2026-01-17 10:11:17.034 [info] [resolveAuthority(ssh-remote,1)][108107ms] waiting...
2026-01-17 10:11:18.036 [info] [resolveAuthority(ssh-remote,1)][109109ms] waiting...
2026-01-17 10:11:19.037 [info] [resolveAuthority(ssh-remote,1)][110110ms] waiting...
2026-01-17 10:11:20.038 [info] [resolveAuthority(ssh-remote,1)][111111ms] waiting...
2026-01-17 10:11:21.038 [info] [resolveAuthority(ssh-remote,1)][112111ms] waiting...
2026-01-17 10:11:22.038 [info] [resolveAuthority(ssh-remote,1)][113111ms] waiting...
2026-01-17 10:11:23.039 [info] [resolveAuthority(ssh-remote,1)][114112ms] waiting...
2026-01-17 10:11:24.040 [info] [resolveAuthority(ssh-remote,1)][115113ms] waiting...
2026-01-17 10:11:25.042 [info] [resolveAuthority(ssh-remote,1)][116115ms] waiting...
2026-01-17 10:11:26.043 [info] [resolveAuthority(ssh-remote,1)][117116ms] waiting...
2026-01-17 10:11:27.044 [info] [resolveAuthority(ssh-remote,1)][118117ms] waiting...
2026-01-17 10:11:28.045 [info] [resolveAuthority(ssh-remote,1)][119118ms] waiting...
2026-01-17 10:11:29.045 [info] [resolveAuthority(ssh-remote,1)][120118ms] waiting...
2026-01-17 10:11:30.046 [info] [resolveAuthority(ssh-remote,1)][121119ms] waiting...
2026-01-17 10:11:31.047 [info] [resolveAuthority(ssh-remote,1)][122120ms] waiting...
2026-01-17 10:11:32.048 [info] [resolveAuthority(ssh-remote,1)][123121ms] waiting...
2026-01-17 10:11:33.050 [info] [resolveAuthority(ssh-remote,1)][124123ms] waiting...
2026-01-17 10:11:34.051 [info] [resolveAuthority(ssh-remote,1)][125124ms] waiting...
2026-01-17 10:11:35.052 [info] [resolveAuthority(ssh-remote,1)][126125ms] waiting...
2026-01-17 10:11:36.053 [info] [resolveAuthority(ssh-remote,1)][127126ms] waiting...
2026-01-17 10:11:37.053 [info] [resolveAuthority(ssh-remote,1)][128126ms] waiting...
2026-01-17 10:11:38.054 [info] [resolveAuthority(ssh-remote,1)][129127ms] waiting...
2026-01-17 10:11:39.055 [info] [resolveAuthority(ssh-remote,1)][130128ms] waiting...
2026-01-17 10:11:40.056 [info] [resolveAuthority(ssh-remote,1)][131129ms] waiting...
2026-01-17 10:11:41.058 [info] [resolveAuthority(ssh-remote,1)][132131ms] waiting...
2026-01-17 10:11:42.058 [info] [resolveAuthority(ssh-remote,1)][133131ms] waiting...
2026-01-17 10:11:43.058 [info] [resolveAuthority(ssh-remote,1)][134131ms] waiting...
2026-01-17 10:11:44.059 [info] [resolveAuthority(ssh-remote,1)][135132ms] waiting...
2026-01-17 10:11:45.060 [info] [resolveAuthority(ssh-remote,1)][136133ms] waiting...
2026-01-17 10:11:46.062 [info] [resolveAuthority(ssh-remote,1)][137135ms] waiting...
2026-01-17 10:11:47.063 [info] [resolveAuthority(ssh-remote,1)][138136ms] waiting...
2026-01-17 10:11:48.064 [info] [resolveAuthority(ssh-remote,1)][139137ms] waiting...
2026-01-17 10:11:49.065 [info] [resolveAuthority(ssh-remote,1)][140138ms] waiting...
2026-01-17 10:11:50.066 [info] [resolveAuthority(ssh-remote,1)][141139ms] waiting...
2026-01-17 10:11:51.067 [info] [resolveAuthority(ssh-remote,1)][142140ms] waiting...
2026-01-17 10:11:52.068 [info] [resolveAuthority(ssh-remote,1)][143141ms] waiting...
2026-01-17 10:11:53.068 [info] [resolveAuthority(ssh-remote,1)][144141ms] waiting...
2026-01-17 10:11:54.069 [info] [resolveAuthority(ssh-remote,1)][145142ms] waiting...
2026-01-17 10:11:55.070 [info] [resolveAuthority(ssh-remote,1)][146143ms] waiting...
2026-01-17 10:11:56.071 [info] [resolveAuthority(ssh-remote,1)][147144ms] waiting...
2026-01-17 10:11:57.072 [info] [resolveAuthority(ssh-remote,1)][148145ms] waiting...
2026-01-17 10:11:58.073 [info] [resolveAuthority(ssh-remote,1)][149146ms] waiting...
2026-01-17 10:11:59.074 [info] [resolveAuthority(ssh-remote,1)][150147ms] waiting...
2026-01-17 10:12:00.075 [info] [resolveAuthority(ssh-remote,1)][151148ms] waiting...
2026-01-17 10:12:01.075 [info] [resolveAuthority(ssh-remote,1)][152148ms] waiting...
2026-01-17 10:12:02.077 [info] [resolveAuthority(ssh-remote,1)][153150ms] waiting...
2026-01-17 10:12:03.078 [info] [resolveAuthority(ssh-remote,1)][154151ms] waiting...
2026-01-17 10:12:04.079 [info] [resolveAuthority(ssh-remote,1)][155152ms] waiting...
2026-01-17 10:12:05.080 [info] [resolveAuthority(ssh-remote,1)][156153ms] waiting...
2026-01-17 10:12:06.081 [info] [resolveAuthority(ssh-remote,1)][157154ms] waiting...
2026-01-17 10:12:07.082 [info] [resolveAuthority(ssh-remote,1)][158155ms] waiting...
2026-01-17 10:12:08.083 [info] [resolveAuthority(ssh-remote,1)][159156ms] waiting...
2026-01-17 10:12:09.083 [info] [resolveAuthority(ssh-remote,1)][160156ms] waiting...
2026-01-17 10:12:10.084 [info] [resolveAuthority(ssh-remote,1)][161157ms] waiting...
2026-01-17 10:12:11.085 [info] [resolveAuthority(ssh-remote,1)][162158ms] waiting...
2026-01-17 10:12:12.086 [info] [resolveAuthority(ssh-remote,1)][163159ms] waiting...
2026-01-17 10:12:13.087 [info] [resolveAuthority(ssh-remote,1)][164160ms] waiting...
2026-01-17 10:12:14.088 [info] [resolveAuthority(ssh-remote,1)][165161ms] waiting...
2026-01-17 10:12:15.089 [info] [resolveAuthority(ssh-remote,1)][166162ms] waiting...
2026-01-17 10:12:16.089 [info] [resolveAuthority(ssh-remote,1)][167162ms] waiting...
2026-01-17 10:12:17.089 [info] [resolveAuthority(ssh-remote,1)][168162ms] waiting...
2026-01-17 10:12:18.091 [info] [resolveAuthority(ssh-remote,1)][169164ms] waiting...
2026-01-17 10:12:19.092 [info] [resolveAuthority(ssh-remote,1)][170165ms] waiting...
2026-01-17 10:12:20.093 [info] [resolveAuthority(ssh-remote,1)][171166ms] waiting...
2026-01-17 10:12:21.094 [info] [resolveAuthority(ssh-remote,1)][172167ms] waiting...
2026-01-17 10:12:22.095 [info] [resolveAuthority(ssh-remote,1)][173168ms] waiting...
2026-01-17 10:12:23.097 [info] [resolveAuthority(ssh-remote,1)][174169ms] waiting...
2026-01-17 10:12:24.098 [info] [resolveAuthority(ssh-remote,1)][175171ms] waiting...
2026-01-17 10:12:25.099 [info] [resolveAuthority(ssh-remote,1)][176172ms] waiting...
2026-01-17 10:12:26.100 [info] [resolveAuthority(ssh-remote,1)][177173ms] waiting...
2026-01-17 10:12:27.101 [info] [resolveAuthority(ssh-remote,1)][178174ms] waiting...
2026-01-17 10:12:28.103 [info] [resolveAuthority(ssh-remote,1)][179176ms] waiting...
2026-01-17 10:12:29.104 [info] [resolveAuthority(ssh-remote,1)][180177ms] waiting...
2026-01-17 10:12:30.105 [info] [resolveAuthority(ssh-remote,1)][181178ms] waiting...
2026-01-17 10:12:31.106 [info] [resolveAuthority(ssh-remote,1)][182179ms] waiting...
2026-01-17 10:12:32.107 [info] [resolveAuthority(ssh-remote,1)][183180ms] waiting...
2026-01-17 10:12:33.108 [info] [resolveAuthority(ssh-remote,1)][184181ms] waiting...
2026-01-17 10:12:34.109 [info] [resolveAuthority(ssh-remote,1)][185182ms] waiting...
2026-01-17 10:12:35.110 [info] [resolveAuthority(ssh-remote,1)][186183ms] waiting...
2026-01-17 10:12:36.111 [info] [resolveAuthority(ssh-remote,1)][187184ms] waiting...
2026-01-17 10:12:37.112 [info] [resolveAuthority(ssh-remote,1)][188185ms] waiting...
2026-01-17 10:12:38.113 [info] [resolveAuthority(ssh-remote,1)][189186ms] waiting...
2026-01-17 10:12:39.114 [info] [resolveAuthority(ssh-remote,1)][190187ms] waiting...
2026-01-17 10:12:40.116 [info] [resolveAuthority(ssh-remote,1)][191189ms] waiting...
2026-01-17 10:12:41.117 [info] [resolveAuthority(ssh-remote,1)][192190ms] waiting...
2026-01-17 10:12:42.117 [info] [resolveAuthority(ssh-remote,1)][193190ms] waiting...
2026-01-17 10:12:43.118 [info] [resolveAuthority(ssh-remote,1)][194191ms] waiting...
2026-01-17 10:12:44.118 [info] [resolveAuthority(ssh-remote,1)][195191ms] waiting...
2026-01-17 10:12:45.119 [info] [resolveAuthority(ssh-remote,1)][196192ms] waiting...
2026-01-17 10:12:46.121 [info] [resolveAuthority(ssh-remote,1)][197194ms] waiting...
2026-01-17 10:12:47.122 [info] [resolveAuthority(ssh-remote,1)][198195ms] waiting...
2026-01-17 10:12:48.123 [info] [resolveAuthority(ssh-remote,1)][199196ms] waiting...
2026-01-17 10:12:49.124 [info] [resolveAuthority(ssh-remote,1)][200197ms] waiting...
2026-01-17 10:12:50.125 [info] [resolveAuthority(ssh-remote,1)][201198ms] waiting...
2026-01-17 10:12:51.126 [info] [resolveAuthority(ssh-remote,1)][202199ms] waiting...
2026-01-17 10:12:52.126 [info] [resolveAuthority(ssh-remote,1)][203199ms] waiting...
2026-01-17 10:12:53.127 [info] [resolveAuthority(ssh-remote,1)][204200ms] waiting...
2026-01-17 10:12:54.129 [info] [resolveAuthority(ssh-remote,1)][205202ms] waiting...
2026-01-17 10:12:55.130 [info] [resolveAuthority(ssh-remote,1)][206203ms] waiting...
2026-01-17 10:12:56.131 [info] [resolveAuthority(ssh-remote,1)][207204ms] waiting...
2026-01-17 10:12:57.132 [info] [resolveAuthority(ssh-remote,1)][208205ms] waiting...
2026-01-17 10:12:58.132 [info] [resolveAuthority(ssh-remote,1)][209205ms] waiting...
2026-01-17 10:12:59.133 [info] [resolveAuthority(ssh-remote,1)][210206ms] waiting...
2026-01-17 10:13:00.134 [info] [resolveAuthority(ssh-remote,1)][211207ms] waiting...
2026-01-17 10:13:01.135 [info] [resolveAuthority(ssh-remote,1)][212208ms] waiting...
2026-01-17 10:13:02.137 [info] [resolveAuthority(ssh-remote,1)][213210ms] waiting...
2026-01-17 10:13:03.138 [info] [resolveAuthority(ssh-remote,1)][214211ms] waiting...
2026-01-17 10:13:04.139 [info] [resolveAuthority(ssh-remote,1)][215212ms] waiting...
2026-01-17 10:13:05.140 [info] [resolveAuthority(ssh-remote,1)][216213ms] waiting...
2026-01-17 10:13:06.140 [info] [resolveAuthority(ssh-remote,1)][217213ms] waiting...
2026-01-17 10:13:07.141 [info] [resolveAuthority(ssh-remote,1)][218214ms] waiting...
2026-01-17 10:13:08.143 [info] [resolveAuthority(ssh-remote,1)][219216ms] waiting...
2026-01-17 10:13:09.144 [info] [resolveAuthority(ssh-remote,1)][220217ms] waiting...
2026-01-17 10:13:10.145 [info] [resolveAuthority(ssh-remote,1)][221218ms] waiting...
2026-01-17 10:13:11.146 [info] [resolveAuthority(ssh-remote,1)][222219ms] waiting...
2026-01-17 10:13:12.147 [info] [resolveAuthority(ssh-remote,1)][223220ms] waiting...
2026-01-17 10:13:13.148 [info] [resolveAuthority(ssh-remote,1)][224221ms] waiting...
2026-01-17 10:13:14.150 [info] [resolveAuthority(ssh-remote,1)][225223ms] waiting...
2026-01-17 10:13:15.151 [info] [resolveAuthority(ssh-remote,1)][226224ms] waiting...
2026-01-17 10:13:16.152 [info] [resolveAuthority(ssh-remote,1)][227225ms] waiting...
2026-01-17 10:13:17.153 [info] [resolveAuthority(ssh-remote,1)][228226ms] waiting...
2026-01-17 10:13:18.154 [info] [resolveAuthority(ssh-remote,1)][229227ms] waiting...
2026-01-17 10:13:19.155 [info] [resolveAuthority(ssh-remote,1)][230228ms] waiting...
2026-01-17 10:13:20.157 [info] [resolveAuthority(ssh-remote,1)][231230ms] waiting...
2026-01-17 10:13:21.158 [info] [resolveAuthority(ssh-remote,1)][232231ms] waiting...
2026-01-17 10:13:22.158 [info] [resolveAuthority(ssh-remote,1)][233231ms] waiting...
2026-01-17 10:13:23.159 [info] [resolveAuthority(ssh-remote,1)][234232ms] waiting...
2026-01-17 10:13:24.161 [info] [resolveAuthority(ssh-remote,1)][235233ms] waiting...
2026-01-17 10:13:25.162 [info] [resolveAuthority(ssh-remote,1)][236235ms] waiting...
2026-01-17 10:13:26.163 [info] [resolveAuthority(ssh-remote,1)][237236ms] waiting...
2026-01-17 10:13:27.164 [info] [resolveAuthority(ssh-remote,1)][238237ms] waiting...
2026-01-17 10:13:28.165 [info] [resolveAuthority(ssh-remote,1)][239238ms] waiting...
2026-01-17 10:13:29.166 [info] [resolveAuthority(ssh-remote,1)][240239ms] waiting...
2026-01-17 10:13:30.168 [info] [resolveAuthority(ssh-remote,1)][241241ms] waiting...
2026-01-17 10:13:31.169 [info] [resolveAuthority(ssh-remote,1)][242242ms] waiting...
2026-01-17 10:13:32.170 [info] [resolveAuthority(ssh-remote,1)][243243ms] waiting...
2026-01-17 10:13:33.171 [info] [resolveAuthority(ssh-remote,1)][244244ms] waiting...
2026-01-17 10:13:34.171 [info] [resolveAuthority(ssh-remote,1)][245244ms] waiting...
2026-01-17 10:13:35.172 [info] [resolveAuthority(ssh-remote,1)][246245ms] waiting...
2026-01-17 10:13:36.174 [info] [resolveAuthority(ssh-remote,1)][247247ms] waiting...
2026-01-17 10:13:37.175 [info] [resolveAuthority(ssh-remote,1)][248248ms] waiting...
2026-01-17 10:13:38.176 [info] [resolveAuthority(ssh-remote,1)][249249ms] waiting...
2026-01-17 10:13:39.177 [info] [resolveAuthority(ssh-remote,1)][250250ms] waiting...
2026-01-17 10:13:39.761 [error] [resolveAuthority(ssh-remote,1)][250833ms] returned an error An unknown error occurred. Please consult the log for more details.
2026-01-17 10:13:39.815 [info] Eager extensions activated
2026-01-17 10:13:39.908 [info] ExtensionService#_doActivateExtension vscode.github-authentication, startup: false, activationEvent: 'onAuthenticationRequest:github'
2026-01-17 10:13:39.926 [info] ExtensionService#_doActivateExtension ms-vscode.remote-explorer, startup: false, activationEvent: 'onCommand:remote-internal.setActiveFolders'
2026-01-17 10:13:41.870 [info] Extension host terminating: renderer closed the MessagePort
2026-01-17 10:13:41.874 [error] ProxyResolver#resolveProxy DIRECT Canceled: Canceled
	at Vl (file:///opt/visual-studio-code/resources/app/out/vs/workbench/api/node/extensionHostProcess.js:7:1394)
	at file:///opt/visual-studio-code/resources/app/out/vs/workbench/api/node/extensionHostProcess.js:29:121472
	at Array.forEach (<anonymous>)
	at JS.dispose (file:///opt/visual-studio-code/resources/app/out/vs/workbench/api/node/extensionHostProcess.js:29:121412)
	at kX.terminate (file:///opt/visual-studio-code/resources/app/out/vs/workbench/api/node/extensionHostProcess.js:118:10208)
	at nN.terminate (file:///opt/visual-studio-code/resources/app/out/vs/workbench/api/node/extensionHostProcess.js:120:914)
	at Fs (file:///opt/visual-studio-code/resources/app/out/vs/workbench/api/node/extensionHostProcess.js:402:10411)
	at MessagePortMain.<anonymous> (file:///opt/visual-studio-code/resources/app/out/vs/workbench/api/node/extensionHostProcess.js:402:6949)
	at MessagePortMain.emit (node:events:519:28)
	at MessagePortMain._internalPort.emit (node:electron/js2c/utility_init:2:2949) 
2026-01-17 10:13:41.874 [info] Extension host with pid 11138 exiting with code 0
2026-01-17 10:13:42.665 [info] Extension host with pid 12530 started
2026-01-17 10:13:42.741 [info] ExtensionService#_doActivateExtension vscode.github-authentication, startup: false, activationEvent: 'onAuthenticationRequest:github'
2026-01-17 10:13:42.785 [info] ExtensionService#_doActivateExtension vscode.git-base, startup: true, activationEvent: '*', root cause: vscode.git
2026-01-17 10:13:42.804 [info] ExtensionService#_doActivateExtension vscode.git, startup: true, activationEvent: '*'
2026-01-17 10:13:42.841 [info] ExtensionService#_doActivateExtension vscode.github, startup: true, activationEvent: '*'
2026-01-17 10:13:42.929 [info] Eager extensions activated
2026-01-17 10:13:42.930 [info] ExtensionService#_doActivateExtension vscode.debug-auto-launch, startup: false, activationEvent: 'onStartupFinished'
2026-01-17 10:13:42.932 [info] ExtensionService#_doActivateExtension vscode.merge-conflict, startup: false, activationEvent: 'onStartupFinished'
2026-01-17 10:13:42.949 [info] ExtensionService#_doActivateExtension tonybaloney.vscode-pets, startup: false, activationEvent: 'onStartupFinished'
2026-01-17 10:25:53.840 [info] ExtensionService#_doActivateExtension ms-vscode.remote-explorer, startup: false, activationEvent: 'onView:remoteTargets'
2026-01-17 10:25:53.848 [info] ExtensionService#_doActivateExtension ms-vscode-remote.remote-ssh, startup: false, activationEvent: 'onCommand:remote-internal.getActiveSshRemote'
2026-01-17 10:25:57.019 [info] Extension host terminating: renderer closed the MessagePort
2026-01-17 10:25:57.029 [info] Extension host with pid 12530 exiting with code 0
2026-01-17 10:25:57.700 [info] Extension host with pid 16474 started
2026-01-17 10:25:57.700 [info] [resolveAuthority(ssh-remote,1)][0ms] activating remote resolvers ssh-remote+pi-zero
2026-01-17 10:25:57.700 [info] [resolveAuthority(ssh-remote,1)][0ms] activating resolver for ssh-remote+pi-zero...
2026-01-17 10:25:57.706 [info] ExtensionService#_doActivateExtension ms-vscode-remote.remote-ssh, startup: false, activationEvent: 'onResolveRemoteAuthority:ssh-remote'
2026-01-17 10:25:57.749 [error] PendingMigrationError: navigator is now a global in nodejs, please see https://aka.ms/vscode-extensions/navigator for additional info on this error.
    at get (file:///opt/visual-studio-code/resources/app/out/vs/workbench/api/node/extensionHostProcess.js:402:6611)
    at Object.<anonymous> (/home/bryan/.vscode/extensions/ms-vscode-remote.remote-ssh-0.120.0/out/extension.js:2:486184)
    at 19534 (/home/bryan/.vscode/extensions/ms-vscode-remote.remote-ssh-0.120.0/out/extension.js:2:504894)
    at r (/home/bryan/.vscode/extensions/ms-vscode-remote.remote-ssh-0.120.0/out/extension.js:2:1108387)
    at 92839 (/home/bryan/.vscode/extensions/ms-vscode-remote.remote-ssh-0.120.0/out/extension.js:2:466959)
    at r (/home/bryan/.vscode/extensions/ms-vscode-remote.remote-ssh-0.120.0/out/extension.js:2:1108387)
    at 49424 (/home/bryan/.vscode/extensions/ms-vscode-remote.remote-ssh-0.120.0/out/extension.js:2:465816)
    at r (/home/bryan/.vscode/extensions/ms-vscode-remote.remote-ssh-0.120.0/out/extension.js:2:1108387)
    at 17130 (/home/bryan/.vscode/extensions/ms-vscode-remote.remote-ssh-0.120.0/out/extension.js:2:596135)
    at r (/home/bryan/.vscode/extensions/ms-vscode-remote.remote-ssh-0.120.0/out/extension.js:2:1108387)
    at 87631 (/home/bryan/.vscode/extensions/ms-vscode-remote.remote-ssh-0.120.0/out/extension.js:2:576866)
    at r (/home/bryan/.vscode/extensions/ms-vscode-remote.remote-ssh-0.120.0/out/extension.js:2:1108387)
    at 65861 (/home/bryan/.vscode/extensions/ms-vscode-remote.remote-ssh-0.120.0/out/extension.js:2:600705)
    at r (/home/bryan/.vscode/extensions/ms-vscode-remote.remote-ssh-0.120.0/out/extension.js:2:1108387)
    at 91577 (/home/bryan/.vscode/extensions/ms-vscode-remote.remote-ssh-0.120.0/out/extension.js:2:856974)
    at r (/home/bryan/.vscode/extensions/ms-vscode-remote.remote-ssh-0.120.0/out/extension.js:2:1108387)
    at 94111 (/home/bryan/.vscode/extensions/ms-vscode-remote.remote-ssh-0.120.0/out/extension.js:2:819912)
    at r (/home/bryan/.vscode/extensions/ms-vscode-remote.remote-ssh-0.120.0/out/extension.js:2:1108387)
    at 35187 (/home/bryan/.vscode/extensions/ms-vscode-remote.remote-ssh-0.120.0/out/extension.js:2:690327)
    at r (/home/bryan/.vscode/extensions/ms-vscode-remote.remote-ssh-0.120.0/out/extension.js:2:1108387)
    at 64417 (/home/bryan/.vscode/extensions/ms-vscode-remote.remote-ssh-0.120.0/out/extension.js:2:846572)
    at r (/home/bryan/.vscode/extensions/ms-vscode-remote.remote-ssh-0.120.0/out/extension.js:2:1108387)
    at 24847 (/home/bryan/.vscode/extensions/ms-vscode-remote.remote-ssh-0.120.0/out/extension.js:2:828930)
    at r (/home/bryan/.vscode/extensions/ms-vscode-remote.remote-ssh-0.120.0/out/extension.js:2:1108387)
    at 54788 (/home/bryan/.vscode/extensions/ms-vscode-remote.remote-ssh-0.120.0/out/extension.js:2:788284)
    at r (/home/bryan/.vscode/extensions/ms-vscode-remote.remote-ssh-0.120.0/out/extension.js:2:1108387)
    at 30729 (/home/bryan/.vscode/extensions/ms-vscode-remote.remote-ssh-0.120.0/out/extension.js:2:682648)
    at r (/home/bryan/.vscode/extensions/ms-vscode-remote.remote-ssh-0.120.0/out/extension.js:2:1108387)
    at 24430 (/home/bryan/.vscode/extensions/ms-vscode-remote.remote-ssh-0.120.0/out/extension.js:2:837945)
    at r (/home/bryan/.vscode/extensions/ms-vscode-remote.remote-ssh-0.120.0/out/extension.js:2:1108387)
    at 52584 (/home/bryan/.vscode/extensions/ms-vscode-remote.remote-ssh-0.120.0/out/extension.js:2:811300)
    at r (/home/bryan/.vscode/extensions/ms-vscode-remote.remote-ssh-0.120.0/out/extension.js:2:1108387)
    at 69480 (/home/bryan/.vscode/extensions/ms-vscode-remote.remote-ssh-0.120.0/out/extension.js:2:800490)
    at r (/home/bryan/.vscode/extensions/ms-vscode-remote.remote-ssh-0.120.0/out/extension.js:2:1108387)
    at 71535 (/home/bryan/.vscode/extensions/ms-vscode-remote.remote-ssh-0.120.0/out/extension.js:2:680397)
    at r (/home/bryan/.vscode/extensions/ms-vscode-remote.remote-ssh-0.120.0/out/extension.js:2:1108387)
    at /home/bryan/.vscode/extensions/ms-vscode-remote.remote-ssh-0.120.0/out/extension.js:2:1109251
    at /home/bryan/.vscode/extensions/ms-vscode-remote.remote-ssh-0.120.0/out/extension.js:2:1117584
    at Object.<anonymous> (/home/bryan/.vscode/extensions/ms-vscode-remote.remote-ssh-0.120.0/out/extension.js:2:1117690)
    at Module._compile (node:internal/modules/cjs/loader:1714:14)
    at Module._extensions..js (node:internal/modules/cjs/loader:1848:10)
    at Module.load (node:internal/modules/cjs/loader:1448:32)
    at Module._load (node:internal/modules/cjs/loader:1270:12)
    at c._load (node:electron/js2c/node_init:2:17993)
    at e._load (file:///opt/visual-studio-code/resources/app/out/vs/workbench/api/node/extensionHostProcess.js:402:5984)
    at t._load (file:///opt/visual-studio-code/resources/app/out/vs/workbench/api/node/extensionHostProcess.js:220:22582)
    at r._load (file:///opt/visual-studio-code/resources/app/out/vs/workbench/api/node/extensionHostProcess.js:212:24094)
    at TracingChannel.traceSync (node:diagnostics_channel:322:14)
    at wrapModuleLoad (node:internal/modules/cjs/loader:244:24)
    at Module.require (node:internal/modules/cjs/loader:1470:12)
    at require (node:internal/modules/helpers:147:16)
    at kX.Cb (file:///opt/visual-studio-code/resources/app/out/vs/workbench/api/node/extensionHostProcess.js:251:1253)
2026-01-17 10:25:57.826 [error] PendingMigrationError: navigator is now a global in nodejs, please see https://aka.ms/vscode-extensions/navigator for additional info on this error.
    at get (file:///opt/visual-studio-code/resources/app/out/vs/workbench/api/node/extensionHostProcess.js:402:6611)
    at g (/home/bryan/.vscode/extensions/ms-vscode-remote.remote-ssh-0.120.0/out/extension.js:2:283829)
    at /home/bryan/.vscode/extensions/ms-vscode-remote.remote-ssh-0.120.0/out/extension.js:2:283674
    at r (/home/bryan/.vscode/extensions/ms-vscode-remote.remote-ssh-0.120.0/out/extension.js:2:285048)
    at /home/bryan/.vscode/extensions/ms-vscode-remote.remote-ssh-0.120.0/out/extension.js:2:285217
    at Object.get (/home/bryan/.vscode/extensions/ms-vscode-remote.remote-ssh-0.120.0/out/extension.js:2:284567)
    at _ (/home/bryan/.vscode/extensions/ms-vscode-remote.remote-ssh-0.120.0/out/extension.js:2:284134)
    at O (/home/bryan/.vscode/extensions/ms-vscode-remote.remote-ssh-0.120.0/out/extension.js:2:229826)
    at /home/bryan/.vscode/extensions/ms-vscode-remote.remote-ssh-0.120.0/out/extension.js:2:163430
    at Object.p [as use] (/home/bryan/.vscode/extensions/ms-vscode-remote.remote-ssh-0.120.0/out/extension.js:2:205291)
    at /home/bryan/.vscode/extensions/ms-vscode-remote.remote-ssh-0.120.0/out/extension.js:2:206959
    at s.<computed> [as watch] (/home/bryan/.vscode/extensions/ms-vscode-remote.remote-ssh-0.120.0/out/extension.js:2:206970)
    at B (/home/bryan/.vscode/extensions/ms-vscode-remote.remote-ssh-0.120.0/out/extension.js:2:207589)
    at e.<computed> [as initialize] (/home/bryan/.vscode/extensions/ms-vscode-remote.remote-ssh-0.120.0/out/extension.js:2:162741)
    at e.n [as initialize] (/home/bryan/.vscode/extensions/ms-vscode-remote.remote-ssh-0.120.0/out/extension.js:2:275397)
    at /home/bryan/.vscode/extensions/ms-vscode-remote.remote-ssh-0.120.0/out/extension.js:2:170519
    at g (/home/bryan/.vscode/extensions/ms-vscode-remote.remote-ssh-0.120.0/out/extension.js:2:239634)
    at e.<computed> [as initialize] (/home/bryan/.vscode/extensions/ms-vscode-remote.remote-ssh-0.120.0/out/extension.js:2:169778)
    at t.n [as initialize] (/home/bryan/.vscode/extensions/ms-vscode-remote.remote-ssh-0.120.0/out/extension.js:2:275397)
    at Array.<anonymous> (/home/bryan/.vscode/extensions/ms-vscode-remote.remote-ssh-0.120.0/out/extension.js:2:244943)
    at o (/home/bryan/.vscode/extensions/ms-vscode-remote.remote-ssh-0.120.0/out/extension.js:2:280977)
    at u (/home/bryan/.vscode/extensions/ms-vscode-remote.remote-ssh-0.120.0/out/extension.js:2:244904)
    at ge (/home/bryan/.vscode/extensions/ms-vscode-remote.remote-ssh-0.120.0/out/extension.js:2:213632)
    at e.<computed> (/home/bryan/.vscode/extensions/ms-vscode-remote.remote-ssh-0.120.0/out/extension.js:2:216146)
    at Object.initialize (/home/bryan/.vscode/extensions/ms-vscode-remote.remote-ssh-0.120.0/out/extension.js:2:276131)
    at /home/bryan/.vscode/extensions/ms-vscode-remote.remote-ssh-0.120.0/out/extension.js:2:140366
    at g (/home/bryan/.vscode/extensions/ms-vscode-remote.remote-ssh-0.120.0/out/extension.js:2:239634)
    at e.<computed> [as initialize] (/home/bryan/.vscode/extensions/ms-vscode-remote.remote-ssh-0.120.0/out/extension.js:2:140291)
    at t.n [as initialize] (/home/bryan/.vscode/extensions/ms-vscode-remote.remote-ssh-0.120.0/out/extension.js:2:275397)
    at /home/bryan/.vscode/extensions/ms-vscode-remote.remote-ssh-0.120.0/out/extension.js:2:339701
    at async t.oneDataSystemClientFactory (/home/bryan/.vscode/extensions/ms-vscode-remote.remote-ssh-0.120.0/out/extension.js:2:339100)
2026-01-17 10:25:57.827 [info] [resolveAuthority(ssh-remote,1)][132ms] invoking final resolve()...
2026-01-17 10:25:58.827 [info] [resolveAuthority(ssh-remote,1)][1132ms] waiting...
2026-01-17 10:25:59.828 [info] [resolveAuthority(ssh-remote,1)][2133ms] waiting...
2026-01-17 10:26:00.829 [info] [resolveAuthority(ssh-remote,1)][3134ms] waiting...
2026-01-17 10:26:01.830 [info] [resolveAuthority(ssh-remote,1)][4135ms] waiting...
2026-01-17 10:26:02.830 [info] [resolveAuthority(ssh-remote,1)][5135ms] waiting...
2026-01-17 10:26:03.831 [info] [resolveAuthority(ssh-remote,1)][6136ms] waiting...
2026-01-17 10:26:04.832 [info] [resolveAuthority(ssh-remote,1)][7137ms] waiting...
2026-01-17 10:26:05.833 [info] [resolveAuthority(ssh-remote,1)][8138ms] waiting...
2026-01-17 10:26:06.834 [info] [resolveAuthority(ssh-remote,1)][9139ms] waiting...
2026-01-17 10:26:07.834 [info] [resolveAuthority(ssh-remote,1)][10139ms] waiting...
2026-01-17 10:26:08.598 [info] [resolveAuthority(ssh-remote,1)][10903ms] setting tunnel factory...
2026-01-17 10:26:08.598 [info] [resolveAuthority(ssh-remote,1)][10903ms] returned 127.0.0.1:43179
2026-01-17 10:26:12.558 [info] Eager extensions activated
2026-01-17 10:26:12.623 [info] ExtensionService#_doActivateExtension vscode.github-authentication, startup: false, activationEvent: 'onAuthenticationRequest:github'
2026-01-17 10:26:26.621 [info] Extension host terminating: renderer closed the MessagePort
2026-01-17 10:26:26.625 [info] Extension host with pid 16474 exiting with code 0
2026-01-17 10:26:27.343 [info] Extension host with pid 16720 started
2026-01-17 10:26:27.343 [info] Skipping acquiring lock for /home/bryan/.config/Code/User/workspaceStorage/71db83a047e452e1780849dcc45a02d6.
2026-01-17 10:26:27.343 [info] $getCanonicalURI invoked for authority (ssh-remote)
2026-01-17 10:26:27.348 [info] ExtensionService#_doActivateExtension ms-vscode-remote.remote-ssh, startup: false, activationEvent: 'onResolveRemoteAuthority:ssh-remote'
2026-01-17 10:26:27.390 [error] PendingMigrationError: navigator is now a global in nodejs, please see https://aka.ms/vscode-extensions/navigator for additional info on this error.
    at get (file:///opt/visual-studio-code/resources/app/out/vs/workbench/api/node/extensionHostProcess.js:402:6611)
    at Object.<anonymous> (/home/bryan/.vscode/extensions/ms-vscode-remote.remote-ssh-0.120.0/out/extension.js:2:486184)
    at 19534 (/home/bryan/.vscode/extensions/ms-vscode-remote.remote-ssh-0.120.0/out/extension.js:2:504894)
    at r (/home/bryan/.vscode/extensions/ms-vscode-remote.remote-ssh-0.120.0/out/extension.js:2:1108387)
    at 92839 (/home/bryan/.vscode/extensions/ms-vscode-remote.remote-ssh-0.120.0/out/extension.js:2:466959)
    at r (/home/bryan/.vscode/extensions/ms-vscode-remote.remote-ssh-0.120.0/out/extension.js:2:1108387)
    at 49424 (/home/bryan/.vscode/extensions/ms-vscode-remote.remote-ssh-0.120.0/out/extension.js:2:465816)
    at r (/home/bryan/.vscode/extensions/ms-vscode-remote.remote-ssh-0.120.0/out/extension.js:2:1108387)
    at 17130 (/home/bryan/.vscode/extensions/ms-vscode-remote.remote-ssh-0.120.0/out/extension.js:2:596135)
    at r (/home/bryan/.vscode/extensions/ms-vscode-remote.remote-ssh-0.120.0/out/extension.js:2:1108387)
    at 87631 (/home/bryan/.vscode/extensions/ms-vscode-remote.remote-ssh-0.120.0/out/extension.js:2:576866)
    at r (/home/bryan/.vscode/extensions/ms-vscode-remote.remote-ssh-0.120.0/out/extension.js:2:1108387)
    at 65861 (/home/bryan/.vscode/extensions/ms-vscode-remote.remote-ssh-0.120.0/out/extension.js:2:600705)
    at r (/home/bryan/.vscode/extensions/ms-vscode-remote.remote-ssh-0.120.0/out/extension.js:2:1108387)
    at 91577 (/home/bryan/.vscode/extensions/ms-vscode-remote.remote-ssh-0.120.0/out/extension.js:2:856974)
    at r (/home/bryan/.vscode/extensions/ms-vscode-remote.remote-ssh-0.120.0/out/extension.js:2:1108387)
    at 94111 (/home/bryan/.vscode/extensions/ms-vscode-remote.remote-ssh-0.120.0/out/extension.js:2:819912)
    at r (/home/bryan/.vscode/extensions/ms-vscode-remote.remote-ssh-0.120.0/out/extension.js:2:1108387)
    at 35187 (/home/bryan/.vscode/extensions/ms-vscode-remote.remote-ssh-0.120.0/out/extension.js:2:690327)
    at r (/home/bryan/.vscode/extensions/ms-vscode-remote.remote-ssh-0.120.0/out/extension.js:2:1108387)
    at 64417 (/home/bryan/.vscode/extensions/ms-vscode-remote.remote-ssh-0.120.0/out/extension.js:2:846572)
    at r (/home/bryan/.vscode/extensions/ms-vscode-remote.remote-ssh-0.120.0/out/extension.js:2:1108387)
    at 24847 (/home/bryan/.vscode/extensions/ms-vscode-remote.remote-ssh-0.120.0/out/extension.js:2:828930)
    at r (/home/bryan/.vscode/extensions/ms-vscode-remote.remote-ssh-0.120.0/out/extension.js:2:1108387)
    at 54788 (/home/bryan/.vscode/extensions/ms-vscode-remote.remote-ssh-0.120.0/out/extension.js:2:788284)
    at r (/home/bryan/.vscode/extensions/ms-vscode-remote.remote-ssh-0.120.0/out/extension.js:2:1108387)
    at 30729 (/home/bryan/.vscode/extensions/ms-vscode-remote.remote-ssh-0.120.0/out/extension.js:2:682648)
    at r (/home/bryan/.vscode/extensions/ms-vscode-remote.remote-ssh-0.120.0/out/extension.js:2:1108387)
    at 24430 (/home/bryan/.vscode/extensions/ms-vscode-remote.remote-ssh-0.120.0/out/extension.js:2:837945)
    at r (/home/bryan/.vscode/extensions/ms-vscode-remote.remote-ssh-0.120.0/out/extension.js:2:1108387)
    at 52584 (/home/bryan/.vscode/extensions/ms-vscode-remote.remote-ssh-0.120.0/out/extension.js:2:811300)
    at r (/home/bryan/.vscode/extensions/ms-vscode-remote.remote-ssh-0.120.0/out/extension.js:2:1108387)
    at 69480 (/home/bryan/.vscode/extensions/ms-vscode-remote.remote-ssh-0.120.0/out/extension.js:2:800490)
    at r (/home/bryan/.vscode/extensions/ms-vscode-remote.remote-ssh-0.120.0/out/extension.js:2:1108387)
    at 71535 (/home/bryan/.vscode/extensions/ms-vscode-remote.remote-ssh-0.120.0/out/extension.js:2:680397)
    at r (/home/bryan/.vscode/extensions/ms-vscode-remote.remote-ssh-0.120.0/out/extension.js:2:1108387)
    at /home/bryan/.vscode/extensions/ms-vscode-remote.remote-ssh-0.120.0/out/extension.js:2:1109251
    at /home/bryan/.vscode/extensions/ms-vscode-remote.remote-ssh-0.120.0/out/extension.js:2:1117584
    at Object.<anonymous> (/home/bryan/.vscode/extensions/ms-vscode-remote.remote-ssh-0.120.0/out/extension.js:2:1117690)
    at Module._compile (node:internal/modules/cjs/loader:1714:14)
    at Module._extensions..js (node:internal/modules/cjs/loader:1848:10)
    at Module.load (node:internal/modules/cjs/loader:1448:32)
    at Module._load (node:internal/modules/cjs/loader:1270:12)
    at c._load (node:electron/js2c/node_init:2:17993)
    at e._load (file:///opt/visual-studio-code/resources/app/out/vs/workbench/api/node/extensionHostProcess.js:402:5984)
    at t._load (file:///opt/visual-studio-code/resources/app/out/vs/workbench/api/node/extensionHostProcess.js:220:22582)
    at r._load (file:///opt/visual-studio-code/resources/app/out/vs/workbench/api/node/extensionHostProcess.js:212:24094)
    at TracingChannel.traceSync (node:diagnostics_channel:322:14)
    at wrapModuleLoad (node:internal/modules/cjs/loader:244:24)
    at Module.require (node:internal/modules/cjs/loader:1470:12)
    at require (node:internal/modules/helpers:147:16)
    at kX.Cb (file:///opt/visual-studio-code/resources/app/out/vs/workbench/api/node/extensionHostProcess.js:251:1253)
2026-01-17 10:26:27.465 [error] PendingMigrationError: navigator is now a global in nodejs, please see https://aka.ms/vscode-extensions/navigator for additional info on this error.
    at get (file:///opt/visual-studio-code/resources/app/out/vs/workbench/api/node/extensionHostProcess.js:402:6611)
    at g (/home/bryan/.vscode/extensions/ms-vscode-remote.remote-ssh-0.120.0/out/extension.js:2:283829)
    at /home/bryan/.vscode/extensions/ms-vscode-remote.remote-ssh-0.120.0/out/extension.js:2:283674
    at r (/home/bryan/.vscode/extensions/ms-vscode-remote.remote-ssh-0.120.0/out/extension.js:2:285048)
    at /home/bryan/.vscode/extensions/ms-vscode-remote.remote-ssh-0.120.0/out/extension.js:2:285217
    at Object.get (/home/bryan/.vscode/extensions/ms-vscode-remote.remote-ssh-0.120.0/out/extension.js:2:284567)
    at _ (/home/bryan/.vscode/extensions/ms-vscode-remote.remote-ssh-0.120.0/out/extension.js:2:284134)
    at O (/home/bryan/.vscode/extensions/ms-vscode-remote.remote-ssh-0.120.0/out/extension.js:2:229826)
    at /home/bryan/.vscode/extensions/ms-vscode-remote.remote-ssh-0.120.0/out/extension.js:2:163430
    at Object.p [as use] (/home/bryan/.vscode/extensions/ms-vscode-remote.remote-ssh-0.120.0/out/extension.js:2:205291)
    at /home/bryan/.vscode/extensions/ms-vscode-remote.remote-ssh-0.120.0/out/extension.js:2:206959
    at s.<computed> [as watch] (/home/bryan/.vscode/extensions/ms-vscode-remote.remote-ssh-0.120.0/out/extension.js:2:206970)
    at B (/home/bryan/.vscode/extensions/ms-vscode-remote.remote-ssh-0.120.0/out/extension.js:2:207589)
    at e.<computed> [as initialize] (/home/bryan/.vscode/extensions/ms-vscode-remote.remote-ssh-0.120.0/out/extension.js:2:162741)
    at e.n [as initialize] (/home/bryan/.vscode/extensions/ms-vscode-remote.remote-ssh-0.120.0/out/extension.js:2:275397)
    at /home/bryan/.vscode/extensions/ms-vscode-remote.remote-ssh-0.120.0/out/extension.js:2:170519
    at g (/home/bryan/.vscode/extensions/ms-vscode-remote.remote-ssh-0.120.0/out/extension.js:2:239634)
    at e.<computed> [as initialize] (/home/bryan/.vscode/extensions/ms-vscode-remote.remote-ssh-0.120.0/out/extension.js:2:169778)
    at t.n [as initialize] (/home/bryan/.vscode/extensions/ms-vscode-remote.remote-ssh-0.120.0/out/extension.js:2:275397)
    at Array.<anonymous> (/home/bryan/.vscode/extensions/ms-vscode-remote.remote-ssh-0.120.0/out/extension.js:2:244943)
    at o (/home/bryan/.vscode/extensions/ms-vscode-remote.remote-ssh-0.120.0/out/extension.js:2:280977)
    at u (/home/bryan/.vscode/extensions/ms-vscode-remote.remote-ssh-0.120.0/out/extension.js:2:244904)
    at ge (/home/bryan/.vscode/extensions/ms-vscode-remote.remote-ssh-0.120.0/out/extension.js:2:213632)
    at e.<computed> (/home/bryan/.vscode/extensions/ms-vscode-remote.remote-ssh-0.120.0/out/extension.js:2:216146)
    at Object.initialize (/home/bryan/.vscode/extensions/ms-vscode-remote.remote-ssh-0.120.0/out/extension.js:2:276131)
    at /home/bryan/.vscode/extensions/ms-vscode-remote.remote-ssh-0.120.0/out/extension.js:2:140366
    at g (/home/bryan/.vscode/extensions/ms-vscode-remote.remote-ssh-0.120.0/out/extension.js:2:239634)
    at e.<computed> [as initialize] (/home/bryan/.vscode/extensions/ms-vscode-remote.remote-ssh-0.120.0/out/extension.js:2:140291)
    at t.n [as initialize] (/home/bryan/.vscode/extensions/ms-vscode-remote.remote-ssh-0.120.0/out/extension.js:2:275397)
    at /home/bryan/.vscode/extensions/ms-vscode-remote.remote-ssh-0.120.0/out/extension.js:2:339701
    at async t.oneDataSystemClientFactory (/home/bryan/.vscode/extensions/ms-vscode-remote.remote-ssh-0.120.0/out/extension.js:2:339100)
2026-01-17 10:26:27.472 [info] [resolveAuthority(ssh-remote,1)][0ms] activating remote resolvers ssh-remote+pi-zero
2026-01-17 10:26:27.472 [info] [resolveAuthority(ssh-remote,1)][0ms] activating resolver for ssh-remote+pi-zero...
2026-01-17 10:26:27.472 [info] [resolveAuthority(ssh-remote,1)][0ms] invoking final resolve()...
2026-01-17 10:26:28.472 [info] [resolveAuthority(ssh-remote,1)][1000ms] waiting...
2026-01-17 10:26:29.473 [info] [resolveAuthority(ssh-remote,1)][2001ms] waiting...
2026-01-17 10:26:30.474 [info] [resolveAuthority(ssh-remote,1)][3002ms] waiting...
2026-01-17 10:26:31.475 [info] [resolveAuthority(ssh-remote,1)][4003ms] waiting...
2026-01-17 10:26:32.476 [info] [resolveAuthority(ssh-remote,1)][5004ms] waiting...
2026-01-17 10:26:33.476 [info] [resolveAuthority(ssh-remote,1)][6004ms] waiting...
2026-01-17 10:26:34.477 [info] [resolveAuthority(ssh-remote,1)][7005ms] waiting...
2026-01-17 10:26:35.478 [info] [resolveAuthority(ssh-remote,1)][8006ms] waiting...
2026-01-17 10:26:35.596 [info] [resolveAuthority(ssh-remote,1)][8124ms] setting tunnel factory...
2026-01-17 10:26:35.597 [info] [resolveAuthority(ssh-remote,1)][8125ms] returned 127.0.0.1:33595
2026-01-17 10:26:37.600 [info] Eager extensions activated
2026-01-17 10:26:37.659 [info] ExtensionService#_doActivateExtension vscode.github-authentication, startup: false, activationEvent: 'onAuthenticationRequest:github'
2026-01-17 10:26:37.676 [info] ExtensionService#_doActivateExtension ms-vscode.remote-explorer, startup: false, activationEvent: 'onCommand:remote-internal.setActiveFolders'
2026-01-17 10:43:19.338 [info] [resolveAuthority(ssh-remote,2)][0ms] activating remote resolvers ssh-remote+pi-zero
2026-01-17 10:43:19.338 [info] [resolveAuthority(ssh-remote,2)][0ms] activating resolver for ssh-remote+pi-zero...
2026-01-17 10:43:19.338 [info] [resolveAuthority(ssh-remote,2)][0ms] invoking final resolve()...
2026-01-17 10:43:20.338 [info] [resolveAuthority(ssh-remote,2)][1000ms] waiting...
2026-01-17 10:43:21.339 [info] [resolveAuthority(ssh-remote,2)][2001ms] waiting...
2026-01-17 10:43:22.340 [info] [resolveAuthority(ssh-remote,2)][3002ms] waiting...
2026-01-17 10:43:23.341 [info] [resolveAuthority(ssh-remote,2)][4003ms] waiting...
2026-01-17 10:43:24.341 [info] [resolveAuthority(ssh-remote,2)][5003ms] waiting...
2026-01-17 10:43:25.342 [info] [resolveAuthority(ssh-remote,2)][6004ms] waiting...
2026-01-17 10:43:25.782 [info] [resolveAuthority(ssh-remote,2)][6444ms] setting tunnel factory...
2026-01-17 10:43:25.782 [info] [resolveAuthority(ssh-remote,2)][6444ms] returned 127.0.0.1:40201
2026-01-17 12:08:22.122 [info] [resolveAuthority(ssh-remote,3)][0ms] activating remote resolvers ssh-remote+pi-zero
2026-01-17 12:08:22.122 [info] [resolveAuthority(ssh-remote,3)][0ms] activating resolver for ssh-remote+pi-zero...
2026-01-17 12:08:22.122 [info] [resolveAuthority(ssh-remote,3)][0ms] invoking final resolve()...
2026-01-17 12:08:22.510 [error] [resolveAuthority(ssh-remote,3)][388ms] returned an error No route to host
2026-01-17 12:08:27.755 [info] [resolveAuthority(ssh-remote,4)][0ms] activating remote resolvers ssh-remote+pi-zero
2026-01-17 12:08:27.755 [info] [resolveAuthority(ssh-remote,4)][0ms] activating resolver for ssh-remote+pi-zero...
2026-01-17 12:08:27.755 [info] [resolveAuthority(ssh-remote,4)][0ms] invoking final resolve()...
2026-01-17 12:08:28.654 [error] [resolveAuthority(ssh-remote,4)][899ms] returned an error No route to host
2026-01-17 12:08:33.656 [info] [resolveAuthority(ssh-remote,5)][0ms] activating remote resolvers ssh-remote+pi-zero
2026-01-17 12:08:33.656 [info] [resolveAuthority(ssh-remote,5)][0ms] activating resolver for ssh-remote+pi-zero...
2026-01-17 12:08:33.656 [info] [resolveAuthority(ssh-remote,5)][0ms] invoking final resolve()...
2026-01-17 12:08:34.656 [info] [resolveAuthority(ssh-remote,5)][1000ms] waiting...
2026-01-17 12:08:34.798 [error] [resolveAuthority(ssh-remote,5)][1142ms] returned an error No route to host
2026-01-17 12:08:44.800 [info] [resolveAuthority(ssh-remote,6)][0ms] activating remote resolvers ssh-remote+pi-zero
2026-01-17 12:08:44.800 [info] [resolveAuthority(ssh-remote,6)][0ms] activating resolver for ssh-remote+pi-zero...
2026-01-17 12:08:44.800 [info] [resolveAuthority(ssh-remote,6)][0ms] invoking final resolve()...
2026-01-17 12:08:45.799 [info] [resolveAuthority(ssh-remote,6)][999ms] waiting...
2026-01-17 12:08:46.800 [info] [resolveAuthority(ssh-remote,6)][2000ms] waiting...
2026-01-17 12:08:47.088 [error] [resolveAuthority(ssh-remote,6)][2288ms] returned an error No route to host
2026-01-17 12:08:57.089 [info] [resolveAuthority(ssh-remote,7)][0ms] activating remote resolvers ssh-remote+pi-zero
2026-01-17 12:08:57.089 [info] [resolveAuthority(ssh-remote,7)][0ms] activating resolver for ssh-remote+pi-zero...
2026-01-17 12:08:57.089 [info] [resolveAuthority(ssh-remote,7)][0ms] invoking final resolve()...
2026-01-17 12:08:58.090 [info] [resolveAuthority(ssh-remote,7)][1001ms] waiting...
2026-01-17 12:08:59.091 [info] [resolveAuthority(ssh-remote,7)][2002ms] waiting...
2026-01-17 12:08:59.376 [error] [resolveAuthority(ssh-remote,7)][2287ms] returned an error No route to host
2026-01-17 12:09:09.378 [info] [resolveAuthority(ssh-remote,8)][0ms] activating remote resolvers ssh-remote+pi-zero
2026-01-17 12:09:09.378 [info] [resolveAuthority(ssh-remote,8)][0ms] activating resolver for ssh-remote+pi-zero...
2026-01-17 12:09:09.378 [info] [resolveAuthority(ssh-remote,8)][0ms] invoking final resolve()...
2026-01-17 12:09:10.378 [info] [resolveAuthority(ssh-remote,8)][1000ms] waiting...
2026-01-17 12:09:11.379 [info] [resolveAuthority(ssh-remote,8)][2001ms] waiting...
2026-01-17 12:09:11.665 [error] [resolveAuthority(ssh-remote,8)][2287ms] returned an error No route to host
2026-01-17 12:09:21.666 [info] [resolveAuthority(ssh-remote,9)][0ms] activating remote resolvers ssh-remote+pi-zero
2026-01-17 12:09:21.666 [info] [resolveAuthority(ssh-remote,9)][0ms] activating resolver for ssh-remote+pi-zero...
2026-01-17 12:09:21.666 [info] [resolveAuthority(ssh-remote,9)][0ms] invoking final resolve()...
2026-01-17 12:09:22.667 [info] [resolveAuthority(ssh-remote,9)][1001ms] waiting...
2026-01-17 12:09:23.669 [info] [resolveAuthority(ssh-remote,9)][2003ms] waiting...
2026-01-17 12:09:24.670 [info] [resolveAuthority(ssh-remote,9)][3004ms] waiting...
2026-01-17 12:09:25.042 [error] [resolveAuthority(ssh-remote,9)][3376ms] returned an error No route to host
2026-01-17 12:09:35.044 [info] [resolveAuthority(ssh-remote,10)][0ms] activating remote resolvers ssh-remote+pi-zero
2026-01-17 12:09:35.044 [info] [resolveAuthority(ssh-remote,10)][0ms] activating resolver for ssh-remote+pi-zero...
2026-01-17 12:09:35.044 [info] [resolveAuthority(ssh-remote,10)][0ms] invoking final resolve()...
2026-01-17 12:09:36.045 [info] [resolveAuthority(ssh-remote,10)][1001ms] waiting...
2026-01-17 12:09:37.046 [info] [resolveAuthority(ssh-remote,10)][2002ms] waiting...
2026-01-17 12:09:38.047 [info] [resolveAuthority(ssh-remote,10)][3003ms] waiting...
2026-01-17 12:09:38.484 [error] [resolveAuthority(ssh-remote,10)][3440ms] returned an error No route to host
2026-01-17 12:10:08.486 [info] [resolveAuthority(ssh-remote,11)][0ms] activating remote resolvers ssh-remote+pi-zero
2026-01-17 12:10:08.486 [info] [resolveAuthority(ssh-remote,11)][0ms] activating resolver for ssh-remote+pi-zero...
2026-01-17 12:10:08.486 [info] [resolveAuthority(ssh-remote,11)][0ms] invoking final resolve()...
2026-01-17 12:10:09.486 [info] [resolveAuthority(ssh-remote,11)][1000ms] waiting...
2026-01-17 12:10:10.487 [info] [resolveAuthority(ssh-remote,11)][2001ms] waiting...
2026-01-17 12:10:11.488 [info] [resolveAuthority(ssh-remote,11)][3002ms] waiting...
2026-01-17 12:10:11.956 [error] [resolveAuthority(ssh-remote,11)][3470ms] returned an error No route to host
2026-01-17 12:10:41.958 [info] [resolveAuthority(ssh-remote,12)][0ms] activating remote resolvers ssh-remote+pi-zero
2026-01-17 12:10:41.958 [info] [resolveAuthority(ssh-remote,12)][0ms] activating resolver for ssh-remote+pi-zero...
2026-01-17 12:10:41.958 [info] [resolveAuthority(ssh-remote,12)][0ms] invoking final resolve()...
2026-01-17 12:10:42.959 [info] [resolveAuthority(ssh-remote,12)][1001ms] waiting...
2026-01-17 12:10:43.960 [info] [resolveAuthority(ssh-remote,12)][2002ms] waiting...
2026-01-17 12:10:44.960 [info] [resolveAuthority(ssh-remote,12)][3002ms] waiting...
2026-01-17 12:10:45.429 [error] [resolveAuthority(ssh-remote,12)][3471ms] returned an error No route to host
2026-01-17 12:11:15.430 [info] [resolveAuthority(ssh-remote,13)][0ms] activating remote resolvers ssh-remote+pi-zero
2026-01-17 12:11:15.430 [info] [resolveAuthority(ssh-remote,13)][0ms] activating resolver for ssh-remote+pi-zero...
2026-01-17 12:11:15.431 [info] [resolveAuthority(ssh-remote,13)][1ms] invoking final resolve()...
2026-01-17 12:11:16.431 [info] [resolveAuthority(ssh-remote,13)][1001ms] waiting...
2026-01-17 12:11:16.724 [error] [resolveAuthority(ssh-remote,13)][1294ms] returned an error No route to host
2026-01-17 12:11:46.728 [info] [resolveAuthority(ssh-remote,14)][0ms] activating remote resolvers ssh-remote+pi-zero
2026-01-17 12:11:46.728 [info] [resolveAuthority(ssh-remote,14)][0ms] activating resolver for ssh-remote+pi-zero...
2026-01-17 12:11:46.728 [info] [resolveAuthority(ssh-remote,14)][0ms] invoking final resolve()...
2026-01-17 12:11:47.728 [info] [resolveAuthority(ssh-remote,14)][1000ms] waiting...
2026-01-17 12:11:48.729 [info] [resolveAuthority(ssh-remote,14)][2001ms] waiting...
2026-01-17 12:11:49.730 [info] [resolveAuthority(ssh-remote,14)][3002ms] waiting...
2026-01-17 12:11:50.198 [error] [resolveAuthority(ssh-remote,14)][3469ms] returned an error No route to host
2026-01-17 12:12:20.199 [info] [resolveAuthority(ssh-remote,15)][0ms] activating remote resolvers ssh-remote+pi-zero
2026-01-17 12:12:20.199 [info] [resolveAuthority(ssh-remote,15)][0ms] activating resolver for ssh-remote+pi-zero...
2026-01-17 12:12:20.199 [info] [resolveAuthority(ssh-remote,15)][0ms] invoking final resolve()...
2026-01-17 12:12:21.200 [info] [resolveAuthority(ssh-remote,15)][1001ms] waiting...
2026-01-17 12:12:22.201 [info] [resolveAuthority(ssh-remote,15)][2002ms] waiting...
2026-01-17 12:12:23.202 [info] [resolveAuthority(ssh-remote,15)][3003ms] waiting...
2026-01-17 12:12:23.668 [error] [resolveAuthority(ssh-remote,15)][3469ms] returned an error No route to host
2026-01-17 12:12:53.670 [info] [resolveAuthority(ssh-remote,16)][0ms] activating remote resolvers ssh-remote+pi-zero
2026-01-17 12:12:53.670 [info] [resolveAuthority(ssh-remote,16)][0ms] activating resolver for ssh-remote+pi-zero...
2026-01-17 12:12:53.670 [info] [resolveAuthority(ssh-remote,16)][0ms] invoking final resolve()...
2026-01-17 12:12:54.670 [info] [resolveAuthority(ssh-remote,16)][1000ms] waiting...
2026-01-17 12:12:55.672 [info] [resolveAuthority(ssh-remote,16)][2002ms] waiting...
2026-01-17 12:12:56.672 [info] [resolveAuthority(ssh-remote,16)][3002ms] waiting...
2026-01-17 12:12:57.143 [error] [resolveAuthority(ssh-remote,16)][3473ms] returned an error No route to host
2026-01-17 12:13:27.144 [info] [resolveAuthority(ssh-remote,17)][0ms] activating remote resolvers ssh-remote+pi-zero
2026-01-17 12:13:27.144 [info] [resolveAuthority(ssh-remote,17)][0ms] activating resolver for ssh-remote+pi-zero...
2026-01-17 12:13:27.144 [info] [resolveAuthority(ssh-remote,17)][0ms] invoking final resolve()...
2026-01-17 12:13:28.145 [info] [resolveAuthority(ssh-remote,17)][1001ms] waiting...
2026-01-17 12:13:29.147 [info] [resolveAuthority(ssh-remote,17)][2003ms] waiting...
2026-01-17 12:13:30.148 [info] [resolveAuthority(ssh-remote,17)][3004ms] waiting...
2026-01-17 12:13:31.148 [info] [resolveAuthority(ssh-remote,17)][4004ms] waiting...
2026-01-17 12:13:32.149 [info] [resolveAuthority(ssh-remote,17)][5005ms] waiting...
2026-01-17 12:13:32.664 [error] [resolveAuthority(ssh-remote,17)][5519ms] returned an error No route to host
2026-01-17 12:14:02.665 [info] [resolveAuthority(ssh-remote,18)][0ms] activating remote resolvers ssh-remote+pi-zero
2026-01-17 12:14:02.665 [info] [resolveAuthority(ssh-remote,18)][0ms] activating resolver for ssh-remote+pi-zero...
2026-01-17 12:14:02.665 [info] [resolveAuthority(ssh-remote,18)][0ms] invoking final resolve()...
2026-01-17 12:14:03.666 [info] [resolveAuthority(ssh-remote,18)][1001ms] waiting...
2026-01-17 12:14:04.667 [info] [resolveAuthority(ssh-remote,18)][2002ms] waiting...
2026-01-17 12:14:05.669 [info] [resolveAuthority(ssh-remote,18)][3004ms] waiting...
2026-01-17 12:14:06.136 [error] [resolveAuthority(ssh-remote,18)][3471ms] returned an error No route to host
2026-01-17 12:14:36.139 [info] [resolveAuthority(ssh-remote,19)][0ms] activating remote resolvers ssh-remote+pi-zero
2026-01-17 12:14:36.139 [info] [resolveAuthority(ssh-remote,19)][0ms] activating resolver for ssh-remote+pi-zero...
2026-01-17 12:14:36.139 [info] [resolveAuthority(ssh-remote,19)][0ms] invoking final resolve()...
2026-01-17 12:14:37.140 [info] [resolveAuthority(ssh-remote,19)][1001ms] waiting...
2026-01-17 12:14:38.141 [info] [resolveAuthority(ssh-remote,19)][2002ms] waiting...
2026-01-17 12:14:39.142 [info] [resolveAuthority(ssh-remote,19)][3003ms] waiting...
2026-01-17 12:14:39.607 [error] [resolveAuthority(ssh-remote,19)][3468ms] returned an error No route to host
2026-01-17 12:15:09.608 [info] [resolveAuthority(ssh-remote,20)][0ms] activating remote resolvers ssh-remote+pi-zero
2026-01-17 12:15:09.608 [info] [resolveAuthority(ssh-remote,20)][0ms] activating resolver for ssh-remote+pi-zero...
2026-01-17 12:15:09.609 [info] [resolveAuthority(ssh-remote,20)][1ms] invoking final resolve()...
2026-01-17 12:15:10.609 [info] [resolveAuthority(ssh-remote,20)][1001ms] waiting...
2026-01-17 12:15:10.712 [error] [resolveAuthority(ssh-remote,20)][1104ms] returned an error No route to host
2026-01-17 12:15:40.714 [info] [resolveAuthority(ssh-remote,21)][0ms] activating remote resolvers ssh-remote+pi-zero
2026-01-17 12:15:40.714 [info] [resolveAuthority(ssh-remote,21)][0ms] activating resolver for ssh-remote+pi-zero...
2026-01-17 12:15:40.714 [info] [resolveAuthority(ssh-remote,21)][0ms] invoking final resolve()...
2026-01-17 12:15:41.714 [info] [resolveAuthority(ssh-remote,21)][1000ms] waiting...
2026-01-17 12:15:42.715 [info] [resolveAuthority(ssh-remote,21)][2001ms] waiting...
2026-01-17 12:15:43.716 [info] [resolveAuthority(ssh-remote,21)][3002ms] waiting...
2026-01-17 12:15:44.184 [error] [resolveAuthority(ssh-remote,21)][3470ms] returned an error No route to host
2026-01-17 12:16:14.186 [info] [resolveAuthority(ssh-remote,22)][0ms] activating remote resolvers ssh-remote+pi-zero
2026-01-17 12:16:14.186 [info] [resolveAuthority(ssh-remote,22)][0ms] activating resolver for ssh-remote+pi-zero...
2026-01-17 12:16:14.186 [info] [resolveAuthority(ssh-remote,22)][0ms] invoking final resolve()...
2026-01-17 12:16:15.187 [info] [resolveAuthority(ssh-remote,22)][1001ms] waiting...
2026-01-17 12:16:16.187 [info] [resolveAuthority(ssh-remote,22)][2001ms] waiting...
2026-01-17 12:16:17.188 [info] [resolveAuthority(ssh-remote,22)][3002ms] waiting...
2026-01-17 12:16:17.658 [error] [resolveAuthority(ssh-remote,22)][3472ms] returned an error No route to host
2026-01-17 12:16:47.659 [info] [resolveAuthority(ssh-remote,23)][0ms] activating remote resolvers ssh-remote+pi-zero
2026-01-17 12:16:47.659 [info] [resolveAuthority(ssh-remote,23)][0ms] activating resolver for ssh-remote+pi-zero...
2026-01-17 12:16:47.660 [info] [resolveAuthority(ssh-remote,23)][1ms] invoking final resolve()...
2026-01-17 12:16:48.660 [info] [resolveAuthority(ssh-remote,23)][1001ms] waiting...
2026-01-17 12:16:49.661 [info] [resolveAuthority(ssh-remote,23)][2002ms] waiting...
2026-01-17 12:16:50.662 [info] [resolveAuthority(ssh-remote,23)][3003ms] waiting...
2026-01-17 12:16:51.131 [error] [resolveAuthority(ssh-remote,23)][3472ms] returned an error No route to host
2026-01-17 12:17:21.132 [info] [resolveAuthority(ssh-remote,24)][0ms] activating remote resolvers ssh-remote+pi-zero
2026-01-17 12:17:21.132 [info] [resolveAuthority(ssh-remote,24)][0ms] activating resolver for ssh-remote+pi-zero...
2026-01-17 12:17:21.132 [info] [resolveAuthority(ssh-remote,24)][0ms] invoking final resolve()...
2026-01-17 12:17:22.133 [info] [resolveAuthority(ssh-remote,24)][1001ms] waiting...
2026-01-17 12:17:23.134 [info] [resolveAuthority(ssh-remote,24)][2002ms] waiting...
2026-01-17 12:17:24.135 [info] [resolveAuthority(ssh-remote,24)][3003ms] waiting...
2026-01-17 12:17:24.602 [error] [resolveAuthority(ssh-remote,24)][3470ms] returned an error No route to host
2026-01-17 12:17:54.603 [info] [resolveAuthority(ssh-remote,25)][0ms] activating remote resolvers ssh-remote+pi-zero
2026-01-17 12:17:54.603 [info] [resolveAuthority(ssh-remote,25)][0ms] activating resolver for ssh-remote+pi-zero...
2026-01-17 12:17:54.603 [info] [resolveAuthority(ssh-remote,25)][0ms] invoking final resolve()...
2026-01-17 12:17:55.604 [info] [resolveAuthority(ssh-remote,25)][1001ms] waiting...
2026-01-17 12:17:56.605 [info] [resolveAuthority(ssh-remote,25)][2002ms] waiting...
2026-01-17 12:17:57.606 [info] [resolveAuthority(ssh-remote,25)][3003ms] waiting...
2026-01-17 12:17:58.077 [error] [resolveAuthority(ssh-remote,25)][3474ms] returned an error No route to host
2026-01-17 12:18:28.078 [info] [resolveAuthority(ssh-remote,26)][0ms] activating remote resolvers ssh-remote+pi-zero
2026-01-17 12:18:28.078 [info] [resolveAuthority(ssh-remote,26)][0ms] activating resolver for ssh-remote+pi-zero...
2026-01-17 12:18:28.078 [info] [resolveAuthority(ssh-remote,26)][0ms] invoking final resolve()...
2026-01-17 12:18:29.079 [info] [resolveAuthority(ssh-remote,26)][1001ms] waiting...
2026-01-17 12:18:30.080 [info] [resolveAuthority(ssh-remote,26)][2002ms] waiting...
2026-01-17 12:18:31.080 [info] [resolveAuthority(ssh-remote,26)][3002ms] waiting...
2026-01-17 12:18:31.549 [error] [resolveAuthority(ssh-remote,26)][3471ms] returned an error No route to host
2026-01-17 12:19:01.551 [info] [resolveAuthority(ssh-remote,27)][0ms] activating remote resolvers ssh-remote+pi-zero
2026-01-17 12:19:01.551 [info] [resolveAuthority(ssh-remote,27)][0ms] activating resolver for ssh-remote+pi-zero...
2026-01-17 12:19:01.551 [info] [resolveAuthority(ssh-remote,27)][0ms] invoking final resolve()...
2026-01-17 12:19:02.551 [info] [resolveAuthority(ssh-remote,27)][1000ms] waiting...
2026-01-17 12:19:03.552 [info] [resolveAuthority(ssh-remote,27)][2001ms] waiting...
2026-01-17 12:19:04.553 [info] [resolveAuthority(ssh-remote,27)][3002ms] waiting...
2026-01-17 12:19:05.021 [error] [resolveAuthority(ssh-remote,27)][3470ms] returned an error No route to host
2026-01-17 12:19:35.022 [info] [resolveAuthority(ssh-remote,28)][0ms] activating remote resolvers ssh-remote+pi-zero
2026-01-17 12:19:35.022 [info] [resolveAuthority(ssh-remote,28)][0ms] activating resolver for ssh-remote+pi-zero...
2026-01-17 12:19:35.023 [info] [resolveAuthority(ssh-remote,28)][1ms] invoking final resolve()...
2026-01-17 12:19:36.023 [info] [resolveAuthority(ssh-remote,28)][1001ms] waiting...
2026-01-17 12:19:37.023 [info] [resolveAuthority(ssh-remote,28)][2001ms] waiting...
2026-01-17 12:19:38.024 [info] [resolveAuthority(ssh-remote,28)][3002ms] waiting...
2026-01-17 12:19:38.494 [error] [resolveAuthority(ssh-remote,28)][3472ms] returned an error No route to host
2026-01-17 12:20:08.495 [info] [resolveAuthority(ssh-remote,29)][0ms] activating remote resolvers ssh-remote+pi-zero
2026-01-17 12:20:08.495 [info] [resolveAuthority(ssh-remote,29)][0ms] activating resolver for ssh-remote+pi-zero...
2026-01-17 12:20:08.496 [info] [resolveAuthority(ssh-remote,29)][1ms] invoking final resolve()...
2026-01-17 12:20:09.496 [info] [resolveAuthority(ssh-remote,29)][1001ms] waiting...
2026-01-17 12:20:10.497 [info] [resolveAuthority(ssh-remote,29)][2002ms] waiting...
2026-01-17 12:20:11.497 [info] [resolveAuthority(ssh-remote,29)][3002ms] waiting...
2026-01-17 12:20:11.967 [error] [resolveAuthority(ssh-remote,29)][3472ms] returned an error No route to host
2026-01-17 12:20:41.968 [info] [resolveAuthority(ssh-remote,30)][0ms] activating remote resolvers ssh-remote+pi-zero
2026-01-17 12:20:41.969 [info] [resolveAuthority(ssh-remote,30)][1ms] activating resolver for ssh-remote+pi-zero...
2026-01-17 12:20:41.969 [info] [resolveAuthority(ssh-remote,30)][1ms] invoking final resolve()...
2026-01-17 12:20:42.969 [info] [resolveAuthority(ssh-remote,30)][1001ms] waiting...
2026-01-17 12:20:43.971 [info] [resolveAuthority(ssh-remote,30)][2003ms] waiting...
2026-01-17 12:20:44.972 [info] [resolveAuthority(ssh-remote,30)][3004ms] waiting...
2026-01-17 12:20:45.972 [info] [resolveAuthority(ssh-remote,30)][4004ms] waiting...
2026-01-17 12:20:46.973 [info] [resolveAuthority(ssh-remote,30)][5005ms] waiting...
2026-01-17 12:20:47.487 [error] [resolveAuthority(ssh-remote,30)][5519ms] returned an error No route to host
2026-01-17 12:21:17.489 [info] [resolveAuthority(ssh-remote,31)][0ms] activating remote resolvers ssh-remote+pi-zero
2026-01-17 12:21:17.489 [info] [resolveAuthority(ssh-remote,31)][0ms] activating resolver for ssh-remote+pi-zero...
2026-01-17 12:21:17.489 [info] [resolveAuthority(ssh-remote,31)][0ms] invoking final resolve()...
2026-01-17 12:21:18.490 [info] [resolveAuthority(ssh-remote,31)][1001ms] waiting...
2026-01-17 12:21:19.491 [info] [resolveAuthority(ssh-remote,31)][2002ms] waiting...
2026-01-17 12:21:20.492 [info] [resolveAuthority(ssh-remote,31)][3003ms] waiting...
2026-01-17 12:21:20.958 [error] [resolveAuthority(ssh-remote,31)][3469ms] returned an error No route to host
2026-01-17 12:21:50.960 [info] [resolveAuthority(ssh-remote,32)][0ms] activating remote resolvers ssh-remote+pi-zero
2026-01-17 12:21:50.960 [info] [resolveAuthority(ssh-remote,32)][0ms] activating resolver for ssh-remote+pi-zero...
2026-01-17 12:21:50.960 [info] [resolveAuthority(ssh-remote,32)][0ms] invoking final resolve()...
2026-01-17 12:21:51.961 [info] [resolveAuthority(ssh-remote,32)][1001ms] waiting...
2026-01-17 12:21:52.962 [info] [resolveAuthority(ssh-remote,32)][2002ms] waiting...
2026-01-17 12:21:53.963 [info] [resolveAuthority(ssh-remote,32)][3003ms] waiting...
2026-01-17 12:21:54.433 [error] [resolveAuthority(ssh-remote,32)][3473ms] returned an error No route to host
2026-01-17 12:22:24.434 [info] [resolveAuthority(ssh-remote,33)][0ms] activating remote resolvers ssh-remote+pi-zero
2026-01-17 12:22:24.434 [info] [resolveAuthority(ssh-remote,33)][0ms] activating resolver for ssh-remote+pi-zero...
2026-01-17 12:22:24.434 [info] [resolveAuthority(ssh-remote,33)][0ms] invoking final resolve()...
2026-01-17 12:22:25.436 [info] [resolveAuthority(ssh-remote,33)][1001ms] waiting...
2026-01-17 12:22:26.437 [info] [resolveAuthority(ssh-remote,33)][2003ms] waiting...
2026-01-17 12:22:27.438 [info] [resolveAuthority(ssh-remote,33)][3004ms] waiting...
2026-01-17 12:22:27.905 [error] [resolveAuthority(ssh-remote,33)][3471ms] returned an error No route to host
2026-01-17 12:22:57.906 [info] [resolveAuthority(ssh-remote,34)][0ms] activating remote resolvers ssh-remote+pi-zero
2026-01-17 12:22:57.907 [info] [resolveAuthority(ssh-remote,34)][1ms] activating resolver for ssh-remote+pi-zero...
2026-01-17 12:22:57.907 [info] [resolveAuthority(ssh-remote,34)][1ms] invoking final resolve()...
2026-01-17 12:22:58.907 [info] [resolveAuthority(ssh-remote,34)][1001ms] waiting...
2026-01-17 12:22:59.908 [info] [resolveAuthority(ssh-remote,34)][2002ms] waiting...
2026-01-17 12:23:00.909 [info] [resolveAuthority(ssh-remote,34)][3003ms] waiting...
2026-01-17 12:23:01.379 [error] [resolveAuthority(ssh-remote,34)][3473ms] returned an error No route to host
2026-01-17 12:23:31.381 [info] [resolveAuthority(ssh-remote,35)][0ms] activating remote resolvers ssh-remote+pi-zero
2026-01-17 12:23:31.381 [info] [resolveAuthority(ssh-remote,35)][0ms] activating resolver for ssh-remote+pi-zero...
2026-01-17 12:23:31.381 [info] [resolveAuthority(ssh-remote,35)][0ms] invoking final resolve()...
2026-01-17 12:23:32.381 [info] [resolveAuthority(ssh-remote,35)][1000ms] waiting...
2026-01-17 12:23:33.382 [info] [resolveAuthority(ssh-remote,35)][2001ms] waiting...
2026-01-17 12:23:34.383 [info] [resolveAuthority(ssh-remote,35)][3002ms] waiting...
2026-01-17 12:23:34.848 [error] [resolveAuthority(ssh-remote,35)][3467ms] returned an error No route to host
2026-01-17 12:24:04.850 [info] [resolveAuthority(ssh-remote,36)][0ms] activating remote resolvers ssh-remote+pi-zero
2026-01-17 12:24:04.850 [info] [resolveAuthority(ssh-remote,36)][0ms] activating resolver for ssh-remote+pi-zero...
2026-01-17 12:24:04.850 [info] [resolveAuthority(ssh-remote,36)][0ms] invoking final resolve()...
2026-01-17 12:24:05.849 [info] [resolveAuthority(ssh-remote,36)][999ms] waiting...
2026-01-17 12:24:06.850 [info] [resolveAuthority(ssh-remote,36)][2000ms] waiting...
2026-01-17 12:24:07.851 [info] [resolveAuthority(ssh-remote,36)][3001ms] waiting...
2026-01-17 12:24:08.321 [error] [resolveAuthority(ssh-remote,36)][3471ms] returned an error No route to host
2026-01-17 12:24:38.323 [info] [resolveAuthority(ssh-remote,37)][0ms] activating remote resolvers ssh-remote+pi-zero
2026-01-17 12:24:38.323 [info] [resolveAuthority(ssh-remote,37)][0ms] activating resolver for ssh-remote+pi-zero...
2026-01-17 12:24:38.323 [info] [resolveAuthority(ssh-remote,37)][0ms] invoking final resolve()...
2026-01-17 12:24:39.323 [info] [resolveAuthority(ssh-remote,37)][1000ms] waiting...
2026-01-17 12:24:40.324 [info] [resolveAuthority(ssh-remote,37)][2001ms] waiting...
2026-01-17 12:24:41.324 [info] [resolveAuthority(ssh-remote,37)][3001ms] waiting...
2026-01-17 12:24:41.795 [error] [resolveAuthority(ssh-remote,37)][3472ms] returned an error No route to host
2026-01-17 12:25:11.797 [info] [resolveAuthority(ssh-remote,38)][0ms] activating remote resolvers ssh-remote+pi-zero
2026-01-17 12:25:11.797 [info] [resolveAuthority(ssh-remote,38)][0ms] activating resolver for ssh-remote+pi-zero...
2026-01-17 12:25:11.797 [info] [resolveAuthority(ssh-remote,38)][0ms] invoking final resolve()...
2026-01-17 12:25:12.798 [info] [resolveAuthority(ssh-remote,38)][1001ms] waiting...
2026-01-17 12:25:13.799 [info] [resolveAuthority(ssh-remote,38)][2002ms] waiting...
2026-01-17 12:25:14.800 [info] [resolveAuthority(ssh-remote,38)][3003ms] waiting...
2026-01-17 12:25:15.266 [error] [resolveAuthority(ssh-remote,38)][3469ms] returned an error No route to host
2026-01-17 12:25:45.268 [info] [resolveAuthority(ssh-remote,39)][0ms] activating remote resolvers ssh-remote+pi-zero
2026-01-17 12:25:45.268 [info] [resolveAuthority(ssh-remote,39)][0ms] activating resolver for ssh-remote+pi-zero...
2026-01-17 12:25:45.268 [info] [resolveAuthority(ssh-remote,39)][0ms] invoking final resolve()...
2026-01-17 12:25:46.269 [info] [resolveAuthority(ssh-remote,39)][1001ms] waiting...
2026-01-17 12:25:47.270 [info] [resolveAuthority(ssh-remote,39)][2002ms] waiting...
2026-01-17 12:25:48.271 [info] [resolveAuthority(ssh-remote,39)][3003ms] waiting...
2026-01-17 12:25:48.739 [error] [resolveAuthority(ssh-remote,39)][3471ms] returned an error No route to host
2026-01-17 12:26:18.740 [info] [resolveAuthority(ssh-remote,40)][0ms] activating remote resolvers ssh-remote+pi-zero
2026-01-17 12:26:18.740 [info] [resolveAuthority(ssh-remote,40)][0ms] activating resolver for ssh-remote+pi-zero...
2026-01-17 12:26:18.741 [info] [resolveAuthority(ssh-remote,40)][1ms] invoking final resolve()...
2026-01-17 12:26:19.742 [info] [resolveAuthority(ssh-remote,40)][1002ms] waiting...
2026-01-17 12:26:20.743 [info] [resolveAuthority(ssh-remote,40)][2003ms] waiting...
2026-01-17 12:26:21.744 [info] [resolveAuthority(ssh-remote,40)][3004ms] waiting...
2026-01-17 12:26:22.214 [error] [resolveAuthority(ssh-remote,40)][3474ms] returned an error No route to host
2026-01-17 12:26:52.216 [info] [resolveAuthority(ssh-remote,41)][0ms] activating remote resolvers ssh-remote+pi-zero
2026-01-17 12:26:52.216 [info] [resolveAuthority(ssh-remote,41)][0ms] activating resolver for ssh-remote+pi-zero...
2026-01-17 12:26:52.216 [info] [resolveAuthority(ssh-remote,41)][0ms] invoking final resolve()...
2026-01-17 12:26:53.217 [info] [resolveAuthority(ssh-remote,41)][1001ms] waiting...
2026-01-17 12:26:54.218 [info] [resolveAuthority(ssh-remote,41)][2002ms] waiting...
2026-01-17 12:26:55.219 [info] [resolveAuthority(ssh-remote,41)][3003ms] waiting...
2026-01-17 12:26:55.689 [error] [resolveAuthority(ssh-remote,41)][3473ms] returned an error No route to host
2026-01-17 12:27:25.690 [info] [resolveAuthority(ssh-remote,42)][0ms] activating remote resolvers ssh-remote+pi-zero
2026-01-17 12:27:25.690 [info] [resolveAuthority(ssh-remote,42)][0ms] activating resolver for ssh-remote+pi-zero...
2026-01-17 12:27:25.690 [info] [resolveAuthority(ssh-remote,42)][0ms] invoking final resolve()...
2026-01-17 12:27:26.692 [info] [resolveAuthority(ssh-remote,42)][1002ms] waiting...
2026-01-17 12:27:27.693 [info] [resolveAuthority(ssh-remote,42)][2003ms] waiting...
2026-01-17 12:27:28.694 [info] [resolveAuthority(ssh-remote,42)][3004ms] waiting...
2026-01-17 12:27:29.159 [error] [resolveAuthority(ssh-remote,42)][3469ms] returned an error No route to host
2026-01-17 12:27:59.161 [info] [resolveAuthority(ssh-remote,43)][0ms] activating remote resolvers ssh-remote+pi-zero
2026-01-17 12:27:59.161 [info] [resolveAuthority(ssh-remote,43)][0ms] activating resolver for ssh-remote+pi-zero...
2026-01-17 12:27:59.161 [info] [resolveAuthority(ssh-remote,43)][0ms] invoking final resolve()...
2026-01-17 12:28:00.162 [info] [resolveAuthority(ssh-remote,43)][1001ms] waiting...
2026-01-17 12:28:01.163 [info] [resolveAuthority(ssh-remote,43)][2002ms] waiting...
2026-01-17 12:28:02.164 [info] [resolveAuthority(ssh-remote,43)][3003ms] waiting...
2026-01-17 12:28:02.631 [error] [resolveAuthority(ssh-remote,43)][3470ms] returned an error No route to host
2026-01-17 12:28:32.632 [info] [resolveAuthority(ssh-remote,44)][0ms] activating remote resolvers ssh-remote+pi-zero
2026-01-17 12:28:32.632 [info] [resolveAuthority(ssh-remote,44)][0ms] activating resolver for ssh-remote+pi-zero...
2026-01-17 12:28:32.632 [info] [resolveAuthority(ssh-remote,44)][0ms] invoking final resolve()...
2026-01-17 12:28:33.632 [info] [resolveAuthority(ssh-remote,44)][1000ms] waiting...
2026-01-17 12:28:34.634 [info] [resolveAuthority(ssh-remote,44)][2002ms] waiting...
2026-01-17 12:28:35.635 [info] [resolveAuthority(ssh-remote,44)][3003ms] waiting...
2026-01-17 12:28:36.104 [error] [resolveAuthority(ssh-remote,44)][3472ms] returned an error No route to host
2026-01-17 12:29:06.105 [info] [resolveAuthority(ssh-remote,45)][0ms] activating remote resolvers ssh-remote+pi-zero
2026-01-17 12:29:06.105 [info] [resolveAuthority(ssh-remote,45)][0ms] activating resolver for ssh-remote+pi-zero...
2026-01-17 12:29:06.105 [info] [resolveAuthority(ssh-remote,45)][0ms] invoking final resolve()...
2026-01-17 12:29:07.106 [info] [resolveAuthority(ssh-remote,45)][1001ms] waiting...
2026-01-17 12:29:08.107 [info] [resolveAuthority(ssh-remote,45)][2002ms] waiting...
2026-01-17 12:29:09.108 [info] [resolveAuthority(ssh-remote,45)][3003ms] waiting...
2026-01-17 12:29:09.580 [error] [resolveAuthority(ssh-remote,45)][3475ms] returned an error No route to host
2026-01-17 12:29:39.581 [info] [resolveAuthority(ssh-remote,46)][0ms] activating remote resolvers ssh-remote+pi-zero
2026-01-17 12:29:39.581 [info] [resolveAuthority(ssh-remote,46)][0ms] activating resolver for ssh-remote+pi-zero...
2026-01-17 12:29:39.582 [info] [resolveAuthority(ssh-remote,46)][1ms] invoking final resolve()...
2026-01-17 12:29:40.583 [info] [resolveAuthority(ssh-remote,46)][1002ms] waiting...
2026-01-17 12:29:41.584 [info] [resolveAuthority(ssh-remote,46)][2003ms] waiting...
2026-01-17 12:29:42.585 [info] [resolveAuthority(ssh-remote,46)][3004ms] waiting...
2026-01-17 12:29:43.049 [error] [resolveAuthority(ssh-remote,46)][3468ms] returned an error No route to host
2026-01-17 12:30:13.050 [info] [resolveAuthority(ssh-remote,47)][0ms] activating remote resolvers ssh-remote+pi-zero
2026-01-17 12:30:13.050 [info] [resolveAuthority(ssh-remote,47)][0ms] activating resolver for ssh-remote+pi-zero...
2026-01-17 12:30:13.050 [info] [resolveAuthority(ssh-remote,47)][0ms] invoking final resolve()...
2026-01-17 12:30:14.051 [info] [resolveAuthority(ssh-remote,47)][1001ms] waiting...
2026-01-17 12:30:15.052 [info] [resolveAuthority(ssh-remote,47)][2002ms] waiting...
2026-01-17 12:30:16.054 [info] [resolveAuthority(ssh-remote,47)][3003ms] waiting...
2026-01-17 12:30:16.519 [error] [resolveAuthority(ssh-remote,47)][3469ms] returned an error No route to host
2026-01-17 12:30:46.521 [info] [resolveAuthority(ssh-remote,48)][0ms] activating remote resolvers ssh-remote+pi-zero
2026-01-17 12:30:46.521 [info] [resolveAuthority(ssh-remote,48)][0ms] activating resolver for ssh-remote+pi-zero...
2026-01-17 12:30:46.521 [info] [resolveAuthority(ssh-remote,48)][0ms] invoking final resolve()...
2026-01-17 12:30:47.523 [info] [resolveAuthority(ssh-remote,48)][1002ms] waiting...
2026-01-17 12:30:48.524 [info] [resolveAuthority(ssh-remote,48)][2003ms] waiting...
2026-01-17 12:30:49.525 [info] [resolveAuthority(ssh-remote,48)][3004ms] waiting...
2026-01-17 12:30:49.992 [error] [resolveAuthority(ssh-remote,48)][3471ms] returned an error No route to host
2026-01-17 12:31:19.994 [info] [resolveAuthority(ssh-remote,49)][0ms] activating remote resolvers ssh-remote+pi-zero
2026-01-17 12:31:19.994 [info] [resolveAuthority(ssh-remote,49)][0ms] activating resolver for ssh-remote+pi-zero...
2026-01-17 12:31:19.994 [info] [resolveAuthority(ssh-remote,49)][0ms] invoking final resolve()...
2026-01-17 12:31:20.995 [info] [resolveAuthority(ssh-remote,49)][1001ms] waiting...
2026-01-17 12:31:21.996 [info] [resolveAuthority(ssh-remote,49)][2002ms] waiting...
2026-01-17 12:31:22.997 [info] [resolveAuthority(ssh-remote,49)][3003ms] waiting...
2026-01-17 12:31:23.465 [error] [resolveAuthority(ssh-remote,49)][3470ms] returned an error No route to host
2026-01-17 12:31:53.466 [info] [resolveAuthority(ssh-remote,50)][0ms] activating remote resolvers ssh-remote+pi-zero
2026-01-17 12:31:53.466 [info] [resolveAuthority(ssh-remote,50)][0ms] activating resolver for ssh-remote+pi-zero...
2026-01-17 12:31:53.466 [info] [resolveAuthority(ssh-remote,50)][0ms] invoking final resolve()...
2026-01-17 12:31:54.468 [info] [resolveAuthority(ssh-remote,50)][1002ms] waiting...
2026-01-17 12:31:55.469 [info] [resolveAuthority(ssh-remote,50)][2003ms] waiting...
2026-01-17 12:31:56.470 [info] [resolveAuthority(ssh-remote,50)][3004ms] waiting...
2026-01-17 12:31:56.939 [error] [resolveAuthority(ssh-remote,50)][3473ms] returned an error No route to host
2026-01-17 12:32:26.941 [info] [resolveAuthority(ssh-remote,51)][0ms] activating remote resolvers ssh-remote+pi-zero
2026-01-17 12:32:26.941 [info] [resolveAuthority(ssh-remote,51)][0ms] activating resolver for ssh-remote+pi-zero...
2026-01-17 12:32:26.941 [info] [resolveAuthority(ssh-remote,51)][0ms] invoking final resolve()...
2026-01-17 12:32:27.941 [info] [resolveAuthority(ssh-remote,51)][1000ms] waiting...
2026-01-17 12:32:28.942 [info] [resolveAuthority(ssh-remote,51)][2001ms] waiting...
2026-01-17 12:32:29.943 [info] [resolveAuthority(ssh-remote,51)][3002ms] waiting...
2026-01-17 12:32:30.413 [error] [resolveAuthority(ssh-remote,51)][3472ms] returned an error No route to host
2026-01-17 12:33:00.415 [info] [resolveAuthority(ssh-remote,52)][0ms] activating remote resolvers ssh-remote+pi-zero
2026-01-17 12:33:00.415 [info] [resolveAuthority(ssh-remote,52)][0ms] activating resolver for ssh-remote+pi-zero...
2026-01-17 12:33:00.415 [info] [resolveAuthority(ssh-remote,52)][0ms] invoking final resolve()...
2026-01-17 12:33:01.415 [info] [resolveAuthority(ssh-remote,52)][1000ms] waiting...
2026-01-17 12:33:02.416 [info] [resolveAuthority(ssh-remote,52)][2001ms] waiting...
2026-01-17 12:33:03.417 [info] [resolveAuthority(ssh-remote,52)][3002ms] waiting...
2026-01-17 12:33:03.882 [error] [resolveAuthority(ssh-remote,52)][3467ms] returned an error No route to host
2026-01-17 12:33:33.884 [info] [resolveAuthority(ssh-remote,53)][0ms] activating remote resolvers ssh-remote+pi-zero
2026-01-17 12:33:33.884 [info] [resolveAuthority(ssh-remote,53)][0ms] activating resolver for ssh-remote+pi-zero...
2026-01-17 12:33:33.884 [info] [resolveAuthority(ssh-remote,53)][0ms] invoking final resolve()...
2026-01-17 12:33:34.885 [info] [resolveAuthority(ssh-remote,53)][1001ms] waiting...
2026-01-17 12:33:35.886 [info] [resolveAuthority(ssh-remote,53)][2002ms] waiting...
2026-01-17 12:33:36.887 [info] [resolveAuthority(ssh-remote,53)][3003ms] waiting...
2026-01-17 12:33:37.353 [error] [resolveAuthority(ssh-remote,53)][3469ms] returned an error No route to host
2026-01-17 12:34:07.355 [info] [resolveAuthority(ssh-remote,54)][0ms] activating remote resolvers ssh-remote+pi-zero
2026-01-17 12:34:07.356 [info] [resolveAuthority(ssh-remote,54)][1ms] activating resolver for ssh-remote+pi-zero...
2026-01-17 12:34:07.356 [info] [resolveAuthority(ssh-remote,54)][1ms] invoking final resolve()...
2026-01-17 12:34:08.356 [info] [resolveAuthority(ssh-remote,54)][1001ms] waiting...
2026-01-17 12:34:09.357 [info] [resolveAuthority(ssh-remote,54)][2002ms] waiting...
2026-01-17 12:34:10.358 [info] [resolveAuthority(ssh-remote,54)][3003ms] waiting...
2026-01-17 12:34:10.830 [error] [resolveAuthority(ssh-remote,54)][3475ms] returned an error No route to host
2026-01-17 12:34:40.832 [info] [resolveAuthority(ssh-remote,55)][0ms] activating remote resolvers ssh-remote+pi-zero
2026-01-17 12:34:40.832 [info] [resolveAuthority(ssh-remote,55)][0ms] activating resolver for ssh-remote+pi-zero...
2026-01-17 12:34:40.832 [info] [resolveAuthority(ssh-remote,55)][0ms] invoking final resolve()...
2026-01-17 12:34:41.833 [info] [resolveAuthority(ssh-remote,55)][1001ms] waiting...
2026-01-17 12:34:42.834 [info] [resolveAuthority(ssh-remote,55)][2002ms] waiting...
2026-01-17 12:34:43.835 [info] [resolveAuthority(ssh-remote,55)][3003ms] waiting...
2026-01-17 12:34:44.299 [error] [resolveAuthority(ssh-remote,55)][3467ms] returned an error No route to host
2026-01-17 12:35:14.301 [info] [resolveAuthority(ssh-remote,56)][0ms] activating remote resolvers ssh-remote+pi-zero
2026-01-17 12:35:14.301 [info] [resolveAuthority(ssh-remote,56)][0ms] activating resolver for ssh-remote+pi-zero...
2026-01-17 12:35:14.301 [info] [resolveAuthority(ssh-remote,56)][0ms] invoking final resolve()...
2026-01-17 12:35:15.303 [info] [resolveAuthority(ssh-remote,56)][1002ms] waiting...
2026-01-17 12:35:16.304 [info] [resolveAuthority(ssh-remote,56)][2003ms] waiting...
2026-01-17 12:35:17.305 [info] [resolveAuthority(ssh-remote,56)][3004ms] waiting...
2026-01-17 12:35:17.775 [error] [resolveAuthority(ssh-remote,56)][3474ms] returned an error No route to host
2026-01-17 12:35:47.777 [info] [resolveAuthority(ssh-remote,57)][0ms] activating remote resolvers ssh-remote+pi-zero
2026-01-17 12:35:47.777 [info] [resolveAuthority(ssh-remote,57)][0ms] activating resolver for ssh-remote+pi-zero...
2026-01-17 12:35:47.777 [info] [resolveAuthority(ssh-remote,57)][0ms] invoking final resolve()...
2026-01-17 12:35:48.778 [info] [resolveAuthority(ssh-remote,57)][1001ms] waiting...
2026-01-17 12:35:49.779 [info] [resolveAuthority(ssh-remote,57)][2002ms] waiting...
2026-01-17 12:35:50.780 [info] [resolveAuthority(ssh-remote,57)][3003ms] waiting...
2026-01-17 12:35:51.245 [error] [resolveAuthority(ssh-remote,57)][3468ms] returned an error No route to host
2026-01-17 12:36:21.247 [info] [resolveAuthority(ssh-remote,58)][0ms] activating remote resolvers ssh-remote+pi-zero
2026-01-17 12:36:21.247 [info] [resolveAuthority(ssh-remote,58)][0ms] activating resolver for ssh-remote+pi-zero...
2026-01-17 12:36:21.247 [info] [resolveAuthority(ssh-remote,58)][0ms] invoking final resolve()...
2026-01-17 12:36:22.248 [info] [resolveAuthority(ssh-remote,58)][1001ms] waiting...
2026-01-17 12:36:23.249 [info] [resolveAuthority(ssh-remote,58)][2002ms] waiting...
2026-01-17 12:36:24.250 [info] [resolveAuthority(ssh-remote,58)][3003ms] waiting...
2026-01-17 12:36:24.720 [error] [resolveAuthority(ssh-remote,58)][3473ms] returned an error No route to host
2026-01-17 12:36:54.722 [info] [resolveAuthority(ssh-remote,59)][0ms] activating remote resolvers ssh-remote+pi-zero
2026-01-17 12:36:54.722 [info] [resolveAuthority(ssh-remote,59)][0ms] activating resolver for ssh-remote+pi-zero...
2026-01-17 12:36:54.722 [info] [resolveAuthority(ssh-remote,59)][0ms] invoking final resolve()...
2026-01-17 12:36:55.722 [info] [resolveAuthority(ssh-remote,59)][1000ms] waiting...
2026-01-17 12:36:56.723 [info] [resolveAuthority(ssh-remote,59)][2001ms] waiting...
2026-01-17 12:36:57.725 [info] [resolveAuthority(ssh-remote,59)][3003ms] waiting...
2026-01-17 12:36:58.191 [error] [resolveAuthority(ssh-remote,59)][3469ms] returned an error No route to host
2026-01-17 12:37:28.193 [info] [resolveAuthority(ssh-remote,60)][0ms] activating remote resolvers ssh-remote+pi-zero
2026-01-17 12:37:28.193 [info] [resolveAuthority(ssh-remote,60)][0ms] activating resolver for ssh-remote+pi-zero...
2026-01-17 12:37:28.194 [info] [resolveAuthority(ssh-remote,60)][1ms] invoking final resolve()...
2026-01-17 12:37:29.195 [info] [resolveAuthority(ssh-remote,60)][1002ms] waiting...
2026-01-17 12:37:30.195 [info] [resolveAuthority(ssh-remote,60)][2002ms] waiting...
2026-01-17 12:37:31.196 [info] [resolveAuthority(ssh-remote,60)][3003ms] waiting...
2026-01-17 12:37:31.663 [error] [resolveAuthority(ssh-remote,60)][3470ms] returned an error No route to host
2026-01-17 12:38:01.665 [info] [resolveAuthority(ssh-remote,61)][0ms] activating remote resolvers ssh-remote+pi-zero
2026-01-17 12:38:01.665 [info] [resolveAuthority(ssh-remote,61)][0ms] activating resolver for ssh-remote+pi-zero...
2026-01-17 12:38:01.665 [info] [resolveAuthority(ssh-remote,61)][0ms] invoking final resolve()...
2026-01-17 12:38:02.665 [info] [resolveAuthority(ssh-remote,61)][1000ms] waiting...
2026-01-17 12:38:03.666 [info] [resolveAuthority(ssh-remote,61)][2001ms] waiting...
2026-01-17 12:38:04.668 [info] [resolveAuthority(ssh-remote,61)][3003ms] waiting...
2026-01-17 12:38:05.135 [error] [resolveAuthority(ssh-remote,61)][3470ms] returned an error No route to host
2026-01-17 12:38:35.137 [info] [resolveAuthority(ssh-remote,62)][0ms] activating remote resolvers ssh-remote+pi-zero
2026-01-17 12:38:35.137 [info] [resolveAuthority(ssh-remote,62)][0ms] activating resolver for ssh-remote+pi-zero...
2026-01-17 12:38:35.137 [info] [resolveAuthority(ssh-remote,62)][0ms] invoking final resolve()...
2026-01-17 12:38:36.139 [info] [resolveAuthority(ssh-remote,62)][1002ms] waiting...
2026-01-17 12:38:37.140 [info] [resolveAuthority(ssh-remote,62)][2003ms] waiting...
2026-01-17 12:38:38.140 [info] [resolveAuthority(ssh-remote,62)][3003ms] waiting...
2026-01-17 12:38:38.610 [error] [resolveAuthority(ssh-remote,62)][3472ms] returned an error No route to host
2026-01-17 12:39:08.611 [info] [resolveAuthority(ssh-remote,63)][0ms] activating remote resolvers ssh-remote+pi-zero
2026-01-17 12:39:08.611 [info] [resolveAuthority(ssh-remote,63)][0ms] activating resolver for ssh-remote+pi-zero...
2026-01-17 12:39:08.611 [info] [resolveAuthority(ssh-remote,63)][0ms] invoking final resolve()...
2026-01-17 12:39:09.613 [info] [resolveAuthority(ssh-remote,63)][1002ms] waiting...
2026-01-17 12:39:10.614 [info] [resolveAuthority(ssh-remote,63)][2003ms] waiting...
2026-01-17 12:39:11.613 [info] [resolveAuthority(ssh-remote,63)][3002ms] waiting...
2026-01-17 12:39:12.083 [error] [resolveAuthority(ssh-remote,63)][3472ms] returned an error No route to host
2026-01-17 12:39:42.085 [info] [resolveAuthority(ssh-remote,64)][0ms] activating remote resolvers ssh-remote+pi-zero
2026-01-17 12:39:42.085 [info] [resolveAuthority(ssh-remote,64)][0ms] activating resolver for ssh-remote+pi-zero...
2026-01-17 12:39:42.085 [info] [resolveAuthority(ssh-remote,64)][0ms] invoking final resolve()...
2026-01-17 12:39:43.085 [info] [resolveAuthority(ssh-remote,64)][1000ms] waiting...
2026-01-17 12:39:44.086 [info] [resolveAuthority(ssh-remote,64)][2001ms] waiting...
2026-01-17 12:39:45.087 [info] [resolveAuthority(ssh-remote,64)][3002ms] waiting...
2026-01-17 12:39:45.554 [error] [resolveAuthority(ssh-remote,64)][3469ms] returned an error No route to host
2026-01-17 12:40:15.555 [info] [resolveAuthority(ssh-remote,65)][0ms] activating remote resolvers ssh-remote+pi-zero
2026-01-17 12:40:15.555 [info] [resolveAuthority(ssh-remote,65)][0ms] activating resolver for ssh-remote+pi-zero...
2026-01-17 12:40:15.555 [info] [resolveAuthority(ssh-remote,65)][0ms] invoking final resolve()...
2026-01-17 12:40:16.556 [info] [resolveAuthority(ssh-remote,65)][1001ms] waiting...
2026-01-17 12:40:17.557 [info] [resolveAuthority(ssh-remote,65)][2002ms] waiting...
2026-01-17 12:40:18.559 [info] [resolveAuthority(ssh-remote,65)][3004ms] waiting...
2026-01-17 12:40:19.026 [error] [resolveAuthority(ssh-remote,65)][3471ms] returned an error No route to host
2026-01-17 12:40:49.027 [info] [resolveAuthority(ssh-remote,66)][0ms] activating remote resolvers ssh-remote+pi-zero
2026-01-17 12:40:49.027 [info] [resolveAuthority(ssh-remote,66)][0ms] activating resolver for ssh-remote+pi-zero...
2026-01-17 12:40:49.028 [info] [resolveAuthority(ssh-remote,66)][1ms] invoking final resolve()...
2026-01-17 12:40:50.029 [info] [resolveAuthority(ssh-remote,66)][1002ms] waiting...
2026-01-17 12:40:51.030 [info] [resolveAuthority(ssh-remote,66)][2003ms] waiting...
2026-01-17 12:40:52.031 [info] [resolveAuthority(ssh-remote,66)][3004ms] waiting...
2026-01-17 12:40:52.498 [error] [resolveAuthority(ssh-remote,66)][3471ms] returned an error No route to host
2026-01-17 12:41:22.500 [info] [resolveAuthority(ssh-remote,67)][0ms] activating remote resolvers ssh-remote+pi-zero
2026-01-17 12:41:22.500 [info] [resolveAuthority(ssh-remote,67)][0ms] activating resolver for ssh-remote+pi-zero...
2026-01-17 12:41:22.500 [info] [resolveAuthority(ssh-remote,67)][0ms] invoking final resolve()...
2026-01-17 12:41:23.501 [info] [resolveAuthority(ssh-remote,67)][1001ms] waiting...
2026-01-17 12:41:24.503 [info] [resolveAuthority(ssh-remote,67)][2003ms] waiting...
2026-01-17 12:41:25.504 [info] [resolveAuthority(ssh-remote,67)][3004ms] waiting...
2026-01-17 12:41:25.970 [error] [resolveAuthority(ssh-remote,67)][3470ms] returned an error No route to host
2026-01-17 12:41:55.972 [info] [resolveAuthority(ssh-remote,68)][0ms] activating remote resolvers ssh-remote+pi-zero
2026-01-17 12:41:55.972 [info] [resolveAuthority(ssh-remote,68)][0ms] activating resolver for ssh-remote+pi-zero...
2026-01-17 12:41:55.972 [info] [resolveAuthority(ssh-remote,68)][0ms] invoking final resolve()...
2026-01-17 12:41:56.972 [info] [resolveAuthority(ssh-remote,68)][1000ms] waiting...
2026-01-17 12:41:57.973 [info] [resolveAuthority(ssh-remote,68)][2001ms] waiting...
2026-01-17 12:41:58.975 [info] [resolveAuthority(ssh-remote,68)][3003ms] waiting...
2026-01-17 12:41:59.442 [error] [resolveAuthority(ssh-remote,68)][3470ms] returned an error No route to host
2026-01-17 12:42:29.443 [info] [resolveAuthority(ssh-remote,69)][0ms] activating remote resolvers ssh-remote+pi-zero
2026-01-17 12:42:29.443 [info] [resolveAuthority(ssh-remote,69)][0ms] activating resolver for ssh-remote+pi-zero...
2026-01-17 12:42:29.443 [info] [resolveAuthority(ssh-remote,69)][0ms] invoking final resolve()...
2026-01-17 12:42:30.444 [info] [resolveAuthority(ssh-remote,69)][1001ms] waiting...
2026-01-17 12:42:31.445 [info] [resolveAuthority(ssh-remote,69)][2002ms] waiting...
2026-01-17 12:42:32.447 [info] [resolveAuthority(ssh-remote,69)][3004ms] waiting...
2026-01-17 12:42:33.448 [info] [resolveAuthority(ssh-remote,69)][4005ms] waiting...
2026-01-17 12:42:33.938 [error] [resolveAuthority(ssh-remote,69)][4495ms] returned an error No route to host
2026-01-17 12:43:03.940 [info] [resolveAuthority(ssh-remote,70)][0ms] activating remote resolvers ssh-remote+pi-zero
2026-01-17 12:43:03.940 [info] [resolveAuthority(ssh-remote,70)][0ms] activating resolver for ssh-remote+pi-zero...
2026-01-17 12:43:03.940 [info] [resolveAuthority(ssh-remote,70)][0ms] invoking final resolve()...
2026-01-17 12:43:04.940 [info] [resolveAuthority(ssh-remote,70)][1000ms] waiting...
2026-01-17 12:43:05.940 [info] [resolveAuthority(ssh-remote,70)][2000ms] waiting...
2026-01-17 12:43:06.940 [info] [resolveAuthority(ssh-remote,70)][3000ms] waiting...
2026-01-17 12:43:07.410 [error] [resolveAuthority(ssh-remote,70)][3470ms] returned an error No route to host
2026-01-17 12:43:37.412 [info] [resolveAuthority(ssh-remote,71)][0ms] activating remote resolvers ssh-remote+pi-zero
2026-01-17 12:43:37.412 [info] [resolveAuthority(ssh-remote,71)][0ms] activating resolver for ssh-remote+pi-zero...
2026-01-17 12:43:37.412 [info] [resolveAuthority(ssh-remote,71)][0ms] invoking final resolve()...
2026-01-17 12:43:38.413 [info] [resolveAuthority(ssh-remote,71)][1001ms] waiting...
2026-01-17 12:43:39.415 [info] [resolveAuthority(ssh-remote,71)][2002ms] waiting...
2026-01-17 12:43:40.416 [info] [resolveAuthority(ssh-remote,71)][3004ms] waiting...
2026-01-17 12:43:40.883 [error] [resolveAuthority(ssh-remote,71)][3471ms] returned an error No route to host
2026-01-17 12:44:10.885 [info] [resolveAuthority(ssh-remote,72)][0ms] activating remote resolvers ssh-remote+pi-zero
2026-01-17 12:44:10.885 [info] [resolveAuthority(ssh-remote,72)][0ms] activating resolver for ssh-remote+pi-zero...
2026-01-17 12:44:10.885 [info] [resolveAuthority(ssh-remote,72)][0ms] invoking final resolve()...
2026-01-17 12:44:11.886 [info] [resolveAuthority(ssh-remote,72)][1001ms] waiting...
2026-01-17 12:44:12.887 [info] [resolveAuthority(ssh-remote,72)][2002ms] waiting...
2026-01-17 12:44:13.888 [info] [resolveAuthority(ssh-remote,72)][3003ms] waiting...
2026-01-17 12:44:14.355 [error] [resolveAuthority(ssh-remote,72)][3470ms] returned an error No route to host
2026-01-17 12:44:44.357 [info] [resolveAuthority(ssh-remote,73)][0ms] activating remote resolvers ssh-remote+pi-zero
2026-01-17 12:44:44.357 [info] [resolveAuthority(ssh-remote,73)][0ms] activating resolver for ssh-remote+pi-zero...
2026-01-17 12:44:44.357 [info] [resolveAuthority(ssh-remote,73)][0ms] invoking final resolve()...
2026-01-17 12:44:45.358 [info] [resolveAuthority(ssh-remote,73)][1001ms] waiting...
2026-01-17 12:44:46.359 [info] [resolveAuthority(ssh-remote,73)][2002ms] waiting...
2026-01-17 12:44:47.361 [info] [resolveAuthority(ssh-remote,73)][3004ms] waiting...
2026-01-17 12:44:47.827 [error] [resolveAuthority(ssh-remote,73)][3470ms] returned an error No route to host
2026-01-17 12:45:17.829 [info] [resolveAuthority(ssh-remote,74)][0ms] activating remote resolvers ssh-remote+pi-zero
2026-01-17 12:45:17.829 [info] [resolveAuthority(ssh-remote,74)][0ms] activating resolver for ssh-remote+pi-zero...
2026-01-17 12:45:17.829 [info] [resolveAuthority(ssh-remote,74)][0ms] invoking final resolve()...
2026-01-17 12:45:18.829 [info] [resolveAuthority(ssh-remote,74)][1000ms] waiting...
2026-01-17 12:45:19.830 [info] [resolveAuthority(ssh-remote,74)][2001ms] waiting...
2026-01-17 12:45:20.831 [info] [resolveAuthority(ssh-remote,74)][3002ms] waiting...
2026-01-17 12:45:21.301 [error] [resolveAuthority(ssh-remote,74)][3472ms] returned an error No route to host
2026-01-17 12:45:51.303 [info] [resolveAuthority(ssh-remote,75)][0ms] activating remote resolvers ssh-remote+pi-zero
2026-01-17 12:45:51.303 [info] [resolveAuthority(ssh-remote,75)][0ms] activating resolver for ssh-remote+pi-zero...
2026-01-17 12:45:51.303 [info] [resolveAuthority(ssh-remote,75)][0ms] invoking final resolve()...
2026-01-17 12:45:52.304 [info] [resolveAuthority(ssh-remote,75)][1001ms] waiting...
2026-01-17 12:45:53.305 [info] [resolveAuthority(ssh-remote,75)][2002ms] waiting...
2026-01-17 12:45:54.306 [info] [resolveAuthority(ssh-remote,75)][3003ms] waiting...
2026-01-17 12:45:54.775 [error] [resolveAuthority(ssh-remote,75)][3472ms] returned an error No route to host
2026-01-17 12:46:24.776 [info] [resolveAuthority(ssh-remote,76)][0ms] activating remote resolvers ssh-remote+pi-zero
2026-01-17 12:46:24.776 [info] [resolveAuthority(ssh-remote,76)][0ms] activating resolver for ssh-remote+pi-zero...
2026-01-17 12:46:24.776 [info] [resolveAuthority(ssh-remote,76)][0ms] invoking final resolve()...
2026-01-17 12:46:25.777 [info] [resolveAuthority(ssh-remote,76)][1001ms] waiting...
2026-01-17 12:46:26.779 [info] [resolveAuthority(ssh-remote,76)][2003ms] waiting...
2026-01-17 12:46:27.780 [info] [resolveAuthority(ssh-remote,76)][3004ms] waiting...
2026-01-17 12:46:28.245 [error] [resolveAuthority(ssh-remote,76)][3469ms] returned an error No route to host
2026-01-17 12:46:58.247 [info] [resolveAuthority(ssh-remote,77)][0ms] activating remote resolvers ssh-remote+pi-zero
2026-01-17 12:46:58.247 [info] [resolveAuthority(ssh-remote,77)][0ms] activating resolver for ssh-remote+pi-zero...
2026-01-17 12:46:58.248 [info] [resolveAuthority(ssh-remote,77)][1ms] invoking final resolve()...
2026-01-17 12:46:59.248 [info] [resolveAuthority(ssh-remote,77)][1001ms] waiting...
2026-01-17 12:47:00.250 [info] [resolveAuthority(ssh-remote,77)][2003ms] waiting...
2026-01-17 12:47:01.250 [info] [resolveAuthority(ssh-remote,77)][3003ms] waiting...
2026-01-17 12:47:01.725 [error] [resolveAuthority(ssh-remote,77)][3478ms] returned an error No route to host
2026-01-17 12:47:31.727 [info] [resolveAuthority(ssh-remote,78)][0ms] activating remote resolvers ssh-remote+pi-zero
2026-01-17 12:47:31.727 [info] [resolveAuthority(ssh-remote,78)][0ms] activating resolver for ssh-remote+pi-zero...
2026-01-17 12:47:31.727 [info] [resolveAuthority(ssh-remote,78)][0ms] invoking final resolve()...
2026-01-17 12:47:32.727 [info] [resolveAuthority(ssh-remote,78)][1000ms] waiting...
2026-01-17 12:47:33.727 [info] [resolveAuthority(ssh-remote,78)][2000ms] waiting...
2026-01-17 12:47:34.729 [info] [resolveAuthority(ssh-remote,78)][3002ms] waiting...
2026-01-17 12:47:35.192 [error] [resolveAuthority(ssh-remote,78)][3465ms] returned an error No route to host
2026-01-17 12:48:05.194 [info] [resolveAuthority(ssh-remote,79)][0ms] activating remote resolvers ssh-remote+pi-zero
2026-01-17 12:48:05.194 [info] [resolveAuthority(ssh-remote,79)][0ms] activating resolver for ssh-remote+pi-zero...
2026-01-17 12:48:05.194 [info] [resolveAuthority(ssh-remote,79)][0ms] invoking final resolve()...
2026-01-17 12:48:06.195 [info] [resolveAuthority(ssh-remote,79)][1001ms] waiting...
2026-01-17 12:48:07.196 [info] [resolveAuthority(ssh-remote,79)][2002ms] waiting...
2026-01-17 12:48:08.197 [info] [resolveAuthority(ssh-remote,79)][3003ms] waiting...
2026-01-17 12:48:08.667 [error] [resolveAuthority(ssh-remote,79)][3473ms] returned an error No route to host
2026-01-17 12:48:38.668 [info] [resolveAuthority(ssh-remote,80)][0ms] activating remote resolvers ssh-remote+pi-zero
2026-01-17 12:48:38.669 [info] [resolveAuthority(ssh-remote,80)][1ms] activating resolver for ssh-remote+pi-zero...
2026-01-17 12:48:38.669 [info] [resolveAuthority(ssh-remote,80)][1ms] invoking final resolve()...
2026-01-17 12:48:39.670 [info] [resolveAuthority(ssh-remote,80)][1002ms] waiting...
2026-01-17 12:48:40.669 [info] [resolveAuthority(ssh-remote,80)][2001ms] waiting...
2026-01-17 12:48:41.670 [info] [resolveAuthority(ssh-remote,80)][3002ms] waiting...
2026-01-17 12:48:42.138 [error] [resolveAuthority(ssh-remote,80)][3470ms] returned an error No route to host
2026-01-17 12:49:12.140 [info] [resolveAuthority(ssh-remote,81)][0ms] activating remote resolvers ssh-remote+pi-zero
2026-01-17 12:49:12.140 [info] [resolveAuthority(ssh-remote,81)][0ms] activating resolver for ssh-remote+pi-zero...
2026-01-17 12:49:12.140 [info] [resolveAuthority(ssh-remote,81)][0ms] invoking final resolve()...
2026-01-17 12:49:13.141 [info] [resolveAuthority(ssh-remote,81)][1001ms] waiting...
2026-01-17 12:49:14.143 [info] [resolveAuthority(ssh-remote,81)][2003ms] waiting...
2026-01-17 12:49:15.144 [info] [resolveAuthority(ssh-remote,81)][3004ms] waiting...
2026-01-17 12:49:15.675 [error] [resolveAuthority(ssh-remote,81)][3535ms] returned an error No route to host
2026-01-17 12:49:45.677 [info] [resolveAuthority(ssh-remote,82)][0ms] activating remote resolvers ssh-remote+pi-zero
2026-01-17 12:49:45.677 [info] [resolveAuthority(ssh-remote,82)][0ms] activating resolver for ssh-remote+pi-zero...
2026-01-17 12:49:45.677 [info] [resolveAuthority(ssh-remote,82)][0ms] invoking final resolve()...
2026-01-17 12:49:46.678 [info] [resolveAuthority(ssh-remote,82)][1001ms] waiting...
2026-01-17 12:49:47.679 [info] [resolveAuthority(ssh-remote,82)][2002ms] waiting...
2026-01-17 12:49:48.680 [info] [resolveAuthority(ssh-remote,82)][3003ms] waiting...
2026-01-17 12:49:49.211 [error] [resolveAuthority(ssh-remote,82)][3534ms] returned an error No route to host
2026-01-17 12:50:19.213 [info] [resolveAuthority(ssh-remote,83)][0ms] activating remote resolvers ssh-remote+pi-zero
2026-01-17 12:50:19.213 [info] [resolveAuthority(ssh-remote,83)][0ms] activating resolver for ssh-remote+pi-zero...
2026-01-17 12:50:19.213 [info] [resolveAuthority(ssh-remote,83)][0ms] invoking final resolve()...
2026-01-17 12:50:20.213 [info] [resolveAuthority(ssh-remote,83)][1000ms] waiting...
2026-01-17 12:50:21.214 [info] [resolveAuthority(ssh-remote,83)][2001ms] waiting...
2026-01-17 12:50:22.216 [info] [resolveAuthority(ssh-remote,83)][3003ms] waiting...
2026-01-17 12:50:22.683 [error] [resolveAuthority(ssh-remote,83)][3470ms] returned an error No route to host
2026-01-17 12:50:52.685 [info] [resolveAuthority(ssh-remote,84)][0ms] activating remote resolvers ssh-remote+pi-zero
2026-01-17 12:50:52.685 [info] [resolveAuthority(ssh-remote,84)][0ms] activating resolver for ssh-remote+pi-zero...
2026-01-17 12:50:52.685 [info] [resolveAuthority(ssh-remote,84)][0ms] invoking final resolve()...
2026-01-17 12:50:53.687 [info] [resolveAuthority(ssh-remote,84)][1002ms] waiting...
2026-01-17 12:50:54.688 [info] [resolveAuthority(ssh-remote,84)][2003ms] waiting...
2026-01-17 12:50:55.689 [info] [resolveAuthority(ssh-remote,84)][3004ms] waiting...
2026-01-17 12:50:56.164 [error] [resolveAuthority(ssh-remote,84)][3479ms] returned an error No route to host
2026-01-17 12:51:26.166 [info] [resolveAuthority(ssh-remote,85)][0ms] activating remote resolvers ssh-remote+pi-zero
2026-01-17 12:51:26.166 [info] [resolveAuthority(ssh-remote,85)][0ms] activating resolver for ssh-remote+pi-zero...
2026-01-17 12:51:26.166 [info] [resolveAuthority(ssh-remote,85)][0ms] invoking final resolve()...
2026-01-17 12:51:27.168 [info] [resolveAuthority(ssh-remote,85)][1002ms] waiting...
2026-01-17 12:51:28.169 [info] [resolveAuthority(ssh-remote,85)][2003ms] waiting...
2026-01-17 12:51:29.170 [info] [resolveAuthority(ssh-remote,85)][3004ms] waiting...
2026-01-17 12:51:29.694 [error] [resolveAuthority(ssh-remote,85)][3528ms] returned an error No route to host
2026-01-17 12:51:59.696 [info] [resolveAuthority(ssh-remote,86)][0ms] activating remote resolvers ssh-remote+pi-zero
2026-01-17 12:51:59.696 [info] [resolveAuthority(ssh-remote,86)][0ms] activating resolver for ssh-remote+pi-zero...
2026-01-17 12:51:59.696 [info] [resolveAuthority(ssh-remote,86)][0ms] invoking final resolve()...
2026-01-17 12:52:00.696 [info] [resolveAuthority(ssh-remote,86)][1000ms] waiting...
2026-01-17 12:52:01.698 [info] [resolveAuthority(ssh-remote,86)][2002ms] waiting...
2026-01-17 12:52:02.699 [info] [resolveAuthority(ssh-remote,86)][3003ms] waiting...
2026-01-17 12:52:03.167 [error] [resolveAuthority(ssh-remote,86)][3471ms] returned an error No route to host
2026-01-17 12:52:33.169 [info] [resolveAuthority(ssh-remote,87)][0ms] activating remote resolvers ssh-remote+pi-zero
2026-01-17 12:52:33.169 [info] [resolveAuthority(ssh-remote,87)][0ms] activating resolver for ssh-remote+pi-zero...
2026-01-17 12:52:33.169 [info] [resolveAuthority(ssh-remote,87)][0ms] invoking final resolve()...
2026-01-17 12:52:34.171 [info] [resolveAuthority(ssh-remote,87)][1002ms] waiting...
2026-01-17 12:52:35.172 [info] [resolveAuthority(ssh-remote,87)][2003ms] waiting...
2026-01-17 12:52:36.173 [info] [resolveAuthority(ssh-remote,87)][3004ms] waiting...
2026-01-17 12:52:37.173 [info] [resolveAuthority(ssh-remote,87)][4004ms] waiting...
2026-01-17 12:52:37.660 [error] [resolveAuthority(ssh-remote,87)][4491ms] returned an error No route to host
2026-01-17 12:53:07.662 [info] [resolveAuthority(ssh-remote,88)][0ms] activating remote resolvers ssh-remote+pi-zero
2026-01-17 12:53:07.662 [info] [resolveAuthority(ssh-remote,88)][0ms] activating resolver for ssh-remote+pi-zero...
2026-01-17 12:53:07.662 [info] [resolveAuthority(ssh-remote,88)][0ms] invoking final resolve()...
2026-01-17 12:53:08.663 [info] [resolveAuthority(ssh-remote,88)][1001ms] waiting...
2026-01-17 12:53:09.665 [info] [resolveAuthority(ssh-remote,88)][2002ms] waiting...
2026-01-17 12:53:10.666 [info] [resolveAuthority(ssh-remote,88)][3004ms] waiting...
2026-01-17 12:53:11.135 [error] [resolveAuthority(ssh-remote,88)][3472ms] returned an error No route to host
2026-01-17 12:53:41.137 [info] [resolveAuthority(ssh-remote,89)][0ms] activating remote resolvers ssh-remote+pi-zero
2026-01-17 12:53:41.137 [info] [resolveAuthority(ssh-remote,89)][0ms] activating resolver for ssh-remote+pi-zero...
2026-01-17 12:53:41.137 [info] [resolveAuthority(ssh-remote,89)][0ms] invoking final resolve()...
2026-01-17 12:53:42.137 [info] [resolveAuthority(ssh-remote,89)][1000ms] waiting...
2026-01-17 12:53:43.138 [info] [resolveAuthority(ssh-remote,89)][2001ms] waiting...
2026-01-17 12:53:44.139 [info] [resolveAuthority(ssh-remote,89)][3002ms] waiting...
2026-01-17 12:53:44.670 [error] [resolveAuthority(ssh-remote,89)][3533ms] returned an error No route to host
2026-01-17 12:54:14.672 [info] [resolveAuthority(ssh-remote,90)][0ms] activating remote resolvers ssh-remote+pi-zero
2026-01-17 12:54:14.672 [info] [resolveAuthority(ssh-remote,90)][0ms] activating resolver for ssh-remote+pi-zero...
2026-01-17 12:54:14.672 [info] [resolveAuthority(ssh-remote,90)][0ms] invoking final resolve()...
2026-01-17 12:54:15.672 [info] [resolveAuthority(ssh-remote,90)][1000ms] waiting...
2026-01-17 12:54:16.673 [info] [resolveAuthority(ssh-remote,90)][2001ms] waiting...
2026-01-17 12:54:17.674 [info] [resolveAuthority(ssh-remote,90)][3002ms] waiting...
2026-01-17 12:54:18.141 [error] [resolveAuthority(ssh-remote,90)][3469ms] returned an error No route to host
2026-01-17 12:54:48.143 [info] [resolveAuthority(ssh-remote,91)][0ms] activating remote resolvers ssh-remote+pi-zero
2026-01-17 12:54:48.143 [info] [resolveAuthority(ssh-remote,91)][0ms] activating resolver for ssh-remote+pi-zero...
2026-01-17 12:54:48.143 [info] [resolveAuthority(ssh-remote,91)][0ms] invoking final resolve()...
2026-01-17 12:54:49.145 [info] [resolveAuthority(ssh-remote,91)][1002ms] waiting...
2026-01-17 12:54:50.146 [info] [resolveAuthority(ssh-remote,91)][2003ms] waiting...
2026-01-17 12:54:51.146 [info] [resolveAuthority(ssh-remote,91)][3003ms] waiting...
2026-01-17 12:54:51.623 [error] [resolveAuthority(ssh-remote,91)][3480ms] returned an error No route to host
2026-01-17 12:55:21.627 [info] [resolveAuthority(ssh-remote,92)][2ms] activating remote resolvers ssh-remote+pi-zero
2026-01-17 12:55:21.627 [info] [resolveAuthority(ssh-remote,92)][2ms] activating resolver for ssh-remote+pi-zero...
2026-01-17 12:55:21.627 [info] [resolveAuthority(ssh-remote,92)][2ms] invoking final resolve()...
2026-01-17 12:55:22.628 [info] [resolveAuthority(ssh-remote,92)][1003ms] waiting...
2026-01-17 12:55:23.629 [info] [resolveAuthority(ssh-remote,92)][2004ms] waiting...
2026-01-17 12:55:24.630 [info] [resolveAuthority(ssh-remote,92)][3005ms] waiting...
2026-01-17 12:55:25.154 [error] [resolveAuthority(ssh-remote,92)][3529ms] returned an error No route to host
2026-01-17 12:55:55.156 [info] [resolveAuthority(ssh-remote,93)][0ms] activating remote resolvers ssh-remote+pi-zero
2026-01-17 12:55:55.156 [info] [resolveAuthority(ssh-remote,93)][0ms] activating resolver for ssh-remote+pi-zero...
2026-01-17 12:55:55.156 [info] [resolveAuthority(ssh-remote,93)][0ms] invoking final resolve()...
2026-01-17 12:55:56.156 [info] [resolveAuthority(ssh-remote,93)][1000ms] waiting...
2026-01-17 12:55:57.158 [info] [resolveAuthority(ssh-remote,93)][2002ms] waiting...
2026-01-17 12:55:58.159 [info] [resolveAuthority(ssh-remote,93)][3003ms] waiting...
2026-01-17 12:55:58.690 [error] [resolveAuthority(ssh-remote,93)][3534ms] returned an error No route to host
2026-01-17 12:56:28.692 [info] [resolveAuthority(ssh-remote,94)][0ms] activating remote resolvers ssh-remote+pi-zero
2026-01-17 12:56:28.692 [info] [resolveAuthority(ssh-remote,94)][0ms] activating resolver for ssh-remote+pi-zero...
2026-01-17 12:56:28.692 [info] [resolveAuthority(ssh-remote,94)][0ms] invoking final resolve()...
2026-01-17 12:56:29.693 [info] [resolveAuthority(ssh-remote,94)][1001ms] waiting...
2026-01-17 12:56:30.694 [info] [resolveAuthority(ssh-remote,94)][2002ms] waiting...
2026-01-17 12:56:31.695 [info] [resolveAuthority(ssh-remote,94)][3003ms] waiting...
2026-01-17 12:56:32.223 [error] [resolveAuthority(ssh-remote,94)][3531ms] returned an error No route to host
2026-01-17 12:57:02.225 [info] [resolveAuthority(ssh-remote,95)][0ms] activating remote resolvers ssh-remote+pi-zero
2026-01-17 12:57:02.225 [info] [resolveAuthority(ssh-remote,95)][0ms] activating resolver for ssh-remote+pi-zero...
2026-01-17 12:57:02.225 [info] [resolveAuthority(ssh-remote,95)][0ms] invoking final resolve()...
2026-01-17 12:57:03.226 [info] [resolveAuthority(ssh-remote,95)][1001ms] waiting...
2026-01-17 12:57:04.227 [info] [resolveAuthority(ssh-remote,95)][2002ms] waiting...
2026-01-17 12:57:05.227 [info] [resolveAuthority(ssh-remote,95)][3002ms] waiting...
2026-01-17 12:57:05.762 [error] [resolveAuthority(ssh-remote,95)][3537ms] returned an error No route to host
2026-01-17 12:57:35.763 [info] [resolveAuthority(ssh-remote,96)][0ms] activating remote resolvers ssh-remote+pi-zero
2026-01-17 12:57:35.763 [info] [resolveAuthority(ssh-remote,96)][0ms] activating resolver for ssh-remote+pi-zero...
2026-01-17 12:57:35.763 [info] [resolveAuthority(ssh-remote,96)][0ms] invoking final resolve()...
2026-01-17 12:57:36.765 [info] [resolveAuthority(ssh-remote,96)][1002ms] waiting...
2026-01-17 12:57:37.766 [info] [resolveAuthority(ssh-remote,96)][2003ms] waiting...
2026-01-17 12:57:38.767 [info] [resolveAuthority(ssh-remote,96)][3004ms] waiting...
2026-01-17 12:57:39.294 [error] [resolveAuthority(ssh-remote,96)][3531ms] returned an error No route to host
2026-01-17 12:58:09.296 [info] [resolveAuthority(ssh-remote,97)][0ms] activating remote resolvers ssh-remote+pi-zero
2026-01-17 12:58:09.296 [info] [resolveAuthority(ssh-remote,97)][0ms] activating resolver for ssh-remote+pi-zero...
2026-01-17 12:58:09.296 [info] [resolveAuthority(ssh-remote,97)][0ms] invoking final resolve()...
2026-01-17 12:58:10.297 [info] [resolveAuthority(ssh-remote,97)][1001ms] waiting...
2026-01-17 12:58:11.297 [info] [resolveAuthority(ssh-remote,97)][2001ms] waiting...
2026-01-17 12:58:12.298 [info] [resolveAuthority(ssh-remote,97)][3002ms] waiting...
2026-01-17 12:58:12.771 [error] [resolveAuthority(ssh-remote,97)][3475ms] returned an error No route to host
2026-01-17 12:58:42.773 [info] [resolveAuthority(ssh-remote,98)][0ms] activating remote resolvers ssh-remote+pi-zero
2026-01-17 12:58:42.773 [info] [resolveAuthority(ssh-remote,98)][0ms] activating resolver for ssh-remote+pi-zero...
2026-01-17 12:58:42.773 [info] [resolveAuthority(ssh-remote,98)][0ms] invoking final resolve()...
2026-01-17 12:58:43.773 [info] [resolveAuthority(ssh-remote,98)][1000ms] waiting...
2026-01-17 12:58:44.774 [info] [resolveAuthority(ssh-remote,98)][2001ms] waiting...
2026-01-17 12:58:45.774 [info] [resolveAuthority(ssh-remote,98)][3001ms] waiting...
2026-01-17 12:58:46.305 [error] [resolveAuthority(ssh-remote,98)][3532ms] returned an error No route to host
2026-01-17 12:59:16.307 [info] [resolveAuthority(ssh-remote,99)][0ms] activating remote resolvers ssh-remote+pi-zero
2026-01-17 12:59:16.307 [info] [resolveAuthority(ssh-remote,99)][0ms] activating resolver for ssh-remote+pi-zero...
2026-01-17 12:59:16.307 [info] [resolveAuthority(ssh-remote,99)][0ms] invoking final resolve()...
2026-01-17 12:59:17.307 [info] [resolveAuthority(ssh-remote,99)][1000ms] waiting...
2026-01-17 12:59:18.308 [info] [resolveAuthority(ssh-remote,99)][2001ms] waiting...
2026-01-17 12:59:19.310 [info] [resolveAuthority(ssh-remote,99)][3003ms] waiting...
2026-01-17 12:59:19.840 [error] [resolveAuthority(ssh-remote,99)][3533ms] returned an error No route to host
2026-01-17 12:59:49.842 [info] [resolveAuthority(ssh-remote,100)][0ms] activating remote resolvers ssh-remote+pi-zero
2026-01-17 12:59:49.842 [info] [resolveAuthority(ssh-remote,100)][0ms] activating resolver for ssh-remote+pi-zero...
2026-01-17 12:59:49.842 [info] [resolveAuthority(ssh-remote,100)][0ms] invoking final resolve()...
2026-01-17 12:59:50.843 [info] [resolveAuthority(ssh-remote,100)][1001ms] waiting...
2026-01-17 12:59:51.846 [info] [resolveAuthority(ssh-remote,100)][2004ms] waiting...
2026-01-17 12:59:52.847 [info] [resolveAuthority(ssh-remote,100)][3005ms] waiting...
2026-01-17 12:59:53.377 [error] [resolveAuthority(ssh-remote,100)][3535ms] returned an error No route to host
2026-01-17 13:00:23.379 [info] [resolveAuthority(ssh-remote,101)][0ms] activating remote resolvers ssh-remote+pi-zero
2026-01-17 13:00:23.379 [info] [resolveAuthority(ssh-remote,101)][0ms] activating resolver for ssh-remote+pi-zero...
2026-01-17 13:00:23.380 [info] [resolveAuthority(ssh-remote,101)][1ms] invoking final resolve()...
2026-01-17 13:00:24.380 [info] [resolveAuthority(ssh-remote,101)][1001ms] waiting...
2026-01-17 13:00:25.381 [info] [resolveAuthority(ssh-remote,101)][2002ms] waiting...
2026-01-17 13:00:26.382 [info] [resolveAuthority(ssh-remote,101)][3003ms] waiting...
2026-01-17 13:00:26.914 [error] [resolveAuthority(ssh-remote,101)][3535ms] returned an error No route to host
2026-01-17 13:00:56.916 [info] [resolveAuthority(ssh-remote,102)][0ms] activating remote resolvers ssh-remote+pi-zero
2026-01-17 13:00:56.916 [info] [resolveAuthority(ssh-remote,102)][0ms] activating resolver for ssh-remote+pi-zero...
2026-01-17 13:00:56.916 [info] [resolveAuthority(ssh-remote,102)][0ms] invoking final resolve()...
2026-01-17 13:00:57.918 [info] [resolveAuthority(ssh-remote,102)][1002ms] waiting...
2026-01-17 13:00:58.919 [info] [resolveAuthority(ssh-remote,102)][2003ms] waiting...
2026-01-17 13:00:59.920 [info] [resolveAuthority(ssh-remote,102)][3004ms] waiting...
2026-01-17 13:01:00.453 [error] [resolveAuthority(ssh-remote,102)][3537ms] returned an error No route to host
2026-01-17 13:01:30.455 [info] [resolveAuthority(ssh-remote,103)][0ms] activating remote resolvers ssh-remote+pi-zero
2026-01-17 13:01:30.455 [info] [resolveAuthority(ssh-remote,103)][0ms] activating resolver for ssh-remote+pi-zero...
2026-01-17 13:01:30.455 [info] [resolveAuthority(ssh-remote,103)][0ms] invoking final resolve()...
2026-01-17 13:01:31.456 [info] [resolveAuthority(ssh-remote,103)][1001ms] waiting...
2026-01-17 13:01:32.457 [info] [resolveAuthority(ssh-remote,103)][2002ms] waiting...
2026-01-17 13:01:33.459 [info] [resolveAuthority(ssh-remote,103)][3004ms] waiting...
2026-01-17 13:01:33.989 [error] [resolveAuthority(ssh-remote,103)][3534ms] returned an error No route to host
2026-01-17 13:02:03.990 [info] [resolveAuthority(ssh-remote,104)][0ms] activating remote resolvers ssh-remote+pi-zero
2026-01-17 13:02:03.990 [info] [resolveAuthority(ssh-remote,104)][0ms] activating resolver for ssh-remote+pi-zero...
2026-01-17 13:02:03.991 [info] [resolveAuthority(ssh-remote,104)][1ms] invoking final resolve()...
2026-01-17 13:02:04.992 [info] [resolveAuthority(ssh-remote,104)][1002ms] waiting...
2026-01-17 13:02:05.993 [info] [resolveAuthority(ssh-remote,104)][2003ms] waiting...
2026-01-17 13:02:06.994 [info] [resolveAuthority(ssh-remote,104)][3004ms] waiting...
2026-01-17 13:02:07.524 [error] [resolveAuthority(ssh-remote,104)][3534ms] returned an error No route to host
2026-01-17 13:02:37.526 [info] [resolveAuthority(ssh-remote,105)][0ms] activating remote resolvers ssh-remote+pi-zero
2026-01-17 13:02:37.526 [info] [resolveAuthority(ssh-remote,105)][0ms] activating resolver for ssh-remote+pi-zero...
2026-01-17 13:02:37.526 [info] [resolveAuthority(ssh-remote,105)][0ms] invoking final resolve()...
2026-01-17 13:02:38.527 [info] [resolveAuthority(ssh-remote,105)][1001ms] waiting...
2026-01-17 13:02:39.528 [info] [resolveAuthority(ssh-remote,105)][2002ms] waiting...
2026-01-17 13:02:40.528 [info] [resolveAuthority(ssh-remote,105)][3002ms] waiting...
2026-01-17 13:02:41.530 [info] [resolveAuthority(ssh-remote,105)][4004ms] waiting...
2026-01-17 13:02:42.531 [info] [resolveAuthority(ssh-remote,105)][5005ms] waiting...
2026-01-17 13:02:43.532 [info] [resolveAuthority(ssh-remote,105)][6006ms] waiting...
2026-01-17 13:02:44.132 [error] [resolveAuthority(ssh-remote,105)][6606ms] returned an error No route to host
2026-01-17 13:03:14.134 [info] [resolveAuthority(ssh-remote,106)][0ms] activating remote resolvers ssh-remote+pi-zero
2026-01-17 13:03:14.134 [info] [resolveAuthority(ssh-remote,106)][0ms] activating resolver for ssh-remote+pi-zero...
2026-01-17 13:03:14.134 [info] [resolveAuthority(ssh-remote,106)][0ms] invoking final resolve()...
2026-01-17 13:03:15.135 [info] [resolveAuthority(ssh-remote,106)][1001ms] waiting...
2026-01-17 13:03:16.135 [info] [resolveAuthority(ssh-remote,106)][2001ms] waiting...
2026-01-17 13:03:17.136 [info] [resolveAuthority(ssh-remote,106)][3002ms] waiting...
2026-01-17 13:03:17.668 [error] [resolveAuthority(ssh-remote,106)][3534ms] returned an error No route to host
2026-01-17 13:03:47.670 [info] [resolveAuthority(ssh-remote,107)][0ms] activating remote resolvers ssh-remote+pi-zero
2026-01-17 13:03:47.670 [info] [resolveAuthority(ssh-remote,107)][0ms] activating resolver for ssh-remote+pi-zero...
2026-01-17 13:03:47.670 [info] [resolveAuthority(ssh-remote,107)][0ms] invoking final resolve()...
2026-01-17 13:03:48.670 [info] [resolveAuthority(ssh-remote,107)][1000ms] waiting...
2026-01-17 13:03:49.671 [info] [resolveAuthority(ssh-remote,107)][2001ms] waiting...
2026-01-17 13:03:50.673 [info] [resolveAuthority(ssh-remote,107)][3002ms] waiting...
2026-01-17 13:03:51.205 [error] [resolveAuthority(ssh-remote,107)][3534ms] returned an error No route to host
2026-01-17 13:04:21.207 [info] [resolveAuthority(ssh-remote,108)][0ms] activating remote resolvers ssh-remote+pi-zero
2026-01-17 13:04:21.207 [info] [resolveAuthority(ssh-remote,108)][1ms] activating resolver for ssh-remote+pi-zero...
2026-01-17 13:04:21.207 [info] [resolveAuthority(ssh-remote,108)][1ms] invoking final resolve()...
2026-01-17 13:04:22.208 [info] [resolveAuthority(ssh-remote,108)][1002ms] waiting...
2026-01-17 13:04:23.209 [info] [resolveAuthority(ssh-remote,108)][2003ms] waiting...
2026-01-17 13:04:24.210 [info] [resolveAuthority(ssh-remote,108)][3004ms] waiting...
2026-01-17 13:04:24.742 [error] [resolveAuthority(ssh-remote,108)][3536ms] returned an error No route to host
2026-01-17 13:04:54.744 [info] [resolveAuthority(ssh-remote,109)][0ms] activating remote resolvers ssh-remote+pi-zero
2026-01-17 13:04:54.744 [info] [resolveAuthority(ssh-remote,109)][1ms] activating resolver for ssh-remote+pi-zero...
2026-01-17 13:04:54.744 [info] [resolveAuthority(ssh-remote,109)][1ms] invoking final resolve()...
2026-01-17 13:04:55.745 [info] [resolveAuthority(ssh-remote,109)][1002ms] waiting...
2026-01-17 13:04:56.746 [info] [resolveAuthority(ssh-remote,109)][2003ms] waiting...
2026-01-17 13:04:57.746 [info] [resolveAuthority(ssh-remote,109)][3003ms] waiting...
2026-01-17 13:04:58.747 [info] [resolveAuthority(ssh-remote,109)][4004ms] waiting...
2026-01-17 13:04:59.303 [error] [resolveAuthority(ssh-remote,109)][4560ms] returned an error No route to host
2026-01-17 13:05:29.305 [info] [resolveAuthority(ssh-remote,110)][0ms] activating remote resolvers ssh-remote+pi-zero
2026-01-17 13:05:29.305 [info] [resolveAuthority(ssh-remote,110)][0ms] activating resolver for ssh-remote+pi-zero...
2026-01-17 13:05:29.305 [info] [resolveAuthority(ssh-remote,110)][0ms] invoking final resolve()...
2026-01-17 13:05:30.306 [info] [resolveAuthority(ssh-remote,110)][1001ms] waiting...
2026-01-17 13:05:31.307 [info] [resolveAuthority(ssh-remote,110)][2002ms] waiting...
2026-01-17 13:05:32.309 [info] [resolveAuthority(ssh-remote,110)][3004ms] waiting...
2026-01-17 13:05:32.839 [error] [resolveAuthority(ssh-remote,110)][3534ms] returned an error No route to host
2026-01-17 13:06:02.841 [info] [resolveAuthority(ssh-remote,111)][0ms] activating remote resolvers ssh-remote+pi-zero
2026-01-17 13:06:02.841 [info] [resolveAuthority(ssh-remote,111)][0ms] activating resolver for ssh-remote+pi-zero...
2026-01-17 13:06:02.841 [info] [resolveAuthority(ssh-remote,111)][0ms] invoking final resolve()...
2026-01-17 13:06:03.842 [info] [resolveAuthority(ssh-remote,111)][1001ms] waiting...
2026-01-17 13:06:04.842 [info] [resolveAuthority(ssh-remote,111)][2001ms] waiting...
2026-01-17 13:06:05.843 [info] [resolveAuthority(ssh-remote,111)][3002ms] waiting...
2026-01-17 13:06:06.376 [error] [resolveAuthority(ssh-remote,111)][3535ms] returned an error No route to host
2026-01-17 13:06:36.378 [info] [resolveAuthority(ssh-remote,112)][0ms] activating remote resolvers ssh-remote+pi-zero
2026-01-17 13:06:36.378 [info] [resolveAuthority(ssh-remote,112)][0ms] activating resolver for ssh-remote+pi-zero...
2026-01-17 13:06:36.378 [info] [resolveAuthority(ssh-remote,112)][0ms] invoking final resolve()...
2026-01-17 13:06:37.379 [info] [resolveAuthority(ssh-remote,112)][1001ms] waiting...
2026-01-17 13:06:38.380 [info] [resolveAuthority(ssh-remote,112)][2002ms] waiting...
2026-01-17 13:06:39.381 [info] [resolveAuthority(ssh-remote,112)][3003ms] waiting...
2026-01-17 13:06:39.911 [error] [resolveAuthority(ssh-remote,112)][3533ms] returned an error No route to host
2026-01-17 13:07:09.913 [info] [resolveAuthority(ssh-remote,113)][0ms] activating remote resolvers ssh-remote+pi-zero
2026-01-17 13:07:09.913 [info] [resolveAuthority(ssh-remote,113)][0ms] activating resolver for ssh-remote+pi-zero...
2026-01-17 13:07:09.913 [info] [resolveAuthority(ssh-remote,113)][0ms] invoking final resolve()...
2026-01-17 13:07:10.915 [info] [resolveAuthority(ssh-remote,113)][1002ms] waiting...
2026-01-17 13:07:11.916 [info] [resolveAuthority(ssh-remote,113)][2003ms] waiting...
2026-01-17 13:07:12.917 [info] [resolveAuthority(ssh-remote,113)][3004ms] waiting...
2026-01-17 13:07:13.918 [info] [resolveAuthority(ssh-remote,113)][4005ms] waiting...
2026-01-17 13:07:14.919 [info] [resolveAuthority(ssh-remote,113)][5006ms] waiting...
2026-01-17 13:07:15.497 [error] [resolveAuthority(ssh-remote,113)][5584ms] returned an error No route to host
2026-01-17 13:07:45.499 [info] [resolveAuthority(ssh-remote,114)][0ms] activating remote resolvers ssh-remote+pi-zero
2026-01-17 13:07:45.499 [info] [resolveAuthority(ssh-remote,114)][0ms] activating resolver for ssh-remote+pi-zero...
2026-01-17 13:07:45.499 [info] [resolveAuthority(ssh-remote,114)][0ms] invoking final resolve()...
2026-01-17 13:07:46.500 [info] [resolveAuthority(ssh-remote,114)][1001ms] waiting...
2026-01-17 13:07:47.501 [info] [resolveAuthority(ssh-remote,114)][2002ms] waiting...
2026-01-17 13:07:48.503 [info] [resolveAuthority(ssh-remote,114)][3004ms] waiting...
2026-01-17 13:07:49.031 [error] [resolveAuthority(ssh-remote,114)][3532ms] returned an error No route to host
2026-01-17 13:08:19.033 [info] [resolveAuthority(ssh-remote,115)][0ms] activating remote resolvers ssh-remote+pi-zero
2026-01-17 13:08:19.033 [info] [resolveAuthority(ssh-remote,115)][0ms] activating resolver for ssh-remote+pi-zero...
2026-01-17 13:08:19.033 [info] [resolveAuthority(ssh-remote,115)][0ms] invoking final resolve()...
2026-01-17 13:08:20.034 [info] [resolveAuthority(ssh-remote,115)][1001ms] waiting...
2026-01-17 13:08:21.034 [info] [resolveAuthority(ssh-remote,115)][2001ms] waiting...
2026-01-17 13:08:22.035 [info] [resolveAuthority(ssh-remote,115)][3002ms] waiting...
2026-01-17 13:08:22.569 [error] [resolveAuthority(ssh-remote,115)][3536ms] returned an error No route to host
2026-01-17 13:08:52.571 [info] [resolveAuthority(ssh-remote,116)][0ms] activating remote resolvers ssh-remote+pi-zero
2026-01-17 13:08:52.571 [info] [resolveAuthority(ssh-remote,116)][0ms] activating resolver for ssh-remote+pi-zero...
2026-01-17 13:08:52.571 [info] [resolveAuthority(ssh-remote,116)][0ms] invoking final resolve()...
2026-01-17 13:08:53.571 [info] [resolveAuthority(ssh-remote,116)][1000ms] waiting...
2026-01-17 13:08:54.572 [info] [resolveAuthority(ssh-remote,116)][2001ms] waiting...
2026-01-17 13:08:55.573 [info] [resolveAuthority(ssh-remote,116)][3002ms] waiting...
2026-01-17 13:08:56.107 [error] [resolveAuthority(ssh-remote,116)][3536ms] returned an error No route to host
2026-01-17 13:09:26.109 [info] [resolveAuthority(ssh-remote,117)][0ms] activating remote resolvers ssh-remote+pi-zero
2026-01-17 13:09:26.109 [info] [resolveAuthority(ssh-remote,117)][0ms] activating resolver for ssh-remote+pi-zero...
2026-01-17 13:09:26.109 [info] [resolveAuthority(ssh-remote,117)][0ms] invoking final resolve()...
2026-01-17 13:09:27.110 [info] [resolveAuthority(ssh-remote,117)][1001ms] waiting...
2026-01-17 13:09:28.112 [info] [resolveAuthority(ssh-remote,117)][2003ms] waiting...
2026-01-17 13:09:29.113 [info] [resolveAuthority(ssh-remote,117)][3004ms] waiting...
2026-01-17 13:09:29.641 [error] [resolveAuthority(ssh-remote,117)][3532ms] returned an error No route to host
2026-01-17 13:09:59.643 [info] [resolveAuthority(ssh-remote,118)][0ms] activating remote resolvers ssh-remote+pi-zero
2026-01-17 13:09:59.643 [info] [resolveAuthority(ssh-remote,118)][0ms] activating resolver for ssh-remote+pi-zero...
2026-01-17 13:09:59.643 [info] [resolveAuthority(ssh-remote,118)][0ms] invoking final resolve()...
2026-01-17 13:10:00.645 [info] [resolveAuthority(ssh-remote,118)][1002ms] waiting...
2026-01-17 13:10:01.646 [info] [resolveAuthority(ssh-remote,118)][2003ms] waiting...
2026-01-17 13:10:02.647 [info] [resolveAuthority(ssh-remote,118)][3004ms] waiting...
2026-01-17 13:10:03.176 [error] [resolveAuthority(ssh-remote,118)][3533ms] returned an error No route to host
2026-01-17 13:10:33.178 [info] [resolveAuthority(ssh-remote,119)][0ms] activating remote resolvers ssh-remote+pi-zero
2026-01-17 13:10:33.178 [info] [resolveAuthority(ssh-remote,119)][0ms] activating resolver for ssh-remote+pi-zero...
2026-01-17 13:10:33.178 [info] [resolveAuthority(ssh-remote,119)][0ms] invoking final resolve()...
2026-01-17 13:10:34.179 [info] [resolveAuthority(ssh-remote,119)][1001ms] waiting...
2026-01-17 13:10:35.180 [info] [resolveAuthority(ssh-remote,119)][2002ms] waiting...
2026-01-17 13:10:36.182 [info] [resolveAuthority(ssh-remote,119)][3004ms] waiting...
2026-01-17 13:10:36.716 [error] [resolveAuthority(ssh-remote,119)][3538ms] returned an error No route to host
2026-01-17 13:11:06.718 [info] [resolveAuthority(ssh-remote,120)][0ms] activating remote resolvers ssh-remote+pi-zero
2026-01-17 13:11:06.718 [info] [resolveAuthority(ssh-remote,120)][0ms] activating resolver for ssh-remote+pi-zero...
2026-01-17 13:11:06.718 [info] [resolveAuthority(ssh-remote,120)][0ms] invoking final resolve()...
2026-01-17 13:11:07.719 [info] [resolveAuthority(ssh-remote,120)][1001ms] waiting...
2026-01-17 13:11:08.720 [info] [resolveAuthority(ssh-remote,120)][2002ms] waiting...
2026-01-17 13:11:09.721 [info] [resolveAuthority(ssh-remote,120)][3003ms] waiting...
2026-01-17 13:11:10.252 [error] [resolveAuthority(ssh-remote,120)][3534ms] returned an error No route to host
2026-01-17 13:11:40.254 [info] [resolveAuthority(ssh-remote,121)][0ms] activating remote resolvers ssh-remote+pi-zero
2026-01-17 13:11:40.254 [info] [resolveAuthority(ssh-remote,121)][0ms] activating resolver for ssh-remote+pi-zero...
2026-01-17 13:11:40.254 [info] [resolveAuthority(ssh-remote,121)][0ms] invoking final resolve()...
2026-01-17 13:11:41.256 [info] [resolveAuthority(ssh-remote,121)][1002ms] waiting...
2026-01-17 13:11:42.257 [info] [resolveAuthority(ssh-remote,121)][2003ms] waiting...
2026-01-17 13:11:43.258 [info] [resolveAuthority(ssh-remote,121)][3004ms] waiting...
2026-01-17 13:11:43.790 [error] [resolveAuthority(ssh-remote,121)][3536ms] returned an error No route to host
2026-01-17 13:12:13.792 [info] [resolveAuthority(ssh-remote,122)][0ms] activating remote resolvers ssh-remote+pi-zero
2026-01-17 13:12:13.792 [info] [resolveAuthority(ssh-remote,122)][0ms] activating resolver for ssh-remote+pi-zero...
2026-01-17 13:12:13.792 [info] [resolveAuthority(ssh-remote,122)][0ms] invoking final resolve()...
2026-01-17 13:12:14.793 [info] [resolveAuthority(ssh-remote,122)][1001ms] waiting...
2026-01-17 13:12:15.794 [info] [resolveAuthority(ssh-remote,122)][2002ms] waiting...
2026-01-17 13:12:16.794 [info] [resolveAuthority(ssh-remote,122)][3002ms] waiting...
2026-01-17 13:12:17.796 [info] [resolveAuthority(ssh-remote,122)][4004ms] waiting...
2026-01-17 13:12:18.797 [info] [resolveAuthority(ssh-remote,122)][5005ms] waiting...
2026-01-17 13:12:19.798 [info] [resolveAuthority(ssh-remote,122)][6006ms] waiting...
2026-01-17 13:12:20.410 [error] [resolveAuthority(ssh-remote,122)][6618ms] returned an error No route to host
2026-01-17 13:12:50.412 [info] [resolveAuthority(ssh-remote,123)][0ms] activating remote resolvers ssh-remote+pi-zero
2026-01-17 13:12:50.412 [info] [resolveAuthority(ssh-remote,123)][0ms] activating resolver for ssh-remote+pi-zero...
2026-01-17 13:12:50.413 [info] [resolveAuthority(ssh-remote,123)][1ms] invoking final resolve()...
2026-01-17 13:12:51.414 [info] [resolveAuthority(ssh-remote,123)][1002ms] waiting...
2026-01-17 13:12:52.415 [info] [resolveAuthority(ssh-remote,123)][2003ms] waiting...
2026-01-17 13:12:53.416 [info] [resolveAuthority(ssh-remote,123)][3004ms] waiting...
2026-01-17 13:12:53.938 [error] [resolveAuthority(ssh-remote,123)][3526ms] returned an error No route to host
2026-01-17 13:13:23.940 [info] [resolveAuthority(ssh-remote,124)][0ms] activating remote resolvers ssh-remote+pi-zero
2026-01-17 13:13:23.940 [info] [resolveAuthority(ssh-remote,124)][0ms] activating resolver for ssh-remote+pi-zero...
2026-01-17 13:13:23.940 [info] [resolveAuthority(ssh-remote,124)][0ms] invoking final resolve()...
2026-01-17 13:13:24.940 [info] [resolveAuthority(ssh-remote,124)][1000ms] waiting...
2026-01-17 13:13:25.941 [info] [resolveAuthority(ssh-remote,124)][2001ms] waiting...
2026-01-17 13:13:26.942 [info] [resolveAuthority(ssh-remote,124)][3002ms] waiting...
2026-01-17 13:13:27.473 [error] [resolveAuthority(ssh-remote,124)][3533ms] returned an error No route to host
2026-01-17 13:13:57.475 [info] [resolveAuthority(ssh-remote,125)][0ms] activating remote resolvers ssh-remote+pi-zero
2026-01-17 13:13:57.475 [info] [resolveAuthority(ssh-remote,125)][0ms] activating resolver for ssh-remote+pi-zero...
2026-01-17 13:13:57.475 [info] [resolveAuthority(ssh-remote,125)][0ms] invoking final resolve()...
2026-01-17 13:13:58.475 [info] [resolveAuthority(ssh-remote,125)][1000ms] waiting...
2026-01-17 13:13:59.476 [info] [resolveAuthority(ssh-remote,125)][2001ms] waiting...
2026-01-17 13:14:00.477 [info] [resolveAuthority(ssh-remote,125)][3002ms] waiting...
2026-01-17 13:14:01.479 [info] [resolveAuthority(ssh-remote,125)][4004ms] waiting...
2026-01-17 13:14:02.032 [error] [resolveAuthority(ssh-remote,125)][4557ms] returned an error No route to host
2026-01-17 13:14:32.034 [info] [resolveAuthority(ssh-remote,126)][0ms] activating remote resolvers ssh-remote+pi-zero
2026-01-17 13:14:32.034 [info] [resolveAuthority(ssh-remote,126)][0ms] activating resolver for ssh-remote+pi-zero...
2026-01-17 13:14:32.034 [info] [resolveAuthority(ssh-remote,126)][0ms] invoking final resolve()...
2026-01-17 13:14:33.035 [info] [resolveAuthority(ssh-remote,126)][1001ms] waiting...
2026-01-17 13:14:34.036 [info] [resolveAuthority(ssh-remote,126)][2002ms] waiting...
2026-01-17 13:14:35.037 [info] [resolveAuthority(ssh-remote,126)][3003ms] waiting...
2026-01-17 13:14:36.039 [info] [resolveAuthority(ssh-remote,126)][4005ms] waiting...
2026-01-17 13:14:36.590 [error] [resolveAuthority(ssh-remote,126)][4556ms] returned an error No route to host
2026-01-17 13:15:06.592 [info] [resolveAuthority(ssh-remote,127)][0ms] activating remote resolvers ssh-remote+pi-zero
2026-01-17 13:15:06.592 [info] [resolveAuthority(ssh-remote,127)][0ms] activating resolver for ssh-remote+pi-zero...
2026-01-17 13:15:06.592 [info] [resolveAuthority(ssh-remote,127)][0ms] invoking final resolve()...
2026-01-17 13:15:07.593 [info] [resolveAuthority(ssh-remote,127)][1001ms] waiting...
2026-01-17 13:15:08.594 [info] [resolveAuthority(ssh-remote,127)][2002ms] waiting...
2026-01-17 13:15:09.595 [info] [resolveAuthority(ssh-remote,127)][3003ms] waiting...
2026-01-17 13:15:10.129 [error] [resolveAuthority(ssh-remote,127)][3537ms] returned an error No route to host
2026-01-17 13:15:40.131 [info] [resolveAuthority(ssh-remote,128)][0ms] activating remote resolvers ssh-remote+pi-zero
2026-01-17 13:15:40.131 [info] [resolveAuthority(ssh-remote,128)][0ms] activating resolver for ssh-remote+pi-zero...
2026-01-17 13:15:40.131 [info] [resolveAuthority(ssh-remote,128)][0ms] invoking final resolve()...
2026-01-17 13:15:41.132 [info] [resolveAuthority(ssh-remote,128)][1001ms] waiting...
2026-01-17 13:15:42.133 [info] [resolveAuthority(ssh-remote,128)][2002ms] waiting...
2026-01-17 13:15:43.134 [info] [resolveAuthority(ssh-remote,128)][3003ms] waiting...
2026-01-17 13:15:43.665 [error] [resolveAuthority(ssh-remote,128)][3533ms] returned an error No route to host
2026-01-17 13:16:13.667 [info] [resolveAuthority(ssh-remote,129)][0ms] activating remote resolvers ssh-remote+pi-zero
2026-01-17 13:16:13.667 [info] [resolveAuthority(ssh-remote,129)][0ms] activating resolver for ssh-remote+pi-zero...
2026-01-17 13:16:13.667 [info] [resolveAuthority(ssh-remote,129)][0ms] invoking final resolve()...
2026-01-17 13:16:14.667 [info] [resolveAuthority(ssh-remote,129)][1000ms] waiting...
2026-01-17 13:16:15.668 [info] [resolveAuthority(ssh-remote,129)][2001ms] waiting...
2026-01-17 13:16:16.669 [info] [resolveAuthority(ssh-remote,129)][3002ms] waiting...
2026-01-17 13:16:17.200 [error] [resolveAuthority(ssh-remote,129)][3533ms] returned an error No route to host
2026-01-17 13:16:47.202 [info] [resolveAuthority(ssh-remote,130)][0ms] activating remote resolvers ssh-remote+pi-zero
2026-01-17 13:16:47.202 [info] [resolveAuthority(ssh-remote,130)][0ms] activating resolver for ssh-remote+pi-zero...
2026-01-17 13:16:47.202 [info] [resolveAuthority(ssh-remote,130)][0ms] invoking final resolve()...
2026-01-17 13:16:48.203 [info] [resolveAuthority(ssh-remote,130)][1001ms] waiting...
2026-01-17 13:16:49.204 [info] [resolveAuthority(ssh-remote,130)][2002ms] waiting...
2026-01-17 13:16:50.205 [info] [resolveAuthority(ssh-remote,130)][3003ms] waiting...
2026-01-17 13:16:50.735 [error] [resolveAuthority(ssh-remote,130)][3533ms] returned an error No route to host
2026-01-17 13:17:20.741 [info] [resolveAuthority(ssh-remote,131)][0ms] activating remote resolvers ssh-remote+pi-zero
2026-01-17 13:17:20.741 [info] [resolveAuthority(ssh-remote,131)][0ms] activating resolver for ssh-remote+pi-zero...
2026-01-17 13:17:20.741 [info] [resolveAuthority(ssh-remote,131)][0ms] invoking final resolve()...
2026-01-17 13:17:21.742 [info] [resolveAuthority(ssh-remote,131)][1001ms] waiting...
2026-01-17 13:17:22.743 [info] [resolveAuthority(ssh-remote,131)][2002ms] waiting...
2026-01-17 13:17:23.744 [info] [resolveAuthority(ssh-remote,131)][3003ms] waiting...
2026-01-17 13:17:24.274 [error] [resolveAuthority(ssh-remote,131)][3533ms] returned an error No route to host
2026-01-17 13:17:54.276 [info] [resolveAuthority(ssh-remote,132)][0ms] activating remote resolvers ssh-remote+pi-zero
2026-01-17 13:17:54.276 [info] [resolveAuthority(ssh-remote,132)][0ms] activating resolver for ssh-remote+pi-zero...
2026-01-17 13:17:54.276 [info] [resolveAuthority(ssh-remote,132)][0ms] invoking final resolve()...
2026-01-17 13:17:55.278 [info] [resolveAuthority(ssh-remote,132)][1002ms] waiting...
2026-01-17 13:17:56.279 [info] [resolveAuthority(ssh-remote,132)][2003ms] waiting...
2026-01-17 13:17:57.279 [info] [resolveAuthority(ssh-remote,132)][3003ms] waiting...
2026-01-17 13:17:57.815 [error] [resolveAuthority(ssh-remote,132)][3539ms] returned an error No route to host
2026-01-17 13:18:27.817 [info] [resolveAuthority(ssh-remote,133)][0ms] activating remote resolvers ssh-remote+pi-zero
2026-01-17 13:18:27.817 [info] [resolveAuthority(ssh-remote,133)][0ms] activating resolver for ssh-remote+pi-zero...
2026-01-17 13:18:27.817 [info] [resolveAuthority(ssh-remote,133)][0ms] invoking final resolve()...
2026-01-17 13:18:28.817 [info] [resolveAuthority(ssh-remote,133)][1000ms] waiting...
2026-01-17 13:18:29.817 [info] [resolveAuthority(ssh-remote,133)][2000ms] waiting...
2026-01-17 13:18:30.818 [info] [resolveAuthority(ssh-remote,133)][3001ms] waiting...
2026-01-17 13:18:31.348 [error] [resolveAuthority(ssh-remote,133)][3531ms] returned an error No route to host
2026-01-17 13:19:01.350 [info] [resolveAuthority(ssh-remote,134)][0ms] activating remote resolvers ssh-remote+pi-zero
2026-01-17 13:19:01.350 [info] [resolveAuthority(ssh-remote,134)][0ms] activating resolver for ssh-remote+pi-zero...
2026-01-17 13:19:01.350 [info] [resolveAuthority(ssh-remote,134)][0ms] invoking final resolve()...
2026-01-17 13:19:02.350 [info] [resolveAuthority(ssh-remote,134)][1000ms] waiting...
2026-01-17 13:19:03.350 [info] [resolveAuthority(ssh-remote,134)][2000ms] waiting...
2026-01-17 13:19:04.351 [info] [resolveAuthority(ssh-remote,134)][3001ms] waiting...
2026-01-17 13:19:04.884 [error] [resolveAuthority(ssh-remote,134)][3534ms] returned an error No route to host
2026-01-17 13:19:34.886 [info] [resolveAuthority(ssh-remote,135)][0ms] activating remote resolvers ssh-remote+pi-zero
2026-01-17 13:19:34.886 [info] [resolveAuthority(ssh-remote,135)][0ms] activating resolver for ssh-remote+pi-zero...
2026-01-17 13:19:34.886 [info] [resolveAuthority(ssh-remote,135)][0ms] invoking final resolve()...
2026-01-17 13:19:35.886 [info] [resolveAuthority(ssh-remote,135)][1000ms] waiting...
2026-01-17 13:19:36.888 [info] [resolveAuthority(ssh-remote,135)][2002ms] waiting...
2026-01-17 13:19:37.889 [info] [resolveAuthority(ssh-remote,135)][3003ms] waiting...
2026-01-17 13:19:38.419 [error] [resolveAuthority(ssh-remote,135)][3533ms] returned an error No route to host
2026-01-17 13:20:08.421 [info] [resolveAuthority(ssh-remote,136)][0ms] activating remote resolvers ssh-remote+pi-zero
2026-01-17 13:20:08.421 [info] [resolveAuthority(ssh-remote,136)][0ms] activating resolver for ssh-remote+pi-zero...
2026-01-17 13:20:08.421 [info] [resolveAuthority(ssh-remote,136)][0ms] invoking final resolve()...
2026-01-17 13:20:09.423 [info] [resolveAuthority(ssh-remote,136)][1002ms] waiting...
2026-01-17 13:20:10.424 [info] [resolveAuthority(ssh-remote,136)][2003ms] waiting...
2026-01-17 13:20:11.425 [info] [resolveAuthority(ssh-remote,136)][3004ms] waiting...
2026-01-17 13:20:11.957 [error] [resolveAuthority(ssh-remote,136)][3536ms] returned an error No route to host
2026-01-17 13:20:41.959 [info] [resolveAuthority(ssh-remote,137)][0ms] activating remote resolvers ssh-remote+pi-zero
2026-01-17 13:20:41.959 [info] [resolveAuthority(ssh-remote,137)][0ms] activating resolver for ssh-remote+pi-zero...
2026-01-17 13:20:41.959 [info] [resolveAuthority(ssh-remote,137)][0ms] invoking final resolve()...
2026-01-17 13:20:42.960 [info] [resolveAuthority(ssh-remote,137)][1001ms] waiting...
2026-01-17 13:20:43.960 [info] [resolveAuthority(ssh-remote,137)][2001ms] waiting...
2026-01-17 13:20:44.961 [info] [resolveAuthority(ssh-remote,137)][3002ms] waiting...
2026-01-17 13:20:45.492 [error] [resolveAuthority(ssh-remote,137)][3533ms] returned an error No route to host
2026-01-17 13:21:15.494 [info] [resolveAuthority(ssh-remote,138)][0ms] activating remote resolvers ssh-remote+pi-zero
2026-01-17 13:21:15.494 [info] [resolveAuthority(ssh-remote,138)][0ms] activating resolver for ssh-remote+pi-zero...
2026-01-17 13:21:15.494 [info] [resolveAuthority(ssh-remote,138)][0ms] invoking final resolve()...
2026-01-17 13:21:16.496 [info] [resolveAuthority(ssh-remote,138)][1002ms] waiting...
2026-01-17 13:21:17.497 [info] [resolveAuthority(ssh-remote,138)][2003ms] waiting...
2026-01-17 13:21:18.498 [info] [resolveAuthority(ssh-remote,138)][3004ms] waiting...
2026-01-17 13:21:19.029 [error] [resolveAuthority(ssh-remote,138)][3535ms] returned an error No route to host
2026-01-17 13:21:49.031 [info] [resolveAuthority(ssh-remote,139)][0ms] activating remote resolvers ssh-remote+pi-zero
2026-01-17 13:21:49.031 [info] [resolveAuthority(ssh-remote,139)][0ms] activating resolver for ssh-remote+pi-zero...
2026-01-17 13:21:49.031 [info] [resolveAuthority(ssh-remote,139)][0ms] invoking final resolve()...
2026-01-17 13:21:50.032 [info] [resolveAuthority(ssh-remote,139)][1001ms] waiting...
2026-01-17 13:21:51.033 [info] [resolveAuthority(ssh-remote,139)][2002ms] waiting...
2026-01-17 13:21:52.034 [info] [resolveAuthority(ssh-remote,139)][3003ms] waiting...
2026-01-17 13:21:52.566 [error] [resolveAuthority(ssh-remote,139)][3535ms] returned an error No route to host
2026-01-17 13:22:22.568 [info] [resolveAuthority(ssh-remote,140)][0ms] activating remote resolvers ssh-remote+pi-zero
2026-01-17 13:22:22.568 [info] [resolveAuthority(ssh-remote,140)][0ms] activating resolver for ssh-remote+pi-zero...
2026-01-17 13:22:22.568 [info] [resolveAuthority(ssh-remote,140)][0ms] invoking final resolve()...
2026-01-17 13:22:23.569 [info] [resolveAuthority(ssh-remote,140)][1001ms] waiting...
2026-01-17 13:22:24.568 [info] [resolveAuthority(ssh-remote,140)][2000ms] waiting...
2026-01-17 13:22:25.569 [info] [resolveAuthority(ssh-remote,140)][3001ms] waiting...
2026-01-17 13:22:26.101 [error] [resolveAuthority(ssh-remote,140)][3533ms] returned an error No route to host
2026-01-17 13:22:56.103 [info] [resolveAuthority(ssh-remote,141)][0ms] activating remote resolvers ssh-remote+pi-zero
2026-01-17 13:22:56.103 [info] [resolveAuthority(ssh-remote,141)][0ms] activating resolver for ssh-remote+pi-zero...
2026-01-17 13:22:56.103 [info] [resolveAuthority(ssh-remote,141)][0ms] invoking final resolve()...
2026-01-17 13:22:57.103 [info] [resolveAuthority(ssh-remote,141)][1000ms] waiting...
2026-01-17 13:22:58.105 [info] [resolveAuthority(ssh-remote,141)][2002ms] waiting...
2026-01-17 13:22:59.106 [info] [resolveAuthority(ssh-remote,141)][3003ms] waiting...
2026-01-17 13:22:59.637 [error] [resolveAuthority(ssh-remote,141)][3534ms] returned an error No route to host
2026-01-17 13:23:29.639 [info] [resolveAuthority(ssh-remote,142)][0ms] activating remote resolvers ssh-remote+pi-zero
2026-01-17 13:23:29.639 [info] [resolveAuthority(ssh-remote,142)][0ms] activating resolver for ssh-remote+pi-zero...
2026-01-17 13:23:29.639 [info] [resolveAuthority(ssh-remote,142)][0ms] invoking final resolve()...
2026-01-17 13:23:30.640 [info] [resolveAuthority(ssh-remote,142)][1001ms] waiting...
2026-01-17 13:23:31.640 [info] [resolveAuthority(ssh-remote,142)][2001ms] waiting...
2026-01-17 13:23:32.641 [info] [resolveAuthority(ssh-remote,142)][3002ms] waiting...
2026-01-17 13:23:33.174 [error] [resolveAuthority(ssh-remote,142)][3535ms] returned an error No route to host
2026-01-17 13:24:03.176 [info] [resolveAuthority(ssh-remote,143)][0ms] activating remote resolvers ssh-remote+pi-zero
2026-01-17 13:24:03.176 [info] [resolveAuthority(ssh-remote,143)][0ms] activating resolver for ssh-remote+pi-zero...
2026-01-17 13:24:03.176 [info] [resolveAuthority(ssh-remote,143)][0ms] invoking final resolve()...
2026-01-17 13:24:04.177 [info] [resolveAuthority(ssh-remote,143)][1001ms] waiting...
2026-01-17 13:24:05.178 [info] [resolveAuthority(ssh-remote,143)][2002ms] waiting...
2026-01-17 13:24:06.179 [info] [resolveAuthority(ssh-remote,143)][3003ms] waiting...
2026-01-17 13:24:07.181 [info] [resolveAuthority(ssh-remote,143)][4004ms] waiting...
2026-01-17 13:24:07.735 [error] [resolveAuthority(ssh-remote,143)][4559ms] returned an error No route to host
2026-01-17 13:24:37.737 [info] [resolveAuthority(ssh-remote,144)][1ms] activating remote resolvers ssh-remote+pi-zero
2026-01-17 13:24:37.737 [info] [resolveAuthority(ssh-remote,144)][1ms] activating resolver for ssh-remote+pi-zero...
2026-01-17 13:24:37.737 [info] [resolveAuthority(ssh-remote,144)][1ms] invoking final resolve()...
2026-01-17 13:24:38.738 [info] [resolveAuthority(ssh-remote,144)][1002ms] waiting...
2026-01-17 13:24:39.739 [info] [resolveAuthority(ssh-remote,144)][2003ms] waiting...
2026-01-17 13:24:40.739 [info] [resolveAuthority(ssh-remote,144)][3003ms] waiting...
2026-01-17 13:24:41.269 [error] [resolveAuthority(ssh-remote,144)][3533ms] returned an error No route to host
2026-01-17 13:25:11.271 [info] [resolveAuthority(ssh-remote,145)][0ms] activating remote resolvers ssh-remote+pi-zero
2026-01-17 13:25:11.271 [info] [resolveAuthority(ssh-remote,145)][0ms] activating resolver for ssh-remote+pi-zero...
2026-01-17 13:25:11.271 [info] [resolveAuthority(ssh-remote,145)][0ms] invoking final resolve()...
2026-01-17 13:25:12.273 [info] [resolveAuthority(ssh-remote,145)][1002ms] waiting...
2026-01-17 13:25:13.274 [info] [resolveAuthority(ssh-remote,145)][2003ms] waiting...
2026-01-17 13:25:14.275 [info] [resolveAuthority(ssh-remote,145)][3004ms] waiting...
2026-01-17 13:25:14.814 [error] [resolveAuthority(ssh-remote,145)][3543ms] returned an error No route to host
2026-01-17 13:25:44.816 [info] [resolveAuthority(ssh-remote,146)][0ms] activating remote resolvers ssh-remote+pi-zero
2026-01-17 13:25:44.816 [info] [resolveAuthority(ssh-remote,146)][0ms] activating resolver for ssh-remote+pi-zero...
2026-01-17 13:25:44.816 [info] [resolveAuthority(ssh-remote,146)][0ms] invoking final resolve()...
2026-01-17 13:25:45.817 [info] [resolveAuthority(ssh-remote,146)][1001ms] waiting...
2026-01-17 13:25:46.818 [info] [resolveAuthority(ssh-remote,146)][2002ms] waiting...
2026-01-17 13:25:47.819 [info] [resolveAuthority(ssh-remote,146)][3003ms] waiting...
2026-01-17 13:25:48.350 [error] [resolveAuthority(ssh-remote,146)][3534ms] returned an error No route to host
2026-01-17 13:26:18.352 [info] [resolveAuthority(ssh-remote,147)][0ms] activating remote resolvers ssh-remote+pi-zero
2026-01-17 13:26:18.352 [info] [resolveAuthority(ssh-remote,147)][0ms] activating resolver for ssh-remote+pi-zero...
2026-01-17 13:26:18.352 [info] [resolveAuthority(ssh-remote,147)][0ms] invoking final resolve()...
2026-01-17 13:26:19.354 [info] [resolveAuthority(ssh-remote,147)][1002ms] waiting...
2026-01-17 13:26:20.354 [info] [resolveAuthority(ssh-remote,147)][2002ms] waiting...
2026-01-17 13:26:21.355 [info] [resolveAuthority(ssh-remote,147)][3003ms] waiting...
2026-01-17 13:26:22.356 [info] [resolveAuthority(ssh-remote,147)][4004ms] waiting...
2026-01-17 13:26:23.357 [info] [resolveAuthority(ssh-remote,147)][5005ms] waiting...
2026-01-17 13:26:24.359 [info] [resolveAuthority(ssh-remote,147)][6007ms] waiting...
2026-01-17 13:26:24.957 [error] [resolveAuthority(ssh-remote,147)][6605ms] returned an error No route to host
2026-01-17 13:26:54.959 [info] [resolveAuthority(ssh-remote,148)][0ms] activating remote resolvers ssh-remote+pi-zero
2026-01-17 13:26:54.959 [info] [resolveAuthority(ssh-remote,148)][0ms] activating resolver for ssh-remote+pi-zero...
2026-01-17 13:26:54.959 [info] [resolveAuthority(ssh-remote,148)][0ms] invoking final resolve()...
2026-01-17 13:26:55.960 [info] [resolveAuthority(ssh-remote,148)][1001ms] waiting...
2026-01-17 13:26:56.961 [info] [resolveAuthority(ssh-remote,148)][2002ms] waiting...
2026-01-17 13:26:57.962 [info] [resolveAuthority(ssh-remote,148)][3003ms] waiting...
2026-01-17 13:26:58.964 [info] [resolveAuthority(ssh-remote,148)][4005ms] waiting...
2026-01-17 13:26:59.965 [info] [resolveAuthority(ssh-remote,148)][5006ms] waiting...
2026-01-17 13:27:00.538 [error] [resolveAuthority(ssh-remote,148)][5579ms] returned an error No route to host
2026-01-17 13:27:30.539 [info] [resolveAuthority(ssh-remote,149)][0ms] activating remote resolvers ssh-remote+pi-zero
2026-01-17 13:27:30.539 [info] [resolveAuthority(ssh-remote,149)][0ms] activating resolver for ssh-remote+pi-zero...
2026-01-17 13:27:30.540 [info] [resolveAuthority(ssh-remote,149)][1ms] invoking final resolve()...
2026-01-17 13:27:31.541 [info] [resolveAuthority(ssh-remote,149)][1002ms] waiting...
2026-01-17 13:27:32.541 [info] [resolveAuthority(ssh-remote,149)][2002ms] waiting...
2026-01-17 13:27:33.542 [info] [resolveAuthority(ssh-remote,149)][3003ms] waiting...
2026-01-17 13:27:34.073 [error] [resolveAuthority(ssh-remote,149)][3533ms] returned an error No route to host
2026-01-17 13:28:04.075 [info] [resolveAuthority(ssh-remote,150)][0ms] activating remote resolvers ssh-remote+pi-zero
2026-01-17 13:28:04.075 [info] [resolveAuthority(ssh-remote,150)][0ms] activating resolver for ssh-remote+pi-zero...
2026-01-17 13:28:04.075 [info] [resolveAuthority(ssh-remote,150)][0ms] invoking final resolve()...
2026-01-17 13:28:05.075 [info] [resolveAuthority(ssh-remote,150)][1000ms] waiting...
2026-01-17 13:28:06.076 [info] [resolveAuthority(ssh-remote,150)][2001ms] waiting...
2026-01-17 13:28:07.077 [info] [resolveAuthority(ssh-remote,150)][3002ms] waiting...
2026-01-17 13:28:07.609 [error] [resolveAuthority(ssh-remote,150)][3534ms] returned an error No route to host
2026-01-17 13:28:37.611 [info] [resolveAuthority(ssh-remote,151)][0ms] activating remote resolvers ssh-remote+pi-zero
2026-01-17 13:28:37.611 [info] [resolveAuthority(ssh-remote,151)][0ms] activating resolver for ssh-remote+pi-zero...
2026-01-17 13:28:37.611 [info] [resolveAuthority(ssh-remote,151)][0ms] invoking final resolve()...
2026-01-17 13:28:38.613 [info] [resolveAuthority(ssh-remote,151)][1002ms] waiting...
2026-01-17 13:28:39.613 [info] [resolveAuthority(ssh-remote,151)][2002ms] waiting...
2026-01-17 13:28:40.614 [info] [resolveAuthority(ssh-remote,151)][3003ms] waiting...
2026-01-17 13:28:41.146 [error] [resolveAuthority(ssh-remote,151)][3534ms] returned an error No route to host
2026-01-17 13:29:11.148 [info] [resolveAuthority(ssh-remote,152)][0ms] activating remote resolvers ssh-remote+pi-zero
2026-01-17 13:29:11.148 [info] [resolveAuthority(ssh-remote,152)][0ms] activating resolver for ssh-remote+pi-zero...
2026-01-17 13:29:11.148 [info] [resolveAuthority(ssh-remote,152)][0ms] invoking final resolve()...
2026-01-17 13:29:12.149 [info] [resolveAuthority(ssh-remote,152)][1001ms] waiting...
2026-01-17 13:29:13.150 [info] [resolveAuthority(ssh-remote,152)][2002ms] waiting...
2026-01-17 13:29:14.151 [info] [resolveAuthority(ssh-remote,152)][3003ms] waiting...
2026-01-17 13:29:14.683 [error] [resolveAuthority(ssh-remote,152)][3535ms] returned an error No route to host
2026-01-17 13:29:44.685 [info] [resolveAuthority(ssh-remote,153)][0ms] activating remote resolvers ssh-remote+pi-zero
2026-01-17 13:29:44.685 [info] [resolveAuthority(ssh-remote,153)][0ms] activating resolver for ssh-remote+pi-zero...
2026-01-17 13:29:44.685 [info] [resolveAuthority(ssh-remote,153)][0ms] invoking final resolve()...
2026-01-17 13:29:45.686 [info] [resolveAuthority(ssh-remote,153)][1001ms] waiting...
2026-01-17 13:29:46.687 [info] [resolveAuthority(ssh-remote,153)][2002ms] waiting...
2026-01-17 13:29:47.688 [info] [resolveAuthority(ssh-remote,153)][3003ms] waiting...
2026-01-17 13:29:48.217 [error] [resolveAuthority(ssh-remote,153)][3532ms] returned an error No route to host
2026-01-17 13:30:18.219 [info] [resolveAuthority(ssh-remote,154)][0ms] activating remote resolvers ssh-remote+pi-zero
2026-01-17 13:30:18.219 [info] [resolveAuthority(ssh-remote,154)][0ms] activating resolver for ssh-remote+pi-zero...
2026-01-17 13:30:18.219 [info] [resolveAuthority(ssh-remote,154)][0ms] invoking final resolve()...
2026-01-17 13:30:19.221 [info] [resolveAuthority(ssh-remote,154)][1001ms] waiting...
2026-01-17 13:30:20.222 [info] [resolveAuthority(ssh-remote,154)][2003ms] waiting...
2026-01-17 13:30:21.223 [info] [resolveAuthority(ssh-remote,154)][3004ms] waiting...
2026-01-17 13:30:21.757 [error] [resolveAuthority(ssh-remote,154)][3538ms] returned an error No route to host
2026-01-17 13:30:51.759 [info] [resolveAuthority(ssh-remote,155)][0ms] activating remote resolvers ssh-remote+pi-zero
2026-01-17 13:30:51.759 [info] [resolveAuthority(ssh-remote,155)][0ms] activating resolver for ssh-remote+pi-zero...
2026-01-17 13:30:51.759 [info] [resolveAuthority(ssh-remote,155)][0ms] invoking final resolve()...
2026-01-17 13:30:52.759 [info] [resolveAuthority(ssh-remote,155)][1000ms] waiting...
2026-01-17 13:30:53.760 [info] [resolveAuthority(ssh-remote,155)][2001ms] waiting...
2026-01-17 13:30:54.761 [info] [resolveAuthority(ssh-remote,155)][3002ms] waiting...
2026-01-17 13:30:55.296 [error] [resolveAuthority(ssh-remote,155)][3536ms] returned an error No route to host
2026-01-17 13:31:25.298 [info] [resolveAuthority(ssh-remote,156)][0ms] activating remote resolvers ssh-remote+pi-zero
2026-01-17 13:31:25.298 [info] [resolveAuthority(ssh-remote,156)][0ms] activating resolver for ssh-remote+pi-zero...
2026-01-17 13:31:25.298 [info] [resolveAuthority(ssh-remote,156)][0ms] invoking final resolve()...
2026-01-17 13:31:26.299 [info] [resolveAuthority(ssh-remote,156)][1001ms] waiting...
2026-01-17 13:31:27.300 [info] [resolveAuthority(ssh-remote,156)][2002ms] waiting...
2026-01-17 13:31:28.301 [info] [resolveAuthority(ssh-remote,156)][3003ms] waiting...
2026-01-17 13:31:29.302 [info] [resolveAuthority(ssh-remote,156)][4004ms] waiting...
2026-01-17 13:31:30.303 [info] [resolveAuthority(ssh-remote,156)][5005ms] waiting...
2026-01-17 13:31:31.304 [info] [resolveAuthority(ssh-remote,156)][6006ms] waiting...
2026-01-17 13:31:31.902 [error] [resolveAuthority(ssh-remote,156)][6604ms] returned an error No route to host
2026-01-17 13:32:01.904 [info] [resolveAuthority(ssh-remote,157)][0ms] activating remote resolvers ssh-remote+pi-zero
2026-01-17 13:32:01.904 [info] [resolveAuthority(ssh-remote,157)][0ms] activating resolver for ssh-remote+pi-zero...
2026-01-17 13:32:01.904 [info] [resolveAuthority(ssh-remote,157)][0ms] invoking final resolve()...
2026-01-17 13:32:02.905 [info] [resolveAuthority(ssh-remote,157)][1001ms] waiting...
2026-01-17 13:32:03.906 [info] [resolveAuthority(ssh-remote,157)][2002ms] waiting...
2026-01-17 13:32:04.907 [info] [resolveAuthority(ssh-remote,157)][3003ms] waiting...
2026-01-17 13:32:05.439 [error] [resolveAuthority(ssh-remote,157)][3534ms] returned an error No route to host
2026-01-17 13:32:35.440 [info] [resolveAuthority(ssh-remote,158)][0ms] activating remote resolvers ssh-remote+pi-zero
2026-01-17 13:32:35.441 [info] [resolveAuthority(ssh-remote,158)][1ms] activating resolver for ssh-remote+pi-zero...
2026-01-17 13:32:35.441 [info] [resolveAuthority(ssh-remote,158)][1ms] invoking final resolve()...
2026-01-17 13:32:36.442 [info] [resolveAuthority(ssh-remote,158)][1002ms] waiting...
2026-01-17 13:32:37.443 [info] [resolveAuthority(ssh-remote,158)][2003ms] waiting...
2026-01-17 13:32:38.444 [info] [resolveAuthority(ssh-remote,158)][3004ms] waiting...
2026-01-17 13:32:38.975 [error] [resolveAuthority(ssh-remote,158)][3535ms] returned an error No route to host
2026-01-17 13:33:08.976 [info] [resolveAuthority(ssh-remote,159)][0ms] activating remote resolvers ssh-remote+pi-zero
2026-01-17 13:33:08.976 [info] [resolveAuthority(ssh-remote,159)][0ms] activating resolver for ssh-remote+pi-zero...
2026-01-17 13:33:08.977 [info] [resolveAuthority(ssh-remote,159)][1ms] invoking final resolve()...
2026-01-17 13:33:09.978 [info] [resolveAuthority(ssh-remote,159)][1002ms] waiting...
2026-01-17 13:33:10.979 [info] [resolveAuthority(ssh-remote,159)][2003ms] waiting...
2026-01-17 13:33:11.980 [info] [resolveAuthority(ssh-remote,159)][3004ms] waiting...
2026-01-17 13:33:12.512 [error] [resolveAuthority(ssh-remote,159)][3536ms] returned an error No route to host
2026-01-17 13:33:42.514 [info] [resolveAuthority(ssh-remote,160)][0ms] activating remote resolvers ssh-remote+pi-zero
2026-01-17 13:33:42.514 [info] [resolveAuthority(ssh-remote,160)][0ms] activating resolver for ssh-remote+pi-zero...
2026-01-17 13:33:42.514 [info] [resolveAuthority(ssh-remote,160)][0ms] invoking final resolve()...
2026-01-17 13:33:43.515 [info] [resolveAuthority(ssh-remote,160)][1001ms] waiting...
2026-01-17 13:33:44.516 [info] [resolveAuthority(ssh-remote,160)][2002ms] waiting...
2026-01-17 13:33:45.516 [info] [resolveAuthority(ssh-remote,160)][3002ms] waiting...
2026-01-17 13:33:46.051 [error] [resolveAuthority(ssh-remote,160)][3537ms] returned an error No route to host
2026-01-17 13:34:16.053 [info] [resolveAuthority(ssh-remote,161)][0ms] activating remote resolvers ssh-remote+pi-zero
2026-01-17 13:34:16.053 [info] [resolveAuthority(ssh-remote,161)][0ms] activating resolver for ssh-remote+pi-zero...
2026-01-17 13:34:16.053 [info] [resolveAuthority(ssh-remote,161)][0ms] invoking final resolve()...
2026-01-17 13:34:17.053 [info] [resolveAuthority(ssh-remote,161)][1000ms] waiting...
2026-01-17 13:34:18.053 [info] [resolveAuthority(ssh-remote,161)][2000ms] waiting...
2026-01-17 13:34:19.054 [info] [resolveAuthority(ssh-remote,161)][3001ms] waiting...
2026-01-17 13:34:19.585 [error] [resolveAuthority(ssh-remote,161)][3532ms] returned an error No route to host
2026-01-17 13:34:49.587 [info] [resolveAuthority(ssh-remote,162)][0ms] activating remote resolvers ssh-remote+pi-zero
2026-01-17 13:34:49.587 [info] [resolveAuthority(ssh-remote,162)][0ms] activating resolver for ssh-remote+pi-zero...
2026-01-17 13:34:49.587 [info] [resolveAuthority(ssh-remote,162)][0ms] invoking final resolve()...
2026-01-17 13:34:50.587 [info] [resolveAuthority(ssh-remote,162)][1000ms] waiting...
2026-01-17 13:34:51.588 [info] [resolveAuthority(ssh-remote,162)][2001ms] waiting...
2026-01-17 13:34:52.589 [info] [resolveAuthority(ssh-remote,162)][3002ms] waiting...
2026-01-17 13:34:53.123 [error] [resolveAuthority(ssh-remote,162)][3536ms] returned an error No route to host
2026-01-17 13:35:23.125 [info] [resolveAuthority(ssh-remote,163)][0ms] activating remote resolvers ssh-remote+pi-zero
2026-01-17 13:35:23.125 [info] [resolveAuthority(ssh-remote,163)][0ms] activating resolver for ssh-remote+pi-zero...
2026-01-17 13:35:23.125 [info] [resolveAuthority(ssh-remote,163)][0ms] invoking final resolve()...
2026-01-17 13:35:24.126 [info] [resolveAuthority(ssh-remote,163)][1001ms] waiting...
2026-01-17 13:35:25.126 [info] [resolveAuthority(ssh-remote,163)][2001ms] waiting...
2026-01-17 13:35:26.127 [info] [resolveAuthority(ssh-remote,163)][3002ms] waiting...
2026-01-17 13:35:26.659 [error] [resolveAuthority(ssh-remote,163)][3534ms] returned an error No route to host
2026-01-17 13:35:56.661 [info] [resolveAuthority(ssh-remote,164)][0ms] activating remote resolvers ssh-remote+pi-zero
2026-01-17 13:35:56.661 [info] [resolveAuthority(ssh-remote,164)][0ms] activating resolver for ssh-remote+pi-zero...
2026-01-17 13:35:56.661 [info] [resolveAuthority(ssh-remote,164)][0ms] invoking final resolve()...
2026-01-17 13:35:57.661 [info] [resolveAuthority(ssh-remote,164)][1000ms] waiting...
2026-01-17 13:35:58.662 [info] [resolveAuthority(ssh-remote,164)][2001ms] waiting...
2026-01-17 13:35:59.663 [info] [resolveAuthority(ssh-remote,164)][3002ms] waiting...
2026-01-17 13:36:00.197 [error] [resolveAuthority(ssh-remote,164)][3536ms] returned an error No route to host
2026-01-17 13:36:30.199 [info] [resolveAuthority(ssh-remote,165)][0ms] activating remote resolvers ssh-remote+pi-zero
2026-01-17 13:36:30.199 [info] [resolveAuthority(ssh-remote,165)][0ms] activating resolver for ssh-remote+pi-zero...
2026-01-17 13:36:30.199 [info] [resolveAuthority(ssh-remote,165)][0ms] invoking final resolve()...
2026-01-17 13:36:31.200 [info] [resolveAuthority(ssh-remote,165)][1001ms] waiting...
2026-01-17 13:36:32.201 [info] [resolveAuthority(ssh-remote,165)][2002ms] waiting...
2026-01-17 13:36:33.202 [info] [resolveAuthority(ssh-remote,165)][3003ms] waiting...
2026-01-17 13:36:34.203 [info] [resolveAuthority(ssh-remote,165)][4004ms] waiting...
2026-01-17 13:36:35.204 [info] [resolveAuthority(ssh-remote,165)][5005ms] waiting...
2026-01-17 13:36:35.781 [error] [resolveAuthority(ssh-remote,165)][5582ms] returned an error No route to host
2026-01-17 13:37:05.782 [info] [resolveAuthority(ssh-remote,166)][0ms] activating remote resolvers ssh-remote+pi-zero
2026-01-17 13:37:05.782 [info] [resolveAuthority(ssh-remote,166)][0ms] activating resolver for ssh-remote+pi-zero...
2026-01-17 13:37:05.783 [info] [resolveAuthority(ssh-remote,166)][1ms] invoking final resolve()...
2026-01-17 13:37:06.784 [info] [resolveAuthority(ssh-remote,166)][1002ms] waiting...
2026-01-17 13:37:07.785 [info] [resolveAuthority(ssh-remote,166)][2003ms] waiting...
2026-01-17 13:37:08.786 [info] [resolveAuthority(ssh-remote,166)][3004ms] waiting...
2026-01-17 13:37:09.317 [error] [resolveAuthority(ssh-remote,166)][3535ms] returned an error No route to host
2026-01-17 13:37:39.319 [info] [resolveAuthority(ssh-remote,167)][0ms] activating remote resolvers ssh-remote+pi-zero
2026-01-17 13:37:39.319 [info] [resolveAuthority(ssh-remote,167)][0ms] activating resolver for ssh-remote+pi-zero...
2026-01-17 13:37:39.319 [info] [resolveAuthority(ssh-remote,167)][0ms] invoking final resolve()...
2026-01-17 13:37:40.319 [info] [resolveAuthority(ssh-remote,167)][1000ms] waiting...
2026-01-17 13:37:41.320 [info] [resolveAuthority(ssh-remote,167)][2001ms] waiting...
2026-01-17 13:37:42.322 [info] [resolveAuthority(ssh-remote,167)][3003ms] waiting...
2026-01-17 13:37:42.852 [error] [resolveAuthority(ssh-remote,167)][3533ms] returned an error No route to host
2026-01-17 13:38:12.853 [info] [resolveAuthority(ssh-remote,168)][0ms] activating remote resolvers ssh-remote+pi-zero
2026-01-17 13:38:12.853 [info] [resolveAuthority(ssh-remote,168)][0ms] activating resolver for ssh-remote+pi-zero...
2026-01-17 13:38:12.854 [info] [resolveAuthority(ssh-remote,168)][1ms] invoking final resolve()...
2026-01-17 13:38:13.854 [info] [resolveAuthority(ssh-remote,168)][1001ms] waiting...
2026-01-17 13:38:14.855 [info] [resolveAuthority(ssh-remote,168)][2002ms] waiting...
2026-01-17 13:38:15.856 [info] [resolveAuthority(ssh-remote,168)][3003ms] waiting...
2026-01-17 13:38:16.390 [error] [resolveAuthority(ssh-remote,168)][3537ms] returned an error No route to host
2026-01-17 13:38:46.392 [info] [resolveAuthority(ssh-remote,169)][0ms] activating remote resolvers ssh-remote+pi-zero
2026-01-17 13:38:46.392 [info] [resolveAuthority(ssh-remote,169)][0ms] activating resolver for ssh-remote+pi-zero...
2026-01-17 13:38:46.392 [info] [resolveAuthority(ssh-remote,169)][0ms] invoking final resolve()...
2026-01-17 13:38:47.393 [info] [resolveAuthority(ssh-remote,169)][1001ms] waiting...
2026-01-17 13:38:48.394 [info] [resolveAuthority(ssh-remote,169)][2002ms] waiting...
2026-01-17 13:38:49.394 [info] [resolveAuthority(ssh-remote,169)][3002ms] waiting...
2026-01-17 13:38:49.935 [error] [resolveAuthority(ssh-remote,169)][3543ms] returned an error No route to host
2026-01-17 13:39:19.937 [info] [resolveAuthority(ssh-remote,170)][0ms] activating remote resolvers ssh-remote+pi-zero
2026-01-17 13:39:19.937 [info] [resolveAuthority(ssh-remote,170)][0ms] activating resolver for ssh-remote+pi-zero...
2026-01-17 13:39:19.937 [info] [resolveAuthority(ssh-remote,170)][0ms] invoking final resolve()...
2026-01-17 13:39:20.939 [info] [resolveAuthority(ssh-remote,170)][1002ms] waiting...
2026-01-17 13:39:21.939 [info] [resolveAuthority(ssh-remote,170)][2002ms] waiting...
2026-01-17 13:39:22.940 [info] [resolveAuthority(ssh-remote,170)][3003ms] waiting...
2026-01-17 13:39:23.463 [error] [resolveAuthority(ssh-remote,170)][3526ms] returned an error No route to host
2026-01-17 13:39:53.465 [info] [resolveAuthority(ssh-remote,171)][0ms] activating remote resolvers ssh-remote+pi-zero
2026-01-17 13:39:53.465 [info] [resolveAuthority(ssh-remote,171)][0ms] activating resolver for ssh-remote+pi-zero...
2026-01-17 13:39:53.465 [info] [resolveAuthority(ssh-remote,171)][0ms] invoking final resolve()...
2026-01-17 13:39:54.466 [info] [resolveAuthority(ssh-remote,171)][1001ms] waiting...
2026-01-17 13:39:55.467 [info] [resolveAuthority(ssh-remote,171)][2002ms] waiting...
2026-01-17 13:39:56.468 [info] [resolveAuthority(ssh-remote,171)][3003ms] waiting...
2026-01-17 13:39:56.998 [error] [resolveAuthority(ssh-remote,171)][3533ms] returned an error No route to host
2026-01-17 13:40:27.000 [info] [resolveAuthority(ssh-remote,172)][0ms] activating remote resolvers ssh-remote+pi-zero
2026-01-17 13:40:27.000 [info] [resolveAuthority(ssh-remote,172)][0ms] activating resolver for ssh-remote+pi-zero...
2026-01-17 13:40:27.000 [info] [resolveAuthority(ssh-remote,172)][0ms] invoking final resolve()...
2026-01-17 13:40:28.000 [info] [resolveAuthority(ssh-remote,172)][1000ms] waiting...
2026-01-17 13:40:29.001 [info] [resolveAuthority(ssh-remote,172)][2001ms] waiting...
2026-01-17 13:40:30.003 [info] [resolveAuthority(ssh-remote,172)][3003ms] waiting...
2026-01-17 13:40:30.541 [error] [resolveAuthority(ssh-remote,172)][3541ms] returned an error No route to host
2026-01-17 13:41:00.543 [info] [resolveAuthority(ssh-remote,173)][0ms] activating remote resolvers ssh-remote+pi-zero
2026-01-17 13:41:00.543 [info] [resolveAuthority(ssh-remote,173)][0ms] activating resolver for ssh-remote+pi-zero...
2026-01-17 13:41:00.543 [info] [resolveAuthority(ssh-remote,173)][0ms] invoking final resolve()...
2026-01-17 13:41:01.545 [info] [resolveAuthority(ssh-remote,173)][1002ms] waiting...
2026-01-17 13:41:02.546 [info] [resolveAuthority(ssh-remote,173)][2003ms] waiting...
2026-01-17 13:41:03.547 [info] [resolveAuthority(ssh-remote,173)][3004ms] waiting...
2026-01-17 13:41:04.090 [error] [resolveAuthority(ssh-remote,173)][3546ms] returned an error No route to host
2026-01-17 13:41:34.091 [info] [resolveAuthority(ssh-remote,174)][0ms] activating remote resolvers ssh-remote+pi-zero
2026-01-17 13:41:34.091 [info] [resolveAuthority(ssh-remote,174)][0ms] activating resolver for ssh-remote+pi-zero...
2026-01-17 13:41:34.091 [info] [resolveAuthority(ssh-remote,174)][0ms] invoking final resolve()...
2026-01-17 13:41:35.092 [info] [resolveAuthority(ssh-remote,174)][1001ms] waiting...
2026-01-17 13:41:36.094 [info] [resolveAuthority(ssh-remote,174)][2003ms] waiting...
2026-01-17 13:41:37.095 [info] [resolveAuthority(ssh-remote,174)][3004ms] waiting...
2026-01-17 13:41:37.614 [error] [resolveAuthority(ssh-remote,174)][3523ms] returned an error No route to host
2026-01-17 13:42:07.616 [info] [resolveAuthority(ssh-remote,175)][0ms] activating remote resolvers ssh-remote+pi-zero
2026-01-17 13:42:07.616 [info] [resolveAuthority(ssh-remote,175)][0ms] activating resolver for ssh-remote+pi-zero...
2026-01-17 13:42:07.616 [info] [resolveAuthority(ssh-remote,175)][0ms] invoking final resolve()...
2026-01-17 13:42:08.618 [info] [resolveAuthority(ssh-remote,175)][1002ms] waiting...
2026-01-17 13:42:09.619 [info] [resolveAuthority(ssh-remote,175)][2003ms] waiting...
2026-01-17 13:42:10.620 [info] [resolveAuthority(ssh-remote,175)][3004ms] waiting...
2026-01-17 13:42:11.150 [error] [resolveAuthority(ssh-remote,175)][3534ms] returned an error No route to host
2026-01-17 13:42:41.152 [info] [resolveAuthority(ssh-remote,176)][0ms] activating remote resolvers ssh-remote+pi-zero
2026-01-17 13:42:41.152 [info] [resolveAuthority(ssh-remote,176)][0ms] activating resolver for ssh-remote+pi-zero...
2026-01-17 13:42:41.152 [info] [resolveAuthority(ssh-remote,176)][0ms] invoking final resolve()...
2026-01-17 13:42:42.154 [info] [resolveAuthority(ssh-remote,176)][1002ms] waiting...
2026-01-17 13:42:43.155 [info] [resolveAuthority(ssh-remote,176)][2003ms] waiting...
2026-01-17 13:42:44.156 [info] [resolveAuthority(ssh-remote,176)][3004ms] waiting...
2026-01-17 13:42:44.689 [error] [resolveAuthority(ssh-remote,176)][3537ms] returned an error No route to host
2026-01-17 13:43:14.691 [info] [resolveAuthority(ssh-remote,177)][0ms] activating remote resolvers ssh-remote+pi-zero
2026-01-17 13:43:14.691 [info] [resolveAuthority(ssh-remote,177)][0ms] activating resolver for ssh-remote+pi-zero...
2026-01-17 13:43:14.691 [info] [resolveAuthority(ssh-remote,177)][0ms] invoking final resolve()...
2026-01-17 13:43:15.692 [info] [resolveAuthority(ssh-remote,177)][1001ms] waiting...
2026-01-17 13:43:16.694 [info] [resolveAuthority(ssh-remote,177)][2003ms] waiting...
2026-01-17 13:43:17.695 [info] [resolveAuthority(ssh-remote,177)][3004ms] waiting...
2026-01-17 13:43:18.217 [error] [resolveAuthority(ssh-remote,177)][3526ms] returned an error No route to host
2026-01-17 13:43:48.218 [info] [resolveAuthority(ssh-remote,178)][0ms] activating remote resolvers ssh-remote+pi-zero
2026-01-17 13:43:48.218 [info] [resolveAuthority(ssh-remote,178)][0ms] activating resolver for ssh-remote+pi-zero...
2026-01-17 13:43:48.219 [info] [resolveAuthority(ssh-remote,178)][1ms] invoking final resolve()...
2026-01-17 13:43:49.219 [info] [resolveAuthority(ssh-remote,178)][1001ms] waiting...
2026-01-17 13:43:50.221 [info] [resolveAuthority(ssh-remote,178)][2003ms] waiting...
2026-01-17 13:43:51.222 [info] [resolveAuthority(ssh-remote,178)][3004ms] waiting...
2026-01-17 13:43:51.754 [error] [resolveAuthority(ssh-remote,178)][3536ms] returned an error No route to host
2026-01-17 13:44:21.756 [info] [resolveAuthority(ssh-remote,179)][0ms] activating remote resolvers ssh-remote+pi-zero
2026-01-17 13:44:21.756 [info] [resolveAuthority(ssh-remote,179)][0ms] activating resolver for ssh-remote+pi-zero...
2026-01-17 13:44:21.756 [info] [resolveAuthority(ssh-remote,179)][0ms] invoking final resolve()...
2026-01-17 13:44:22.758 [info] [resolveAuthority(ssh-remote,179)][1002ms] waiting...
2026-01-17 13:44:23.759 [info] [resolveAuthority(ssh-remote,179)][2003ms] waiting...
2026-01-17 13:44:24.760 [info] [resolveAuthority(ssh-remote,179)][3004ms] waiting...
2026-01-17 13:44:25.292 [error] [resolveAuthority(ssh-remote,179)][3536ms] returned an error No route to host
2026-01-17 13:44:55.294 [info] [resolveAuthority(ssh-remote,180)][0ms] activating remote resolvers ssh-remote+pi-zero
2026-01-17 13:44:55.294 [info] [resolveAuthority(ssh-remote,180)][0ms] activating resolver for ssh-remote+pi-zero...
2026-01-17 13:44:55.294 [info] [resolveAuthority(ssh-remote,180)][0ms] invoking final resolve()...
2026-01-17 13:44:56.295 [info] [resolveAuthority(ssh-remote,180)][1001ms] waiting...
2026-01-17 13:44:57.296 [info] [resolveAuthority(ssh-remote,180)][2002ms] waiting...
2026-01-17 13:44:58.296 [info] [resolveAuthority(ssh-remote,180)][3002ms] waiting...
2026-01-17 13:44:58.832 [error] [resolveAuthority(ssh-remote,180)][3538ms] returned an error No route to host
2026-01-17 13:45:28.834 [info] [resolveAuthority(ssh-remote,181)][0ms] activating remote resolvers ssh-remote+pi-zero
2026-01-17 13:45:28.834 [info] [resolveAuthority(ssh-remote,181)][0ms] activating resolver for ssh-remote+pi-zero...
2026-01-17 13:45:28.834 [info] [resolveAuthority(ssh-remote,181)][0ms] invoking final resolve()...
2026-01-17 13:45:29.835 [info] [resolveAuthority(ssh-remote,181)][1001ms] waiting...
2026-01-17 13:45:30.837 [info] [resolveAuthority(ssh-remote,181)][2003ms] waiting...
2026-01-17 13:45:31.838 [info] [resolveAuthority(ssh-remote,181)][3004ms] waiting...
2026-01-17 13:45:32.365 [error] [resolveAuthority(ssh-remote,181)][3531ms] returned an error No route to host
2026-01-17 13:46:02.367 [info] [resolveAuthority(ssh-remote,182)][0ms] activating remote resolvers ssh-remote+pi-zero
2026-01-17 13:46:02.367 [info] [resolveAuthority(ssh-remote,182)][0ms] activating resolver for ssh-remote+pi-zero...
2026-01-17 13:46:02.367 [info] [resolveAuthority(ssh-remote,182)][0ms] invoking final resolve()...
2026-01-17 13:46:03.368 [info] [resolveAuthority(ssh-remote,182)][1001ms] waiting...
2026-01-17 13:46:04.369 [info] [resolveAuthority(ssh-remote,182)][2002ms] waiting...
2026-01-17 13:46:05.370 [info] [resolveAuthority(ssh-remote,182)][3003ms] waiting...
2026-01-17 13:46:05.899 [error] [resolveAuthority(ssh-remote,182)][3532ms] returned an error No route to host
2026-01-17 13:46:35.901 [info] [resolveAuthority(ssh-remote,183)][0ms] activating remote resolvers ssh-remote+pi-zero
2026-01-17 13:46:35.901 [info] [resolveAuthority(ssh-remote,183)][0ms] activating resolver for ssh-remote+pi-zero...
2026-01-17 13:46:35.901 [info] [resolveAuthority(ssh-remote,183)][0ms] invoking final resolve()...
2026-01-17 13:46:36.901 [info] [resolveAuthority(ssh-remote,183)][1000ms] waiting...
2026-01-17 13:46:37.903 [info] [resolveAuthority(ssh-remote,183)][2002ms] waiting...
2026-01-17 13:46:38.904 [info] [resolveAuthority(ssh-remote,183)][3003ms] waiting...
2026-01-17 13:46:39.438 [error] [resolveAuthority(ssh-remote,183)][3537ms] returned an error No route to host
2026-01-17 13:47:09.440 [info] [resolveAuthority(ssh-remote,184)][0ms] activating remote resolvers ssh-remote+pi-zero
2026-01-17 13:47:09.440 [info] [resolveAuthority(ssh-remote,184)][0ms] activating resolver for ssh-remote+pi-zero...
2026-01-17 13:47:09.440 [info] [resolveAuthority(ssh-remote,184)][0ms] invoking final resolve()...
2026-01-17 13:47:10.442 [info] [resolveAuthority(ssh-remote,184)][1002ms] waiting...
2026-01-17 13:47:11.443 [info] [resolveAuthority(ssh-remote,184)][2003ms] waiting...
2026-01-17 13:47:12.444 [info] [resolveAuthority(ssh-remote,184)][3004ms] waiting...
2026-01-17 13:47:12.978 [error] [resolveAuthority(ssh-remote,184)][3537ms] returned an error No route to host
2026-01-17 13:47:42.980 [info] [resolveAuthority(ssh-remote,185)][0ms] activating remote resolvers ssh-remote+pi-zero
2026-01-17 13:47:42.980 [info] [resolveAuthority(ssh-remote,185)][0ms] activating resolver for ssh-remote+pi-zero...
2026-01-17 13:47:42.980 [info] [resolveAuthority(ssh-remote,185)][0ms] invoking final resolve()...
2026-01-17 13:47:43.981 [info] [resolveAuthority(ssh-remote,185)][1001ms] waiting...
2026-01-17 13:47:44.982 [info] [resolveAuthority(ssh-remote,185)][2002ms] waiting...
2026-01-17 13:47:45.983 [info] [resolveAuthority(ssh-remote,185)][3003ms] waiting...
2026-01-17 13:47:46.511 [error] [resolveAuthority(ssh-remote,185)][3530ms] returned an error No route to host
2026-01-17 13:48:16.512 [info] [resolveAuthority(ssh-remote,186)][0ms] activating remote resolvers ssh-remote+pi-zero
2026-01-17 13:48:16.512 [info] [resolveAuthority(ssh-remote,186)][0ms] activating resolver for ssh-remote+pi-zero...
2026-01-17 13:48:16.512 [info] [resolveAuthority(ssh-remote,186)][0ms] invoking final resolve()...
2026-01-17 13:48:17.514 [info] [resolveAuthority(ssh-remote,186)][1002ms] waiting...
2026-01-17 13:48:18.515 [info] [resolveAuthority(ssh-remote,186)][2003ms] waiting...
2026-01-17 13:48:19.516 [info] [resolveAuthority(ssh-remote,186)][3004ms] waiting...
2026-01-17 13:48:20.048 [error] [resolveAuthority(ssh-remote,186)][3536ms] returned an error No route to host
2026-01-17 13:48:50.050 [info] [resolveAuthority(ssh-remote,187)][0ms] activating remote resolvers ssh-remote+pi-zero
2026-01-17 13:48:50.050 [info] [resolveAuthority(ssh-remote,187)][0ms] activating resolver for ssh-remote+pi-zero...
2026-01-17 13:48:50.050 [info] [resolveAuthority(ssh-remote,187)][0ms] invoking final resolve()...
2026-01-17 13:48:51.051 [info] [resolveAuthority(ssh-remote,187)][1001ms] waiting...
2026-01-17 13:48:52.052 [info] [resolveAuthority(ssh-remote,187)][2002ms] waiting...
2026-01-17 13:48:53.053 [info] [resolveAuthority(ssh-remote,187)][3003ms] waiting...
2026-01-17 13:48:53.586 [error] [resolveAuthority(ssh-remote,187)][3536ms] returned an error No route to host
2026-01-17 13:49:23.588 [info] [resolveAuthority(ssh-remote,188)][0ms] activating remote resolvers ssh-remote+pi-zero
2026-01-17 13:49:23.588 [info] [resolveAuthority(ssh-remote,188)][0ms] activating resolver for ssh-remote+pi-zero...
2026-01-17 13:49:23.588 [info] [resolveAuthority(ssh-remote,188)][0ms] invoking final resolve()...
2026-01-17 13:49:24.588 [info] [resolveAuthority(ssh-remote,188)][1000ms] waiting...
2026-01-17 13:49:25.588 [info] [resolveAuthority(ssh-remote,188)][2000ms] waiting...
2026-01-17 13:49:26.590 [info] [resolveAuthority(ssh-remote,188)][3002ms] waiting...
2026-01-17 13:49:27.119 [error] [resolveAuthority(ssh-remote,188)][3531ms] returned an error No route to host
2026-01-17 13:49:57.121 [info] [resolveAuthority(ssh-remote,189)][0ms] activating remote resolvers ssh-remote+pi-zero
2026-01-17 13:49:57.121 [info] [resolveAuthority(ssh-remote,189)][0ms] activating resolver for ssh-remote+pi-zero...
2026-01-17 13:49:57.121 [info] [resolveAuthority(ssh-remote,189)][0ms] invoking final resolve()...
2026-01-17 13:49:58.122 [info] [resolveAuthority(ssh-remote,189)][1001ms] waiting...
2026-01-17 13:49:59.124 [info] [resolveAuthority(ssh-remote,189)][2003ms] waiting...
2026-01-17 13:50:00.125 [info] [resolveAuthority(ssh-remote,189)][3004ms] waiting...
2026-01-17 13:50:00.659 [error] [resolveAuthority(ssh-remote,189)][3538ms] returned an error No route to host
2026-01-17 13:50:30.661 [info] [resolveAuthority(ssh-remote,190)][0ms] activating remote resolvers ssh-remote+pi-zero
2026-01-17 13:50:30.661 [info] [resolveAuthority(ssh-remote,190)][0ms] activating resolver for ssh-remote+pi-zero...
2026-01-17 13:50:30.661 [info] [resolveAuthority(ssh-remote,190)][0ms] invoking final resolve()...
2026-01-17 13:50:31.663 [info] [resolveAuthority(ssh-remote,190)][1002ms] waiting...
2026-01-17 13:50:32.664 [info] [resolveAuthority(ssh-remote,190)][2003ms] waiting...
2026-01-17 13:50:33.664 [info] [resolveAuthority(ssh-remote,190)][3003ms] waiting...
2026-01-17 13:50:34.191 [error] [resolveAuthority(ssh-remote,190)][3530ms] returned an error No route to host
2026-01-17 13:51:04.193 [info] [resolveAuthority(ssh-remote,191)][0ms] activating remote resolvers ssh-remote+pi-zero
2026-01-17 13:51:04.193 [info] [resolveAuthority(ssh-remote,191)][0ms] activating resolver for ssh-remote+pi-zero...
2026-01-17 13:51:04.193 [info] [resolveAuthority(ssh-remote,191)][0ms] invoking final resolve()...
2026-01-17 13:51:05.194 [info] [resolveAuthority(ssh-remote,191)][1001ms] waiting...
2026-01-17 13:51:06.194 [info] [resolveAuthority(ssh-remote,191)][2001ms] waiting...
2026-01-17 13:51:07.195 [info] [resolveAuthority(ssh-remote,191)][3002ms] waiting...
2026-01-17 13:51:07.728 [error] [resolveAuthority(ssh-remote,191)][3535ms] returned an error No route to host
2026-01-17 13:51:37.730 [info] [resolveAuthority(ssh-remote,192)][0ms] activating remote resolvers ssh-remote+pi-zero
2026-01-17 13:51:37.730 [info] [resolveAuthority(ssh-remote,192)][0ms] activating resolver for ssh-remote+pi-zero...
2026-01-17 13:51:37.730 [info] [resolveAuthority(ssh-remote,192)][0ms] invoking final resolve()...
2026-01-17 13:51:38.732 [info] [resolveAuthority(ssh-remote,192)][1002ms] waiting...
2026-01-17 13:51:39.733 [info] [resolveAuthority(ssh-remote,192)][2003ms] waiting...
2026-01-17 13:51:40.734 [info] [resolveAuthority(ssh-remote,192)][3004ms] waiting...
2026-01-17 13:51:41.269 [error] [resolveAuthority(ssh-remote,192)][3539ms] returned an error No route to host
2026-01-17 13:52:11.271 [info] [resolveAuthority(ssh-remote,193)][1ms] activating remote resolvers ssh-remote+pi-zero
2026-01-17 13:52:11.271 [info] [resolveAuthority(ssh-remote,193)][1ms] activating resolver for ssh-remote+pi-zero...
2026-01-17 13:52:11.271 [info] [resolveAuthority(ssh-remote,193)][1ms] invoking final resolve()...
2026-01-17 13:52:12.272 [info] [resolveAuthority(ssh-remote,193)][1002ms] waiting...
2026-01-17 13:52:13.273 [info] [resolveAuthority(ssh-remote,193)][2003ms] waiting...
2026-01-17 13:52:14.274 [info] [resolveAuthority(ssh-remote,193)][3004ms] waiting...
2026-01-17 13:52:14.803 [error] [resolveAuthority(ssh-remote,193)][3532ms] returned an error No route to host
2026-01-17 13:52:44.804 [info] [resolveAuthority(ssh-remote,194)][0ms] activating remote resolvers ssh-remote+pi-zero
2026-01-17 13:52:44.804 [info] [resolveAuthority(ssh-remote,194)][0ms] activating resolver for ssh-remote+pi-zero...
2026-01-17 13:52:44.805 [info] [resolveAuthority(ssh-remote,194)][1ms] invoking final resolve()...
2026-01-17 13:52:45.805 [info] [resolveAuthority(ssh-remote,194)][1001ms] waiting...
2026-01-17 13:52:46.807 [info] [resolveAuthority(ssh-remote,194)][2003ms] waiting...
2026-01-17 13:52:47.808 [info] [resolveAuthority(ssh-remote,194)][3004ms] waiting...
2026-01-17 13:52:48.345 [error] [resolveAuthority(ssh-remote,194)][3541ms] returned an error No route to host
2026-01-17 13:53:18.346 [info] [resolveAuthority(ssh-remote,195)][0ms] activating remote resolvers ssh-remote+pi-zero
2026-01-17 13:53:18.346 [info] [resolveAuthority(ssh-remote,195)][0ms] activating resolver for ssh-remote+pi-zero...
2026-01-17 13:53:18.347 [info] [resolveAuthority(ssh-remote,195)][1ms] invoking final resolve()...
2026-01-17 13:53:19.347 [info] [resolveAuthority(ssh-remote,195)][1001ms] waiting...
2026-01-17 13:53:20.346 [info] [resolveAuthority(ssh-remote,195)][2000ms] waiting...
2026-01-17 13:53:21.348 [info] [resolveAuthority(ssh-remote,195)][3002ms] waiting...
2026-01-17 13:53:21.876 [error] [resolveAuthority(ssh-remote,195)][3530ms] returned an error No route to host
2026-01-17 13:53:51.878 [info] [resolveAuthority(ssh-remote,196)][0ms] activating remote resolvers ssh-remote+pi-zero
2026-01-17 13:53:51.878 [info] [resolveAuthority(ssh-remote,196)][0ms] activating resolver for ssh-remote+pi-zero...
2026-01-17 13:53:51.878 [info] [resolveAuthority(ssh-remote,196)][0ms] invoking final resolve()...
2026-01-17 13:53:52.878 [info] [resolveAuthority(ssh-remote,196)][1000ms] waiting...
2026-01-17 13:53:53.879 [info] [resolveAuthority(ssh-remote,196)][2001ms] waiting...
2026-01-17 13:53:54.880 [info] [resolveAuthority(ssh-remote,196)][3002ms] waiting...
2026-01-17 13:53:55.411 [error] [resolveAuthority(ssh-remote,196)][3533ms] returned an error No route to host
2026-01-17 13:54:25.413 [info] [resolveAuthority(ssh-remote,197)][0ms] activating remote resolvers ssh-remote+pi-zero
2026-01-17 13:54:25.413 [info] [resolveAuthority(ssh-remote,197)][0ms] activating resolver for ssh-remote+pi-zero...
2026-01-17 13:54:25.414 [info] [resolveAuthority(ssh-remote,197)][1ms] invoking final resolve()...
2026-01-17 13:54:26.414 [info] [resolveAuthority(ssh-remote,197)][1001ms] waiting...
2026-01-17 13:54:27.415 [info] [resolveAuthority(ssh-remote,197)][2002ms] waiting...
2026-01-17 13:54:28.416 [info] [resolveAuthority(ssh-remote,197)][3003ms] waiting...
2026-01-17 13:54:28.949 [error] [resolveAuthority(ssh-remote,197)][3535ms] returned an error No route to host
2026-01-17 13:54:58.950 [info] [resolveAuthority(ssh-remote,198)][0ms] activating remote resolvers ssh-remote+pi-zero
2026-01-17 13:54:58.950 [info] [resolveAuthority(ssh-remote,198)][0ms] activating resolver for ssh-remote+pi-zero...
2026-01-17 13:54:58.950 [info] [resolveAuthority(ssh-remote,198)][0ms] invoking final resolve()...
2026-01-17 13:54:59.951 [info] [resolveAuthority(ssh-remote,198)][1001ms] waiting...
2026-01-17 13:55:00.952 [info] [resolveAuthority(ssh-remote,198)][2002ms] waiting...
2026-01-17 13:55:01.953 [info] [resolveAuthority(ssh-remote,198)][3003ms] waiting...
2026-01-17 13:55:02.486 [error] [resolveAuthority(ssh-remote,198)][3536ms] returned an error No route to host
2026-01-17 13:55:32.488 [info] [resolveAuthority(ssh-remote,199)][0ms] activating remote resolvers ssh-remote+pi-zero
2026-01-17 13:55:32.488 [info] [resolveAuthority(ssh-remote,199)][0ms] activating resolver for ssh-remote+pi-zero...
2026-01-17 13:55:32.488 [info] [resolveAuthority(ssh-remote,199)][0ms] invoking final resolve()...
2026-01-17 13:55:33.489 [info] [resolveAuthority(ssh-remote,199)][1001ms] waiting...
2026-01-17 13:55:34.490 [info] [resolveAuthority(ssh-remote,199)][2002ms] waiting...
2026-01-17 13:55:35.491 [info] [resolveAuthority(ssh-remote,199)][3003ms] waiting...
2026-01-17 13:55:36.022 [error] [resolveAuthority(ssh-remote,199)][3534ms] returned an error No route to host
2026-01-17 13:56:06.024 [info] [resolveAuthority(ssh-remote,200)][0ms] activating remote resolvers ssh-remote+pi-zero
2026-01-17 13:56:06.024 [info] [resolveAuthority(ssh-remote,200)][0ms] activating resolver for ssh-remote+pi-zero...
2026-01-17 13:56:06.024 [info] [resolveAuthority(ssh-remote,200)][0ms] invoking final resolve()...
2026-01-17 13:56:07.026 [info] [resolveAuthority(ssh-remote,200)][1002ms] waiting...
2026-01-17 13:56:08.027 [info] [resolveAuthority(ssh-remote,200)][2003ms] waiting...
2026-01-17 13:56:09.028 [info] [resolveAuthority(ssh-remote,200)][3004ms] waiting...
2026-01-17 13:56:10.029 [info] [resolveAuthority(ssh-remote,200)][4005ms] waiting...
2026-01-17 13:56:11.029 [info] [resolveAuthority(ssh-remote,200)][5005ms] waiting...
2026-01-17 13:56:12.030 [info] [resolveAuthority(ssh-remote,200)][6006ms] waiting...
2026-01-17 13:56:12.632 [error] [resolveAuthority(ssh-remote,200)][6608ms] returned an error No route to host
2026-01-17 13:56:42.634 [info] [resolveAuthority(ssh-remote,201)][0ms] activating remote resolvers ssh-remote+pi-zero
2026-01-17 13:56:42.634 [info] [resolveAuthority(ssh-remote,201)][0ms] activating resolver for ssh-remote+pi-zero...
2026-01-17 13:56:42.634 [info] [resolveAuthority(ssh-remote,201)][0ms] invoking final resolve()...
2026-01-17 13:56:43.634 [info] [resolveAuthority(ssh-remote,201)][1000ms] waiting...
2026-01-17 13:56:44.635 [info] [resolveAuthority(ssh-remote,201)][2001ms] waiting...
2026-01-17 13:56:45.636 [info] [resolveAuthority(ssh-remote,201)][3002ms] waiting...
2026-01-17 13:56:46.167 [error] [resolveAuthority(ssh-remote,201)][3533ms] returned an error No route to host
2026-01-17 13:57:16.169 [info] [resolveAuthority(ssh-remote,202)][0ms] activating remote resolvers ssh-remote+pi-zero
2026-01-17 13:57:16.169 [info] [resolveAuthority(ssh-remote,202)][0ms] activating resolver for ssh-remote+pi-zero...
2026-01-17 13:57:16.169 [info] [resolveAuthority(ssh-remote,202)][0ms] invoking final resolve()...
2026-01-17 13:57:17.170 [info] [resolveAuthority(ssh-remote,202)][1001ms] waiting...
2026-01-17 13:57:18.171 [info] [resolveAuthority(ssh-remote,202)][2002ms] waiting...
2026-01-17 13:57:19.171 [info] [resolveAuthority(ssh-remote,202)][3002ms] waiting...
2026-01-17 13:57:19.704 [error] [resolveAuthority(ssh-remote,202)][3535ms] returned an error No route to host
2026-01-17 13:57:49.706 [info] [resolveAuthority(ssh-remote,203)][0ms] activating remote resolvers ssh-remote+pi-zero
2026-01-17 13:57:49.706 [info] [resolveAuthority(ssh-remote,203)][0ms] activating resolver for ssh-remote+pi-zero...
2026-01-17 13:57:49.706 [info] [resolveAuthority(ssh-remote,203)][0ms] invoking final resolve()...
2026-01-17 13:57:50.708 [info] [resolveAuthority(ssh-remote,203)][1002ms] waiting...
2026-01-17 13:57:51.709 [info] [resolveAuthority(ssh-remote,203)][2003ms] waiting...
2026-01-17 13:57:52.710 [info] [resolveAuthority(ssh-remote,203)][3004ms] waiting...
2026-01-17 13:57:53.240 [error] [resolveAuthority(ssh-remote,203)][3534ms] returned an error No route to host
2026-01-17 13:58:23.243 [info] [resolveAuthority(ssh-remote,204)][0ms] activating remote resolvers ssh-remote+pi-zero
2026-01-17 13:58:23.243 [info] [resolveAuthority(ssh-remote,204)][0ms] activating resolver for ssh-remote+pi-zero...
2026-01-17 13:58:23.243 [info] [resolveAuthority(ssh-remote,204)][0ms] invoking final resolve()...
2026-01-17 13:58:24.244 [info] [resolveAuthority(ssh-remote,204)][1001ms] waiting...
2026-01-17 13:58:25.245 [info] [resolveAuthority(ssh-remote,204)][2002ms] waiting...
2026-01-17 13:58:26.246 [info] [resolveAuthority(ssh-remote,204)][3003ms] waiting...
2026-01-17 13:58:26.775 [error] [resolveAuthority(ssh-remote,204)][3532ms] returned an error No route to host
2026-01-17 13:58:56.777 [info] [resolveAuthority(ssh-remote,205)][0ms] activating remote resolvers ssh-remote+pi-zero
2026-01-17 13:58:56.777 [info] [resolveAuthority(ssh-remote,205)][0ms] activating resolver for ssh-remote+pi-zero...
2026-01-17 13:58:56.777 [info] [resolveAuthority(ssh-remote,205)][0ms] invoking final resolve()...
2026-01-17 13:58:57.778 [info] [resolveAuthority(ssh-remote,205)][1001ms] waiting...
2026-01-17 13:58:58.779 [info] [resolveAuthority(ssh-remote,205)][2002ms] waiting...
2026-01-17 13:58:59.780 [info] [resolveAuthority(ssh-remote,205)][3003ms] waiting...
2026-01-17 13:59:00.311 [error] [resolveAuthority(ssh-remote,205)][3534ms] returned an error No route to host
2026-01-17 13:59:30.313 [info] [resolveAuthority(ssh-remote,206)][0ms] activating remote resolvers ssh-remote+pi-zero
2026-01-17 13:59:30.313 [info] [resolveAuthority(ssh-remote,206)][0ms] activating resolver for ssh-remote+pi-zero...
2026-01-17 13:59:30.313 [info] [resolveAuthority(ssh-remote,206)][0ms] invoking final resolve()...
2026-01-17 13:59:31.314 [info] [resolveAuthority(ssh-remote,206)][1001ms] waiting...
2026-01-17 13:59:32.315 [info] [resolveAuthority(ssh-remote,206)][2002ms] waiting...
2026-01-17 13:59:33.315 [info] [resolveAuthority(ssh-remote,206)][3002ms] waiting...
2026-01-17 13:59:33.847 [error] [resolveAuthority(ssh-remote,206)][3534ms] returned an error No route to host
2026-01-17 14:00:03.849 [info] [resolveAuthority(ssh-remote,207)][0ms] activating remote resolvers ssh-remote+pi-zero
2026-01-17 14:00:03.849 [info] [resolveAuthority(ssh-remote,207)][0ms] activating resolver for ssh-remote+pi-zero...
2026-01-17 14:00:03.849 [info] [resolveAuthority(ssh-remote,207)][0ms] invoking final resolve()...
2026-01-17 14:00:04.850 [info] [resolveAuthority(ssh-remote,207)][1001ms] waiting...
2026-01-17 14:00:05.850 [info] [resolveAuthority(ssh-remote,207)][2001ms] waiting...
2026-01-17 14:00:06.851 [info] [resolveAuthority(ssh-remote,207)][3002ms] waiting...
2026-01-17 14:00:07.382 [error] [resolveAuthority(ssh-remote,207)][3533ms] returned an error No route to host
2026-01-17 14:00:37.384 [info] [resolveAuthority(ssh-remote,208)][0ms] activating remote resolvers ssh-remote+pi-zero
2026-01-17 14:00:37.384 [info] [resolveAuthority(ssh-remote,208)][0ms] activating resolver for ssh-remote+pi-zero...
2026-01-17 14:00:37.384 [info] [resolveAuthority(ssh-remote,208)][0ms] invoking final resolve()...
2026-01-17 14:00:38.386 [info] [resolveAuthority(ssh-remote,208)][1002ms] waiting...
2026-01-17 14:00:39.387 [info] [resolveAuthority(ssh-remote,208)][2003ms] waiting...
2026-01-17 14:00:40.388 [info] [resolveAuthority(ssh-remote,208)][3004ms] waiting...
2026-01-17 14:00:40.922 [error] [resolveAuthority(ssh-remote,208)][3538ms] returned an error No route to host
2026-01-17 14:01:10.924 [info] [resolveAuthority(ssh-remote,209)][0ms] activating remote resolvers ssh-remote+pi-zero
2026-01-17 14:01:10.924 [info] [resolveAuthority(ssh-remote,209)][0ms] activating resolver for ssh-remote+pi-zero...
2026-01-17 14:01:10.924 [info] [resolveAuthority(ssh-remote,209)][0ms] invoking final resolve()...
2026-01-17 14:01:11.925 [info] [resolveAuthority(ssh-remote,209)][1001ms] waiting...
2026-01-17 14:01:12.926 [info] [resolveAuthority(ssh-remote,209)][2002ms] waiting...
2026-01-17 14:01:13.927 [info] [resolveAuthority(ssh-remote,209)][3003ms] waiting...
2026-01-17 14:01:14.458 [error] [resolveAuthority(ssh-remote,209)][3534ms] returned an error No route to host
2026-01-17 14:01:44.460 [info] [resolveAuthority(ssh-remote,210)][0ms] activating remote resolvers ssh-remote+pi-zero
2026-01-17 14:01:44.460 [info] [resolveAuthority(ssh-remote,210)][0ms] activating resolver for ssh-remote+pi-zero...
2026-01-17 14:01:44.461 [info] [resolveAuthority(ssh-remote,210)][1ms] invoking final resolve()...
2026-01-17 14:01:45.462 [info] [resolveAuthority(ssh-remote,210)][1002ms] waiting...
2026-01-17 14:01:46.463 [info] [resolveAuthority(ssh-remote,210)][2003ms] waiting...
2026-01-17 14:01:47.464 [info] [resolveAuthority(ssh-remote,210)][3004ms] waiting...
2026-01-17 14:01:48.072 [error] [resolveAuthority(ssh-remote,210)][3612ms] returned an error No route to host
2026-01-17 14:02:18.074 [info] [resolveAuthority(ssh-remote,211)][0ms] activating remote resolvers ssh-remote+pi-zero
2026-01-17 14:02:18.074 [info] [resolveAuthority(ssh-remote,211)][0ms] activating resolver for ssh-remote+pi-zero...
2026-01-17 14:02:18.074 [info] [resolveAuthority(ssh-remote,211)][0ms] invoking final resolve()...
2026-01-17 14:02:19.075 [info] [resolveAuthority(ssh-remote,211)][1001ms] waiting...
2026-01-17 14:02:20.075 [info] [resolveAuthority(ssh-remote,211)][2001ms] waiting...
2026-01-17 14:02:21.076 [info] [resolveAuthority(ssh-remote,211)][3002ms] waiting...
2026-01-17 14:02:21.660 [error] [resolveAuthority(ssh-remote,211)][3586ms] returned an error No route to host
2026-01-17 14:02:51.662 [info] [resolveAuthority(ssh-remote,212)][0ms] activating remote resolvers ssh-remote+pi-zero
2026-01-17 14:02:51.662 [info] [resolveAuthority(ssh-remote,212)][0ms] activating resolver for ssh-remote+pi-zero...
2026-01-17 14:02:51.662 [info] [resolveAuthority(ssh-remote,212)][0ms] invoking final resolve()...
2026-01-17 14:02:52.663 [info] [resolveAuthority(ssh-remote,212)][1001ms] waiting...
2026-01-17 14:02:53.664 [info] [resolveAuthority(ssh-remote,212)][2002ms] waiting...
2026-01-17 14:02:54.666 [info] [resolveAuthority(ssh-remote,212)][3004ms] waiting...
2026-01-17 14:02:55.196 [error] [resolveAuthority(ssh-remote,212)][3534ms] returned an error No route to host
2026-01-17 14:03:25.198 [info] [resolveAuthority(ssh-remote,213)][0ms] activating remote resolvers ssh-remote+pi-zero
2026-01-17 14:03:25.198 [info] [resolveAuthority(ssh-remote,213)][0ms] activating resolver for ssh-remote+pi-zero...
2026-01-17 14:03:25.198 [info] [resolveAuthority(ssh-remote,213)][0ms] invoking final resolve()...
2026-01-17 14:03:26.199 [info] [resolveAuthority(ssh-remote,213)][1001ms] waiting...
2026-01-17 14:03:27.200 [info] [resolveAuthority(ssh-remote,213)][2002ms] waiting...
2026-01-17 14:03:28.200 [info] [resolveAuthority(ssh-remote,213)][3002ms] waiting...
2026-01-17 14:03:28.734 [error] [resolveAuthority(ssh-remote,213)][3536ms] returned an error No route to host
2026-01-17 14:03:58.735 [info] [resolveAuthority(ssh-remote,214)][0ms] activating remote resolvers ssh-remote+pi-zero
2026-01-17 14:03:58.735 [info] [resolveAuthority(ssh-remote,214)][0ms] activating resolver for ssh-remote+pi-zero...
2026-01-17 14:03:58.736 [info] [resolveAuthority(ssh-remote,214)][1ms] invoking final resolve()...
2026-01-17 14:03:59.737 [info] [resolveAuthority(ssh-remote,214)][1002ms] waiting...
2026-01-17 14:04:00.737 [info] [resolveAuthority(ssh-remote,214)][2002ms] waiting...
2026-01-17 14:04:01.739 [info] [resolveAuthority(ssh-remote,214)][3004ms] waiting...
2026-01-17 14:04:02.739 [info] [resolveAuthority(ssh-remote,214)][4004ms] waiting...
2026-01-17 14:04:03.740 [info] [resolveAuthority(ssh-remote,214)][5005ms] waiting...
2026-01-17 14:04:04.315 [error] [resolveAuthority(ssh-remote,214)][5580ms] returned an error No route to host
2026-01-17 14:04:34.317 [info] [resolveAuthority(ssh-remote,215)][0ms] activating remote resolvers ssh-remote+pi-zero
2026-01-17 14:04:34.317 [info] [resolveAuthority(ssh-remote,215)][0ms] activating resolver for ssh-remote+pi-zero...
2026-01-17 14:04:34.317 [info] [resolveAuthority(ssh-remote,215)][0ms] invoking final resolve()...
2026-01-17 14:04:35.318 [info] [resolveAuthority(ssh-remote,215)][1001ms] waiting...
2026-01-17 14:04:36.319 [info] [resolveAuthority(ssh-remote,215)][2002ms] waiting...
2026-01-17 14:04:37.320 [info] [resolveAuthority(ssh-remote,215)][3003ms] waiting...
2026-01-17 14:04:37.859 [error] [resolveAuthority(ssh-remote,215)][3542ms] returned an error No route to host
2026-01-17 14:05:07.861 [info] [resolveAuthority(ssh-remote,216)][0ms] activating remote resolvers ssh-remote+pi-zero
2026-01-17 14:05:07.861 [info] [resolveAuthority(ssh-remote,216)][0ms] activating resolver for ssh-remote+pi-zero...
2026-01-17 14:05:07.861 [info] [resolveAuthority(ssh-remote,216)][0ms] invoking final resolve()...
2026-01-17 14:05:08.862 [info] [resolveAuthority(ssh-remote,216)][1001ms] waiting...
2026-01-17 14:05:09.862 [info] [resolveAuthority(ssh-remote,216)][2001ms] waiting...
2026-01-17 14:05:10.864 [info] [resolveAuthority(ssh-remote,216)][3003ms] waiting...
2026-01-17 14:05:11.454 [error] [resolveAuthority(ssh-remote,216)][3593ms] returned an error No route to host
2026-01-17 14:05:41.456 [info] [resolveAuthority(ssh-remote,217)][0ms] activating remote resolvers ssh-remote+pi-zero
2026-01-17 14:05:41.456 [info] [resolveAuthority(ssh-remote,217)][0ms] activating resolver for ssh-remote+pi-zero...
2026-01-17 14:05:41.456 [info] [resolveAuthority(ssh-remote,217)][0ms] invoking final resolve()...
2026-01-17 14:05:42.458 [info] [resolveAuthority(ssh-remote,217)][1002ms] waiting...
2026-01-17 14:05:43.459 [info] [resolveAuthority(ssh-remote,217)][2003ms] waiting...
2026-01-17 14:05:44.460 [info] [resolveAuthority(ssh-remote,217)][3004ms] waiting...
2026-01-17 14:05:44.988 [error] [resolveAuthority(ssh-remote,217)][3532ms] returned an error No route to host
2026-01-17 14:06:14.990 [info] [resolveAuthority(ssh-remote,218)][0ms] activating remote resolvers ssh-remote+pi-zero
2026-01-17 14:06:14.990 [info] [resolveAuthority(ssh-remote,218)][0ms] activating resolver for ssh-remote+pi-zero...
2026-01-17 14:06:14.990 [info] [resolveAuthority(ssh-remote,218)][0ms] invoking final resolve()...
2026-01-17 14:06:15.992 [info] [resolveAuthority(ssh-remote,218)][1002ms] waiting...
2026-01-17 14:06:16.992 [info] [resolveAuthority(ssh-remote,218)][2002ms] waiting...
2026-01-17 14:06:17.993 [info] [resolveAuthority(ssh-remote,218)][3003ms] waiting...
2026-01-17 14:06:18.525 [error] [resolveAuthority(ssh-remote,218)][3535ms] returned an error No route to host
2026-01-17 14:06:48.527 [info] [resolveAuthority(ssh-remote,219)][0ms] activating remote resolvers ssh-remote+pi-zero
2026-01-17 14:06:48.527 [info] [resolveAuthority(ssh-remote,219)][0ms] activating resolver for ssh-remote+pi-zero...
2026-01-17 14:06:48.527 [info] [resolveAuthority(ssh-remote,219)][0ms] invoking final resolve()...
2026-01-17 14:06:49.528 [info] [resolveAuthority(ssh-remote,219)][1001ms] waiting...
2026-01-17 14:06:50.529 [info] [resolveAuthority(ssh-remote,219)][2002ms] waiting...
2026-01-17 14:06:51.529 [info] [resolveAuthority(ssh-remote,219)][3002ms] waiting...
2026-01-17 14:06:52.062 [error] [resolveAuthority(ssh-remote,219)][3535ms] returned an error No route to host
2026-01-17 14:07:22.064 [info] [resolveAuthority(ssh-remote,220)][0ms] activating remote resolvers ssh-remote+pi-zero
2026-01-17 14:07:22.064 [info] [resolveAuthority(ssh-remote,220)][0ms] activating resolver for ssh-remote+pi-zero...
2026-01-17 14:07:22.064 [info] [resolveAuthority(ssh-remote,220)][0ms] invoking final resolve()...
2026-01-17 14:07:23.065 [info] [resolveAuthority(ssh-remote,220)][1001ms] waiting...
2026-01-17 14:07:24.066 [info] [resolveAuthority(ssh-remote,220)][2002ms] waiting...
2026-01-17 14:07:25.067 [info] [resolveAuthority(ssh-remote,220)][3003ms] waiting...
2026-01-17 14:07:25.599 [error] [resolveAuthority(ssh-remote,220)][3535ms] returned an error No route to host
2026-01-17 14:07:55.601 [info] [resolveAuthority(ssh-remote,221)][0ms] activating remote resolvers ssh-remote+pi-zero
2026-01-17 14:07:55.601 [info] [resolveAuthority(ssh-remote,221)][0ms] activating resolver for ssh-remote+pi-zero...
2026-01-17 14:07:55.601 [info] [resolveAuthority(ssh-remote,221)][0ms] invoking final resolve()...
2026-01-17 14:07:56.602 [info] [resolveAuthority(ssh-remote,221)][1001ms] waiting...
2026-01-17 14:07:57.603 [info] [resolveAuthority(ssh-remote,221)][2002ms] waiting...
2026-01-17 14:07:58.604 [info] [resolveAuthority(ssh-remote,221)][3003ms] waiting...
2026-01-17 14:07:59.604 [info] [resolveAuthority(ssh-remote,221)][4003ms] waiting...
2026-01-17 14:08:00.605 [info] [resolveAuthority(ssh-remote,221)][5004ms] waiting...
2026-01-17 14:08:01.184 [error] [resolveAuthority(ssh-remote,221)][5582ms] returned an error No route to host
2026-01-17 14:08:31.186 [info] [resolveAuthority(ssh-remote,222)][0ms] activating remote resolvers ssh-remote+pi-zero
2026-01-17 14:08:31.186 [info] [resolveAuthority(ssh-remote,222)][0ms] activating resolver for ssh-remote+pi-zero...
2026-01-17 14:08:31.186 [info] [resolveAuthority(ssh-remote,222)][0ms] invoking final resolve()...
2026-01-17 14:08:32.187 [info] [resolveAuthority(ssh-remote,222)][1001ms] waiting...
2026-01-17 14:08:33.189 [info] [resolveAuthority(ssh-remote,222)][2003ms] waiting...
2026-01-17 14:08:34.190 [info] [resolveAuthority(ssh-remote,222)][3004ms] waiting...
2026-01-17 14:08:34.720 [error] [resolveAuthority(ssh-remote,222)][3534ms] returned an error No route to host
2026-01-17 14:09:04.722 [info] [resolveAuthority(ssh-remote,223)][0ms] activating remote resolvers ssh-remote+pi-zero
2026-01-17 14:09:04.722 [info] [resolveAuthority(ssh-remote,223)][0ms] activating resolver for ssh-remote+pi-zero...
2026-01-17 14:09:04.722 [info] [resolveAuthority(ssh-remote,223)][0ms] invoking final resolve()...
2026-01-17 14:09:05.722 [info] [resolveAuthority(ssh-remote,223)][1000ms] waiting...
2026-01-17 14:09:06.723 [info] [resolveAuthority(ssh-remote,223)][2001ms] waiting...
2026-01-17 14:09:07.724 [info] [resolveAuthority(ssh-remote,223)][3002ms] waiting...
2026-01-17 14:09:08.257 [error] [resolveAuthority(ssh-remote,223)][3535ms] returned an error No route to host
2026-01-17 14:09:38.259 [info] [resolveAuthority(ssh-remote,224)][0ms] activating remote resolvers ssh-remote+pi-zero
2026-01-17 14:09:38.259 [info] [resolveAuthority(ssh-remote,224)][0ms] activating resolver for ssh-remote+pi-zero...
2026-01-17 14:09:38.259 [info] [resolveAuthority(ssh-remote,224)][0ms] invoking final resolve()...
2026-01-17 14:09:39.260 [info] [resolveAuthority(ssh-remote,224)][1001ms] waiting...
2026-01-17 14:09:40.261 [info] [resolveAuthority(ssh-remote,224)][2002ms] waiting...
2026-01-17 14:09:41.261 [info] [resolveAuthority(ssh-remote,224)][3002ms] waiting...
2026-01-17 14:09:41.857 [error] [resolveAuthority(ssh-remote,224)][3598ms] returned an error No route to host
2026-01-17 14:10:11.859 [info] [resolveAuthority(ssh-remote,225)][0ms] activating remote resolvers ssh-remote+pi-zero
2026-01-17 14:10:11.859 [info] [resolveAuthority(ssh-remote,225)][0ms] activating resolver for ssh-remote+pi-zero...
2026-01-17 14:10:11.859 [info] [resolveAuthority(ssh-remote,225)][0ms] invoking final resolve()...
2026-01-17 14:10:12.860 [info] [resolveAuthority(ssh-remote,225)][1001ms] waiting...
2026-01-17 14:10:13.860 [info] [resolveAuthority(ssh-remote,225)][2001ms] waiting...
2026-01-17 14:10:14.861 [info] [resolveAuthority(ssh-remote,225)][3002ms] waiting...
2026-01-17 14:10:15.461 [error] [resolveAuthority(ssh-remote,225)][3602ms] returned an error No route to host
2026-01-17 14:10:45.463 [info] [resolveAuthority(ssh-remote,226)][0ms] activating remote resolvers ssh-remote+pi-zero
2026-01-17 14:10:45.463 [info] [resolveAuthority(ssh-remote,226)][0ms] activating resolver for ssh-remote+pi-zero...
2026-01-17 14:10:45.463 [info] [resolveAuthority(ssh-remote,226)][0ms] invoking final resolve()...
2026-01-17 14:10:46.465 [info] [resolveAuthority(ssh-remote,226)][1002ms] waiting...
2026-01-17 14:10:47.466 [info] [resolveAuthority(ssh-remote,226)][2003ms] waiting...
2026-01-17 14:10:48.467 [info] [resolveAuthority(ssh-remote,226)][3004ms] waiting...
2026-01-17 14:10:49.059 [error] [resolveAuthority(ssh-remote,226)][3596ms] returned an error No route to host
2026-01-17 14:11:19.061 [info] [resolveAuthority(ssh-remote,227)][0ms] activating remote resolvers ssh-remote+pi-zero
2026-01-17 14:11:19.061 [info] [resolveAuthority(ssh-remote,227)][0ms] activating resolver for ssh-remote+pi-zero...
2026-01-17 14:11:19.061 [info] [resolveAuthority(ssh-remote,227)][0ms] invoking final resolve()...
2026-01-17 14:11:20.062 [info] [resolveAuthority(ssh-remote,227)][1001ms] waiting...
2026-01-17 14:11:21.063 [info] [resolveAuthority(ssh-remote,227)][2002ms] waiting...
2026-01-17 14:11:22.064 [info] [resolveAuthority(ssh-remote,227)][3003ms] waiting...
2026-01-17 14:11:22.658 [error] [resolveAuthority(ssh-remote,227)][3597ms] returned an error No route to host
2026-01-17 14:11:52.660 [info] [resolveAuthority(ssh-remote,228)][0ms] activating remote resolvers ssh-remote+pi-zero
2026-01-17 14:11:52.660 [info] [resolveAuthority(ssh-remote,228)][0ms] activating resolver for ssh-remote+pi-zero...
2026-01-17 14:11:52.660 [info] [resolveAuthority(ssh-remote,228)][0ms] invoking final resolve()...
2026-01-17 14:11:53.661 [info] [resolveAuthority(ssh-remote,228)][1001ms] waiting...
2026-01-17 14:11:54.662 [info] [resolveAuthority(ssh-remote,228)][2002ms] waiting...
2026-01-17 14:11:55.663 [info] [resolveAuthority(ssh-remote,228)][3003ms] waiting...
2026-01-17 14:11:56.256 [error] [resolveAuthority(ssh-remote,228)][3596ms] returned an error No route to host
2026-01-17 14:12:26.258 [info] [resolveAuthority(ssh-remote,229)][0ms] activating remote resolvers ssh-remote+pi-zero
2026-01-17 14:12:26.258 [info] [resolveAuthority(ssh-remote,229)][0ms] activating resolver for ssh-remote+pi-zero...
2026-01-17 14:12:26.259 [info] [resolveAuthority(ssh-remote,229)][1ms] invoking final resolve()...
2026-01-17 14:12:27.260 [info] [resolveAuthority(ssh-remote,229)][1002ms] waiting...
2026-01-17 14:12:28.261 [info] [resolveAuthority(ssh-remote,229)][2003ms] waiting...
2026-01-17 14:12:29.262 [info] [resolveAuthority(ssh-remote,229)][3004ms] waiting...
2026-01-17 14:12:29.858 [error] [resolveAuthority(ssh-remote,229)][3600ms] returned an error No route to host
2026-01-17 14:12:59.860 [info] [resolveAuthority(ssh-remote,230)][0ms] activating remote resolvers ssh-remote+pi-zero
2026-01-17 14:12:59.860 [info] [resolveAuthority(ssh-remote,230)][0ms] activating resolver for ssh-remote+pi-zero...
2026-01-17 14:12:59.860 [info] [resolveAuthority(ssh-remote,230)][0ms] invoking final resolve()...
2026-01-17 14:13:00.861 [info] [resolveAuthority(ssh-remote,230)][1001ms] waiting...
2026-01-17 14:13:01.862 [info] [resolveAuthority(ssh-remote,230)][2002ms] waiting...
2026-01-17 14:13:02.863 [info] [resolveAuthority(ssh-remote,230)][3003ms] waiting...
2026-01-17 14:13:03.460 [error] [resolveAuthority(ssh-remote,230)][3600ms] returned an error No route to host
2026-01-17 14:13:33.462 [info] [resolveAuthority(ssh-remote,231)][0ms] activating remote resolvers ssh-remote+pi-zero
2026-01-17 14:13:33.462 [info] [resolveAuthority(ssh-remote,231)][0ms] activating resolver for ssh-remote+pi-zero...
2026-01-17 14:13:33.462 [info] [resolveAuthority(ssh-remote,231)][0ms] invoking final resolve()...
2026-01-17 14:13:34.463 [info] [resolveAuthority(ssh-remote,231)][1001ms] waiting...
2026-01-17 14:13:35.464 [info] [resolveAuthority(ssh-remote,231)][2002ms] waiting...
2026-01-17 14:13:36.465 [info] [resolveAuthority(ssh-remote,231)][3003ms] waiting...
2026-01-17 14:13:37.058 [error] [resolveAuthority(ssh-remote,231)][3596ms] returned an error No route to host
2026-01-17 14:14:07.060 [info] [resolveAuthority(ssh-remote,232)][0ms] activating remote resolvers ssh-remote+pi-zero
2026-01-17 14:14:07.060 [info] [resolveAuthority(ssh-remote,232)][0ms] activating resolver for ssh-remote+pi-zero...
2026-01-17 14:14:07.060 [info] [resolveAuthority(ssh-remote,232)][0ms] invoking final resolve()...
2026-01-17 14:14:08.061 [info] [resolveAuthority(ssh-remote,232)][1001ms] waiting...
2026-01-17 14:14:09.061 [info] [resolveAuthority(ssh-remote,232)][2001ms] waiting...
2026-01-17 14:14:10.062 [info] [resolveAuthority(ssh-remote,232)][3002ms] waiting...
2026-01-17 14:14:10.660 [error] [resolveAuthority(ssh-remote,232)][3600ms] returned an error No route to host
2026-01-17 14:14:40.662 [info] [resolveAuthority(ssh-remote,233)][0ms] activating remote resolvers ssh-remote+pi-zero
2026-01-17 14:14:40.662 [info] [resolveAuthority(ssh-remote,233)][0ms] activating resolver for ssh-remote+pi-zero...
2026-01-17 14:14:40.663 [info] [resolveAuthority(ssh-remote,233)][1ms] invoking final resolve()...
2026-01-17 14:14:41.663 [info] [resolveAuthority(ssh-remote,233)][1001ms] waiting...
2026-01-17 14:14:42.664 [info] [resolveAuthority(ssh-remote,233)][2002ms] waiting...
2026-01-17 14:14:43.665 [info] [resolveAuthority(ssh-remote,233)][3003ms] waiting...
2026-01-17 14:14:44.260 [error] [resolveAuthority(ssh-remote,233)][3598ms] returned an error No route to host
2026-01-17 14:15:14.262 [info] [resolveAuthority(ssh-remote,234)][0ms] activating remote resolvers ssh-remote+pi-zero
2026-01-17 14:15:14.262 [info] [resolveAuthority(ssh-remote,234)][1ms] activating resolver for ssh-remote+pi-zero...
2026-01-17 14:15:14.262 [info] [resolveAuthority(ssh-remote,234)][1ms] invoking final resolve()...
2026-01-17 14:15:15.262 [info] [resolveAuthority(ssh-remote,234)][1001ms] waiting...
2026-01-17 14:15:16.264 [info] [resolveAuthority(ssh-remote,234)][2003ms] waiting...
2026-01-17 14:15:17.265 [info] [resolveAuthority(ssh-remote,234)][3004ms] waiting...
2026-01-17 14:15:17.860 [error] [resolveAuthority(ssh-remote,234)][3599ms] returned an error No route to host
2026-01-17 14:15:47.862 [info] [resolveAuthority(ssh-remote,235)][0ms] activating remote resolvers ssh-remote+pi-zero
2026-01-17 14:15:47.862 [info] [resolveAuthority(ssh-remote,235)][0ms] activating resolver for ssh-remote+pi-zero...
2026-01-17 14:15:47.862 [info] [resolveAuthority(ssh-remote,235)][0ms] invoking final resolve()...
2026-01-17 14:15:48.863 [info] [resolveAuthority(ssh-remote,235)][1001ms] waiting...
2026-01-17 14:15:49.864 [info] [resolveAuthority(ssh-remote,235)][2002ms] waiting...
2026-01-17 14:15:50.865 [info] [resolveAuthority(ssh-remote,235)][3003ms] waiting...
2026-01-17 14:15:51.460 [error] [resolveAuthority(ssh-remote,235)][3598ms] returned an error No route to host
2026-01-17 14:16:21.462 [info] [resolveAuthority(ssh-remote,236)][0ms] activating remote resolvers ssh-remote+pi-zero
2026-01-17 14:16:21.462 [info] [resolveAuthority(ssh-remote,236)][0ms] activating resolver for ssh-remote+pi-zero...
2026-01-17 14:16:21.462 [info] [resolveAuthority(ssh-remote,236)][0ms] invoking final resolve()...
2026-01-17 14:16:22.464 [info] [resolveAuthority(ssh-remote,236)][1002ms] waiting...
2026-01-17 14:16:23.465 [info] [resolveAuthority(ssh-remote,236)][2003ms] waiting...
2026-01-17 14:16:24.466 [info] [resolveAuthority(ssh-remote,236)][3004ms] waiting...
2026-01-17 14:16:25.059 [error] [resolveAuthority(ssh-remote,236)][3597ms] returned an error No route to host
2026-01-17 14:16:55.061 [info] [resolveAuthority(ssh-remote,237)][0ms] activating remote resolvers ssh-remote+pi-zero
2026-01-17 14:16:55.061 [info] [resolveAuthority(ssh-remote,237)][0ms] activating resolver for ssh-remote+pi-zero...
2026-01-17 14:16:55.061 [info] [resolveAuthority(ssh-remote,237)][0ms] invoking final resolve()...
2026-01-17 14:16:56.062 [info] [resolveAuthority(ssh-remote,237)][1001ms] waiting...
2026-01-17 14:16:57.063 [info] [resolveAuthority(ssh-remote,237)][2002ms] waiting...
2026-01-17 14:16:58.064 [info] [resolveAuthority(ssh-remote,237)][3003ms] waiting...
2026-01-17 14:16:58.662 [error] [resolveAuthority(ssh-remote,237)][3601ms] returned an error No route to host
2026-01-17 14:17:28.664 [info] [resolveAuthority(ssh-remote,238)][0ms] activating remote resolvers ssh-remote+pi-zero
2026-01-17 14:17:28.664 [info] [resolveAuthority(ssh-remote,238)][0ms] activating resolver for ssh-remote+pi-zero...
2026-01-17 14:17:28.664 [info] [resolveAuthority(ssh-remote,238)][0ms] invoking final resolve()...
2026-01-17 14:17:29.665 [info] [resolveAuthority(ssh-remote,238)][1001ms] waiting...
2026-01-17 14:17:30.666 [info] [resolveAuthority(ssh-remote,238)][2002ms] waiting...
2026-01-17 14:17:31.666 [info] [resolveAuthority(ssh-remote,238)][3002ms] waiting...
2026-01-17 14:17:32.261 [error] [resolveAuthority(ssh-remote,238)][3597ms] returned an error No route to host
2026-01-17 14:18:02.263 [info] [resolveAuthority(ssh-remote,239)][0ms] activating remote resolvers ssh-remote+pi-zero
2026-01-17 14:18:02.263 [info] [resolveAuthority(ssh-remote,239)][0ms] activating resolver for ssh-remote+pi-zero...
2026-01-17 14:18:02.264 [info] [resolveAuthority(ssh-remote,239)][1ms] invoking final resolve()...
2026-01-17 14:18:03.265 [info] [resolveAuthority(ssh-remote,239)][1002ms] waiting...
2026-01-17 14:18:04.265 [info] [resolveAuthority(ssh-remote,239)][2002ms] waiting...
2026-01-17 14:18:05.266 [info] [resolveAuthority(ssh-remote,239)][3003ms] waiting...
2026-01-17 14:18:05.862 [error] [resolveAuthority(ssh-remote,239)][3598ms] returned an error No route to host
2026-01-17 14:18:35.864 [info] [resolveAuthority(ssh-remote,240)][0ms] activating remote resolvers ssh-remote+pi-zero
2026-01-17 14:18:35.864 [info] [resolveAuthority(ssh-remote,240)][0ms] activating resolver for ssh-remote+pi-zero...
2026-01-17 14:18:35.864 [info] [resolveAuthority(ssh-remote,240)][0ms] invoking final resolve()...
2026-01-17 14:18:36.864 [info] [resolveAuthority(ssh-remote,240)][1000ms] waiting...
2026-01-17 14:18:37.865 [info] [resolveAuthority(ssh-remote,240)][2001ms] waiting...
2026-01-17 14:18:38.866 [info] [resolveAuthority(ssh-remote,240)][3002ms] waiting...
2026-01-17 14:18:39.468 [error] [resolveAuthority(ssh-remote,240)][3604ms] returned an error No route to host
2026-01-17 14:19:09.470 [info] [resolveAuthority(ssh-remote,241)][0ms] activating remote resolvers ssh-remote+pi-zero
2026-01-17 14:19:09.470 [info] [resolveAuthority(ssh-remote,241)][0ms] activating resolver for ssh-remote+pi-zero...
2026-01-17 14:19:09.470 [info] [resolveAuthority(ssh-remote,241)][0ms] invoking final resolve()...
2026-01-17 14:19:10.470 [info] [resolveAuthority(ssh-remote,241)][1000ms] waiting...
2026-01-17 14:19:11.471 [info] [resolveAuthority(ssh-remote,241)][2001ms] waiting...
2026-01-17 14:19:12.472 [info] [resolveAuthority(ssh-remote,241)][3002ms] waiting...
2026-01-17 14:19:13.063 [error] [resolveAuthority(ssh-remote,241)][3593ms] returned an error No route to host
2026-01-17 14:19:43.065 [info] [resolveAuthority(ssh-remote,242)][0ms] activating remote resolvers ssh-remote+pi-zero
2026-01-17 14:19:43.065 [info] [resolveAuthority(ssh-remote,242)][0ms] activating resolver for ssh-remote+pi-zero...
2026-01-17 14:19:43.065 [info] [resolveAuthority(ssh-remote,242)][0ms] invoking final resolve()...
2026-01-17 14:19:44.064 [info] [resolveAuthority(ssh-remote,242)][999ms] waiting...
2026-01-17 14:19:45.066 [info] [resolveAuthority(ssh-remote,242)][2001ms] waiting...
2026-01-17 14:19:46.067 [info] [resolveAuthority(ssh-remote,242)][3002ms] waiting...
2026-01-17 14:19:46.667 [error] [resolveAuthority(ssh-remote,242)][3602ms] returned an error No route to host
2026-01-17 14:20:16.669 [info] [resolveAuthority(ssh-remote,243)][0ms] activating remote resolvers ssh-remote+pi-zero
2026-01-17 14:20:16.669 [info] [resolveAuthority(ssh-remote,243)][0ms] activating resolver for ssh-remote+pi-zero...
2026-01-17 14:20:16.669 [info] [resolveAuthority(ssh-remote,243)][0ms] invoking final resolve()...
2026-01-17 14:20:17.670 [info] [resolveAuthority(ssh-remote,243)][1001ms] waiting...
2026-01-17 14:20:18.671 [info] [resolveAuthority(ssh-remote,243)][2002ms] waiting...
2026-01-17 14:20:19.672 [info] [resolveAuthority(ssh-remote,243)][3003ms] waiting...
2026-01-17 14:20:20.272 [error] [resolveAuthority(ssh-remote,243)][3603ms] returned an error No route to host
2026-01-17 14:20:50.274 [info] [resolveAuthority(ssh-remote,244)][0ms] activating remote resolvers ssh-remote+pi-zero
2026-01-17 14:20:50.274 [info] [resolveAuthority(ssh-remote,244)][0ms] activating resolver for ssh-remote+pi-zero...
2026-01-17 14:20:50.274 [info] [resolveAuthority(ssh-remote,244)][0ms] invoking final resolve()...
2026-01-17 14:20:51.275 [info] [resolveAuthority(ssh-remote,244)][1001ms] waiting...
2026-01-17 14:20:52.276 [info] [resolveAuthority(ssh-remote,244)][2002ms] waiting...
2026-01-17 14:20:53.277 [info] [resolveAuthority(ssh-remote,244)][3003ms] waiting...
2026-01-17 14:20:53.871 [error] [resolveAuthority(ssh-remote,244)][3597ms] returned an error No route to host
2026-01-17 14:21:23.873 [info] [resolveAuthority(ssh-remote,245)][0ms] activating remote resolvers ssh-remote+pi-zero
2026-01-17 14:21:23.873 [info] [resolveAuthority(ssh-remote,245)][0ms] activating resolver for ssh-remote+pi-zero...
2026-01-17 14:21:23.873 [info] [resolveAuthority(ssh-remote,245)][0ms] invoking final resolve()...
2026-01-17 14:21:24.874 [info] [resolveAuthority(ssh-remote,245)][1001ms] waiting...
2026-01-17 14:21:25.876 [info] [resolveAuthority(ssh-remote,245)][2003ms] waiting...
2026-01-17 14:21:26.877 [info] [resolveAuthority(ssh-remote,245)][3004ms] waiting...
2026-01-17 14:21:27.468 [error] [resolveAuthority(ssh-remote,245)][3595ms] returned an error No route to host
2026-01-17 14:21:57.470 [info] [resolveAuthority(ssh-remote,246)][0ms] activating remote resolvers ssh-remote+pi-zero
2026-01-17 14:21:57.470 [info] [resolveAuthority(ssh-remote,246)][0ms] activating resolver for ssh-remote+pi-zero...
2026-01-17 14:21:57.470 [info] [resolveAuthority(ssh-remote,246)][0ms] invoking final resolve()...
2026-01-17 14:21:58.470 [info] [resolveAuthority(ssh-remote,246)][1000ms] waiting...
2026-01-17 14:21:59.471 [info] [resolveAuthority(ssh-remote,246)][2001ms] waiting...
2026-01-17 14:22:00.473 [info] [resolveAuthority(ssh-remote,246)][3002ms] waiting...
2026-01-17 14:22:01.069 [error] [resolveAuthority(ssh-remote,246)][3599ms] returned an error No route to host
2026-01-17 14:22:31.071 [info] [resolveAuthority(ssh-remote,247)][0ms] activating remote resolvers ssh-remote+pi-zero
2026-01-17 14:22:31.071 [info] [resolveAuthority(ssh-remote,247)][0ms] activating resolver for ssh-remote+pi-zero...
2026-01-17 14:22:31.071 [info] [resolveAuthority(ssh-remote,247)][0ms] invoking final resolve()...
2026-01-17 14:22:32.072 [info] [resolveAuthority(ssh-remote,247)][1001ms] waiting...
2026-01-17 14:22:33.073 [info] [resolveAuthority(ssh-remote,247)][2002ms] waiting...
2026-01-17 14:22:34.074 [info] [resolveAuthority(ssh-remote,247)][3003ms] waiting...
2026-01-17 14:22:34.671 [error] [resolveAuthority(ssh-remote,247)][3600ms] returned an error No route to host
2026-01-17 14:23:04.673 [info] [resolveAuthority(ssh-remote,248)][0ms] activating remote resolvers ssh-remote+pi-zero
2026-01-17 14:23:04.673 [info] [resolveAuthority(ssh-remote,248)][0ms] activating resolver for ssh-remote+pi-zero...
2026-01-17 14:23:04.673 [info] [resolveAuthority(ssh-remote,248)][0ms] invoking final resolve()...
2026-01-17 14:23:05.674 [info] [resolveAuthority(ssh-remote,248)][1001ms] waiting...
2026-01-17 14:23:06.675 [info] [resolveAuthority(ssh-remote,248)][2002ms] waiting...
2026-01-17 14:23:07.676 [info] [resolveAuthority(ssh-remote,248)][3003ms] waiting...
2026-01-17 14:23:08.271 [error] [resolveAuthority(ssh-remote,248)][3598ms] returned an error No route to host
2026-01-17 14:23:38.274 [info] [resolveAuthority(ssh-remote,249)][1ms] activating remote resolvers ssh-remote+pi-zero
2026-01-17 14:23:38.274 [info] [resolveAuthority(ssh-remote,249)][1ms] activating resolver for ssh-remote+pi-zero...
2026-01-17 14:23:38.274 [info] [resolveAuthority(ssh-remote,249)][1ms] invoking final resolve()...
2026-01-17 14:23:39.275 [info] [resolveAuthority(ssh-remote,249)][1002ms] waiting...
2026-01-17 14:23:40.276 [info] [resolveAuthority(ssh-remote,249)][2003ms] waiting...
2026-01-17 14:23:41.277 [info] [resolveAuthority(ssh-remote,249)][3004ms] waiting...
2026-01-17 14:23:41.870 [error] [resolveAuthority(ssh-remote,249)][3597ms] returned an error No route to host
2026-01-17 14:24:11.872 [info] [resolveAuthority(ssh-remote,250)][0ms] activating remote resolvers ssh-remote+pi-zero
2026-01-17 14:24:11.872 [info] [resolveAuthority(ssh-remote,250)][0ms] activating resolver for ssh-remote+pi-zero...
2026-01-17 14:24:11.872 [info] [resolveAuthority(ssh-remote,250)][0ms] invoking final resolve()...
2026-01-17 14:24:12.873 [info] [resolveAuthority(ssh-remote,250)][1001ms] waiting...
2026-01-17 14:24:13.874 [info] [resolveAuthority(ssh-remote,250)][2002ms] waiting...
2026-01-17 14:24:14.874 [info] [resolveAuthority(ssh-remote,250)][3002ms] waiting...
2026-01-17 14:24:15.471 [error] [resolveAuthority(ssh-remote,250)][3598ms] returned an error No route to host
2026-01-17 14:24:45.472 [info] [resolveAuthority(ssh-remote,251)][0ms] activating remote resolvers ssh-remote+pi-zero
2026-01-17 14:24:45.472 [info] [resolveAuthority(ssh-remote,251)][0ms] activating resolver for ssh-remote+pi-zero...
2026-01-17 14:24:45.473 [info] [resolveAuthority(ssh-remote,251)][1ms] invoking final resolve()...
2026-01-17 14:24:46.474 [info] [resolveAuthority(ssh-remote,251)][1002ms] waiting...
2026-01-17 14:24:47.474 [info] [resolveAuthority(ssh-remote,251)][2002ms] waiting...
2026-01-17 14:24:48.474 [info] [resolveAuthority(ssh-remote,251)][3002ms] waiting...
2026-01-17 14:24:49.071 [error] [resolveAuthority(ssh-remote,251)][3599ms] returned an error No route to host
2026-01-17 14:25:19.073 [info] [resolveAuthority(ssh-remote,252)][0ms] activating remote resolvers ssh-remote+pi-zero
2026-01-17 14:25:19.073 [info] [resolveAuthority(ssh-remote,252)][0ms] activating resolver for ssh-remote+pi-zero...
2026-01-17 14:25:19.073 [info] [resolveAuthority(ssh-remote,252)][0ms] invoking final resolve()...
2026-01-17 14:25:20.074 [info] [resolveAuthority(ssh-remote,252)][1001ms] waiting...
2026-01-17 14:25:21.076 [info] [resolveAuthority(ssh-remote,252)][2003ms] waiting...
2026-01-17 14:25:22.076 [info] [resolveAuthority(ssh-remote,252)][3003ms] waiting...
2026-01-17 14:25:22.670 [error] [resolveAuthority(ssh-remote,252)][3597ms] returned an error No route to host
2026-01-17 14:25:52.672 [info] [resolveAuthority(ssh-remote,253)][0ms] activating remote resolvers ssh-remote+pi-zero
2026-01-17 14:25:52.672 [info] [resolveAuthority(ssh-remote,253)][0ms] activating resolver for ssh-remote+pi-zero...
2026-01-17 14:25:52.672 [info] [resolveAuthority(ssh-remote,253)][0ms] invoking final resolve()...
2026-01-17 14:25:53.672 [info] [resolveAuthority(ssh-remote,253)][1000ms] waiting...
2026-01-17 14:25:54.673 [info] [resolveAuthority(ssh-remote,253)][2001ms] waiting...
2026-01-17 14:25:55.673 [info] [resolveAuthority(ssh-remote,253)][3001ms] waiting...
2026-01-17 14:25:56.271 [error] [resolveAuthority(ssh-remote,253)][3599ms] returned an error No route to host
2026-01-17 14:26:26.273 [info] [resolveAuthority(ssh-remote,254)][0ms] activating remote resolvers ssh-remote+pi-zero
2026-01-17 14:26:26.273 [info] [resolveAuthority(ssh-remote,254)][0ms] activating resolver for ssh-remote+pi-zero...
2026-01-17 14:26:26.273 [info] [resolveAuthority(ssh-remote,254)][0ms] invoking final resolve()...
2026-01-17 14:26:27.274 [info] [resolveAuthority(ssh-remote,254)][1001ms] waiting...
2026-01-17 14:26:28.275 [info] [resolveAuthority(ssh-remote,254)][2002ms] waiting...
2026-01-17 14:26:29.276 [info] [resolveAuthority(ssh-remote,254)][3003ms] waiting...
2026-01-17 14:26:29.871 [error] [resolveAuthority(ssh-remote,254)][3598ms] returned an error No route to host
2026-01-17 14:26:59.873 [info] [resolveAuthority(ssh-remote,255)][0ms] activating remote resolvers ssh-remote+pi-zero
2026-01-17 14:26:59.873 [info] [resolveAuthority(ssh-remote,255)][0ms] activating resolver for ssh-remote+pi-zero...
2026-01-17 14:26:59.873 [info] [resolveAuthority(ssh-remote,255)][0ms] invoking final resolve()...
2026-01-17 14:27:00.875 [info] [resolveAuthority(ssh-remote,255)][1002ms] waiting...
2026-01-17 14:27:01.876 [info] [resolveAuthority(ssh-remote,255)][2003ms] waiting...
2026-01-17 14:27:02.877 [info] [resolveAuthority(ssh-remote,255)][3004ms] waiting...
2026-01-17 14:27:03.475 [error] [resolveAuthority(ssh-remote,255)][3602ms] returned an error No route to host
2026-01-17 14:27:33.477 [info] [resolveAuthority(ssh-remote,256)][0ms] activating remote resolvers ssh-remote+pi-zero
2026-01-17 14:27:33.477 [info] [resolveAuthority(ssh-remote,256)][0ms] activating resolver for ssh-remote+pi-zero...
2026-01-17 14:27:33.478 [info] [resolveAuthority(ssh-remote,256)][1ms] invoking final resolve()...
2026-01-17 14:27:34.479 [info] [resolveAuthority(ssh-remote,256)][1002ms] waiting...
2026-01-17 14:27:35.480 [info] [resolveAuthority(ssh-remote,256)][2003ms] waiting...
2026-01-17 14:27:36.481 [info] [resolveAuthority(ssh-remote,256)][3004ms] waiting...
2026-01-17 14:27:37.076 [error] [resolveAuthority(ssh-remote,256)][3598ms] returned an error No route to host
2026-01-17 14:28:07.077 [info] [resolveAuthority(ssh-remote,257)][0ms] activating remote resolvers ssh-remote+pi-zero
2026-01-17 14:28:07.077 [info] [resolveAuthority(ssh-remote,257)][0ms] activating resolver for ssh-remote+pi-zero...
2026-01-17 14:28:07.077 [info] [resolveAuthority(ssh-remote,257)][0ms] invoking final resolve()...
2026-01-17 14:28:08.078 [info] [resolveAuthority(ssh-remote,257)][1001ms] waiting...
2026-01-17 14:28:09.079 [info] [resolveAuthority(ssh-remote,257)][2002ms] waiting...
2026-01-17 14:28:10.080 [info] [resolveAuthority(ssh-remote,257)][3003ms] waiting...
2026-01-17 14:28:10.677 [error] [resolveAuthority(ssh-remote,257)][3600ms] returned an error No route to host
2026-01-17 14:28:40.680 [info] [resolveAuthority(ssh-remote,258)][0ms] activating remote resolvers ssh-remote+pi-zero
2026-01-17 14:28:40.680 [info] [resolveAuthority(ssh-remote,258)][0ms] activating resolver for ssh-remote+pi-zero...
2026-01-17 14:28:40.680 [info] [resolveAuthority(ssh-remote,258)][0ms] invoking final resolve()...
2026-01-17 14:28:41.681 [info] [resolveAuthority(ssh-remote,258)][1001ms] waiting...
2026-01-17 14:28:42.682 [info] [resolveAuthority(ssh-remote,258)][2002ms] waiting...
2026-01-17 14:28:43.683 [info] [resolveAuthority(ssh-remote,258)][3003ms] waiting...
2026-01-17 14:28:44.279 [error] [resolveAuthority(ssh-remote,258)][3599ms] returned an error No route to host
2026-01-17 14:29:14.281 [info] [resolveAuthority(ssh-remote,259)][0ms] activating remote resolvers ssh-remote+pi-zero
2026-01-17 14:29:14.281 [info] [resolveAuthority(ssh-remote,259)][0ms] activating resolver for ssh-remote+pi-zero...
2026-01-17 14:29:14.281 [info] [resolveAuthority(ssh-remote,259)][0ms] invoking final resolve()...
2026-01-17 14:29:15.283 [info] [resolveAuthority(ssh-remote,259)][1002ms] waiting...
2026-01-17 14:29:16.283 [info] [resolveAuthority(ssh-remote,259)][2002ms] waiting...
2026-01-17 14:29:17.284 [info] [resolveAuthority(ssh-remote,259)][3003ms] waiting...
2026-01-17 14:29:17.879 [error] [resolveAuthority(ssh-remote,259)][3598ms] returned an error No route to host
2026-01-17 14:29:47.881 [info] [resolveAuthority(ssh-remote,260)][0ms] activating remote resolvers ssh-remote+pi-zero
2026-01-17 14:29:47.881 [info] [resolveAuthority(ssh-remote,260)][0ms] activating resolver for ssh-remote+pi-zero...
2026-01-17 14:29:47.881 [info] [resolveAuthority(ssh-remote,260)][0ms] invoking final resolve()...
2026-01-17 14:29:48.882 [info] [resolveAuthority(ssh-remote,260)][1001ms] waiting...
2026-01-17 14:29:49.883 [info] [resolveAuthority(ssh-remote,260)][2002ms] waiting...
2026-01-17 14:29:50.884 [info] [resolveAuthority(ssh-remote,260)][3003ms] waiting...
2026-01-17 14:29:51.480 [error] [resolveAuthority(ssh-remote,260)][3599ms] returned an error No route to host
2026-01-17 14:30:21.482 [info] [resolveAuthority(ssh-remote,261)][0ms] activating remote resolvers ssh-remote+pi-zero
2026-01-17 14:30:21.482 [info] [resolveAuthority(ssh-remote,261)][0ms] activating resolver for ssh-remote+pi-zero...
2026-01-17 14:30:21.483 [info] [resolveAuthority(ssh-remote,261)][1ms] invoking final resolve()...
2026-01-17 14:30:22.484 [info] [resolveAuthority(ssh-remote,261)][1002ms] waiting...
2026-01-17 14:30:23.485 [info] [resolveAuthority(ssh-remote,261)][2003ms] waiting...
2026-01-17 14:30:24.486 [info] [resolveAuthority(ssh-remote,261)][3004ms] waiting...
2026-01-17 14:30:25.080 [error] [resolveAuthority(ssh-remote,261)][3598ms] returned an error No route to host
2026-01-17 14:30:55.082 [info] [resolveAuthority(ssh-remote,262)][1ms] activating remote resolvers ssh-remote+pi-zero
2026-01-17 14:30:55.082 [info] [resolveAuthority(ssh-remote,262)][1ms] activating resolver for ssh-remote+pi-zero...
2026-01-17 14:30:55.082 [info] [resolveAuthority(ssh-remote,262)][1ms] invoking final resolve()...
2026-01-17 14:30:56.082 [info] [resolveAuthority(ssh-remote,262)][1001ms] waiting...
2026-01-17 14:30:57.083 [info] [resolveAuthority(ssh-remote,262)][2002ms] waiting...
2026-01-17 14:30:58.084 [info] [resolveAuthority(ssh-remote,262)][3003ms] waiting...
2026-01-17 14:30:58.680 [error] [resolveAuthority(ssh-remote,262)][3599ms] returned an error No route to host
2026-01-17 14:31:28.682 [info] [resolveAuthority(ssh-remote,263)][0ms] activating remote resolvers ssh-remote+pi-zero
2026-01-17 14:31:28.682 [info] [resolveAuthority(ssh-remote,263)][0ms] activating resolver for ssh-remote+pi-zero...
2026-01-17 14:31:28.682 [info] [resolveAuthority(ssh-remote,263)][0ms] invoking final resolve()...
2026-01-17 14:31:29.684 [info] [resolveAuthority(ssh-remote,263)][1002ms] waiting...
2026-01-17 14:31:30.685 [info] [resolveAuthority(ssh-remote,263)][2003ms] waiting...
2026-01-17 14:31:31.686 [info] [resolveAuthority(ssh-remote,263)][3004ms] waiting...
2026-01-17 14:31:32.282 [error] [resolveAuthority(ssh-remote,263)][3600ms] returned an error No route to host
2026-01-17 14:32:02.284 [info] [resolveAuthority(ssh-remote,264)][0ms] activating remote resolvers ssh-remote+pi-zero
2026-01-17 14:32:02.284 [info] [resolveAuthority(ssh-remote,264)][0ms] activating resolver for ssh-remote+pi-zero...
2026-01-17 14:32:02.284 [info] [resolveAuthority(ssh-remote,264)][0ms] invoking final resolve()...
2026-01-17 14:32:03.286 [info] [resolveAuthority(ssh-remote,264)][1002ms] waiting...
2026-01-17 14:32:04.287 [info] [resolveAuthority(ssh-remote,264)][2003ms] waiting...
2026-01-17 14:32:05.288 [info] [resolveAuthority(ssh-remote,264)][3004ms] waiting...
2026-01-17 14:32:06.289 [info] [resolveAuthority(ssh-remote,264)][4005ms] waiting...
2026-01-17 14:32:07.289 [info] [resolveAuthority(ssh-remote,264)][5005ms] waiting...
2026-01-17 14:32:07.926 [error] [resolveAuthority(ssh-remote,264)][5642ms] returned an error No route to host
2026-01-17 14:32:37.928 [info] [resolveAuthority(ssh-remote,265)][0ms] activating remote resolvers ssh-remote+pi-zero
2026-01-17 14:32:37.929 [info] [resolveAuthority(ssh-remote,265)][1ms] activating resolver for ssh-remote+pi-zero...
2026-01-17 14:32:37.929 [info] [resolveAuthority(ssh-remote,265)][1ms] invoking final resolve()...
2026-01-17 14:32:38.928 [info] [resolveAuthority(ssh-remote,265)][1000ms] waiting...
2026-01-17 14:32:39.929 [info] [resolveAuthority(ssh-remote,265)][2001ms] waiting...
2026-01-17 14:32:40.931 [info] [resolveAuthority(ssh-remote,265)][3003ms] waiting...
2026-01-17 14:32:41.526 [error] [resolveAuthority(ssh-remote,265)][3598ms] returned an error No route to host
2026-01-17 14:33:11.528 [info] [resolveAuthority(ssh-remote,266)][0ms] activating remote resolvers ssh-remote+pi-zero
2026-01-17 14:33:11.528 [info] [resolveAuthority(ssh-remote,266)][0ms] activating resolver for ssh-remote+pi-zero...
2026-01-17 14:33:11.529 [info] [resolveAuthority(ssh-remote,266)][1ms] invoking final resolve()...
2026-01-17 14:33:12.530 [info] [resolveAuthority(ssh-remote,266)][1002ms] waiting...
2026-01-17 14:33:13.531 [info] [resolveAuthority(ssh-remote,266)][2003ms] waiting...
2026-01-17 14:33:14.532 [info] [resolveAuthority(ssh-remote,266)][3004ms] waiting...
2026-01-17 14:33:15.124 [error] [resolveAuthority(ssh-remote,266)][3596ms] returned an error No route to host
2026-01-17 14:33:45.126 [info] [resolveAuthority(ssh-remote,267)][0ms] activating remote resolvers ssh-remote+pi-zero
2026-01-17 14:33:45.126 [info] [resolveAuthority(ssh-remote,267)][0ms] activating resolver for ssh-remote+pi-zero...
2026-01-17 14:33:45.126 [info] [resolveAuthority(ssh-remote,267)][0ms] invoking final resolve()...
2026-01-17 14:33:46.127 [info] [resolveAuthority(ssh-remote,267)][1001ms] waiting...
2026-01-17 14:33:47.128 [info] [resolveAuthority(ssh-remote,267)][2002ms] waiting...
2026-01-17 14:33:48.130 [info] [resolveAuthority(ssh-remote,267)][3004ms] waiting...
2026-01-17 14:33:49.131 [info] [resolveAuthority(ssh-remote,267)][4005ms] waiting...
2026-01-17 14:33:50.132 [info] [resolveAuthority(ssh-remote,267)][5006ms] waiting...
2026-01-17 14:33:50.779 [error] [resolveAuthority(ssh-remote,267)][5653ms] returned an error No route to host
2026-01-17 14:34:20.786 [info] [resolveAuthority(ssh-remote,268)][0ms] activating remote resolvers ssh-remote+pi-zero
2026-01-17 14:34:20.787 [info] [resolveAuthority(ssh-remote,268)][1ms] activating resolver for ssh-remote+pi-zero...
2026-01-17 14:34:20.787 [info] [resolveAuthority(ssh-remote,268)][1ms] invoking final resolve()...
2026-01-17 14:34:21.787 [info] [resolveAuthority(ssh-remote,268)][1001ms] waiting...
2026-01-17 14:34:22.788 [info] [resolveAuthority(ssh-remote,268)][2002ms] waiting...
2026-01-17 14:34:23.789 [info] [resolveAuthority(ssh-remote,268)][3003ms] waiting...
2026-01-17 14:34:24.378 [error] [resolveAuthority(ssh-remote,268)][3592ms] returned an error No route to host
2026-01-17 14:34:54.380 [info] [resolveAuthority(ssh-remote,269)][0ms] activating remote resolvers ssh-remote+pi-zero
2026-01-17 14:34:54.380 [info] [resolveAuthority(ssh-remote,269)][0ms] activating resolver for ssh-remote+pi-zero...
2026-01-17 14:34:54.380 [info] [resolveAuthority(ssh-remote,269)][0ms] invoking final resolve()...
2026-01-17 14:34:55.382 [info] [resolveAuthority(ssh-remote,269)][1002ms] waiting...
2026-01-17 14:34:56.383 [info] [resolveAuthority(ssh-remote,269)][2003ms] waiting...
2026-01-17 14:34:57.384 [info] [resolveAuthority(ssh-remote,269)][3004ms] waiting...
2026-01-17 14:34:57.977 [error] [resolveAuthority(ssh-remote,269)][3597ms] returned an error No route to host
2026-01-17 14:35:27.979 [info] [resolveAuthority(ssh-remote,270)][0ms] activating remote resolvers ssh-remote+pi-zero
2026-01-17 14:35:27.979 [info] [resolveAuthority(ssh-remote,270)][0ms] activating resolver for ssh-remote+pi-zero...
2026-01-17 14:35:27.979 [info] [resolveAuthority(ssh-remote,270)][0ms] invoking final resolve()...
2026-01-17 14:35:28.979 [info] [resolveAuthority(ssh-remote,270)][1000ms] waiting...
2026-01-17 14:35:29.980 [info] [resolveAuthority(ssh-remote,270)][2001ms] waiting...
2026-01-17 14:35:30.982 [info] [resolveAuthority(ssh-remote,270)][3003ms] waiting...
2026-01-17 14:35:31.581 [error] [resolveAuthority(ssh-remote,270)][3602ms] returned an error No route to host
2026-01-17 14:36:01.582 [info] [resolveAuthority(ssh-remote,271)][0ms] activating remote resolvers ssh-remote+pi-zero
2026-01-17 14:36:01.582 [info] [resolveAuthority(ssh-remote,271)][0ms] activating resolver for ssh-remote+pi-zero...
2026-01-17 14:36:01.583 [info] [resolveAuthority(ssh-remote,271)][1ms] invoking final resolve()...
2026-01-17 14:36:02.584 [info] [resolveAuthority(ssh-remote,271)][1002ms] waiting...
2026-01-17 14:36:03.585 [info] [resolveAuthority(ssh-remote,271)][2003ms] waiting...
2026-01-17 14:36:04.586 [info] [resolveAuthority(ssh-remote,271)][3004ms] waiting...
2026-01-17 14:36:05.185 [error] [resolveAuthority(ssh-remote,271)][3603ms] returned an error No route to host
2026-01-17 14:36:35.187 [info] [resolveAuthority(ssh-remote,272)][0ms] activating remote resolvers ssh-remote+pi-zero
2026-01-17 14:36:35.187 [info] [resolveAuthority(ssh-remote,272)][0ms] activating resolver for ssh-remote+pi-zero...
2026-01-17 14:36:35.188 [info] [resolveAuthority(ssh-remote,272)][1ms] invoking final resolve()...
2026-01-17 14:36:36.188 [info] [resolveAuthority(ssh-remote,272)][1001ms] waiting...
2026-01-17 14:36:37.189 [info] [resolveAuthority(ssh-remote,272)][2002ms] waiting...
2026-01-17 14:36:38.190 [info] [resolveAuthority(ssh-remote,272)][3003ms] waiting...
2026-01-17 14:36:39.191 [info] [resolveAuthority(ssh-remote,272)][4004ms] waiting...
2026-01-17 14:36:40.193 [info] [resolveAuthority(ssh-remote,272)][5006ms] waiting...
2026-01-17 14:36:40.827 [error] [resolveAuthority(ssh-remote,272)][5640ms] returned an error No route to host
2026-01-17 14:37:10.829 [info] [resolveAuthority(ssh-remote,273)][0ms] activating remote resolvers ssh-remote+pi-zero
2026-01-17 14:37:10.829 [info] [resolveAuthority(ssh-remote,273)][0ms] activating resolver for ssh-remote+pi-zero...
2026-01-17 14:37:10.829 [info] [resolveAuthority(ssh-remote,273)][0ms] invoking final resolve()...
2026-01-17 14:37:11.830 [info] [resolveAuthority(ssh-remote,273)][1001ms] waiting...
2026-01-17 14:37:12.831 [info] [resolveAuthority(ssh-remote,273)][2002ms] waiting...
2026-01-17 14:37:13.832 [info] [resolveAuthority(ssh-remote,273)][3003ms] waiting...
2026-01-17 14:37:14.428 [error] [resolveAuthority(ssh-remote,273)][3599ms] returned an error No route to host
2026-01-17 14:37:44.430 [info] [resolveAuthority(ssh-remote,274)][0ms] activating remote resolvers ssh-remote+pi-zero
2026-01-17 14:37:44.430 [info] [resolveAuthority(ssh-remote,274)][0ms] activating resolver for ssh-remote+pi-zero...
2026-01-17 14:37:44.430 [info] [resolveAuthority(ssh-remote,274)][0ms] invoking final resolve()...
2026-01-17 14:37:45.431 [info] [resolveAuthority(ssh-remote,274)][1001ms] waiting...
2026-01-17 14:37:46.432 [info] [resolveAuthority(ssh-remote,274)][2002ms] waiting...
2026-01-17 14:37:47.434 [info] [resolveAuthority(ssh-remote,274)][3003ms] waiting...
2026-01-17 14:37:48.030 [error] [resolveAuthority(ssh-remote,274)][3600ms] returned an error No route to host
2026-01-17 14:38:18.032 [info] [resolveAuthority(ssh-remote,275)][0ms] activating remote resolvers ssh-remote+pi-zero
2026-01-17 14:38:18.032 [info] [resolveAuthority(ssh-remote,275)][0ms] activating resolver for ssh-remote+pi-zero...
2026-01-17 14:38:18.032 [info] [resolveAuthority(ssh-remote,275)][0ms] invoking final resolve()...
2026-01-17 14:38:19.033 [info] [resolveAuthority(ssh-remote,275)][1001ms] waiting...
2026-01-17 14:38:20.034 [info] [resolveAuthority(ssh-remote,275)][2002ms] waiting...
2026-01-17 14:38:21.035 [info] [resolveAuthority(ssh-remote,275)][3003ms] waiting...
2026-01-17 14:38:21.634 [error] [resolveAuthority(ssh-remote,275)][3602ms] returned an error No route to host
2026-01-17 14:38:51.636 [info] [resolveAuthority(ssh-remote,276)][0ms] activating remote resolvers ssh-remote+pi-zero
2026-01-17 14:38:51.636 [info] [resolveAuthority(ssh-remote,276)][0ms] activating resolver for ssh-remote+pi-zero...
2026-01-17 14:38:51.636 [info] [resolveAuthority(ssh-remote,276)][0ms] invoking final resolve()...
2026-01-17 14:38:52.636 [info] [resolveAuthority(ssh-remote,276)][1000ms] waiting...
2026-01-17 14:38:53.637 [info] [resolveAuthority(ssh-remote,276)][2001ms] waiting...
2026-01-17 14:38:54.639 [info] [resolveAuthority(ssh-remote,276)][3003ms] waiting...
2026-01-17 14:38:55.231 [error] [resolveAuthority(ssh-remote,276)][3595ms] returned an error No route to host
2026-01-17 14:39:25.234 [info] [resolveAuthority(ssh-remote,277)][0ms] activating remote resolvers ssh-remote+pi-zero
2026-01-17 14:39:25.234 [info] [resolveAuthority(ssh-remote,277)][0ms] activating resolver for ssh-remote+pi-zero...
2026-01-17 14:39:25.234 [info] [resolveAuthority(ssh-remote,277)][0ms] invoking final resolve()...
2026-01-17 14:39:26.235 [info] [resolveAuthority(ssh-remote,277)][1001ms] waiting...
2026-01-17 14:39:27.236 [info] [resolveAuthority(ssh-remote,277)][2002ms] waiting...
2026-01-17 14:39:28.237 [info] [resolveAuthority(ssh-remote,277)][3003ms] waiting...
2026-01-17 14:39:28.836 [error] [resolveAuthority(ssh-remote,277)][3602ms] returned an error No route to host
2026-01-17 14:39:58.838 [info] [resolveAuthority(ssh-remote,278)][0ms] activating remote resolvers ssh-remote+pi-zero
2026-01-17 14:39:58.838 [info] [resolveAuthority(ssh-remote,278)][0ms] activating resolver for ssh-remote+pi-zero...
2026-01-17 14:39:58.838 [info] [resolveAuthority(ssh-remote,278)][0ms] invoking final resolve()...
2026-01-17 14:39:59.839 [info] [resolveAuthority(ssh-remote,278)][1001ms] waiting...
2026-01-17 14:40:00.840 [info] [resolveAuthority(ssh-remote,278)][2002ms] waiting...
2026-01-17 14:40:01.841 [info] [resolveAuthority(ssh-remote,278)][3003ms] waiting...
2026-01-17 14:40:02.435 [error] [resolveAuthority(ssh-remote,278)][3597ms] returned an error No route to host
2026-01-17 14:40:32.437 [info] [resolveAuthority(ssh-remote,279)][0ms] activating remote resolvers ssh-remote+pi-zero
2026-01-17 14:40:32.437 [info] [resolveAuthority(ssh-remote,279)][0ms] activating resolver for ssh-remote+pi-zero...
2026-01-17 14:40:32.437 [info] [resolveAuthority(ssh-remote,279)][0ms] invoking final resolve()...
2026-01-17 14:40:33.439 [info] [resolveAuthority(ssh-remote,279)][1002ms] waiting...
2026-01-17 14:40:34.440 [info] [resolveAuthority(ssh-remote,279)][2003ms] waiting...
2026-01-17 14:40:35.441 [info] [resolveAuthority(ssh-remote,279)][3004ms] waiting...
2026-01-17 14:40:36.032 [error] [resolveAuthority(ssh-remote,279)][3595ms] returned an error No route to host
2026-01-17 14:41:06.034 [info] [resolveAuthority(ssh-remote,280)][0ms] activating remote resolvers ssh-remote+pi-zero
2026-01-17 14:41:06.034 [info] [resolveAuthority(ssh-remote,280)][0ms] activating resolver for ssh-remote+pi-zero...
2026-01-17 14:41:06.034 [info] [resolveAuthority(ssh-remote,280)][0ms] invoking final resolve()...
2026-01-17 14:41:07.035 [info] [resolveAuthority(ssh-remote,280)][1001ms] waiting...
2026-01-17 14:41:08.036 [info] [resolveAuthority(ssh-remote,280)][2002ms] waiting...
2026-01-17 14:41:09.038 [info] [resolveAuthority(ssh-remote,280)][3004ms] waiting...
2026-01-17 14:41:10.038 [info] [resolveAuthority(ssh-remote,280)][4004ms] waiting...
2026-01-17 14:41:11.039 [info] [resolveAuthority(ssh-remote,280)][5005ms] waiting...
2026-01-17 14:41:12.040 [info] [resolveAuthority(ssh-remote,280)][6006ms] waiting...
2026-01-17 14:41:12.711 [error] [resolveAuthority(ssh-remote,280)][6677ms] returned an error No route to host
2026-01-17 14:41:42.713 [info] [resolveAuthority(ssh-remote,281)][0ms] activating remote resolvers ssh-remote+pi-zero
2026-01-17 14:41:42.713 [info] [resolveAuthority(ssh-remote,281)][0ms] activating resolver for ssh-remote+pi-zero...
2026-01-17 14:41:42.713 [info] [resolveAuthority(ssh-remote,281)][0ms] invoking final resolve()...
2026-01-17 14:41:43.714 [info] [resolveAuthority(ssh-remote,281)][1001ms] waiting...
2026-01-17 14:41:44.715 [info] [resolveAuthority(ssh-remote,281)][2002ms] waiting...
2026-01-17 14:41:45.716 [info] [resolveAuthority(ssh-remote,281)][3003ms] waiting...
2026-01-17 14:41:46.309 [error] [resolveAuthority(ssh-remote,281)][3596ms] returned an error No route to host
2026-01-17 14:42:16.311 [info] [resolveAuthority(ssh-remote,282)][0ms] activating remote resolvers ssh-remote+pi-zero
2026-01-17 14:42:16.311 [info] [resolveAuthority(ssh-remote,282)][0ms] activating resolver for ssh-remote+pi-zero...
2026-01-17 14:42:16.311 [info] [resolveAuthority(ssh-remote,282)][0ms] invoking final resolve()...
2026-01-17 14:42:17.312 [info] [resolveAuthority(ssh-remote,282)][1001ms] waiting...
2026-01-17 14:42:18.313 [info] [resolveAuthority(ssh-remote,282)][2002ms] waiting...
2026-01-17 14:42:19.314 [info] [resolveAuthority(ssh-remote,282)][3003ms] waiting...
2026-01-17 14:42:19.906 [error] [resolveAuthority(ssh-remote,282)][3595ms] returned an error No route to host
2026-01-17 14:42:49.908 [info] [resolveAuthority(ssh-remote,283)][0ms] activating remote resolvers ssh-remote+pi-zero
2026-01-17 14:42:49.908 [info] [resolveAuthority(ssh-remote,283)][0ms] activating resolver for ssh-remote+pi-zero...
2026-01-17 14:42:49.908 [info] [resolveAuthority(ssh-remote,283)][0ms] invoking final resolve()...
2026-01-17 14:42:50.910 [info] [resolveAuthority(ssh-remote,283)][1002ms] waiting...
2026-01-17 14:42:51.911 [info] [resolveAuthority(ssh-remote,283)][2003ms] waiting...
2026-01-17 14:42:52.912 [info] [resolveAuthority(ssh-remote,283)][3004ms] waiting...
2026-01-17 14:42:53.510 [error] [resolveAuthority(ssh-remote,283)][3602ms] returned an error No route to host
2026-01-17 14:43:23.511 [info] [resolveAuthority(ssh-remote,284)][0ms] activating remote resolvers ssh-remote+pi-zero
2026-01-17 14:43:23.511 [info] [resolveAuthority(ssh-remote,284)][0ms] activating resolver for ssh-remote+pi-zero...
2026-01-17 14:43:23.512 [info] [resolveAuthority(ssh-remote,284)][1ms] invoking final resolve()...
2026-01-17 14:43:24.513 [info] [resolveAuthority(ssh-remote,284)][1002ms] waiting...
2026-01-17 14:43:25.514 [info] [resolveAuthority(ssh-remote,284)][2003ms] waiting...
2026-01-17 14:43:26.515 [info] [resolveAuthority(ssh-remote,284)][3004ms] waiting...
2026-01-17 14:43:27.103 [error] [resolveAuthority(ssh-remote,284)][3592ms] returned an error No route to host
2026-01-17 14:43:57.105 [info] [resolveAuthority(ssh-remote,285)][0ms] activating remote resolvers ssh-remote+pi-zero
2026-01-17 14:43:57.105 [info] [resolveAuthority(ssh-remote,285)][0ms] activating resolver for ssh-remote+pi-zero...
2026-01-17 14:43:57.105 [info] [resolveAuthority(ssh-remote,285)][0ms] invoking final resolve()...
2026-01-17 14:43:58.105 [info] [resolveAuthority(ssh-remote,285)][1000ms] waiting...
2026-01-17 14:43:59.107 [info] [resolveAuthority(ssh-remote,285)][2002ms] waiting...
2026-01-17 14:44:00.107 [info] [resolveAuthority(ssh-remote,285)][3002ms] waiting...
2026-01-17 14:44:00.712 [error] [resolveAuthority(ssh-remote,285)][3607ms] returned an error No route to host
2026-01-17 14:44:30.714 [info] [resolveAuthority(ssh-remote,286)][0ms] activating remote resolvers ssh-remote+pi-zero
2026-01-17 14:44:30.714 [info] [resolveAuthority(ssh-remote,286)][0ms] activating resolver for ssh-remote+pi-zero...
2026-01-17 14:44:30.714 [info] [resolveAuthority(ssh-remote,286)][0ms] invoking final resolve()...
2026-01-17 14:44:31.715 [info] [resolveAuthority(ssh-remote,286)][1001ms] waiting...
2026-01-17 14:44:32.716 [info] [resolveAuthority(ssh-remote,286)][2002ms] waiting...
2026-01-17 14:44:33.717 [info] [resolveAuthority(ssh-remote,286)][3003ms] waiting...
2026-01-17 14:44:34.310 [error] [resolveAuthority(ssh-remote,286)][3596ms] returned an error No route to host
2026-01-17 14:45:04.312 [info] [resolveAuthority(ssh-remote,287)][0ms] activating remote resolvers ssh-remote+pi-zero
2026-01-17 14:45:04.312 [info] [resolveAuthority(ssh-remote,287)][0ms] activating resolver for ssh-remote+pi-zero...
2026-01-17 14:45:04.312 [info] [resolveAuthority(ssh-remote,287)][0ms] invoking final resolve()...
2026-01-17 14:45:05.313 [info] [resolveAuthority(ssh-remote,287)][1001ms] waiting...
2026-01-17 14:45:06.314 [info] [resolveAuthority(ssh-remote,287)][2002ms] waiting...
2026-01-17 14:45:07.315 [info] [resolveAuthority(ssh-remote,287)][3003ms] waiting...
2026-01-17 14:45:07.911 [error] [resolveAuthority(ssh-remote,287)][3598ms] returned an error No route to host
2026-01-17 14:45:37.912 [info] [resolveAuthority(ssh-remote,288)][0ms] activating remote resolvers ssh-remote+pi-zero
2026-01-17 14:45:37.912 [info] [resolveAuthority(ssh-remote,288)][0ms] activating resolver for ssh-remote+pi-zero...
2026-01-17 14:45:37.913 [info] [resolveAuthority(ssh-remote,288)][1ms] invoking final resolve()...
2026-01-17 14:45:38.914 [info] [resolveAuthority(ssh-remote,288)][1002ms] waiting...
2026-01-17 14:45:39.915 [info] [resolveAuthority(ssh-remote,288)][2003ms] waiting...
2026-01-17 14:45:40.916 [info] [resolveAuthority(ssh-remote,288)][3004ms] waiting...
2026-01-17 14:45:41.516 [error] [resolveAuthority(ssh-remote,288)][3604ms] returned an error No route to host
2026-01-17 14:46:11.518 [info] [resolveAuthority(ssh-remote,289)][0ms] activating remote resolvers ssh-remote+pi-zero
2026-01-17 14:46:11.518 [info] [resolveAuthority(ssh-remote,289)][0ms] activating resolver for ssh-remote+pi-zero...
2026-01-17 14:46:11.518 [info] [resolveAuthority(ssh-remote,289)][0ms] invoking final resolve()...
2026-01-17 14:46:12.518 [info] [resolveAuthority(ssh-remote,289)][1000ms] waiting...
2026-01-17 14:46:13.519 [info] [resolveAuthority(ssh-remote,289)][2001ms] waiting...
2026-01-17 14:46:14.521 [info] [resolveAuthority(ssh-remote,289)][3003ms] waiting...
2026-01-17 14:46:15.114 [error] [resolveAuthority(ssh-remote,289)][3596ms] returned an error No route to host
2026-01-17 14:46:45.116 [info] [resolveAuthority(ssh-remote,290)][0ms] activating remote resolvers ssh-remote+pi-zero
2026-01-17 14:46:45.116 [info] [resolveAuthority(ssh-remote,290)][0ms] activating resolver for ssh-remote+pi-zero...
2026-01-17 14:46:45.116 [info] [resolveAuthority(ssh-remote,290)][0ms] invoking final resolve()...
2026-01-17 14:46:46.117 [info] [resolveAuthority(ssh-remote,290)][1001ms] waiting...
2026-01-17 14:46:47.118 [info] [resolveAuthority(ssh-remote,290)][2002ms] waiting...
2026-01-17 14:46:48.119 [info] [resolveAuthority(ssh-remote,290)][3003ms] waiting...
2026-01-17 14:46:48.716 [error] [resolveAuthority(ssh-remote,290)][3600ms] returned an error No route to host
2026-01-17 14:47:18.718 [info] [resolveAuthority(ssh-remote,291)][0ms] activating remote resolvers ssh-remote+pi-zero
2026-01-17 14:47:18.718 [info] [resolveAuthority(ssh-remote,291)][0ms] activating resolver for ssh-remote+pi-zero...
2026-01-17 14:47:18.718 [info] [resolveAuthority(ssh-remote,291)][0ms] invoking final resolve()...
2026-01-17 14:47:19.718 [info] [resolveAuthority(ssh-remote,291)][1000ms] waiting...
2026-01-17 14:47:20.719 [info] [resolveAuthority(ssh-remote,291)][2001ms] waiting...
2026-01-17 14:47:21.720 [info] [resolveAuthority(ssh-remote,291)][3002ms] waiting...
2026-01-17 14:47:22.310 [error] [resolveAuthority(ssh-remote,291)][3592ms] returned an error No route to host
2026-01-17 14:47:52.312 [info] [resolveAuthority(ssh-remote,292)][0ms] activating remote resolvers ssh-remote+pi-zero
2026-01-17 14:47:52.312 [info] [resolveAuthority(ssh-remote,292)][0ms] activating resolver for ssh-remote+pi-zero...
2026-01-17 14:47:52.312 [info] [resolveAuthority(ssh-remote,292)][0ms] invoking final resolve()...
2026-01-17 14:47:53.312 [info] [resolveAuthority(ssh-remote,292)][1000ms] waiting...
2026-01-17 14:47:54.314 [info] [resolveAuthority(ssh-remote,292)][2002ms] waiting...
2026-01-17 14:47:55.314 [info] [resolveAuthority(ssh-remote,292)][3002ms] waiting...
2026-01-17 14:47:55.909 [error] [resolveAuthority(ssh-remote,292)][3597ms] returned an error No route to host
2026-01-17 14:48:25.911 [info] [resolveAuthority(ssh-remote,293)][0ms] activating remote resolvers ssh-remote+pi-zero
2026-01-17 14:48:25.911 [info] [resolveAuthority(ssh-remote,293)][0ms] activating resolver for ssh-remote+pi-zero...
2026-01-17 14:48:25.911 [info] [resolveAuthority(ssh-remote,293)][0ms] invoking final resolve()...
2026-01-17 14:48:26.913 [info] [resolveAuthority(ssh-remote,293)][1001ms] waiting...
2026-01-17 14:48:27.914 [info] [resolveAuthority(ssh-remote,293)][2003ms] waiting...
2026-01-17 14:48:28.915 [info] [resolveAuthority(ssh-remote,293)][3004ms] waiting...
2026-01-17 14:48:29.916 [info] [resolveAuthority(ssh-remote,293)][4005ms] waiting...
2026-01-17 14:48:30.917 [info] [resolveAuthority(ssh-remote,293)][5006ms] waiting...
2026-01-17 14:48:31.917 [info] [resolveAuthority(ssh-remote,293)][6006ms] waiting...
2026-01-17 14:48:32.584 [error] [resolveAuthority(ssh-remote,293)][6673ms] returned an error No route to host
2026-01-17 14:49:02.586 [info] [resolveAuthority(ssh-remote,294)][0ms] activating remote resolvers ssh-remote+pi-zero
2026-01-17 14:49:02.586 [info] [resolveAuthority(ssh-remote,294)][0ms] activating resolver for ssh-remote+pi-zero...
2026-01-17 14:49:02.586 [info] [resolveAuthority(ssh-remote,294)][0ms] invoking final resolve()...
2026-01-17 14:49:03.587 [info] [resolveAuthority(ssh-remote,294)][1001ms] waiting...
2026-01-17 14:49:04.588 [info] [resolveAuthority(ssh-remote,294)][2002ms] waiting...
2026-01-17 14:49:05.590 [info] [resolveAuthority(ssh-remote,294)][3004ms] waiting...
2026-01-17 14:49:06.183 [error] [resolveAuthority(ssh-remote,294)][3597ms] returned an error No route to host
2026-01-17 14:49:36.185 [info] [resolveAuthority(ssh-remote,295)][0ms] activating remote resolvers ssh-remote+pi-zero
2026-01-17 14:49:36.185 [info] [resolveAuthority(ssh-remote,295)][0ms] activating resolver for ssh-remote+pi-zero...
2026-01-17 14:49:36.185 [info] [resolveAuthority(ssh-remote,295)][0ms] invoking final resolve()...
2026-01-17 14:49:37.186 [info] [resolveAuthority(ssh-remote,295)][1001ms] waiting...
2026-01-17 14:49:38.187 [info] [resolveAuthority(ssh-remote,295)][2002ms] waiting...
2026-01-17 14:49:39.188 [info] [resolveAuthority(ssh-remote,295)][3003ms] waiting...
2026-01-17 14:49:39.785 [error] [resolveAuthority(ssh-remote,295)][3600ms] returned an error No route to host
2026-01-17 14:50:09.787 [info] [resolveAuthority(ssh-remote,296)][0ms] activating remote resolvers ssh-remote+pi-zero
2026-01-17 14:50:09.787 [info] [resolveAuthority(ssh-remote,296)][0ms] activating resolver for ssh-remote+pi-zero...
2026-01-17 14:50:09.787 [info] [resolveAuthority(ssh-remote,296)][0ms] invoking final resolve()...
2026-01-17 14:50:10.788 [info] [resolveAuthority(ssh-remote,296)][1001ms] waiting...
2026-01-17 14:50:11.790 [info] [resolveAuthority(ssh-remote,296)][2003ms] waiting...
2026-01-17 14:50:12.790 [info] [resolveAuthority(ssh-remote,296)][3003ms] waiting...
2026-01-17 14:50:13.388 [error] [resolveAuthority(ssh-remote,296)][3601ms] returned an error No route to host
2026-01-17 14:50:43.390 [info] [resolveAuthority(ssh-remote,297)][0ms] activating remote resolvers ssh-remote+pi-zero
2026-01-17 14:50:43.390 [info] [resolveAuthority(ssh-remote,297)][0ms] activating resolver for ssh-remote+pi-zero...
2026-01-17 14:50:43.390 [info] [resolveAuthority(ssh-remote,297)][0ms] invoking final resolve()...
2026-01-17 14:50:44.391 [info] [resolveAuthority(ssh-remote,297)][1001ms] waiting...
2026-01-17 14:50:45.392 [info] [resolveAuthority(ssh-remote,297)][2002ms] waiting...
2026-01-17 14:50:46.393 [info] [resolveAuthority(ssh-remote,297)][3003ms] waiting...
2026-01-17 14:50:46.990 [error] [resolveAuthority(ssh-remote,297)][3600ms] returned an error No route to host
2026-01-17 14:51:16.992 [info] [resolveAuthority(ssh-remote,298)][0ms] activating remote resolvers ssh-remote+pi-zero
2026-01-17 14:51:16.992 [info] [resolveAuthority(ssh-remote,298)][0ms] activating resolver for ssh-remote+pi-zero...
2026-01-17 14:51:16.992 [info] [resolveAuthority(ssh-remote,298)][0ms] invoking final resolve()...
2026-01-17 14:51:17.992 [info] [resolveAuthority(ssh-remote,298)][1000ms] waiting...
2026-01-17 14:51:18.994 [info] [resolveAuthority(ssh-remote,298)][2002ms] waiting...
2026-01-17 14:51:19.995 [info] [resolveAuthority(ssh-remote,298)][3003ms] waiting...
2026-01-17 14:51:20.585 [error] [resolveAuthority(ssh-remote,298)][3593ms] returned an error No route to host
2026-01-17 14:51:50.587 [info] [resolveAuthority(ssh-remote,299)][0ms] activating remote resolvers ssh-remote+pi-zero
2026-01-17 14:51:50.587 [info] [resolveAuthority(ssh-remote,299)][0ms] activating resolver for ssh-remote+pi-zero...
2026-01-17 14:51:50.588 [info] [resolveAuthority(ssh-remote,299)][1ms] invoking final resolve()...
2026-01-17 14:51:51.589 [info] [resolveAuthority(ssh-remote,299)][1002ms] waiting...
2026-01-17 14:51:52.590 [info] [resolveAuthority(ssh-remote,299)][2003ms] waiting...
2026-01-17 14:51:53.591 [info] [resolveAuthority(ssh-remote,299)][3004ms] waiting...
2026-01-17 14:51:54.191 [error] [resolveAuthority(ssh-remote,299)][3604ms] returned an error No route to host
2026-01-17 14:52:24.193 [info] [resolveAuthority(ssh-remote,300)][0ms] activating remote resolvers ssh-remote+pi-zero
2026-01-17 14:52:24.193 [info] [resolveAuthority(ssh-remote,300)][0ms] activating resolver for ssh-remote+pi-zero...
2026-01-17 14:52:24.193 [info] [resolveAuthority(ssh-remote,300)][0ms] invoking final resolve()...
2026-01-17 14:52:25.195 [info] [resolveAuthority(ssh-remote,300)][1002ms] waiting...
2026-01-17 14:52:26.196 [info] [resolveAuthority(ssh-remote,300)][2003ms] waiting...
2026-01-17 14:52:27.197 [info] [resolveAuthority(ssh-remote,300)][3004ms] waiting...
2026-01-17 14:52:28.198 [info] [resolveAuthority(ssh-remote,300)][4005ms] waiting...
2026-01-17 14:52:28.809 [error] [resolveAuthority(ssh-remote,300)][4616ms] returned an error No route to host
2026-01-17 14:52:58.811 [info] [resolveAuthority(ssh-remote,301)][0ms] activating remote resolvers ssh-remote+pi-zero
2026-01-17 14:52:58.811 [info] [resolveAuthority(ssh-remote,301)][0ms] activating resolver for ssh-remote+pi-zero...
2026-01-17 14:52:58.812 [info] [resolveAuthority(ssh-remote,301)][1ms] invoking final resolve()...
2026-01-17 14:52:59.813 [info] [resolveAuthority(ssh-remote,301)][1002ms] waiting...
2026-01-17 14:53:00.814 [info] [resolveAuthority(ssh-remote,301)][2003ms] waiting...
2026-01-17 14:53:01.815 [info] [resolveAuthority(ssh-remote,301)][3004ms] waiting...
2026-01-17 14:53:02.414 [error] [resolveAuthority(ssh-remote,301)][3603ms] returned an error No route to host
2026-01-17 14:53:32.416 [info] [resolveAuthority(ssh-remote,302)][0ms] activating remote resolvers ssh-remote+pi-zero
2026-01-17 14:53:32.416 [info] [resolveAuthority(ssh-remote,302)][0ms] activating resolver for ssh-remote+pi-zero...
2026-01-17 14:53:32.416 [info] [resolveAuthority(ssh-remote,302)][0ms] invoking final resolve()...
2026-01-17 14:53:33.417 [info] [resolveAuthority(ssh-remote,302)][1001ms] waiting...
2026-01-17 14:53:34.418 [info] [resolveAuthority(ssh-remote,302)][2002ms] waiting...
2026-01-17 14:53:35.417 [info] [resolveAuthority(ssh-remote,302)][3001ms] waiting...
2026-01-17 14:53:36.013 [error] [resolveAuthority(ssh-remote,302)][3597ms] returned an error No route to host
2026-01-17 14:54:06.015 [info] [resolveAuthority(ssh-remote,303)][0ms] activating remote resolvers ssh-remote+pi-zero
2026-01-17 14:54:06.015 [info] [resolveAuthority(ssh-remote,303)][0ms] activating resolver for ssh-remote+pi-zero...
2026-01-17 14:54:06.015 [info] [resolveAuthority(ssh-remote,303)][0ms] invoking final resolve()...
2026-01-17 14:54:07.017 [info] [resolveAuthority(ssh-remote,303)][1002ms] waiting...
2026-01-17 14:54:08.017 [info] [resolveAuthority(ssh-remote,303)][2002ms] waiting...
2026-01-17 14:54:09.018 [info] [resolveAuthority(ssh-remote,303)][3003ms] waiting...
2026-01-17 14:54:09.618 [error] [resolveAuthority(ssh-remote,303)][3603ms] returned an error No route to host
2026-01-17 14:54:39.620 [info] [resolveAuthority(ssh-remote,304)][0ms] activating remote resolvers ssh-remote+pi-zero
2026-01-17 14:54:39.620 [info] [resolveAuthority(ssh-remote,304)][0ms] activating resolver for ssh-remote+pi-zero...
2026-01-17 14:54:39.620 [info] [resolveAuthority(ssh-remote,304)][0ms] invoking final resolve()...
2026-01-17 14:54:40.620 [info] [resolveAuthority(ssh-remote,304)][1000ms] waiting...
2026-01-17 14:54:41.621 [info] [resolveAuthority(ssh-remote,304)][2001ms] waiting...
2026-01-17 14:54:42.622 [info] [resolveAuthority(ssh-remote,304)][3002ms] waiting...
2026-01-17 14:54:43.216 [error] [resolveAuthority(ssh-remote,304)][3596ms] returned an error No route to host
2026-01-17 14:55:13.218 [info] [resolveAuthority(ssh-remote,305)][0ms] activating remote resolvers ssh-remote+pi-zero
2026-01-17 14:55:13.218 [info] [resolveAuthority(ssh-remote,305)][0ms] activating resolver for ssh-remote+pi-zero...
2026-01-17 14:55:13.218 [info] [resolveAuthority(ssh-remote,305)][0ms] invoking final resolve()...
2026-01-17 14:55:14.219 [info] [resolveAuthority(ssh-remote,305)][1001ms] waiting...
2026-01-17 14:55:15.220 [info] [resolveAuthority(ssh-remote,305)][2002ms] waiting...
2026-01-17 14:55:16.221 [info] [resolveAuthority(ssh-remote,305)][3003ms] waiting...
2026-01-17 14:55:16.814 [error] [resolveAuthority(ssh-remote,305)][3596ms] returned an error No route to host
2026-01-17 14:55:46.816 [info] [resolveAuthority(ssh-remote,306)][0ms] activating remote resolvers ssh-remote+pi-zero
2026-01-17 14:55:46.816 [info] [resolveAuthority(ssh-remote,306)][0ms] activating resolver for ssh-remote+pi-zero...
2026-01-17 14:55:46.816 [info] [resolveAuthority(ssh-remote,306)][0ms] invoking final resolve()...
2026-01-17 14:55:47.816 [info] [resolveAuthority(ssh-remote,306)][1000ms] waiting...
2026-01-17 14:55:48.817 [info] [resolveAuthority(ssh-remote,306)][2001ms] waiting...
2026-01-17 14:55:49.818 [info] [resolveAuthority(ssh-remote,306)][3002ms] waiting...
2026-01-17 14:55:50.415 [error] [resolveAuthority(ssh-remote,306)][3599ms] returned an error No route to host
2026-01-17 14:56:20.417 [info] [resolveAuthority(ssh-remote,307)][0ms] activating remote resolvers ssh-remote+pi-zero
2026-01-17 14:56:20.417 [info] [resolveAuthority(ssh-remote,307)][0ms] activating resolver for ssh-remote+pi-zero...
2026-01-17 14:56:20.417 [info] [resolveAuthority(ssh-remote,307)][0ms] invoking final resolve()...
2026-01-17 14:56:21.419 [info] [resolveAuthority(ssh-remote,307)][1002ms] waiting...
2026-01-17 14:56:22.420 [info] [resolveAuthority(ssh-remote,307)][2003ms] waiting...
2026-01-17 14:56:23.420 [info] [resolveAuthority(ssh-remote,307)][3003ms] waiting...
2026-01-17 14:56:24.023 [error] [resolveAuthority(ssh-remote,307)][3606ms] returned an error No route to host
2026-01-17 14:56:54.025 [info] [resolveAuthority(ssh-remote,308)][0ms] activating remote resolvers ssh-remote+pi-zero
2026-01-17 14:56:54.025 [info] [resolveAuthority(ssh-remote,308)][0ms] activating resolver for ssh-remote+pi-zero...
2026-01-17 14:56:54.025 [info] [resolveAuthority(ssh-remote,308)][0ms] invoking final resolve()...
2026-01-17 14:56:55.026 [info] [resolveAuthority(ssh-remote,308)][1001ms] waiting...
2026-01-17 14:56:56.028 [info] [resolveAuthority(ssh-remote,308)][2003ms] waiting...
2026-01-17 14:56:57.029 [info] [resolveAuthority(ssh-remote,308)][3004ms] waiting...
2026-01-17 14:56:57.628 [error] [resolveAuthority(ssh-remote,308)][3603ms] returned an error No route to host
2026-01-17 14:57:27.630 [info] [resolveAuthority(ssh-remote,309)][0ms] activating remote resolvers ssh-remote+pi-zero
2026-01-17 14:57:27.630 [info] [resolveAuthority(ssh-remote,309)][0ms] activating resolver for ssh-remote+pi-zero...
2026-01-17 14:57:27.630 [info] [resolveAuthority(ssh-remote,309)][0ms] invoking final resolve()...
2026-01-17 14:57:28.631 [info] [resolveAuthority(ssh-remote,309)][1001ms] waiting...
2026-01-17 14:57:29.632 [info] [resolveAuthority(ssh-remote,309)][2002ms] waiting...
2026-01-17 14:57:30.632 [info] [resolveAuthority(ssh-remote,309)][3002ms] waiting...
2026-01-17 14:57:31.223 [error] [resolveAuthority(ssh-remote,309)][3593ms] returned an error No route to host
2026-01-17 14:58:01.225 [info] [resolveAuthority(ssh-remote,310)][0ms] activating remote resolvers ssh-remote+pi-zero
2026-01-17 14:58:01.225 [info] [resolveAuthority(ssh-remote,310)][0ms] activating resolver for ssh-remote+pi-zero...
2026-01-17 14:58:01.226 [info] [resolveAuthority(ssh-remote,310)][1ms] invoking final resolve()...
2026-01-17 14:58:02.227 [info] [resolveAuthority(ssh-remote,310)][1002ms] waiting...
2026-01-17 14:58:03.227 [info] [resolveAuthority(ssh-remote,310)][2002ms] waiting...
2026-01-17 14:58:04.228 [info] [resolveAuthority(ssh-remote,310)][3003ms] waiting...
2026-01-17 14:58:04.833 [error] [resolveAuthority(ssh-remote,310)][3608ms] returned an error No route to host
2026-01-17 14:58:34.835 [info] [resolveAuthority(ssh-remote,311)][0ms] activating remote resolvers ssh-remote+pi-zero
2026-01-17 14:58:34.835 [info] [resolveAuthority(ssh-remote,311)][0ms] activating resolver for ssh-remote+pi-zero...
2026-01-17 14:58:34.835 [info] [resolveAuthority(ssh-remote,311)][0ms] invoking final resolve()...
2026-01-17 14:58:35.835 [info] [resolveAuthority(ssh-remote,311)][1000ms] waiting...
2026-01-17 14:58:36.836 [info] [resolveAuthority(ssh-remote,311)][2001ms] waiting...
2026-01-17 14:58:37.837 [info] [resolveAuthority(ssh-remote,311)][3002ms] waiting...
2026-01-17 14:58:38.490 [error] [resolveAuthority(ssh-remote,311)][3655ms] returned an error No route to host
2026-01-17 14:59:08.492 [info] [resolveAuthority(ssh-remote,312)][0ms] activating remote resolvers ssh-remote+pi-zero
2026-01-17 14:59:08.492 [info] [resolveAuthority(ssh-remote,312)][0ms] activating resolver for ssh-remote+pi-zero...
2026-01-17 14:59:08.493 [info] [resolveAuthority(ssh-remote,312)][0ms] invoking final resolve()...
2026-01-17 14:59:09.494 [info] [resolveAuthority(ssh-remote,312)][1002ms] waiting...
2026-01-17 14:59:10.495 [info] [resolveAuthority(ssh-remote,312)][2003ms] waiting...
2026-01-17 14:59:11.496 [info] [resolveAuthority(ssh-remote,312)][3004ms] waiting...
2026-01-17 14:59:12.092 [error] [resolveAuthority(ssh-remote,312)][3600ms] returned an error No route to host
2026-01-17 14:59:42.094 [info] [resolveAuthority(ssh-remote,313)][0ms] activating remote resolvers ssh-remote+pi-zero
2026-01-17 14:59:42.094 [info] [resolveAuthority(ssh-remote,313)][0ms] activating resolver for ssh-remote+pi-zero...
2026-01-17 14:59:42.094 [info] [resolveAuthority(ssh-remote,313)][0ms] invoking final resolve()...
2026-01-17 14:59:43.096 [info] [resolveAuthority(ssh-remote,313)][1002ms] waiting...
2026-01-17 14:59:44.096 [info] [resolveAuthority(ssh-remote,313)][2002ms] waiting...
2026-01-17 14:59:45.096 [info] [resolveAuthority(ssh-remote,313)][3002ms] waiting...
2026-01-17 14:59:45.707 [error] [resolveAuthority(ssh-remote,313)][3613ms] returned an error No route to host
2026-01-17 15:00:15.708 [info] [resolveAuthority(ssh-remote,314)][0ms] activating remote resolvers ssh-remote+pi-zero
2026-01-17 15:00:15.708 [info] [resolveAuthority(ssh-remote,314)][0ms] activating resolver for ssh-remote+pi-zero...
2026-01-17 15:00:15.709 [info] [resolveAuthority(ssh-remote,314)][1ms] invoking final resolve()...
2026-01-17 15:00:16.710 [info] [resolveAuthority(ssh-remote,314)][1002ms] waiting...
2026-01-17 15:00:17.710 [info] [resolveAuthority(ssh-remote,314)][2002ms] waiting...
2026-01-17 15:00:18.711 [info] [resolveAuthority(ssh-remote,314)][3003ms] waiting...
2026-01-17 15:00:19.352 [error] [resolveAuthority(ssh-remote,314)][3644ms] returned an error No route to host
2026-01-17 15:00:49.354 [info] [resolveAuthority(ssh-remote,315)][0ms] activating remote resolvers ssh-remote+pi-zero
2026-01-17 15:00:49.354 [info] [resolveAuthority(ssh-remote,315)][0ms] activating resolver for ssh-remote+pi-zero...
2026-01-17 15:00:49.355 [info] [resolveAuthority(ssh-remote,315)][1ms] invoking final resolve()...
2026-01-17 15:00:50.355 [info] [resolveAuthority(ssh-remote,315)][1001ms] waiting...
2026-01-17 15:00:51.356 [info] [resolveAuthority(ssh-remote,315)][2002ms] waiting...
2026-01-17 15:00:52.357 [info] [resolveAuthority(ssh-remote,315)][3003ms] waiting...
2026-01-17 15:00:52.968 [error] [resolveAuthority(ssh-remote,315)][3614ms] returned an error No route to host
2026-01-17 15:01:22.970 [info] [resolveAuthority(ssh-remote,316)][0ms] activating remote resolvers ssh-remote+pi-zero
2026-01-17 15:01:22.970 [info] [resolveAuthority(ssh-remote,316)][0ms] activating resolver for ssh-remote+pi-zero...
2026-01-17 15:01:22.970 [info] [resolveAuthority(ssh-remote,316)][0ms] invoking final resolve()...
2026-01-17 15:01:23.971 [info] [resolveAuthority(ssh-remote,316)][1001ms] waiting...
2026-01-17 15:01:24.972 [info] [resolveAuthority(ssh-remote,316)][2002ms] waiting...
2026-01-17 15:01:25.974 [info] [resolveAuthority(ssh-remote,316)][3004ms] waiting...
2026-01-17 15:01:26.615 [error] [resolveAuthority(ssh-remote,316)][3644ms] returned an error No route to host
2026-01-17 15:01:56.616 [info] [resolveAuthority(ssh-remote,317)][0ms] activating remote resolvers ssh-remote+pi-zero
2026-01-17 15:01:56.616 [info] [resolveAuthority(ssh-remote,317)][0ms] activating resolver for ssh-remote+pi-zero...
2026-01-17 15:01:56.617 [info] [resolveAuthority(ssh-remote,317)][1ms] invoking final resolve()...
2026-01-17 15:01:57.617 [info] [resolveAuthority(ssh-remote,317)][1001ms] waiting...
2026-01-17 15:01:58.618 [info] [resolveAuthority(ssh-remote,317)][2002ms] waiting...
2026-01-17 15:01:59.619 [info] [resolveAuthority(ssh-remote,317)][3003ms] waiting...
2026-01-17 15:02:00.227 [error] [resolveAuthority(ssh-remote,317)][3611ms] returned an error No route to host
2026-01-17 15:02:30.229 [info] [resolveAuthority(ssh-remote,318)][0ms] activating remote resolvers ssh-remote+pi-zero
2026-01-17 15:02:30.229 [info] [resolveAuthority(ssh-remote,318)][0ms] activating resolver for ssh-remote+pi-zero...
2026-01-17 15:02:30.229 [info] [resolveAuthority(ssh-remote,318)][0ms] invoking final resolve()...
2026-01-17 15:02:31.230 [info] [resolveAuthority(ssh-remote,318)][1001ms] waiting...
2026-01-17 15:02:32.231 [info] [resolveAuthority(ssh-remote,318)][2002ms] waiting...
2026-01-17 15:02:33.233 [info] [resolveAuthority(ssh-remote,318)][3004ms] waiting...
2026-01-17 15:02:33.880 [error] [resolveAuthority(ssh-remote,318)][3651ms] returned an error No route to host
2026-01-17 15:03:03.882 [info] [resolveAuthority(ssh-remote,319)][0ms] activating remote resolvers ssh-remote+pi-zero
2026-01-17 15:03:03.882 [info] [resolveAuthority(ssh-remote,319)][0ms] activating resolver for ssh-remote+pi-zero...
2026-01-17 15:03:03.882 [info] [resolveAuthority(ssh-remote,319)][0ms] invoking final resolve()...
2026-01-17 15:03:04.883 [info] [resolveAuthority(ssh-remote,319)][1001ms] waiting...
2026-01-17 15:03:05.884 [info] [resolveAuthority(ssh-remote,319)][2002ms] waiting...
2026-01-17 15:03:06.885 [info] [resolveAuthority(ssh-remote,319)][3003ms] waiting...
2026-01-17 15:03:07.491 [error] [resolveAuthority(ssh-remote,319)][3609ms] returned an error No route to host
2026-01-17 15:03:37.493 [info] [resolveAuthority(ssh-remote,320)][0ms] activating remote resolvers ssh-remote+pi-zero
2026-01-17 15:03:37.493 [info] [resolveAuthority(ssh-remote,320)][0ms] activating resolver for ssh-remote+pi-zero...
2026-01-17 15:03:37.493 [info] [resolveAuthority(ssh-remote,320)][0ms] invoking final resolve()...
2026-01-17 15:03:38.493 [info] [resolveAuthority(ssh-remote,320)][1000ms] waiting...
2026-01-17 15:03:39.494 [info] [resolveAuthority(ssh-remote,320)][2001ms] waiting...
2026-01-17 15:03:40.495 [info] [resolveAuthority(ssh-remote,320)][3002ms] waiting...
2026-01-17 15:03:41.146 [error] [resolveAuthority(ssh-remote,320)][3653ms] returned an error No route to host
2026-01-17 15:04:11.148 [info] [resolveAuthority(ssh-remote,321)][0ms] activating remote resolvers ssh-remote+pi-zero
2026-01-17 15:04:11.148 [info] [resolveAuthority(ssh-remote,321)][0ms] activating resolver for ssh-remote+pi-zero...
2026-01-17 15:04:11.148 [info] [resolveAuthority(ssh-remote,321)][0ms] invoking final resolve()...
2026-01-17 15:04:12.150 [info] [resolveAuthority(ssh-remote,321)][1002ms] waiting...
2026-01-17 15:04:13.151 [info] [resolveAuthority(ssh-remote,321)][2003ms] waiting...
2026-01-17 15:04:14.152 [info] [resolveAuthority(ssh-remote,321)][3004ms] waiting...
2026-01-17 15:04:14.755 [error] [resolveAuthority(ssh-remote,321)][3607ms] returned an error No route to host
2026-01-17 15:04:44.756 [info] [resolveAuthority(ssh-remote,322)][0ms] activating remote resolvers ssh-remote+pi-zero
2026-01-17 15:04:44.757 [info] [resolveAuthority(ssh-remote,322)][1ms] activating resolver for ssh-remote+pi-zero...
2026-01-17 15:04:44.757 [info] [resolveAuthority(ssh-remote,322)][1ms] invoking final resolve()...
2026-01-17 15:04:45.758 [info] [resolveAuthority(ssh-remote,322)][1002ms] waiting...
2026-01-17 15:04:46.759 [info] [resolveAuthority(ssh-remote,322)][2003ms] waiting...
2026-01-17 15:04:47.760 [info] [resolveAuthority(ssh-remote,322)][3004ms] waiting...
2026-01-17 15:04:48.411 [error] [resolveAuthority(ssh-remote,322)][3655ms] returned an error No route to host
2026-01-17 15:05:18.413 [info] [resolveAuthority(ssh-remote,323)][0ms] activating remote resolvers ssh-remote+pi-zero
2026-01-17 15:05:18.413 [info] [resolveAuthority(ssh-remote,323)][0ms] activating resolver for ssh-remote+pi-zero...
2026-01-17 15:05:18.413 [info] [resolveAuthority(ssh-remote,323)][0ms] invoking final resolve()...
2026-01-17 15:05:19.414 [info] [resolveAuthority(ssh-remote,323)][1001ms] waiting...
2026-01-17 15:05:20.414 [info] [resolveAuthority(ssh-remote,323)][2001ms] waiting...
2026-01-17 15:05:21.415 [info] [resolveAuthority(ssh-remote,323)][3002ms] waiting...
2026-01-17 15:05:22.010 [error] [resolveAuthority(ssh-remote,323)][3597ms] returned an error No route to host
2026-01-17 15:05:52.012 [info] [resolveAuthority(ssh-remote,324)][0ms] activating remote resolvers ssh-remote+pi-zero
2026-01-17 15:05:52.012 [info] [resolveAuthority(ssh-remote,324)][0ms] activating resolver for ssh-remote+pi-zero...
2026-01-17 15:05:52.012 [info] [resolveAuthority(ssh-remote,324)][0ms] invoking final resolve()...
2026-01-17 15:05:53.011 [info] [resolveAuthority(ssh-remote,324)][999ms] waiting...
2026-01-17 15:05:54.012 [info] [resolveAuthority(ssh-remote,324)][2000ms] waiting...
2026-01-17 15:05:55.013 [info] [resolveAuthority(ssh-remote,324)][3001ms] waiting...
2026-01-17 15:05:55.612 [error] [resolveAuthority(ssh-remote,324)][3600ms] returned an error No route to host
2026-01-17 15:06:25.613 [info] [resolveAuthority(ssh-remote,325)][0ms] activating remote resolvers ssh-remote+pi-zero
2026-01-17 15:06:25.614 [info] [resolveAuthority(ssh-remote,325)][0ms] activating resolver for ssh-remote+pi-zero...
2026-01-17 15:06:25.614 [info] [resolveAuthority(ssh-remote,325)][1ms] invoking final resolve()...
2026-01-17 15:06:26.615 [info] [resolveAuthority(ssh-remote,325)][1002ms] waiting...
2026-01-17 15:06:27.615 [info] [resolveAuthority(ssh-remote,325)][2002ms] waiting...
2026-01-17 15:06:28.616 [info] [resolveAuthority(ssh-remote,325)][3003ms] waiting...
2026-01-17 15:06:29.617 [info] [resolveAuthority(ssh-remote,325)][4004ms] waiting...
2026-01-17 15:06:30.618 [info] [resolveAuthority(ssh-remote,325)][5005ms] waiting...
2026-01-17 15:06:31.619 [info] [resolveAuthority(ssh-remote,325)][6006ms] waiting...
2026-01-17 15:06:32.287 [error] [resolveAuthority(ssh-remote,325)][6674ms] returned an error No route to host
2026-01-17 15:07:02.289 [info] [resolveAuthority(ssh-remote,326)][0ms] activating remote resolvers ssh-remote+pi-zero
2026-01-17 15:07:02.289 [info] [resolveAuthority(ssh-remote,326)][0ms] activating resolver for ssh-remote+pi-zero...
2026-01-17 15:07:02.289 [info] [resolveAuthority(ssh-remote,326)][0ms] invoking final resolve()...
2026-01-17 15:07:03.291 [info] [resolveAuthority(ssh-remote,326)][1002ms] waiting...
2026-01-17 15:07:04.292 [info] [resolveAuthority(ssh-remote,326)][2003ms] waiting...
2026-01-17 15:07:05.293 [info] [resolveAuthority(ssh-remote,326)][3004ms] waiting...
2026-01-17 15:07:05.968 [error] [resolveAuthority(ssh-remote,326)][3679ms] returned an error No route to host
2026-01-17 15:07:35.970 [info] [resolveAuthority(ssh-remote,327)][0ms] activating remote resolvers ssh-remote+pi-zero
2026-01-17 15:07:35.970 [info] [resolveAuthority(ssh-remote,327)][0ms] activating resolver for ssh-remote+pi-zero...
2026-01-17 15:07:35.970 [info] [resolveAuthority(ssh-remote,327)][0ms] invoking final resolve()...
2026-01-17 15:07:36.971 [info] [resolveAuthority(ssh-remote,327)][1001ms] waiting...
2026-01-17 15:07:37.971 [info] [resolveAuthority(ssh-remote,327)][2001ms] waiting...
2026-01-17 15:07:38.972 [info] [resolveAuthority(ssh-remote,327)][3002ms] waiting...
2026-01-17 15:07:39.630 [error] [resolveAuthority(ssh-remote,327)][3660ms] returned an error No route to host
2026-01-17 15:08:09.632 [info] [resolveAuthority(ssh-remote,328)][0ms] activating remote resolvers ssh-remote+pi-zero
2026-01-17 15:08:09.632 [info] [resolveAuthority(ssh-remote,328)][0ms] activating resolver for ssh-remote+pi-zero...
2026-01-17 15:08:09.632 [info] [resolveAuthority(ssh-remote,328)][0ms] invoking final resolve()...
2026-01-17 15:08:10.632 [info] [resolveAuthority(ssh-remote,328)][1000ms] waiting...
2026-01-17 15:08:11.633 [info] [resolveAuthority(ssh-remote,328)][2001ms] waiting...
2026-01-17 15:08:12.634 [info] [resolveAuthority(ssh-remote,328)][3002ms] waiting...
2026-01-17 15:08:13.283 [error] [resolveAuthority(ssh-remote,328)][3650ms] returned an error No route to host
2026-01-17 15:08:43.284 [info] [resolveAuthority(ssh-remote,329)][0ms] activating remote resolvers ssh-remote+pi-zero
2026-01-17 15:08:43.284 [info] [resolveAuthority(ssh-remote,329)][0ms] activating resolver for ssh-remote+pi-zero...
2026-01-17 15:08:43.285 [info] [resolveAuthority(ssh-remote,329)][1ms] invoking final resolve()...
2026-01-17 15:08:44.285 [info] [resolveAuthority(ssh-remote,329)][1001ms] waiting...
2026-01-17 15:08:45.286 [info] [resolveAuthority(ssh-remote,329)][2002ms] waiting...
2026-01-17 15:08:46.287 [info] [resolveAuthority(ssh-remote,329)][3003ms] waiting...
2026-01-17 15:08:46.958 [error] [resolveAuthority(ssh-remote,329)][3673ms] returned an error No route to host
2026-01-17 15:09:16.959 [info] [resolveAuthority(ssh-remote,330)][0ms] activating remote resolvers ssh-remote+pi-zero
2026-01-17 15:09:16.960 [info] [resolveAuthority(ssh-remote,330)][1ms] activating resolver for ssh-remote+pi-zero...
2026-01-17 15:09:16.960 [info] [resolveAuthority(ssh-remote,330)][1ms] invoking final resolve()...
2026-01-17 15:09:17.961 [info] [resolveAuthority(ssh-remote,330)][1002ms] waiting...
2026-01-17 15:09:18.962 [info] [resolveAuthority(ssh-remote,330)][2003ms] waiting...
2026-01-17 15:09:19.963 [info] [resolveAuthority(ssh-remote,330)][3004ms] waiting...
2026-01-17 15:09:20.610 [error] [resolveAuthority(ssh-remote,330)][3651ms] returned an error No route to host
2026-01-17 15:09:50.612 [info] [resolveAuthority(ssh-remote,331)][0ms] activating remote resolvers ssh-remote+pi-zero
2026-01-17 15:09:50.612 [info] [resolveAuthority(ssh-remote,331)][0ms] activating resolver for ssh-remote+pi-zero...
2026-01-17 15:09:50.612 [info] [resolveAuthority(ssh-remote,331)][0ms] invoking final resolve()...
2026-01-17 15:09:51.612 [info] [resolveAuthority(ssh-remote,331)][1000ms] waiting...
2026-01-17 15:09:52.614 [info] [resolveAuthority(ssh-remote,331)][2002ms] waiting...
2026-01-17 15:09:53.615 [info] [resolveAuthority(ssh-remote,331)][3003ms] waiting...
2026-01-17 15:09:54.292 [error] [resolveAuthority(ssh-remote,331)][3680ms] returned an error No route to host
2026-01-17 15:10:24.294 [info] [resolveAuthority(ssh-remote,332)][0ms] activating remote resolvers ssh-remote+pi-zero
2026-01-17 15:10:24.294 [info] [resolveAuthority(ssh-remote,332)][0ms] activating resolver for ssh-remote+pi-zero...
2026-01-17 15:10:24.294 [info] [resolveAuthority(ssh-remote,332)][0ms] invoking final resolve()...
2026-01-17 15:10:25.295 [info] [resolveAuthority(ssh-remote,332)][1001ms] waiting...
2026-01-17 15:10:26.296 [info] [resolveAuthority(ssh-remote,332)][2002ms] waiting...
2026-01-17 15:10:27.297 [info] [resolveAuthority(ssh-remote,332)][3003ms] waiting...
2026-01-17 15:10:27.940 [error] [resolveAuthority(ssh-remote,332)][3646ms] returned an error No route to host
2026-01-17 15:10:57.942 [info] [resolveAuthority(ssh-remote,333)][0ms] activating remote resolvers ssh-remote+pi-zero
2026-01-17 15:10:57.942 [info] [resolveAuthority(ssh-remote,333)][0ms] activating resolver for ssh-remote+pi-zero...
2026-01-17 15:10:57.942 [info] [resolveAuthority(ssh-remote,333)][0ms] invoking final resolve()...
2026-01-17 15:10:58.944 [info] [resolveAuthority(ssh-remote,333)][1002ms] waiting...
2026-01-17 15:10:59.945 [info] [resolveAuthority(ssh-remote,333)][2003ms] waiting...
2026-01-17 15:11:00.945 [info] [resolveAuthority(ssh-remote,333)][3003ms] waiting...
2026-01-17 15:11:01.617 [error] [resolveAuthority(ssh-remote,333)][3675ms] returned an error No route to host
2026-01-17 15:11:31.619 [info] [resolveAuthority(ssh-remote,334)][0ms] activating remote resolvers ssh-remote+pi-zero
2026-01-17 15:11:31.619 [info] [resolveAuthority(ssh-remote,334)][0ms] activating resolver for ssh-remote+pi-zero...
2026-01-17 15:11:31.619 [info] [resolveAuthority(ssh-remote,334)][0ms] invoking final resolve()...
2026-01-17 15:11:32.620 [info] [resolveAuthority(ssh-remote,334)][1001ms] waiting...
2026-01-17 15:11:33.621 [info] [resolveAuthority(ssh-remote,334)][2002ms] waiting...
2026-01-17 15:11:34.622 [info] [resolveAuthority(ssh-remote,334)][3003ms] waiting...
2026-01-17 15:11:35.271 [error] [resolveAuthority(ssh-remote,334)][3652ms] returned an error No route to host
2026-01-17 15:12:05.272 [info] [resolveAuthority(ssh-remote,335)][0ms] activating remote resolvers ssh-remote+pi-zero
2026-01-17 15:12:05.273 [info] [resolveAuthority(ssh-remote,335)][0ms] activating resolver for ssh-remote+pi-zero...
2026-01-17 15:12:05.273 [info] [resolveAuthority(ssh-remote,335)][1ms] invoking final resolve()...
2026-01-17 15:12:06.273 [info] [resolveAuthority(ssh-remote,335)][1001ms] waiting...
2026-01-17 15:12:07.274 [info] [resolveAuthority(ssh-remote,335)][2002ms] waiting...
2026-01-17 15:12:08.274 [info] [resolveAuthority(ssh-remote,335)][3002ms] waiting...
2026-01-17 15:12:09.276 [info] [resolveAuthority(ssh-remote,335)][4004ms] waiting...
2026-01-17 15:12:10.277 [info] [resolveAuthority(ssh-remote,335)][5005ms] waiting...
2026-01-17 15:12:11.278 [info] [resolveAuthority(ssh-remote,335)][6006ms] waiting...
2026-01-17 15:12:12.015 [error] [resolveAuthority(ssh-remote,335)][6743ms] returned an error No route to host
2026-01-17 15:12:42.017 [info] [resolveAuthority(ssh-remote,336)][0ms] activating remote resolvers ssh-remote+pi-zero
2026-01-17 15:12:42.017 [info] [resolveAuthority(ssh-remote,336)][0ms] activating resolver for ssh-remote+pi-zero...
2026-01-17 15:12:42.017 [info] [resolveAuthority(ssh-remote,336)][0ms] invoking final resolve()...
2026-01-17 15:12:43.019 [info] [resolveAuthority(ssh-remote,336)][1002ms] waiting...
2026-01-17 15:12:44.020 [info] [resolveAuthority(ssh-remote,336)][2003ms] waiting...
2026-01-17 15:12:45.021 [info] [resolveAuthority(ssh-remote,336)][3004ms] waiting...
2026-01-17 15:12:45.684 [error] [resolveAuthority(ssh-remote,336)][3667ms] returned an error No route to host
2026-01-17 15:13:15.686 [info] [resolveAuthority(ssh-remote,337)][0ms] activating remote resolvers ssh-remote+pi-zero
2026-01-17 15:13:15.686 [info] [resolveAuthority(ssh-remote,337)][0ms] activating resolver for ssh-remote+pi-zero...
2026-01-17 15:13:15.686 [info] [resolveAuthority(ssh-remote,337)][0ms] invoking final resolve()...
2026-01-17 15:13:16.687 [info] [resolveAuthority(ssh-remote,337)][1001ms] waiting...
2026-01-17 15:13:17.688 [info] [resolveAuthority(ssh-remote,337)][2002ms] waiting...
2026-01-17 15:13:18.687 [info] [resolveAuthority(ssh-remote,337)][3001ms] waiting...
2026-01-17 15:13:19.340 [error] [resolveAuthority(ssh-remote,337)][3654ms] returned an error No route to host
2026-01-17 15:13:49.342 [info] [resolveAuthority(ssh-remote,338)][0ms] activating remote resolvers ssh-remote+pi-zero
2026-01-17 15:13:49.342 [info] [resolveAuthority(ssh-remote,338)][0ms] activating resolver for ssh-remote+pi-zero...
2026-01-17 15:13:49.342 [info] [resolveAuthority(ssh-remote,338)][0ms] invoking final resolve()...
2026-01-17 15:13:50.343 [info] [resolveAuthority(ssh-remote,338)][1001ms] waiting...
2026-01-17 15:13:51.343 [info] [resolveAuthority(ssh-remote,338)][2001ms] waiting...
2026-01-17 15:13:52.344 [info] [resolveAuthority(ssh-remote,338)][3002ms] waiting...
2026-01-17 15:13:53.011 [error] [resolveAuthority(ssh-remote,338)][3669ms] returned an error No route to host
2026-01-17 15:14:23.013 [info] [resolveAuthority(ssh-remote,339)][0ms] activating remote resolvers ssh-remote+pi-zero
2026-01-17 15:14:23.013 [info] [resolveAuthority(ssh-remote,339)][0ms] activating resolver for ssh-remote+pi-zero...
2026-01-17 15:14:23.013 [info] [resolveAuthority(ssh-remote,339)][0ms] invoking final resolve()...
2026-01-17 15:14:24.014 [info] [resolveAuthority(ssh-remote,339)][1001ms] waiting...
2026-01-17 15:14:25.015 [info] [resolveAuthority(ssh-remote,339)][2002ms] waiting...
2026-01-17 15:14:26.017 [info] [resolveAuthority(ssh-remote,339)][3004ms] waiting...
2026-01-17 15:14:26.663 [error] [resolveAuthority(ssh-remote,339)][3650ms] returned an error No route to host
2026-01-17 15:14:56.665 [info] [resolveAuthority(ssh-remote,340)][0ms] activating remote resolvers ssh-remote+pi-zero
2026-01-17 15:14:56.665 [info] [resolveAuthority(ssh-remote,340)][0ms] activating resolver for ssh-remote+pi-zero...
2026-01-17 15:14:56.665 [info] [resolveAuthority(ssh-remote,340)][0ms] invoking final resolve()...
2026-01-17 15:14:57.666 [info] [resolveAuthority(ssh-remote,340)][1001ms] waiting...
2026-01-17 15:14:58.667 [info] [resolveAuthority(ssh-remote,340)][2002ms] waiting...
2026-01-17 15:14:59.668 [info] [resolveAuthority(ssh-remote,340)][3003ms] waiting...
2026-01-17 15:15:00.342 [error] [resolveAuthority(ssh-remote,340)][3677ms] returned an error No route to host
2026-01-17 15:15:30.344 [info] [resolveAuthority(ssh-remote,341)][0ms] activating remote resolvers ssh-remote+pi-zero
2026-01-17 15:15:30.344 [info] [resolveAuthority(ssh-remote,341)][0ms] activating resolver for ssh-remote+pi-zero...
2026-01-17 15:15:30.344 [info] [resolveAuthority(ssh-remote,341)][0ms] invoking final resolve()...
2026-01-17 15:15:31.345 [info] [resolveAuthority(ssh-remote,341)][1001ms] waiting...
2026-01-17 15:15:32.346 [info] [resolveAuthority(ssh-remote,341)][2002ms] waiting...
2026-01-17 15:15:33.347 [info] [resolveAuthority(ssh-remote,341)][3003ms] waiting...
2026-01-17 15:15:33.991 [error] [resolveAuthority(ssh-remote,341)][3647ms] returned an error No route to host
2026-01-17 15:16:04.002 [info] [resolveAuthority(ssh-remote,342)][0ms] activating remote resolvers ssh-remote+pi-zero
2026-01-17 15:16:04.002 [info] [resolveAuthority(ssh-remote,342)][0ms] activating resolver for ssh-remote+pi-zero...
2026-01-17 15:16:04.003 [info] [resolveAuthority(ssh-remote,342)][1ms] invoking final resolve()...
2026-01-17 15:16:05.004 [info] [resolveAuthority(ssh-remote,342)][1002ms] waiting...
2026-01-17 15:16:06.004 [info] [resolveAuthority(ssh-remote,342)][2002ms] waiting...
2026-01-17 15:16:07.005 [info] [resolveAuthority(ssh-remote,342)][3003ms] waiting...
2026-01-17 15:16:07.667 [error] [resolveAuthority(ssh-remote,342)][3665ms] returned an error No route to host
2026-01-17 15:16:37.669 [info] [resolveAuthority(ssh-remote,343)][0ms] activating remote resolvers ssh-remote+pi-zero
2026-01-17 15:16:37.669 [info] [resolveAuthority(ssh-remote,343)][0ms] activating resolver for ssh-remote+pi-zero...
2026-01-17 15:16:37.669 [info] [resolveAuthority(ssh-remote,343)][0ms] invoking final resolve()...
2026-01-17 15:16:38.671 [info] [resolveAuthority(ssh-remote,343)][1002ms] waiting...
2026-01-17 15:16:39.672 [info] [resolveAuthority(ssh-remote,343)][2003ms] waiting...
2026-01-17 15:16:40.673 [info] [resolveAuthority(ssh-remote,343)][3004ms] waiting...
2026-01-17 15:16:41.319 [error] [resolveAuthority(ssh-remote,343)][3650ms] returned an error No route to host
2026-01-17 15:17:11.321 [info] [resolveAuthority(ssh-remote,344)][0ms] activating remote resolvers ssh-remote+pi-zero
2026-01-17 15:17:11.321 [info] [resolveAuthority(ssh-remote,344)][0ms] activating resolver for ssh-remote+pi-zero...
2026-01-17 15:17:11.321 [info] [resolveAuthority(ssh-remote,344)][0ms] invoking final resolve()...
2026-01-17 15:17:12.321 [info] [resolveAuthority(ssh-remote,344)][1000ms] waiting...
2026-01-17 15:17:13.322 [info] [resolveAuthority(ssh-remote,344)][2001ms] waiting...
2026-01-17 15:17:14.324 [info] [resolveAuthority(ssh-remote,344)][3003ms] waiting...
2026-01-17 15:17:15.003 [error] [resolveAuthority(ssh-remote,344)][3682ms] returned an error No route to host
2026-01-17 15:17:45.005 [info] [resolveAuthority(ssh-remote,345)][0ms] activating remote resolvers ssh-remote+pi-zero
2026-01-17 15:17:45.005 [info] [resolveAuthority(ssh-remote,345)][0ms] activating resolver for ssh-remote+pi-zero...
2026-01-17 15:17:45.005 [info] [resolveAuthority(ssh-remote,345)][0ms] invoking final resolve()...
2026-01-17 15:17:46.005 [info] [resolveAuthority(ssh-remote,345)][1000ms] waiting...
2026-01-17 15:17:47.006 [info] [resolveAuthority(ssh-remote,345)][2001ms] waiting...
2026-01-17 15:17:48.007 [info] [resolveAuthority(ssh-remote,345)][3002ms] waiting...
2026-01-17 15:17:48.647 [error] [resolveAuthority(ssh-remote,345)][3642ms] returned an error No route to host
2026-01-17 15:18:18.650 [info] [resolveAuthority(ssh-remote,346)][0ms] activating remote resolvers ssh-remote+pi-zero
2026-01-17 15:18:18.650 [info] [resolveAuthority(ssh-remote,346)][0ms] activating resolver for ssh-remote+pi-zero...
2026-01-17 15:18:18.650 [info] [resolveAuthority(ssh-remote,346)][0ms] invoking final resolve()...
2026-01-17 15:18:19.651 [info] [resolveAuthority(ssh-remote,346)][1001ms] waiting...
2026-01-17 15:18:20.652 [info] [resolveAuthority(ssh-remote,346)][2002ms] waiting...
2026-01-17 15:18:21.653 [info] [resolveAuthority(ssh-remote,346)][3003ms] waiting...
2026-01-17 15:18:22.325 [error] [resolveAuthority(ssh-remote,346)][3674ms] returned an error No route to host
2026-01-17 15:18:52.327 [info] [resolveAuthority(ssh-remote,347)][1ms] activating remote resolvers ssh-remote+pi-zero
2026-01-17 15:18:52.327 [info] [resolveAuthority(ssh-remote,347)][1ms] activating resolver for ssh-remote+pi-zero...
2026-01-17 15:18:52.327 [info] [resolveAuthority(ssh-remote,347)][1ms] invoking final resolve()...
2026-01-17 15:18:53.328 [info] [resolveAuthority(ssh-remote,347)][1002ms] waiting...
2026-01-17 15:18:54.329 [info] [resolveAuthority(ssh-remote,347)][2003ms] waiting...
2026-01-17 15:18:55.330 [info] [resolveAuthority(ssh-remote,347)][3004ms] waiting...
2026-01-17 15:18:55.978 [error] [resolveAuthority(ssh-remote,347)][3652ms] returned an error No route to host
2026-01-17 15:19:25.980 [info] [resolveAuthority(ssh-remote,348)][0ms] activating remote resolvers ssh-remote+pi-zero
2026-01-17 15:19:25.980 [info] [resolveAuthority(ssh-remote,348)][0ms] activating resolver for ssh-remote+pi-zero...
2026-01-17 15:19:25.980 [info] [resolveAuthority(ssh-remote,348)][0ms] invoking final resolve()...
2026-01-17 15:19:26.982 [info] [resolveAuthority(ssh-remote,348)][1002ms] waiting...
2026-01-17 15:19:27.983 [info] [resolveAuthority(ssh-remote,348)][2003ms] waiting...
2026-01-17 15:19:28.984 [info] [resolveAuthority(ssh-remote,348)][3004ms] waiting...
2026-01-17 15:19:29.652 [error] [resolveAuthority(ssh-remote,348)][3672ms] returned an error No route to host
2026-01-17 15:19:59.654 [info] [resolveAuthority(ssh-remote,349)][0ms] activating remote resolvers ssh-remote+pi-zero
2026-01-17 15:19:59.654 [info] [resolveAuthority(ssh-remote,349)][0ms] activating resolver for ssh-remote+pi-zero...
2026-01-17 15:19:59.654 [info] [resolveAuthority(ssh-remote,349)][0ms] invoking final resolve()...
2026-01-17 15:20:00.655 [info] [resolveAuthority(ssh-remote,349)][1001ms] waiting...
2026-01-17 15:20:01.656 [info] [resolveAuthority(ssh-remote,349)][2002ms] waiting...
2026-01-17 15:20:02.657 [info] [resolveAuthority(ssh-remote,349)][3003ms] waiting...
2026-01-17 15:20:03.305 [error] [resolveAuthority(ssh-remote,349)][3651ms] returned an error No route to host
2026-01-17 15:20:33.307 [info] [resolveAuthority(ssh-remote,350)][0ms] activating remote resolvers ssh-remote+pi-zero
2026-01-17 15:20:33.307 [info] [resolveAuthority(ssh-remote,350)][0ms] activating resolver for ssh-remote+pi-zero...
2026-01-17 15:20:33.307 [info] [resolveAuthority(ssh-remote,350)][0ms] invoking final resolve()...
2026-01-17 15:20:34.309 [info] [resolveAuthority(ssh-remote,350)][1002ms] waiting...
2026-01-17 15:20:35.310 [info] [resolveAuthority(ssh-remote,350)][2003ms] waiting...
2026-01-17 15:20:36.310 [info] [resolveAuthority(ssh-remote,350)][3003ms] waiting...
2026-01-17 15:20:36.986 [error] [resolveAuthority(ssh-remote,350)][3679ms] returned an error No route to host
2026-01-17 15:21:06.988 [info] [resolveAuthority(ssh-remote,351)][0ms] activating remote resolvers ssh-remote+pi-zero
2026-01-17 15:21:06.988 [info] [resolveAuthority(ssh-remote,351)][0ms] activating resolver for ssh-remote+pi-zero...
2026-01-17 15:21:06.988 [info] [resolveAuthority(ssh-remote,351)][0ms] invoking final resolve()...
2026-01-17 15:21:07.988 [info] [resolveAuthority(ssh-remote,351)][1000ms] waiting...
2026-01-17 15:21:08.990 [info] [resolveAuthority(ssh-remote,351)][2002ms] waiting...
2026-01-17 15:21:09.991 [info] [resolveAuthority(ssh-remote,351)][3003ms] waiting...
2026-01-17 15:21:10.639 [error] [resolveAuthority(ssh-remote,351)][3651ms] returned an error No route to host
2026-01-17 15:21:40.642 [info] [resolveAuthority(ssh-remote,352)][0ms] activating remote resolvers ssh-remote+pi-zero
2026-01-17 15:21:40.642 [info] [resolveAuthority(ssh-remote,352)][0ms] activating resolver for ssh-remote+pi-zero...
2026-01-17 15:21:40.642 [info] [resolveAuthority(ssh-remote,352)][0ms] invoking final resolve()...
2026-01-17 15:21:41.642 [info] [resolveAuthority(ssh-remote,352)][1000ms] waiting...
2026-01-17 15:21:42.643 [info] [resolveAuthority(ssh-remote,352)][2001ms] waiting...
2026-01-17 15:21:43.644 [info] [resolveAuthority(ssh-remote,352)][3002ms] waiting...
2026-01-17 15:21:44.314 [error] [resolveAuthority(ssh-remote,352)][3672ms] returned an error No route to host
2026-01-17 15:22:14.316 [info] [resolveAuthority(ssh-remote,353)][0ms] activating remote resolvers ssh-remote+pi-zero
2026-01-17 15:22:14.316 [info] [resolveAuthority(ssh-remote,353)][0ms] activating resolver for ssh-remote+pi-zero...
2026-01-17 15:22:14.316 [info] [resolveAuthority(ssh-remote,353)][0ms] invoking final resolve()...
2026-01-17 15:22:15.317 [info] [resolveAuthority(ssh-remote,353)][1001ms] waiting...
2026-01-17 15:22:16.317 [info] [resolveAuthority(ssh-remote,353)][2001ms] waiting...
2026-01-17 15:22:17.318 [info] [resolveAuthority(ssh-remote,353)][3002ms] waiting...
2026-01-17 15:22:17.963 [error] [resolveAuthority(ssh-remote,353)][3647ms] returned an error No route to host
2026-01-17 15:22:47.965 [info] [resolveAuthority(ssh-remote,354)][0ms] activating remote resolvers ssh-remote+pi-zero
2026-01-17 15:22:47.965 [info] [resolveAuthority(ssh-remote,354)][0ms] activating resolver for ssh-remote+pi-zero...
2026-01-17 15:22:47.965 [info] [resolveAuthority(ssh-remote,354)][0ms] invoking final resolve()...
2026-01-17 15:22:48.967 [info] [resolveAuthority(ssh-remote,354)][1002ms] waiting...
2026-01-17 15:22:49.968 [info] [resolveAuthority(ssh-remote,354)][2003ms] waiting...
2026-01-17 15:22:50.969 [info] [resolveAuthority(ssh-remote,354)][3004ms] waiting...
2026-01-17 15:22:51.640 [error] [resolveAuthority(ssh-remote,354)][3675ms] returned an error No route to host
2026-01-17 15:23:21.642 [info] [resolveAuthority(ssh-remote,355)][0ms] activating remote resolvers ssh-remote+pi-zero
2026-01-17 15:23:21.642 [info] [resolveAuthority(ssh-remote,355)][0ms] activating resolver for ssh-remote+pi-zero...
2026-01-17 15:23:21.642 [info] [resolveAuthority(ssh-remote,355)][0ms] invoking final resolve()...
2026-01-17 15:23:22.643 [info] [resolveAuthority(ssh-remote,355)][1001ms] waiting...
2026-01-17 15:23:23.643 [info] [resolveAuthority(ssh-remote,355)][2001ms] waiting...
2026-01-17 15:23:24.644 [info] [resolveAuthority(ssh-remote,355)][3002ms] waiting...
2026-01-17 15:23:25.296 [error] [resolveAuthority(ssh-remote,355)][3654ms] returned an error No route to host
2026-01-17 15:23:55.298 [info] [resolveAuthority(ssh-remote,356)][0ms] activating remote resolvers ssh-remote+pi-zero
2026-01-17 15:23:55.298 [info] [resolveAuthority(ssh-remote,356)][0ms] activating resolver for ssh-remote+pi-zero...
2026-01-17 15:23:55.298 [info] [resolveAuthority(ssh-remote,356)][0ms] invoking final resolve()...
2026-01-17 15:23:56.300 [info] [resolveAuthority(ssh-remote,356)][1002ms] waiting...
2026-01-17 15:23:57.301 [info] [resolveAuthority(ssh-remote,356)][2003ms] waiting...
2026-01-17 15:23:58.301 [info] [resolveAuthority(ssh-remote,356)][3003ms] waiting...
2026-01-17 15:23:58.970 [error] [resolveAuthority(ssh-remote,356)][3672ms] returned an error No route to host
2026-01-17 15:24:28.972 [info] [resolveAuthority(ssh-remote,357)][0ms] activating remote resolvers ssh-remote+pi-zero
2026-01-17 15:24:28.972 [info] [resolveAuthority(ssh-remote,357)][0ms] activating resolver for ssh-remote+pi-zero...
2026-01-17 15:24:28.972 [info] [resolveAuthority(ssh-remote,357)][0ms] invoking final resolve()...
2026-01-17 15:24:29.973 [info] [resolveAuthority(ssh-remote,357)][1001ms] waiting...
2026-01-17 15:24:30.974 [info] [resolveAuthority(ssh-remote,357)][2002ms] waiting...
2026-01-17 15:24:31.974 [info] [resolveAuthority(ssh-remote,357)][3002ms] waiting...
2026-01-17 15:24:32.624 [error] [resolveAuthority(ssh-remote,357)][3652ms] returned an error No route to host
2026-01-17 15:25:02.626 [info] [resolveAuthority(ssh-remote,358)][0ms] activating remote resolvers ssh-remote+pi-zero
2026-01-17 15:25:02.626 [info] [resolveAuthority(ssh-remote,358)][0ms] activating resolver for ssh-remote+pi-zero...
2026-01-17 15:25:02.626 [info] [resolveAuthority(ssh-remote,358)][0ms] invoking final resolve()...
2026-01-17 15:25:03.626 [info] [resolveAuthority(ssh-remote,358)][1000ms] waiting...
2026-01-17 15:25:04.628 [info] [resolveAuthority(ssh-remote,358)][2002ms] waiting...
2026-01-17 15:25:05.629 [info] [resolveAuthority(ssh-remote,358)][3003ms] waiting...
2026-01-17 15:25:06.290 [error] [resolveAuthority(ssh-remote,358)][3663ms] returned an error No route to host
2026-01-17 15:25:36.291 [info] [resolveAuthority(ssh-remote,359)][0ms] activating remote resolvers ssh-remote+pi-zero
2026-01-17 15:25:36.291 [info] [resolveAuthority(ssh-remote,359)][0ms] activating resolver for ssh-remote+pi-zero...
2026-01-17 15:25:36.292 [info] [resolveAuthority(ssh-remote,359)][1ms] invoking final resolve()...
2026-01-17 15:25:37.293 [info] [resolveAuthority(ssh-remote,359)][1002ms] waiting...
2026-01-17 15:25:38.293 [info] [resolveAuthority(ssh-remote,359)][2002ms] waiting...
2026-01-17 15:25:39.294 [info] [resolveAuthority(ssh-remote,359)][3003ms] waiting...
2026-01-17 15:25:39.953 [error] [resolveAuthority(ssh-remote,359)][3662ms] returned an error No route to host
2026-01-17 15:26:09.955 [info] [resolveAuthority(ssh-remote,360)][0ms] activating remote resolvers ssh-remote+pi-zero
2026-01-17 15:26:09.955 [info] [resolveAuthority(ssh-remote,360)][0ms] activating resolver for ssh-remote+pi-zero...
2026-01-17 15:26:09.955 [info] [resolveAuthority(ssh-remote,360)][0ms] invoking final resolve()...
2026-01-17 15:26:10.955 [info] [resolveAuthority(ssh-remote,360)][1000ms] waiting...
2026-01-17 15:26:11.956 [info] [resolveAuthority(ssh-remote,360)][2001ms] waiting...
2026-01-17 15:26:12.958 [info] [resolveAuthority(ssh-remote,360)][3003ms] waiting...
2026-01-17 15:26:13.618 [error] [resolveAuthority(ssh-remote,360)][3663ms] returned an error No route to host
2026-01-17 15:26:43.620 [info] [resolveAuthority(ssh-remote,361)][0ms] activating remote resolvers ssh-remote+pi-zero
2026-01-17 15:26:43.620 [info] [resolveAuthority(ssh-remote,361)][1ms] activating resolver for ssh-remote+pi-zero...
2026-01-17 15:26:43.620 [info] [resolveAuthority(ssh-remote,361)][1ms] invoking final resolve()...
2026-01-17 15:26:44.620 [info] [resolveAuthority(ssh-remote,361)][1001ms] waiting...
2026-01-17 15:26:45.621 [info] [resolveAuthority(ssh-remote,361)][2002ms] waiting...
2026-01-17 15:26:46.623 [info] [resolveAuthority(ssh-remote,361)][3004ms] waiting...
2026-01-17 15:26:47.288 [error] [resolveAuthority(ssh-remote,361)][3669ms] returned an error No route to host
2026-01-17 15:27:17.290 [info] [resolveAuthority(ssh-remote,362)][0ms] activating remote resolvers ssh-remote+pi-zero
2026-01-17 15:27:17.290 [info] [resolveAuthority(ssh-remote,362)][0ms] activating resolver for ssh-remote+pi-zero...
2026-01-17 15:27:17.290 [info] [resolveAuthority(ssh-remote,362)][0ms] invoking final resolve()...
2026-01-17 15:27:18.292 [info] [resolveAuthority(ssh-remote,362)][1002ms] waiting...
2026-01-17 15:27:19.292 [info] [resolveAuthority(ssh-remote,362)][2002ms] waiting...
2026-01-17 15:27:20.292 [info] [resolveAuthority(ssh-remote,362)][3002ms] waiting...
2026-01-17 15:27:20.949 [error] [resolveAuthority(ssh-remote,362)][3659ms] returned an error No route to host
2026-01-17 15:27:50.951 [info] [resolveAuthority(ssh-remote,363)][0ms] activating remote resolvers ssh-remote+pi-zero
2026-01-17 15:27:50.951 [info] [resolveAuthority(ssh-remote,363)][0ms] activating resolver for ssh-remote+pi-zero...
2026-01-17 15:27:50.951 [info] [resolveAuthority(ssh-remote,363)][0ms] invoking final resolve()...
2026-01-17 15:27:51.951 [info] [resolveAuthority(ssh-remote,363)][1000ms] waiting...
2026-01-17 15:27:52.952 [info] [resolveAuthority(ssh-remote,363)][2001ms] waiting...
2026-01-17 15:27:53.953 [info] [resolveAuthority(ssh-remote,363)][3002ms] waiting...
2026-01-17 15:27:54.620 [error] [resolveAuthority(ssh-remote,363)][3669ms] returned an error No route to host
2026-01-17 15:28:24.622 [info] [resolveAuthority(ssh-remote,364)][0ms] activating remote resolvers ssh-remote+pi-zero
2026-01-17 15:28:24.622 [info] [resolveAuthority(ssh-remote,364)][0ms] activating resolver for ssh-remote+pi-zero...
2026-01-17 15:28:24.622 [info] [resolveAuthority(ssh-remote,364)][0ms] invoking final resolve()...
2026-01-17 15:28:25.624 [info] [resolveAuthority(ssh-remote,364)][1002ms] waiting...
2026-01-17 15:28:26.624 [info] [resolveAuthority(ssh-remote,364)][2002ms] waiting...
2026-01-17 15:28:27.625 [info] [resolveAuthority(ssh-remote,364)][3003ms] waiting...
2026-01-17 15:28:28.275 [error] [resolveAuthority(ssh-remote,364)][3653ms] returned an error No route to host
