2026-01-22 18:16:48.633 [info] Extension host with pid 30213 started
2026-01-22 18:16:48.633 [info] [resolveAuthority(ssh-remote,1)][0ms] activating remote resolvers ssh-remote+pi-zero
2026-01-22 18:16:48.633 [info] [resolveAuthority(ssh-remote,1)][0ms] activating resolver for ssh-remote+pi-zero...
2026-01-22 18:16:48.639 [info] ExtensionService#_doActivateExtension ms-vscode-remote.remote-ssh, startup: false, activationEvent: 'onResolveRemoteAuthority:ssh-remote'
2026-01-22 18:16:48.681 [error] PendingMigrationError: navigator is now a global in nodejs, please see https://aka.ms/vscode-extensions/navigator for additional info on this error.
    at get (file:///opt/visual-studio-code/resources/app/out/vs/workbench/api/node/extensionHostProcess.js:402:6611)
    at Object.<anonymous> (/home/bryan/.vscode/extensions/ms-vscode-remote.remote-ssh-0.120.0/out/extension.js:2:486184)
    at 19534 (/home/bryan/.vscode/extensions/ms-vscode-remote.remote-ssh-0.120.0/out/extension.js:2:504894)
    at r (/home/bryan/.vscode/extensions/ms-vscode-remote.remote-ssh-0.120.0/out/extension.js:2:1108387)
    at 92839 (/home/bryan/.vscode/extensions/ms-vscode-remote.remote-ssh-0.120.0/out/extension.js:2:466959)
    at r (/home/bryan/.vscode/extensions/ms-vscode-remote.remote-ssh-0.120.0/out/extension.js:2:1108387)
    at 49424 (/home/bryan/.vscode/extensions/ms-vscode-remote.remote-ssh-0.120.0/out/extension.js:2:465816)
    at r (/home/bryan/.vscode/extensions/ms-vscode-remote.remote-ssh-0.120.0/out/extension.js:2:1108387)
    at 17130 (/home/bryan/.vscode/extensions/ms-vscode-remote.remote-ssh-0.120.0/out/extension.js:2:596135)
    at r (/home/bryan/.vscode/extensions/ms-vscode-remote.remote-ssh-0.120.0/out/extension.js:2:1108387)
    at 87631 (/home/bryan/.vscode/extensions/ms-vscode-remote.remote-ssh-0.120.0/out/extension.js:2:576866)
    at r (/home/bryan/.vscode/extensions/ms-vscode-remote.remote-ssh-0.120.0/out/extension.js:2:1108387)
    at 65861 (/home/bryan/.vscode/extensions/ms-vscode-remote.remote-ssh-0.120.0/out/extension.js:2:600705)
    at r (/home/bryan/.vscode/extensions/ms-vscode-remote.remote-ssh-0.120.0/out/extension.js:2:1108387)
    at 91577 (/home/bryan/.vscode/extensions/ms-vscode-remote.remote-ssh-0.120.0/out/extension.js:2:856974)
    at r (/home/bryan/.vscode/extensions/ms-vscode-remote.remote-ssh-0.120.0/out/extension.js:2:1108387)
    at 94111 (/home/bryan/.vscode/extensions/ms-vscode-remote.remote-ssh-0.120.0/out/extension.js:2:819912)
    at r (/home/bryan/.vscode/extensions/ms-vscode-remote.remote-ssh-0.120.0/out/extension.js:2:1108387)
    at 35187 (/home/bryan/.vscode/extensions/ms-vscode-remote.remote-ssh-0.120.0/out/extension.js:2:690327)
    at r (/home/bryan/.vscode/extensions/ms-vscode-remote.remote-ssh-0.120.0/out/extension.js:2:1108387)
    at 64417 (/home/bryan/.vscode/extensions/ms-vscode-remote.remote-ssh-0.120.0/out/extension.js:2:846572)
    at r (/home/bryan/.vscode/extensions/ms-vscode-remote.remote-ssh-0.120.0/out/extension.js:2:1108387)
    at 24847 (/home/bryan/.vscode/extensions/ms-vscode-remote.remote-ssh-0.120.0/out/extension.js:2:828930)
    at r (/home/bryan/.vscode/extensions/ms-vscode-remote.remote-ssh-0.120.0/out/extension.js:2:1108387)
    at 54788 (/home/bryan/.vscode/extensions/ms-vscode-remote.remote-ssh-0.120.0/out/extension.js:2:788284)
    at r (/home/bryan/.vscode/extensions/ms-vscode-remote.remote-ssh-0.120.0/out/extension.js:2:1108387)
    at 30729 (/home/bryan/.vscode/extensions/ms-vscode-remote.remote-ssh-0.120.0/out/extension.js:2:682648)
    at r (/home/bryan/.vscode/extensions/ms-vscode-remote.remote-ssh-0.120.0/out/extension.js:2:1108387)
    at 24430 (/home/bryan/.vscode/extensions/ms-vscode-remote.remote-ssh-0.120.0/out/extension.js:2:837945)
    at r (/home/bryan/.vscode/extensions/ms-vscode-remote.remote-ssh-0.120.0/out/extension.js:2:1108387)
    at 52584 (/home/bryan/.vscode/extensions/ms-vscode-remote.remote-ssh-0.120.0/out/extension.js:2:811300)
    at r (/home/bryan/.vscode/extensions/ms-vscode-remote.remote-ssh-0.120.0/out/extension.js:2:1108387)
    at 69480 (/home/bryan/.vscode/extensions/ms-vscode-remote.remote-ssh-0.120.0/out/extension.js:2:800490)
    at r (/home/bryan/.vscode/extensions/ms-vscode-remote.remote-ssh-0.120.0/out/extension.js:2:1108387)
    at 71535 (/home/bryan/.vscode/extensions/ms-vscode-remote.remote-ssh-0.120.0/out/extension.js:2:680397)
    at r (/home/bryan/.vscode/extensions/ms-vscode-remote.remote-ssh-0.120.0/out/extension.js:2:1108387)
    at /home/bryan/.vscode/extensions/ms-vscode-remote.remote-ssh-0.120.0/out/extension.js:2:1109251
    at /home/bryan/.vscode/extensions/ms-vscode-remote.remote-ssh-0.120.0/out/extension.js:2:1117584
    at Object.<anonymous> (/home/bryan/.vscode/extensions/ms-vscode-remote.remote-ssh-0.120.0/out/extension.js:2:1117690)
    at Module._compile (node:internal/modules/cjs/loader:1714:14)
    at Module._extensions..js (node:internal/modules/cjs/loader:1848:10)
    at Module.load (node:internal/modules/cjs/loader:1448:32)
    at Module._load (node:internal/modules/cjs/loader:1270:12)
    at c._load (node:electron/js2c/node_init:2:17993)
    at e._load (file:///opt/visual-studio-code/resources/app/out/vs/workbench/api/node/extensionHostProcess.js:402:5984)
    at t._load (file:///opt/visual-studio-code/resources/app/out/vs/workbench/api/node/extensionHostProcess.js:220:22582)
    at r._load (file:///opt/visual-studio-code/resources/app/out/vs/workbench/api/node/extensionHostProcess.js:212:24094)
    at TracingChannel.traceSync (node:diagnostics_channel:322:14)
    at wrapModuleLoad (node:internal/modules/cjs/loader:244:24)
    at Module.require (node:internal/modules/cjs/loader:1470:12)
    at require (node:internal/modules/helpers:147:16)
    at kX.Cb (file:///opt/visual-studio-code/resources/app/out/vs/workbench/api/node/extensionHostProcess.js:251:1253)
2026-01-22 18:16:48.757 [error] PendingMigrationError: navigator is now a global in nodejs, please see https://aka.ms/vscode-extensions/navigator for additional info on this error.
    at get (file:///opt/visual-studio-code/resources/app/out/vs/workbench/api/node/extensionHostProcess.js:402:6611)
    at g (/home/bryan/.vscode/extensions/ms-vscode-remote.remote-ssh-0.120.0/out/extension.js:2:283829)
    at /home/bryan/.vscode/extensions/ms-vscode-remote.remote-ssh-0.120.0/out/extension.js:2:283674
    at r (/home/bryan/.vscode/extensions/ms-vscode-remote.remote-ssh-0.120.0/out/extension.js:2:285048)
    at /home/bryan/.vscode/extensions/ms-vscode-remote.remote-ssh-0.120.0/out/extension.js:2:285217
    at Object.get (/home/bryan/.vscode/extensions/ms-vscode-remote.remote-ssh-0.120.0/out/extension.js:2:284567)
    at _ (/home/bryan/.vscode/extensions/ms-vscode-remote.remote-ssh-0.120.0/out/extension.js:2:284134)
    at O (/home/bryan/.vscode/extensions/ms-vscode-remote.remote-ssh-0.120.0/out/extension.js:2:229826)
    at /home/bryan/.vscode/extensions/ms-vscode-remote.remote-ssh-0.120.0/out/extension.js:2:163430
    at Object.p [as use] (/home/bryan/.vscode/extensions/ms-vscode-remote.remote-ssh-0.120.0/out/extension.js:2:205291)
    at /home/bryan/.vscode/extensions/ms-vscode-remote.remote-ssh-0.120.0/out/extension.js:2:206959
    at s.<computed> [as watch] (/home/bryan/.vscode/extensions/ms-vscode-remote.remote-ssh-0.120.0/out/extension.js:2:206970)
    at B (/home/bryan/.vscode/extensions/ms-vscode-remote.remote-ssh-0.120.0/out/extension.js:2:207589)
    at e.<computed> [as initialize] (/home/bryan/.vscode/extensions/ms-vscode-remote.remote-ssh-0.120.0/out/extension.js:2:162741)
    at e.n [as initialize] (/home/bryan/.vscode/extensions/ms-vscode-remote.remote-ssh-0.120.0/out/extension.js:2:275397)
    at /home/bryan/.vscode/extensions/ms-vscode-remote.remote-ssh-0.120.0/out/extension.js:2:170519
    at g (/home/bryan/.vscode/extensions/ms-vscode-remote.remote-ssh-0.120.0/out/extension.js:2:239634)
    at e.<computed> [as initialize] (/home/bryan/.vscode/extensions/ms-vscode-remote.remote-ssh-0.120.0/out/extension.js:2:169778)
    at t.n [as initialize] (/home/bryan/.vscode/extensions/ms-vscode-remote.remote-ssh-0.120.0/out/extension.js:2:275397)
    at Array.<anonymous> (/home/bryan/.vscode/extensions/ms-vscode-remote.remote-ssh-0.120.0/out/extension.js:2:244943)
    at o (/home/bryan/.vscode/extensions/ms-vscode-remote.remote-ssh-0.120.0/out/extension.js:2:280977)
    at u (/home/bryan/.vscode/extensions/ms-vscode-remote.remote-ssh-0.120.0/out/extension.js:2:244904)
    at ge (/home/bryan/.vscode/extensions/ms-vscode-remote.remote-ssh-0.120.0/out/extension.js:2:213632)
    at e.<computed> (/home/bryan/.vscode/extensions/ms-vscode-remote.remote-ssh-0.120.0/out/extension.js:2:216146)
    at Object.initialize (/home/bryan/.vscode/extensions/ms-vscode-remote.remote-ssh-0.120.0/out/extension.js:2:276131)
    at /home/bryan/.vscode/extensions/ms-vscode-remote.remote-ssh-0.120.0/out/extension.js:2:140366
    at g (/home/bryan/.vscode/extensions/ms-vscode-remote.remote-ssh-0.120.0/out/extension.js:2:239634)
    at e.<computed> [as initialize] (/home/bryan/.vscode/extensions/ms-vscode-remote.remote-ssh-0.120.0/out/extension.js:2:140291)
    at t.n [as initialize] (/home/bryan/.vscode/extensions/ms-vscode-remote.remote-ssh-0.120.0/out/extension.js:2:275397)
    at /home/bryan/.vscode/extensions/ms-vscode-remote.remote-ssh-0.120.0/out/extension.js:2:339701
    at async t.oneDataSystemClientFactory (/home/bryan/.vscode/extensions/ms-vscode-remote.remote-ssh-0.120.0/out/extension.js:2:339100)
2026-01-22 18:16:48.758 [info] [resolveAuthority(ssh-remote,1)][127ms] invoking final resolve()...
2026-01-22 18:16:49.758 [info] [resolveAuthority(ssh-remote,1)][1127ms] waiting...
2026-01-22 18:16:50.760 [info] [resolveAuthority(ssh-remote,1)][2129ms] waiting...
2026-01-22 18:16:51.761 [info] [resolveAuthority(ssh-remote,1)][3130ms] waiting...
2026-01-22 18:16:52.762 [info] [resolveAuthority(ssh-remote,1)][4131ms] waiting...
2026-01-22 18:16:53.762 [info] [resolveAuthority(ssh-remote,1)][5131ms] waiting...
2026-01-22 18:16:54.764 [info] [resolveAuthority(ssh-remote,1)][6133ms] waiting...
2026-01-22 18:16:55.765 [info] [resolveAuthority(ssh-remote,1)][7134ms] waiting...
2026-01-22 18:16:56.765 [info] [resolveAuthority(ssh-remote,1)][8134ms] waiting...
2026-01-22 18:16:57.766 [info] [resolveAuthority(ssh-remote,1)][9135ms] waiting...
2026-01-22 18:16:58.767 [info] [resolveAuthority(ssh-remote,1)][10136ms] waiting...
2026-01-22 18:16:59.768 [info] [resolveAuthority(ssh-remote,1)][11137ms] waiting...
2026-01-22 18:16:59.917 [info] [resolveAuthority(ssh-remote,1)][11286ms] setting tunnel factory...
2026-01-22 18:16:59.918 [info] [resolveAuthority(ssh-remote,1)][11286ms] returned 127.0.0.1:36161
2026-01-22 18:17:02.365 [info] Eager extensions activated
2026-01-22 18:17:02.450 [info] ExtensionService#_doActivateExtension vscode.github-authentication, startup: false, activationEvent: 'onAuthenticationRequest:github'
2026-01-22 18:17:10.595 [info] ExtensionService#_doActivateExtension ms-vscode.remote-explorer, startup: false, activationEvent: 'onView:remoteTargets'
2026-01-22 18:17:15.981 [info] Extension host terminating: renderer closed the MessagePort
2026-01-22 18:17:15.987 [info] Extension host with pid 30213 exiting with code 0
2026-01-22 18:17:16.741 [info] Extension host with pid 30443 started
2026-01-22 18:17:16.741 [info] Skipping acquiring lock for /home/bryan/.config/Code/User/workspaceStorage/71db83a047e452e1780849dcc45a02d6.
2026-01-22 18:17:16.741 [info] $getCanonicalURI invoked for authority (ssh-remote)
2026-01-22 18:17:16.746 [info] ExtensionService#_doActivateExtension ms-vscode-remote.remote-ssh, startup: false, activationEvent: 'onResolveRemoteAuthority:ssh-remote'
2026-01-22 18:17:16.787 [error] PendingMigrationError: navigator is now a global in nodejs, please see https://aka.ms/vscode-extensions/navigator for additional info on this error.
    at get (file:///opt/visual-studio-code/resources/app/out/vs/workbench/api/node/extensionHostProcess.js:402:6611)
    at Object.<anonymous> (/home/bryan/.vscode/extensions/ms-vscode-remote.remote-ssh-0.120.0/out/extension.js:2:486184)
    at 19534 (/home/bryan/.vscode/extensions/ms-vscode-remote.remote-ssh-0.120.0/out/extension.js:2:504894)
    at r (/home/bryan/.vscode/extensions/ms-vscode-remote.remote-ssh-0.120.0/out/extension.js:2:1108387)
    at 92839 (/home/bryan/.vscode/extensions/ms-vscode-remote.remote-ssh-0.120.0/out/extension.js:2:466959)
    at r (/home/bryan/.vscode/extensions/ms-vscode-remote.remote-ssh-0.120.0/out/extension.js:2:1108387)
    at 49424 (/home/bryan/.vscode/extensions/ms-vscode-remote.remote-ssh-0.120.0/out/extension.js:2:465816)
    at r (/home/bryan/.vscode/extensions/ms-vscode-remote.remote-ssh-0.120.0/out/extension.js:2:1108387)
    at 17130 (/home/bryan/.vscode/extensions/ms-vscode-remote.remote-ssh-0.120.0/out/extension.js:2:596135)
    at r (/home/bryan/.vscode/extensions/ms-vscode-remote.remote-ssh-0.120.0/out/extension.js:2:1108387)
    at 87631 (/home/bryan/.vscode/extensions/ms-vscode-remote.remote-ssh-0.120.0/out/extension.js:2:576866)
    at r (/home/bryan/.vscode/extensions/ms-vscode-remote.remote-ssh-0.120.0/out/extension.js:2:1108387)
    at 65861 (/home/bryan/.vscode/extensions/ms-vscode-remote.remote-ssh-0.120.0/out/extension.js:2:600705)
    at r (/home/bryan/.vscode/extensions/ms-vscode-remote.remote-ssh-0.120.0/out/extension.js:2:1108387)
    at 91577 (/home/bryan/.vscode/extensions/ms-vscode-remote.remote-ssh-0.120.0/out/extension.js:2:856974)
    at r (/home/bryan/.vscode/extensions/ms-vscode-remote.remote-ssh-0.120.0/out/extension.js:2:1108387)
    at 94111 (/home/bryan/.vscode/extensions/ms-vscode-remote.remote-ssh-0.120.0/out/extension.js:2:819912)
    at r (/home/bryan/.vscode/extensions/ms-vscode-remote.remote-ssh-0.120.0/out/extension.js:2:1108387)
    at 35187 (/home/bryan/.vscode/extensions/ms-vscode-remote.remote-ssh-0.120.0/out/extension.js:2:690327)
    at r (/home/bryan/.vscode/extensions/ms-vscode-remote.remote-ssh-0.120.0/out/extension.js:2:1108387)
    at 64417 (/home/bryan/.vscode/extensions/ms-vscode-remote.remote-ssh-0.120.0/out/extension.js:2:846572)
    at r (/home/bryan/.vscode/extensions/ms-vscode-remote.remote-ssh-0.120.0/out/extension.js:2:1108387)
    at 24847 (/home/bryan/.vscode/extensions/ms-vscode-remote.remote-ssh-0.120.0/out/extension.js:2:828930)
    at r (/home/bryan/.vscode/extensions/ms-vscode-remote.remote-ssh-0.120.0/out/extension.js:2:1108387)
    at 54788 (/home/bryan/.vscode/extensions/ms-vscode-remote.remote-ssh-0.120.0/out/extension.js:2:788284)
    at r (/home/bryan/.vscode/extensions/ms-vscode-remote.remote-ssh-0.120.0/out/extension.js:2:1108387)
    at 30729 (/home/bryan/.vscode/extensions/ms-vscode-remote.remote-ssh-0.120.0/out/extension.js:2:682648)
    at r (/home/bryan/.vscode/extensions/ms-vscode-remote.remote-ssh-0.120.0/out/extension.js:2:1108387)
    at 24430 (/home/bryan/.vscode/extensions/ms-vscode-remote.remote-ssh-0.120.0/out/extension.js:2:837945)
    at r (/home/bryan/.vscode/extensions/ms-vscode-remote.remote-ssh-0.120.0/out/extension.js:2:1108387)
    at 52584 (/home/bryan/.vscode/extensions/ms-vscode-remote.remote-ssh-0.120.0/out/extension.js:2:811300)
    at r (/home/bryan/.vscode/extensions/ms-vscode-remote.remote-ssh-0.120.0/out/extension.js:2:1108387)
    at 69480 (/home/bryan/.vscode/extensions/ms-vscode-remote.remote-ssh-0.120.0/out/extension.js:2:800490)
    at r (/home/bryan/.vscode/extensions/ms-vscode-remote.remote-ssh-0.120.0/out/extension.js:2:1108387)
    at 71535 (/home/bryan/.vscode/extensions/ms-vscode-remote.remote-ssh-0.120.0/out/extension.js:2:680397)
    at r (/home/bryan/.vscode/extensions/ms-vscode-remote.remote-ssh-0.120.0/out/extension.js:2:1108387)
    at /home/bryan/.vscode/extensions/ms-vscode-remote.remote-ssh-0.120.0/out/extension.js:2:1109251
    at /home/bryan/.vscode/extensions/ms-vscode-remote.remote-ssh-0.120.0/out/extension.js:2:1117584
    at Object.<anonymous> (/home/bryan/.vscode/extensions/ms-vscode-remote.remote-ssh-0.120.0/out/extension.js:2:1117690)
    at Module._compile (node:internal/modules/cjs/loader:1714:14)
    at Module._extensions..js (node:internal/modules/cjs/loader:1848:10)
    at Module.load (node:internal/modules/cjs/loader:1448:32)
    at Module._load (node:internal/modules/cjs/loader:1270:12)
    at c._load (node:electron/js2c/node_init:2:17993)
    at e._load (file:///opt/visual-studio-code/resources/app/out/vs/workbench/api/node/extensionHostProcess.js:402:5984)
    at t._load (file:///opt/visual-studio-code/resources/app/out/vs/workbench/api/node/extensionHostProcess.js:220:22582)
    at r._load (file:///opt/visual-studio-code/resources/app/out/vs/workbench/api/node/extensionHostProcess.js:212:24094)
    at TracingChannel.traceSync (node:diagnostics_channel:322:14)
    at wrapModuleLoad (node:internal/modules/cjs/loader:244:24)
    at Module.require (node:internal/modules/cjs/loader:1470:12)
    at require (node:internal/modules/helpers:147:16)
    at kX.Cb (file:///opt/visual-studio-code/resources/app/out/vs/workbench/api/node/extensionHostProcess.js:251:1253)
2026-01-22 18:17:16.864 [error] PendingMigrationError: navigator is now a global in nodejs, please see https://aka.ms/vscode-extensions/navigator for additional info on this error.
    at get (file:///opt/visual-studio-code/resources/app/out/vs/workbench/api/node/extensionHostProcess.js:402:6611)
    at g (/home/bryan/.vscode/extensions/ms-vscode-remote.remote-ssh-0.120.0/out/extension.js:2:283829)
    at /home/bryan/.vscode/extensions/ms-vscode-remote.remote-ssh-0.120.0/out/extension.js:2:283674
    at r (/home/bryan/.vscode/extensions/ms-vscode-remote.remote-ssh-0.120.0/out/extension.js:2:285048)
    at /home/bryan/.vscode/extensions/ms-vscode-remote.remote-ssh-0.120.0/out/extension.js:2:285217
    at Object.get (/home/bryan/.vscode/extensions/ms-vscode-remote.remote-ssh-0.120.0/out/extension.js:2:284567)
    at _ (/home/bryan/.vscode/extensions/ms-vscode-remote.remote-ssh-0.120.0/out/extension.js:2:284134)
    at O (/home/bryan/.vscode/extensions/ms-vscode-remote.remote-ssh-0.120.0/out/extension.js:2:229826)
    at /home/bryan/.vscode/extensions/ms-vscode-remote.remote-ssh-0.120.0/out/extension.js:2:163430
    at Object.p [as use] (/home/bryan/.vscode/extensions/ms-vscode-remote.remote-ssh-0.120.0/out/extension.js:2:205291)
    at /home/bryan/.vscode/extensions/ms-vscode-remote.remote-ssh-0.120.0/out/extension.js:2:206959
    at s.<computed> [as watch] (/home/bryan/.vscode/extensions/ms-vscode-remote.remote-ssh-0.120.0/out/extension.js:2:206970)
    at B (/home/bryan/.vscode/extensions/ms-vscode-remote.remote-ssh-0.120.0/out/extension.js:2:207589)
    at e.<computed> [as initialize] (/home/bryan/.vscode/extensions/ms-vscode-remote.remote-ssh-0.120.0/out/extension.js:2:162741)
    at e.n [as initialize] (/home/bryan/.vscode/extensions/ms-vscode-remote.remote-ssh-0.120.0/out/extension.js:2:275397)
    at /home/bryan/.vscode/extensions/ms-vscode-remote.remote-ssh-0.120.0/out/extension.js:2:170519
    at g (/home/bryan/.vscode/extensions/ms-vscode-remote.remote-ssh-0.120.0/out/extension.js:2:239634)
    at e.<computed> [as initialize] (/home/bryan/.vscode/extensions/ms-vscode-remote.remote-ssh-0.120.0/out/extension.js:2:169778)
    at t.n [as initialize] (/home/bryan/.vscode/extensions/ms-vscode-remote.remote-ssh-0.120.0/out/extension.js:2:275397)
    at Array.<anonymous> (/home/bryan/.vscode/extensions/ms-vscode-remote.remote-ssh-0.120.0/out/extension.js:2:244943)
    at o (/home/bryan/.vscode/extensions/ms-vscode-remote.remote-ssh-0.120.0/out/extension.js:2:280977)
    at u (/home/bryan/.vscode/extensions/ms-vscode-remote.remote-ssh-0.120.0/out/extension.js:2:244904)
    at ge (/home/bryan/.vscode/extensions/ms-vscode-remote.remote-ssh-0.120.0/out/extension.js:2:213632)
    at e.<computed> (/home/bryan/.vscode/extensions/ms-vscode-remote.remote-ssh-0.120.0/out/extension.js:2:216146)
    at Object.initialize (/home/bryan/.vscode/extensions/ms-vscode-remote.remote-ssh-0.120.0/out/extension.js:2:276131)
    at /home/bryan/.vscode/extensions/ms-vscode-remote.remote-ssh-0.120.0/out/extension.js:2:140366
    at g (/home/bryan/.vscode/extensions/ms-vscode-remote.remote-ssh-0.120.0/out/extension.js:2:239634)
    at e.<computed> [as initialize] (/home/bryan/.vscode/extensions/ms-vscode-remote.remote-ssh-0.120.0/out/extension.js:2:140291)
    at t.n [as initialize] (/home/bryan/.vscode/extensions/ms-vscode-remote.remote-ssh-0.120.0/out/extension.js:2:275397)
    at /home/bryan/.vscode/extensions/ms-vscode-remote.remote-ssh-0.120.0/out/extension.js:2:339701
    at async t.oneDataSystemClientFactory (/home/bryan/.vscode/extensions/ms-vscode-remote.remote-ssh-0.120.0/out/extension.js:2:339100)
2026-01-22 18:17:16.870 [info] [resolveAuthority(ssh-remote,1)][0ms] activating remote resolvers ssh-remote+pi-zero
2026-01-22 18:17:16.870 [info] [resolveAuthority(ssh-remote,1)][0ms] activating resolver for ssh-remote+pi-zero...
2026-01-22 18:17:16.871 [info] [resolveAuthority(ssh-remote,1)][1ms] invoking final resolve()...
2026-01-22 18:17:17.871 [info] [resolveAuthority(ssh-remote,1)][1001ms] waiting...
2026-01-22 18:17:18.871 [info] [resolveAuthority(ssh-remote,1)][2001ms] waiting...
2026-01-22 18:17:19.872 [info] [resolveAuthority(ssh-remote,1)][3002ms] waiting...
2026-01-22 18:17:20.873 [info] [resolveAuthority(ssh-remote,1)][4003ms] waiting...
2026-01-22 18:17:21.874 [info] [resolveAuthority(ssh-remote,1)][5004ms] waiting...
2026-01-22 18:17:22.874 [info] [resolveAuthority(ssh-remote,1)][6004ms] waiting...
2026-01-22 18:17:23.875 [info] [resolveAuthority(ssh-remote,1)][7005ms] waiting...
2026-01-22 18:17:24.876 [info] [resolveAuthority(ssh-remote,1)][8006ms] waiting...
2026-01-22 18:17:25.626 [info] [resolveAuthority(ssh-remote,1)][8756ms] setting tunnel factory...
2026-01-22 18:17:25.627 [info] [resolveAuthority(ssh-remote,1)][8757ms] returned 127.0.0.1:41749
2026-01-22 18:17:28.822 [info] Eager extensions activated
2026-01-22 18:17:28.884 [info] ExtensionService#_doActivateExtension vscode.github-authentication, startup: false, activationEvent: 'onAuthenticationRequest:github'
2026-01-22 18:17:28.901 [info] ExtensionService#_doActivateExtension ms-vscode.remote-explorer, startup: false, activationEvent: 'onCommand:remote-internal.setActiveFolders'
2026-01-22 18:51:47.365 [info] [resolveAuthority(ssh-remote,2)][0ms] activating remote resolvers ssh-remote+pi-zero
2026-01-22 18:51:47.365 [info] [resolveAuthority(ssh-remote,2)][0ms] activating resolver for ssh-remote+pi-zero...
2026-01-22 18:51:47.366 [info] [resolveAuthority(ssh-remote,2)][1ms] invoking final resolve()...
2026-01-22 18:51:48.366 [info] [resolveAuthority(ssh-remote,2)][1001ms] waiting...
2026-01-22 18:51:49.367 [info] [resolveAuthority(ssh-remote,2)][2002ms] waiting...
2026-01-22 18:51:50.369 [info] [resolveAuthority(ssh-remote,2)][3003ms] waiting...
2026-01-22 18:51:50.819 [error] [resolveAuthority(ssh-remote,2)][3454ms] returned an error No route to host
2026-01-22 18:51:55.892 [info] [resolveAuthority(ssh-remote,3)][0ms] activating remote resolvers ssh-remote+pi-zero
2026-01-22 18:51:55.892 [info] [resolveAuthority(ssh-remote,3)][0ms] activating resolver for ssh-remote+pi-zero...
2026-01-22 18:51:55.892 [info] [resolveAuthority(ssh-remote,3)][0ms] invoking final resolve()...
2026-01-22 18:51:56.514 [error] [resolveAuthority(ssh-remote,3)][622ms] returned an error No route to host
2026-01-22 18:52:01.515 [info] [resolveAuthority(ssh-remote,4)][0ms] activating remote resolvers ssh-remote+pi-zero
2026-01-22 18:52:01.515 [info] [resolveAuthority(ssh-remote,4)][0ms] activating resolver for ssh-remote+pi-zero...
2026-01-22 18:52:01.515 [info] [resolveAuthority(ssh-remote,4)][0ms] invoking final resolve()...
2026-01-22 18:52:02.516 [info] [resolveAuthority(ssh-remote,4)][1001ms] waiting...
2026-01-22 18:52:03.517 [info] [resolveAuthority(ssh-remote,4)][2002ms] waiting...
2026-01-22 18:52:04.519 [info] [resolveAuthority(ssh-remote,4)][3004ms] waiting...
2026-01-22 18:52:04.963 [error] [resolveAuthority(ssh-remote,4)][3448ms] returned an error No route to host
2026-01-22 18:52:14.964 [info] [resolveAuthority(ssh-remote,5)][0ms] activating remote resolvers ssh-remote+pi-zero
2026-01-22 18:52:14.964 [info] [resolveAuthority(ssh-remote,5)][0ms] activating resolver for ssh-remote+pi-zero...
2026-01-22 18:52:14.964 [info] [resolveAuthority(ssh-remote,5)][0ms] invoking final resolve()...
2026-01-22 18:52:15.966 [info] [resolveAuthority(ssh-remote,5)][1002ms] waiting...
2026-01-22 18:52:16.967 [info] [resolveAuthority(ssh-remote,5)][2003ms] waiting...
2026-01-22 18:52:17.968 [info] [resolveAuthority(ssh-remote,5)][3004ms] waiting...
2026-01-22 18:52:18.404 [error] [resolveAuthority(ssh-remote,5)][3439ms] returned an error No route to host
2026-01-22 18:52:28.405 [info] [resolveAuthority(ssh-remote,6)][0ms] activating remote resolvers ssh-remote+pi-zero
2026-01-22 18:52:28.405 [info] [resolveAuthority(ssh-remote,6)][0ms] activating resolver for ssh-remote+pi-zero...
2026-01-22 18:52:28.405 [info] [resolveAuthority(ssh-remote,6)][0ms] invoking final resolve()...
2026-01-22 18:52:29.406 [info] [resolveAuthority(ssh-remote,6)][1001ms] waiting...
2026-01-22 18:52:30.406 [info] [resolveAuthority(ssh-remote,6)][2001ms] waiting...
2026-01-22 18:52:31.408 [info] [resolveAuthority(ssh-remote,6)][3003ms] waiting...
2026-01-22 18:52:31.845 [error] [resolveAuthority(ssh-remote,6)][3440ms] returned an error No route to host
2026-01-22 18:52:41.846 [info] [resolveAuthority(ssh-remote,7)][0ms] activating remote resolvers ssh-remote+pi-zero
2026-01-22 18:52:41.846 [info] [resolveAuthority(ssh-remote,7)][0ms] activating resolver for ssh-remote+pi-zero...
2026-01-22 18:52:41.846 [info] [resolveAuthority(ssh-remote,7)][0ms] invoking final resolve()...
2026-01-22 18:52:42.846 [info] [resolveAuthority(ssh-remote,7)][1000ms] waiting...
2026-01-22 18:52:43.847 [info] [resolveAuthority(ssh-remote,7)][2001ms] waiting...
2026-01-22 18:52:44.849 [info] [resolveAuthority(ssh-remote,7)][3003ms] waiting...
2026-01-22 18:52:45.286 [error] [resolveAuthority(ssh-remote,7)][3440ms] returned an error No route to host
2026-01-22 18:52:55.287 [info] [resolveAuthority(ssh-remote,8)][0ms] activating remote resolvers ssh-remote+pi-zero
2026-01-22 18:52:55.287 [info] [resolveAuthority(ssh-remote,8)][0ms] activating resolver for ssh-remote+pi-zero...
2026-01-22 18:52:55.288 [info] [resolveAuthority(ssh-remote,8)][0ms] invoking final resolve()...
2026-01-22 18:52:56.288 [info] [resolveAuthority(ssh-remote,8)][1001ms] waiting...
2026-01-22 18:52:57.289 [info] [resolveAuthority(ssh-remote,8)][2002ms] waiting...
2026-01-22 18:52:58.290 [info] [resolveAuthority(ssh-remote,8)][3003ms] waiting...
2026-01-22 18:52:58.725 [error] [resolveAuthority(ssh-remote,8)][3438ms] returned an error No route to host
2026-01-22 18:53:08.727 [info] [resolveAuthority(ssh-remote,9)][0ms] activating remote resolvers ssh-remote+pi-zero
2026-01-22 18:53:08.727 [info] [resolveAuthority(ssh-remote,9)][0ms] activating resolver for ssh-remote+pi-zero...
2026-01-22 18:53:08.727 [info] [resolveAuthority(ssh-remote,9)][0ms] invoking final resolve()...
2026-01-22 18:53:09.727 [info] [resolveAuthority(ssh-remote,9)][1000ms] waiting...
2026-01-22 18:53:10.726 [info] [resolveAuthority(ssh-remote,9)][1999ms] waiting...
2026-01-22 18:53:11.728 [info] [resolveAuthority(ssh-remote,9)][3001ms] waiting...
2026-01-22 18:53:12.165 [error] [resolveAuthority(ssh-remote,9)][3438ms] returned an error No route to host
2026-01-22 18:53:42.167 [info] [resolveAuthority(ssh-remote,10)][0ms] activating remote resolvers ssh-remote+pi-zero
2026-01-22 18:53:42.167 [info] [resolveAuthority(ssh-remote,10)][0ms] activating resolver for ssh-remote+pi-zero...
2026-01-22 18:53:42.167 [info] [resolveAuthority(ssh-remote,10)][0ms] invoking final resolve()...
2026-01-22 18:53:43.167 [info] [resolveAuthority(ssh-remote,10)][1000ms] waiting...
2026-01-22 18:53:44.169 [info] [resolveAuthority(ssh-remote,10)][2002ms] waiting...
2026-01-22 18:53:45.170 [info] [resolveAuthority(ssh-remote,10)][3003ms] waiting...
2026-01-22 18:53:45.638 [error] [resolveAuthority(ssh-remote,10)][3471ms] returned an error No route to host
2026-01-22 18:54:15.640 [info] [resolveAuthority(ssh-remote,11)][0ms] activating remote resolvers ssh-remote+pi-zero
2026-01-22 18:54:15.640 [info] [resolveAuthority(ssh-remote,11)][0ms] activating resolver for ssh-remote+pi-zero...
2026-01-22 18:54:15.640 [info] [resolveAuthority(ssh-remote,11)][0ms] invoking final resolve()...
2026-01-22 18:54:16.640 [info] [resolveAuthority(ssh-remote,11)][1000ms] waiting...
2026-01-22 18:54:17.641 [info] [resolveAuthority(ssh-remote,11)][2001ms] waiting...
2026-01-22 18:54:18.642 [info] [resolveAuthority(ssh-remote,11)][3002ms] waiting...
2026-01-22 18:54:19.111 [error] [resolveAuthority(ssh-remote,11)][3471ms] returned an error No route to host
2026-01-22 18:54:49.113 [info] [resolveAuthority(ssh-remote,12)][0ms] activating remote resolvers ssh-remote+pi-zero
2026-01-22 18:54:49.113 [info] [resolveAuthority(ssh-remote,12)][0ms] activating resolver for ssh-remote+pi-zero...
2026-01-22 18:54:49.113 [info] [resolveAuthority(ssh-remote,12)][0ms] invoking final resolve()...
2026-01-22 18:54:50.113 [info] [resolveAuthority(ssh-remote,12)][1000ms] waiting...
2026-01-22 18:54:51.114 [info] [resolveAuthority(ssh-remote,12)][2001ms] waiting...
2026-01-22 18:54:52.115 [info] [resolveAuthority(ssh-remote,12)][3002ms] waiting...
2026-01-22 18:54:52.585 [error] [resolveAuthority(ssh-remote,12)][3472ms] returned an error No route to host
2026-01-22 18:55:22.588 [info] [resolveAuthority(ssh-remote,13)][0ms] activating remote resolvers ssh-remote+pi-zero
2026-01-22 18:55:22.588 [info] [resolveAuthority(ssh-remote,13)][0ms] activating resolver for ssh-remote+pi-zero...
2026-01-22 18:55:22.588 [info] [resolveAuthority(ssh-remote,13)][0ms] invoking final resolve()...
2026-01-22 18:55:23.590 [info] [resolveAuthority(ssh-remote,13)][1002ms] waiting...
2026-01-22 18:55:24.591 [info] [resolveAuthority(ssh-remote,13)][2003ms] waiting...
2026-01-22 18:55:25.592 [info] [resolveAuthority(ssh-remote,13)][3004ms] waiting...
2026-01-22 18:55:26.056 [error] [resolveAuthority(ssh-remote,13)][3468ms] returned an error No route to host
2026-01-22 18:55:56.057 [info] [resolveAuthority(ssh-remote,14)][0ms] activating remote resolvers ssh-remote+pi-zero
2026-01-22 18:55:56.057 [info] [resolveAuthority(ssh-remote,14)][0ms] activating resolver for ssh-remote+pi-zero...
2026-01-22 18:55:56.057 [info] [resolveAuthority(ssh-remote,14)][0ms] invoking final resolve()...
2026-01-22 18:55:57.058 [info] [resolveAuthority(ssh-remote,14)][1001ms] waiting...
2026-01-22 18:55:58.058 [info] [resolveAuthority(ssh-remote,14)][2001ms] waiting...
2026-01-22 18:55:59.059 [info] [resolveAuthority(ssh-remote,14)][3002ms] waiting...
2026-01-22 18:55:59.529 [error] [resolveAuthority(ssh-remote,14)][3472ms] returned an error No route to host
2026-01-22 18:56:29.530 [info] [resolveAuthority(ssh-remote,15)][0ms] activating remote resolvers ssh-remote+pi-zero
2026-01-22 18:56:29.530 [info] [resolveAuthority(ssh-remote,15)][0ms] activating resolver for ssh-remote+pi-zero...
2026-01-22 18:56:29.531 [info] [resolveAuthority(ssh-remote,15)][1ms] invoking final resolve()...
2026-01-22 18:56:30.531 [info] [resolveAuthority(ssh-remote,15)][1001ms] waiting...
2026-01-22 18:56:31.533 [info] [resolveAuthority(ssh-remote,15)][2003ms] waiting...
2026-01-22 18:56:32.534 [info] [resolveAuthority(ssh-remote,15)][3004ms] waiting...
2026-01-22 18:56:33.003 [error] [resolveAuthority(ssh-remote,15)][3473ms] returned an error No route to host
2026-01-22 18:57:03.004 [info] [resolveAuthority(ssh-remote,16)][0ms] activating remote resolvers ssh-remote+pi-zero
2026-01-22 18:57:03.004 [info] [resolveAuthority(ssh-remote,16)][0ms] activating resolver for ssh-remote+pi-zero...
2026-01-22 18:57:03.005 [info] [resolveAuthority(ssh-remote,16)][0ms] invoking final resolve()...
2026-01-22 18:57:04.005 [info] [resolveAuthority(ssh-remote,16)][1001ms] waiting...
2026-01-22 18:57:05.006 [info] [resolveAuthority(ssh-remote,16)][2002ms] waiting...
2026-01-22 18:57:06.006 [info] [resolveAuthority(ssh-remote,16)][3002ms] waiting...
2026-01-22 18:57:06.474 [error] [resolveAuthority(ssh-remote,16)][3470ms] returned an error No route to host
2026-01-22 18:57:36.480 [info] [resolveAuthority(ssh-remote,17)][0ms] activating remote resolvers ssh-remote+pi-zero
2026-01-22 18:57:36.480 [info] [resolveAuthority(ssh-remote,17)][0ms] activating resolver for ssh-remote+pi-zero...
2026-01-22 18:57:36.480 [info] [resolveAuthority(ssh-remote,17)][0ms] invoking final resolve()...
2026-01-22 18:57:37.480 [info] [resolveAuthority(ssh-remote,17)][1000ms] waiting...
2026-01-22 18:57:38.480 [info] [resolveAuthority(ssh-remote,17)][2000ms] waiting...
2026-01-22 18:57:39.481 [info] [resolveAuthority(ssh-remote,17)][3001ms] waiting...
2026-01-22 18:57:39.947 [error] [resolveAuthority(ssh-remote,17)][3467ms] returned an error No route to host
2026-01-22 18:58:09.949 [info] [resolveAuthority(ssh-remote,18)][0ms] activating remote resolvers ssh-remote+pi-zero
2026-01-22 18:58:09.949 [info] [resolveAuthority(ssh-remote,18)][0ms] activating resolver for ssh-remote+pi-zero...
2026-01-22 18:58:09.949 [info] [resolveAuthority(ssh-remote,18)][0ms] invoking final resolve()...
2026-01-22 18:58:10.949 [info] [resolveAuthority(ssh-remote,18)][1000ms] waiting...
2026-01-22 18:58:11.950 [info] [resolveAuthority(ssh-remote,18)][2001ms] waiting...
2026-01-22 18:58:12.951 [info] [resolveAuthority(ssh-remote,18)][3002ms] waiting...
2026-01-22 18:58:13.418 [error] [resolveAuthority(ssh-remote,18)][3469ms] returned an error No route to host
2026-01-22 18:58:43.420 [info] [resolveAuthority(ssh-remote,19)][0ms] activating remote resolvers ssh-remote+pi-zero
2026-01-22 18:58:43.420 [info] [resolveAuthority(ssh-remote,19)][0ms] activating resolver for ssh-remote+pi-zero...
2026-01-22 18:58:43.420 [info] [resolveAuthority(ssh-remote,19)][0ms] invoking final resolve()...
2026-01-22 18:58:44.420 [info] [resolveAuthority(ssh-remote,19)][1000ms] waiting...
2026-01-22 18:58:45.420 [info] [resolveAuthority(ssh-remote,19)][2000ms] waiting...
2026-01-22 18:58:46.421 [info] [resolveAuthority(ssh-remote,19)][3001ms] waiting...
2026-01-22 18:58:46.891 [error] [resolveAuthority(ssh-remote,19)][3471ms] returned an error No route to host
2026-01-22 18:59:16.892 [info] [resolveAuthority(ssh-remote,20)][0ms] activating remote resolvers ssh-remote+pi-zero
2026-01-22 18:59:16.892 [info] [resolveAuthority(ssh-remote,20)][0ms] activating resolver for ssh-remote+pi-zero...
2026-01-22 18:59:16.893 [info] [resolveAuthority(ssh-remote,20)][1ms] invoking final resolve()...
2026-01-22 18:59:17.894 [info] [resolveAuthority(ssh-remote,20)][1002ms] waiting...
2026-01-22 18:59:18.895 [info] [resolveAuthority(ssh-remote,20)][2003ms] waiting...
2026-01-22 18:59:19.896 [info] [resolveAuthority(ssh-remote,20)][3004ms] waiting...
2026-01-22 18:59:20.366 [error] [resolveAuthority(ssh-remote,20)][3474ms] returned an error No route to host
2026-01-22 18:59:50.373 [info] [resolveAuthority(ssh-remote,21)][0ms] activating remote resolvers ssh-remote+pi-zero
2026-01-22 18:59:50.373 [info] [resolveAuthority(ssh-remote,21)][0ms] activating resolver for ssh-remote+pi-zero...
2026-01-22 18:59:50.373 [info] [resolveAuthority(ssh-remote,21)][0ms] invoking final resolve()...
2026-01-22 18:59:51.374 [info] [resolveAuthority(ssh-remote,21)][1001ms] waiting...
2026-01-22 18:59:52.375 [info] [resolveAuthority(ssh-remote,21)][2002ms] waiting...
2026-01-22 18:59:53.376 [info] [resolveAuthority(ssh-remote,21)][3003ms] waiting...
2026-01-22 18:59:53.837 [error] [resolveAuthority(ssh-remote,21)][3464ms] returned an error No route to host
2026-01-22 19:00:23.840 [info] [resolveAuthority(ssh-remote,22)][0ms] activating remote resolvers ssh-remote+pi-zero
2026-01-22 19:00:23.840 [info] [resolveAuthority(ssh-remote,22)][0ms] activating resolver for ssh-remote+pi-zero...
2026-01-22 19:00:23.840 [info] [resolveAuthority(ssh-remote,22)][0ms] invoking final resolve()...
2026-01-22 19:00:24.841 [info] [resolveAuthority(ssh-remote,22)][1001ms] waiting...
2026-01-22 19:00:25.840 [info] [resolveAuthority(ssh-remote,22)][2000ms] waiting...
2026-01-22 19:00:26.842 [info] [resolveAuthority(ssh-remote,22)][3002ms] waiting...
2026-01-22 19:00:27.310 [error] [resolveAuthority(ssh-remote,22)][3470ms] returned an error No route to host
2026-01-22 19:00:57.312 [info] [resolveAuthority(ssh-remote,23)][0ms] activating remote resolvers ssh-remote+pi-zero
2026-01-22 19:00:57.312 [info] [resolveAuthority(ssh-remote,23)][0ms] activating resolver for ssh-remote+pi-zero...
2026-01-22 19:00:57.312 [info] [resolveAuthority(ssh-remote,23)][0ms] invoking final resolve()...
2026-01-22 19:00:58.312 [info] [resolveAuthority(ssh-remote,23)][1000ms] waiting...
2026-01-22 19:00:59.313 [info] [resolveAuthority(ssh-remote,23)][2001ms] waiting...
2026-01-22 19:01:00.314 [info] [resolveAuthority(ssh-remote,23)][3002ms] waiting...
2026-01-22 19:01:00.782 [error] [resolveAuthority(ssh-remote,23)][3470ms] returned an error No route to host
2026-01-22 19:01:30.784 [info] [resolveAuthority(ssh-remote,24)][0ms] activating remote resolvers ssh-remote+pi-zero
2026-01-22 19:01:30.784 [info] [resolveAuthority(ssh-remote,24)][1ms] activating resolver for ssh-remote+pi-zero...
2026-01-22 19:01:30.784 [info] [resolveAuthority(ssh-remote,24)][1ms] invoking final resolve()...
2026-01-22 19:01:31.784 [info] [resolveAuthority(ssh-remote,24)][1001ms] waiting...
2026-01-22 19:01:32.785 [info] [resolveAuthority(ssh-remote,24)][2002ms] waiting...
2026-01-22 19:01:33.787 [info] [resolveAuthority(ssh-remote,24)][3003ms] waiting...
2026-01-22 19:01:34.255 [error] [resolveAuthority(ssh-remote,24)][3472ms] returned an error No route to host
2026-01-22 19:02:04.256 [info] [resolveAuthority(ssh-remote,25)][0ms] activating remote resolvers ssh-remote+pi-zero
2026-01-22 19:02:04.256 [info] [resolveAuthority(ssh-remote,25)][0ms] activating resolver for ssh-remote+pi-zero...
2026-01-22 19:02:04.257 [info] [resolveAuthority(ssh-remote,25)][1ms] invoking final resolve()...
2026-01-22 19:02:04.783 [error] [resolveAuthority(ssh-remote,25)][527ms] returned an error No route to host
2026-01-22 19:02:34.784 [info] [resolveAuthority(ssh-remote,26)][0ms] activating remote resolvers ssh-remote+pi-zero
2026-01-22 19:02:34.784 [info] [resolveAuthority(ssh-remote,26)][0ms] activating resolver for ssh-remote+pi-zero...
2026-01-22 19:02:34.784 [info] [resolveAuthority(ssh-remote,26)][0ms] invoking final resolve()...
2026-01-22 19:02:35.785 [info] [resolveAuthority(ssh-remote,26)][1001ms] waiting...
2026-01-22 19:02:36.786 [info] [resolveAuthority(ssh-remote,26)][2002ms] waiting...
2026-01-22 19:02:37.788 [info] [resolveAuthority(ssh-remote,26)][3004ms] waiting...
2026-01-22 19:02:38.257 [error] [resolveAuthority(ssh-remote,26)][3473ms] returned an error No route to host
2026-01-22 19:03:08.259 [info] [resolveAuthority(ssh-remote,27)][0ms] activating remote resolvers ssh-remote+pi-zero
2026-01-22 19:03:08.259 [info] [resolveAuthority(ssh-remote,27)][0ms] activating resolver for ssh-remote+pi-zero...
2026-01-22 19:03:08.259 [info] [resolveAuthority(ssh-remote,27)][0ms] invoking final resolve()...
2026-01-22 19:03:09.259 [info] [resolveAuthority(ssh-remote,27)][1000ms] waiting...
2026-01-22 19:03:10.261 [info] [resolveAuthority(ssh-remote,27)][2002ms] waiting...
2026-01-22 19:03:11.261 [info] [resolveAuthority(ssh-remote,27)][3002ms] waiting...
2026-01-22 19:03:11.728 [error] [resolveAuthority(ssh-remote,27)][3469ms] returned an error No route to host
2026-01-22 19:03:41.729 [info] [resolveAuthority(ssh-remote,28)][0ms] activating remote resolvers ssh-remote+pi-zero
2026-01-22 19:03:41.729 [info] [resolveAuthority(ssh-remote,28)][0ms] activating resolver for ssh-remote+pi-zero...
2026-01-22 19:03:41.729 [info] [resolveAuthority(ssh-remote,28)][0ms] invoking final resolve()...
2026-01-22 19:03:42.730 [info] [resolveAuthority(ssh-remote,28)][1001ms] waiting...
2026-01-22 19:03:43.731 [info] [resolveAuthority(ssh-remote,28)][2002ms] waiting...
2026-01-22 19:03:44.733 [info] [resolveAuthority(ssh-remote,28)][3004ms] waiting...
2026-01-22 19:03:45.202 [error] [resolveAuthority(ssh-remote,28)][3473ms] returned an error No route to host
2026-01-22 19:04:15.203 [info] [resolveAuthority(ssh-remote,29)][0ms] activating remote resolvers ssh-remote+pi-zero
2026-01-22 19:04:15.203 [info] [resolveAuthority(ssh-remote,29)][0ms] activating resolver for ssh-remote+pi-zero...
2026-01-22 19:04:15.203 [info] [resolveAuthority(ssh-remote,29)][0ms] invoking final resolve()...
2026-01-22 19:04:16.204 [info] [resolveAuthority(ssh-remote,29)][1001ms] waiting...
2026-01-22 19:04:17.204 [info] [resolveAuthority(ssh-remote,29)][2001ms] waiting...
2026-01-22 19:04:18.205 [info] [resolveAuthority(ssh-remote,29)][3002ms] waiting...
2026-01-22 19:04:18.673 [error] [resolveAuthority(ssh-remote,29)][3470ms] returned an error No route to host
2026-01-22 19:04:48.675 [info] [resolveAuthority(ssh-remote,30)][0ms] activating remote resolvers ssh-remote+pi-zero
2026-01-22 19:04:48.675 [info] [resolveAuthority(ssh-remote,30)][0ms] activating resolver for ssh-remote+pi-zero...
2026-01-22 19:04:48.675 [info] [resolveAuthority(ssh-remote,30)][0ms] invoking final resolve()...
2026-01-22 19:04:49.675 [info] [resolveAuthority(ssh-remote,30)][1000ms] waiting...
2026-01-22 19:04:50.676 [info] [resolveAuthority(ssh-remote,30)][2001ms] waiting...
2026-01-22 19:04:51.677 [info] [resolveAuthority(ssh-remote,30)][3002ms] waiting...
2026-01-22 19:04:52.146 [error] [resolveAuthority(ssh-remote,30)][3471ms] returned an error No route to host
2026-01-22 19:05:22.148 [info] [resolveAuthority(ssh-remote,31)][0ms] activating remote resolvers ssh-remote+pi-zero
2026-01-22 19:05:22.148 [info] [resolveAuthority(ssh-remote,31)][0ms] activating resolver for ssh-remote+pi-zero...
2026-01-22 19:05:22.148 [info] [resolveAuthority(ssh-remote,31)][0ms] invoking final resolve()...
2026-01-22 19:05:23.149 [info] [resolveAuthority(ssh-remote,31)][1001ms] waiting...
2026-01-22 19:05:24.150 [info] [resolveAuthority(ssh-remote,31)][2002ms] waiting...
2026-01-22 19:05:25.151 [info] [resolveAuthority(ssh-remote,31)][3003ms] waiting...
2026-01-22 19:05:25.619 [error] [resolveAuthority(ssh-remote,31)][3471ms] returned an error No route to host
2026-01-22 19:05:55.620 [info] [resolveAuthority(ssh-remote,32)][0ms] activating remote resolvers ssh-remote+pi-zero
2026-01-22 19:05:55.620 [info] [resolveAuthority(ssh-remote,32)][0ms] activating resolver for ssh-remote+pi-zero...
2026-01-22 19:05:55.620 [info] [resolveAuthority(ssh-remote,32)][0ms] invoking final resolve()...
2026-01-22 19:05:56.622 [info] [resolveAuthority(ssh-remote,32)][1002ms] waiting...
2026-01-22 19:05:57.623 [info] [resolveAuthority(ssh-remote,32)][2003ms] waiting...
2026-01-22 19:05:58.624 [info] [resolveAuthority(ssh-remote,32)][3004ms] waiting...
2026-01-22 19:05:59.092 [error] [resolveAuthority(ssh-remote,32)][3472ms] returned an error No route to host
2026-01-22 19:06:29.093 [info] [resolveAuthority(ssh-remote,33)][0ms] activating remote resolvers ssh-remote+pi-zero
2026-01-22 19:06:29.093 [info] [resolveAuthority(ssh-remote,33)][0ms] activating resolver for ssh-remote+pi-zero...
2026-01-22 19:06:29.093 [info] [resolveAuthority(ssh-remote,33)][0ms] invoking final resolve()...
2026-01-22 19:06:30.093 [info] [resolveAuthority(ssh-remote,33)][1000ms] waiting...
2026-01-22 19:06:31.094 [info] [resolveAuthority(ssh-remote,33)][2001ms] waiting...
2026-01-22 19:06:32.094 [info] [resolveAuthority(ssh-remote,33)][3001ms] waiting...
2026-01-22 19:06:32.563 [error] [resolveAuthority(ssh-remote,33)][3470ms] returned an error No route to host
2026-01-22 19:07:02.564 [info] [resolveAuthority(ssh-remote,34)][0ms] activating remote resolvers ssh-remote+pi-zero
2026-01-22 19:07:02.564 [info] [resolveAuthority(ssh-remote,34)][0ms] activating resolver for ssh-remote+pi-zero...
2026-01-22 19:07:02.564 [info] [resolveAuthority(ssh-remote,34)][0ms] invoking final resolve()...
2026-01-22 19:07:03.566 [info] [resolveAuthority(ssh-remote,34)][1002ms] waiting...
2026-01-22 19:07:04.567 [info] [resolveAuthority(ssh-remote,34)][2003ms] waiting...
2026-01-22 19:07:05.568 [info] [resolveAuthority(ssh-remote,34)][3004ms] waiting...
2026-01-22 19:07:06.036 [error] [resolveAuthority(ssh-remote,34)][3472ms] returned an error No route to host
2026-01-22 19:07:36.038 [info] [resolveAuthority(ssh-remote,35)][0ms] activating remote resolvers ssh-remote+pi-zero
2026-01-22 19:07:36.038 [info] [resolveAuthority(ssh-remote,35)][0ms] activating resolver for ssh-remote+pi-zero...
2026-01-22 19:07:36.038 [info] [resolveAuthority(ssh-remote,35)][0ms] invoking final resolve()...
2026-01-22 19:07:37.038 [info] [resolveAuthority(ssh-remote,35)][1000ms] waiting...
2026-01-22 19:07:38.040 [info] [resolveAuthority(ssh-remote,35)][2002ms] waiting...
2026-01-22 19:07:39.041 [info] [resolveAuthority(ssh-remote,35)][3003ms] waiting...
2026-01-22 19:07:39.509 [error] [resolveAuthority(ssh-remote,35)][3470ms] returned an error No route to host
2026-01-22 19:08:09.510 [info] [resolveAuthority(ssh-remote,36)][0ms] activating remote resolvers ssh-remote+pi-zero
2026-01-22 19:08:09.510 [info] [resolveAuthority(ssh-remote,36)][0ms] activating resolver for ssh-remote+pi-zero...
2026-01-22 19:08:09.510 [info] [resolveAuthority(ssh-remote,36)][0ms] invoking final resolve()...
2026-01-22 19:08:10.511 [info] [resolveAuthority(ssh-remote,36)][1001ms] waiting...
2026-01-22 19:08:11.512 [info] [resolveAuthority(ssh-remote,36)][2002ms] waiting...
2026-01-22 19:08:12.513 [info] [resolveAuthority(ssh-remote,36)][3003ms] waiting...
2026-01-22 19:08:12.979 [error] [resolveAuthority(ssh-remote,36)][3469ms] returned an error No route to host
2026-01-22 19:08:42.981 [info] [resolveAuthority(ssh-remote,37)][0ms] activating remote resolvers ssh-remote+pi-zero
2026-01-22 19:08:42.981 [info] [resolveAuthority(ssh-remote,37)][0ms] activating resolver for ssh-remote+pi-zero...
2026-01-22 19:08:42.981 [info] [resolveAuthority(ssh-remote,37)][0ms] invoking final resolve()...
2026-01-22 19:08:43.982 [info] [resolveAuthority(ssh-remote,37)][1001ms] waiting...
2026-01-22 19:08:44.983 [info] [resolveAuthority(ssh-remote,37)][2002ms] waiting...
2026-01-22 19:08:45.984 [info] [resolveAuthority(ssh-remote,37)][3003ms] waiting...
2026-01-22 19:08:46.451 [error] [resolveAuthority(ssh-remote,37)][3470ms] returned an error No route to host
2026-01-22 19:09:16.453 [info] [resolveAuthority(ssh-remote,38)][0ms] activating remote resolvers ssh-remote+pi-zero
2026-01-22 19:09:16.453 [info] [resolveAuthority(ssh-remote,38)][0ms] activating resolver for ssh-remote+pi-zero...
2026-01-22 19:09:16.453 [info] [resolveAuthority(ssh-remote,38)][0ms] invoking final resolve()...
2026-01-22 19:09:17.454 [info] [resolveAuthority(ssh-remote,38)][1001ms] waiting...
2026-01-22 19:09:18.455 [info] [resolveAuthority(ssh-remote,38)][2002ms] waiting...
2026-01-22 19:09:19.456 [info] [resolveAuthority(ssh-remote,38)][3003ms] waiting...
2026-01-22 19:09:19.925 [error] [resolveAuthority(ssh-remote,38)][3472ms] returned an error No route to host
2026-01-22 19:09:49.927 [info] [resolveAuthority(ssh-remote,39)][1ms] activating remote resolvers ssh-remote+pi-zero
2026-01-22 19:09:49.927 [info] [resolveAuthority(ssh-remote,39)][1ms] activating resolver for ssh-remote+pi-zero...
2026-01-22 19:09:49.927 [info] [resolveAuthority(ssh-remote,39)][1ms] invoking final resolve()...
2026-01-22 19:09:50.928 [info] [resolveAuthority(ssh-remote,39)][1002ms] waiting...
2026-01-22 19:09:51.929 [info] [resolveAuthority(ssh-remote,39)][2003ms] waiting...
2026-01-22 19:09:52.930 [info] [resolveAuthority(ssh-remote,39)][3004ms] waiting...
2026-01-22 19:09:53.402 [error] [resolveAuthority(ssh-remote,39)][3476ms] returned an error No route to host
2026-01-22 19:10:23.403 [info] [resolveAuthority(ssh-remote,40)][0ms] activating remote resolvers ssh-remote+pi-zero
2026-01-22 19:10:23.403 [info] [resolveAuthority(ssh-remote,40)][0ms] activating resolver for ssh-remote+pi-zero...
2026-01-22 19:10:23.404 [info] [resolveAuthority(ssh-remote,40)][1ms] invoking final resolve()...
2026-01-22 19:10:24.405 [info] [resolveAuthority(ssh-remote,40)][1002ms] waiting...
2026-01-22 19:10:25.406 [info] [resolveAuthority(ssh-remote,40)][2003ms] waiting...
2026-01-22 19:10:26.407 [info] [resolveAuthority(ssh-remote,40)][3004ms] waiting...
2026-01-22 19:10:26.875 [error] [resolveAuthority(ssh-remote,40)][3471ms] returned an error No route to host
2026-01-22 19:10:56.876 [info] [resolveAuthority(ssh-remote,41)][0ms] activating remote resolvers ssh-remote+pi-zero
2026-01-22 19:10:56.876 [info] [resolveAuthority(ssh-remote,41)][0ms] activating resolver for ssh-remote+pi-zero...
2026-01-22 19:10:56.876 [info] [resolveAuthority(ssh-remote,41)][0ms] invoking final resolve()...
2026-01-22 19:10:57.877 [info] [resolveAuthority(ssh-remote,41)][1001ms] waiting...
2026-01-22 19:10:58.878 [info] [resolveAuthority(ssh-remote,41)][2002ms] waiting...
2026-01-22 19:10:59.879 [info] [resolveAuthority(ssh-remote,41)][3003ms] waiting...
2026-01-22 19:11:00.347 [error] [resolveAuthority(ssh-remote,41)][3471ms] returned an error No route to host
2026-01-22 19:11:30.349 [info] [resolveAuthority(ssh-remote,42)][0ms] activating remote resolvers ssh-remote+pi-zero
2026-01-22 19:11:30.349 [info] [resolveAuthority(ssh-remote,42)][0ms] activating resolver for ssh-remote+pi-zero...
2026-01-22 19:11:30.349 [info] [resolveAuthority(ssh-remote,42)][0ms] invoking final resolve()...
2026-01-22 19:11:31.349 [info] [resolveAuthority(ssh-remote,42)][1000ms] waiting...
2026-01-22 19:11:32.350 [info] [resolveAuthority(ssh-remote,42)][2001ms] waiting...
2026-01-22 19:11:33.351 [info] [resolveAuthority(ssh-remote,42)][3002ms] waiting...
2026-01-22 19:11:33.827 [error] [resolveAuthority(ssh-remote,42)][3478ms] returned an error No route to host
2026-01-22 19:12:03.829 [info] [resolveAuthority(ssh-remote,43)][0ms] activating remote resolvers ssh-remote+pi-zero
2026-01-22 19:12:03.829 [info] [resolveAuthority(ssh-remote,43)][0ms] activating resolver for ssh-remote+pi-zero...
2026-01-22 19:12:03.829 [info] [resolveAuthority(ssh-remote,43)][0ms] invoking final resolve()...
2026-01-22 19:12:04.830 [info] [resolveAuthority(ssh-remote,43)][1001ms] waiting...
2026-01-22 19:12:05.831 [info] [resolveAuthority(ssh-remote,43)][2002ms] waiting...
2026-01-22 19:12:06.831 [info] [resolveAuthority(ssh-remote,43)][3002ms] waiting...
2026-01-22 19:12:07.291 [error] [resolveAuthority(ssh-remote,43)][3462ms] returned an error No route to host
2026-01-22 19:12:37.293 [info] [resolveAuthority(ssh-remote,44)][0ms] activating remote resolvers ssh-remote+pi-zero
2026-01-22 19:12:37.293 [info] [resolveAuthority(ssh-remote,44)][0ms] activating resolver for ssh-remote+pi-zero...
2026-01-22 19:12:37.293 [info] [resolveAuthority(ssh-remote,44)][0ms] invoking final resolve()...
2026-01-22 19:12:38.294 [info] [resolveAuthority(ssh-remote,44)][1001ms] waiting...
2026-01-22 19:12:39.295 [info] [resolveAuthority(ssh-remote,44)][2002ms] waiting...
2026-01-22 19:12:40.295 [info] [resolveAuthority(ssh-remote,44)][3002ms] waiting...
2026-01-22 19:12:40.761 [error] [resolveAuthority(ssh-remote,44)][3468ms] returned an error No route to host
2026-01-22 19:13:10.762 [info] [resolveAuthority(ssh-remote,45)][0ms] activating remote resolvers ssh-remote+pi-zero
2026-01-22 19:13:10.762 [info] [resolveAuthority(ssh-remote,45)][0ms] activating resolver for ssh-remote+pi-zero...
2026-01-22 19:13:10.763 [info] [resolveAuthority(ssh-remote,45)][1ms] invoking final resolve()...
2026-01-22 19:13:11.764 [info] [resolveAuthority(ssh-remote,45)][1002ms] waiting...
2026-01-22 19:13:12.764 [info] [resolveAuthority(ssh-remote,45)][2002ms] waiting...
2026-01-22 19:13:13.766 [info] [resolveAuthority(ssh-remote,45)][3004ms] waiting...
2026-01-22 19:13:14.235 [error] [resolveAuthority(ssh-remote,45)][3473ms] returned an error No route to host
2026-01-22 19:13:44.237 [info] [resolveAuthority(ssh-remote,46)][0ms] activating remote resolvers ssh-remote+pi-zero
2026-01-22 19:13:44.237 [info] [resolveAuthority(ssh-remote,46)][0ms] activating resolver for ssh-remote+pi-zero...
2026-01-22 19:13:44.237 [info] [resolveAuthority(ssh-remote,46)][0ms] invoking final resolve()...
2026-01-22 19:13:45.238 [info] [resolveAuthority(ssh-remote,46)][1001ms] waiting...
2026-01-22 19:13:46.239 [info] [resolveAuthority(ssh-remote,46)][2002ms] waiting...
2026-01-22 19:13:47.241 [info] [resolveAuthority(ssh-remote,46)][3004ms] waiting...
2026-01-22 19:13:47.708 [error] [resolveAuthority(ssh-remote,46)][3471ms] returned an error No route to host
2026-01-22 19:14:17.709 [info] [resolveAuthority(ssh-remote,47)][0ms] activating remote resolvers ssh-remote+pi-zero
2026-01-22 19:14:17.709 [info] [resolveAuthority(ssh-remote,47)][0ms] activating resolver for ssh-remote+pi-zero...
2026-01-22 19:14:17.710 [info] [resolveAuthority(ssh-remote,47)][1ms] invoking final resolve()...
2026-01-22 19:14:18.711 [info] [resolveAuthority(ssh-remote,47)][1002ms] waiting...
2026-01-22 19:14:19.712 [info] [resolveAuthority(ssh-remote,47)][2003ms] waiting...
2026-01-22 19:14:20.713 [info] [resolveAuthority(ssh-remote,47)][3004ms] waiting...
2026-01-22 19:14:21.177 [error] [resolveAuthority(ssh-remote,47)][3468ms] returned an error No route to host
2026-01-22 19:14:51.179 [info] [resolveAuthority(ssh-remote,48)][0ms] activating remote resolvers ssh-remote+pi-zero
2026-01-22 19:14:51.189 [info] [resolveAuthority(ssh-remote,48)][10ms] activating resolver for ssh-remote+pi-zero...
2026-01-22 19:14:51.189 [info] [resolveAuthority(ssh-remote,48)][10ms] invoking final resolve()...
2026-01-22 19:14:52.190 [info] [resolveAuthority(ssh-remote,48)][1011ms] waiting...
2026-01-22 19:14:53.191 [info] [resolveAuthority(ssh-remote,48)][2012ms] waiting...
2026-01-22 19:14:54.192 [info] [resolveAuthority(ssh-remote,48)][3013ms] waiting...
2026-01-22 19:14:54.654 [error] [resolveAuthority(ssh-remote,48)][3475ms] returned an error No route to host
2026-01-22 19:15:24.656 [info] [resolveAuthority(ssh-remote,49)][0ms] activating remote resolvers ssh-remote+pi-zero
2026-01-22 19:15:24.656 [info] [resolveAuthority(ssh-remote,49)][0ms] activating resolver for ssh-remote+pi-zero...
2026-01-22 19:15:24.656 [info] [resolveAuthority(ssh-remote,49)][0ms] invoking final resolve()...
2026-01-22 19:15:25.657 [info] [resolveAuthority(ssh-remote,49)][1001ms] waiting...
2026-01-22 19:15:26.657 [info] [resolveAuthority(ssh-remote,49)][2001ms] waiting...
2026-01-22 19:15:27.658 [info] [resolveAuthority(ssh-remote,49)][3002ms] waiting...
2026-01-22 19:15:28.126 [error] [resolveAuthority(ssh-remote,49)][3469ms] returned an error No route to host
2026-01-22 19:15:58.127 [info] [resolveAuthority(ssh-remote,50)][0ms] activating remote resolvers ssh-remote+pi-zero
2026-01-22 19:15:58.127 [info] [resolveAuthority(ssh-remote,50)][0ms] activating resolver for ssh-remote+pi-zero...
2026-01-22 19:15:58.127 [info] [resolveAuthority(ssh-remote,50)][0ms] invoking final resolve()...
2026-01-22 19:15:59.129 [info] [resolveAuthority(ssh-remote,50)][1002ms] waiting...
2026-01-22 19:16:00.130 [info] [resolveAuthority(ssh-remote,50)][2003ms] waiting...
2026-01-22 19:16:01.131 [info] [resolveAuthority(ssh-remote,50)][3004ms] waiting...
2026-01-22 19:16:01.598 [error] [resolveAuthority(ssh-remote,50)][3471ms] returned an error No route to host
2026-01-22 19:16:31.600 [info] [resolveAuthority(ssh-remote,51)][0ms] activating remote resolvers ssh-remote+pi-zero
2026-01-22 19:16:31.600 [info] [resolveAuthority(ssh-remote,51)][0ms] activating resolver for ssh-remote+pi-zero...
2026-01-22 19:16:31.600 [info] [resolveAuthority(ssh-remote,51)][0ms] invoking final resolve()...
2026-01-22 19:16:32.601 [info] [resolveAuthority(ssh-remote,51)][1001ms] waiting...
2026-01-22 19:16:33.602 [info] [resolveAuthority(ssh-remote,51)][2002ms] waiting...
2026-01-22 19:16:34.603 [info] [resolveAuthority(ssh-remote,51)][3003ms] waiting...
2026-01-22 19:16:35.071 [error] [resolveAuthority(ssh-remote,51)][3471ms] returned an error No route to host
2026-01-22 19:17:05.072 [info] [resolveAuthority(ssh-remote,52)][0ms] activating remote resolvers ssh-remote+pi-zero
2026-01-22 19:17:05.072 [info] [resolveAuthority(ssh-remote,52)][0ms] activating resolver for ssh-remote+pi-zero...
2026-01-22 19:17:05.072 [info] [resolveAuthority(ssh-remote,52)][0ms] invoking final resolve()...
2026-01-22 19:17:06.073 [info] [resolveAuthority(ssh-remote,52)][1001ms] waiting...
2026-01-22 19:17:07.074 [info] [resolveAuthority(ssh-remote,52)][2002ms] waiting...
2026-01-22 19:17:08.075 [info] [resolveAuthority(ssh-remote,52)][3003ms] waiting...
2026-01-22 19:17:08.545 [error] [resolveAuthority(ssh-remote,52)][3472ms] returned an error No route to host
2026-01-22 19:17:38.546 [info] [resolveAuthority(ssh-remote,53)][0ms] activating remote resolvers ssh-remote+pi-zero
2026-01-22 19:17:38.546 [info] [resolveAuthority(ssh-remote,53)][0ms] activating resolver for ssh-remote+pi-zero...
2026-01-22 19:17:38.546 [info] [resolveAuthority(ssh-remote,53)][0ms] invoking final resolve()...
2026-01-22 19:17:39.547 [info] [resolveAuthority(ssh-remote,53)][1001ms] waiting...
2026-01-22 19:17:40.547 [info] [resolveAuthority(ssh-remote,53)][2001ms] waiting...
2026-01-22 19:17:41.548 [info] [resolveAuthority(ssh-remote,53)][3002ms] waiting...
2026-01-22 19:17:42.017 [error] [resolveAuthority(ssh-remote,53)][3471ms] returned an error No route to host
2026-01-22 19:18:12.019 [info] [resolveAuthority(ssh-remote,54)][0ms] activating remote resolvers ssh-remote+pi-zero
2026-01-22 19:18:12.019 [info] [resolveAuthority(ssh-remote,54)][0ms] activating resolver for ssh-remote+pi-zero...
2026-01-22 19:18:12.019 [info] [resolveAuthority(ssh-remote,54)][0ms] invoking final resolve()...
2026-01-22 19:18:13.019 [info] [resolveAuthority(ssh-remote,54)][1000ms] waiting...
2026-01-22 19:18:14.020 [info] [resolveAuthority(ssh-remote,54)][2001ms] waiting...
2026-01-22 19:18:15.022 [info] [resolveAuthority(ssh-remote,54)][3003ms] waiting...
2026-01-22 19:18:15.488 [error] [resolveAuthority(ssh-remote,54)][3469ms] returned an error No route to host
2026-01-22 19:18:45.490 [info] [resolveAuthority(ssh-remote,55)][0ms] activating remote resolvers ssh-remote+pi-zero
2026-01-22 19:18:45.490 [info] [resolveAuthority(ssh-remote,55)][0ms] activating resolver for ssh-remote+pi-zero...
2026-01-22 19:18:45.490 [info] [resolveAuthority(ssh-remote,55)][0ms] invoking final resolve()...
2026-01-22 19:18:46.491 [info] [resolveAuthority(ssh-remote,55)][1001ms] waiting...
2026-01-22 19:18:47.491 [info] [resolveAuthority(ssh-remote,55)][2001ms] waiting...
2026-01-22 19:18:48.492 [info] [resolveAuthority(ssh-remote,55)][3002ms] waiting...
2026-01-22 19:18:48.960 [error] [resolveAuthority(ssh-remote,55)][3470ms] returned an error No route to host
2026-01-22 19:19:18.962 [info] [resolveAuthority(ssh-remote,56)][0ms] activating remote resolvers ssh-remote+pi-zero
2026-01-22 19:19:18.962 [info] [resolveAuthority(ssh-remote,56)][0ms] activating resolver for ssh-remote+pi-zero...
2026-01-22 19:19:18.962 [info] [resolveAuthority(ssh-remote,56)][0ms] invoking final resolve()...
2026-01-22 19:19:19.963 [info] [resolveAuthority(ssh-remote,56)][1001ms] waiting...
2026-01-22 19:19:20.964 [info] [resolveAuthority(ssh-remote,56)][2002ms] waiting...
2026-01-22 19:19:21.965 [info] [resolveAuthority(ssh-remote,56)][3003ms] waiting...
2026-01-22 19:19:22.432 [error] [resolveAuthority(ssh-remote,56)][3470ms] returned an error No route to host
2026-01-22 19:19:52.433 [info] [resolveAuthority(ssh-remote,57)][0ms] activating remote resolvers ssh-remote+pi-zero
2026-01-22 19:19:52.433 [info] [resolveAuthority(ssh-remote,57)][0ms] activating resolver for ssh-remote+pi-zero...
2026-01-22 19:19:52.434 [info] [resolveAuthority(ssh-remote,57)][1ms] invoking final resolve()...
2026-01-22 19:19:53.435 [info] [resolveAuthority(ssh-remote,57)][1002ms] waiting...
2026-01-22 19:19:54.436 [info] [resolveAuthority(ssh-remote,57)][2003ms] waiting...
2026-01-22 19:19:55.437 [info] [resolveAuthority(ssh-remote,57)][3004ms] waiting...
2026-01-22 19:19:55.906 [error] [resolveAuthority(ssh-remote,57)][3473ms] returned an error No route to host
2026-01-22 19:20:25.908 [info] [resolveAuthority(ssh-remote,58)][0ms] activating remote resolvers ssh-remote+pi-zero
2026-01-22 19:20:25.908 [info] [resolveAuthority(ssh-remote,58)][0ms] activating resolver for ssh-remote+pi-zero...
2026-01-22 19:20:25.908 [info] [resolveAuthority(ssh-remote,58)][0ms] invoking final resolve()...
2026-01-22 19:20:26.908 [info] [resolveAuthority(ssh-remote,58)][1000ms] waiting...
2026-01-22 19:20:27.909 [info] [resolveAuthority(ssh-remote,58)][2001ms] waiting...
2026-01-22 19:20:28.909 [info] [resolveAuthority(ssh-remote,58)][3001ms] waiting...
2026-01-22 19:20:29.378 [error] [resolveAuthority(ssh-remote,58)][3470ms] returned an error No route to host
2026-01-22 19:20:59.380 [info] [resolveAuthority(ssh-remote,59)][0ms] activating remote resolvers ssh-remote+pi-zero
2026-01-22 19:20:59.380 [info] [resolveAuthority(ssh-remote,59)][0ms] activating resolver for ssh-remote+pi-zero...
2026-01-22 19:20:59.380 [info] [resolveAuthority(ssh-remote,59)][0ms] invoking final resolve()...
2026-01-22 19:21:00.381 [info] [resolveAuthority(ssh-remote,59)][1001ms] waiting...
2026-01-22 19:21:01.382 [info] [resolveAuthority(ssh-remote,59)][2002ms] waiting...
2026-01-22 19:21:02.383 [info] [resolveAuthority(ssh-remote,59)][3003ms] waiting...
2026-01-22 19:21:02.850 [error] [resolveAuthority(ssh-remote,59)][3470ms] returned an error No route to host
2026-01-22 19:21:32.852 [info] [resolveAuthority(ssh-remote,60)][0ms] activating remote resolvers ssh-remote+pi-zero
2026-01-22 19:21:32.852 [info] [resolveAuthority(ssh-remote,60)][0ms] activating resolver for ssh-remote+pi-zero...
2026-01-22 19:21:32.852 [info] [resolveAuthority(ssh-remote,60)][0ms] invoking final resolve()...
2026-01-22 19:21:33.853 [info] [resolveAuthority(ssh-remote,60)][1001ms] waiting...
2026-01-22 19:21:34.854 [info] [resolveAuthority(ssh-remote,60)][2002ms] waiting...
2026-01-22 19:21:35.855 [info] [resolveAuthority(ssh-remote,60)][3003ms] waiting...
2026-01-22 19:21:36.322 [error] [resolveAuthority(ssh-remote,60)][3470ms] returned an error No route to host
2026-01-22 19:22:06.323 [info] [resolveAuthority(ssh-remote,61)][0ms] activating remote resolvers ssh-remote+pi-zero
2026-01-22 19:22:06.324 [info] [resolveAuthority(ssh-remote,61)][1ms] activating resolver for ssh-remote+pi-zero...
2026-01-22 19:22:06.324 [info] [resolveAuthority(ssh-remote,61)][1ms] invoking final resolve()...
2026-01-22 19:22:07.325 [info] [resolveAuthority(ssh-remote,61)][1002ms] waiting...
2026-01-22 19:22:08.326 [info] [resolveAuthority(ssh-remote,61)][2003ms] waiting...
2026-01-22 19:22:09.326 [info] [resolveAuthority(ssh-remote,61)][3003ms] waiting...
2026-01-22 19:22:09.798 [error] [resolveAuthority(ssh-remote,61)][3475ms] returned an error No route to host
2026-01-22 19:22:39.800 [info] [resolveAuthority(ssh-remote,62)][0ms] activating remote resolvers ssh-remote+pi-zero
2026-01-22 19:22:39.800 [info] [resolveAuthority(ssh-remote,62)][0ms] activating resolver for ssh-remote+pi-zero...
2026-01-22 19:22:39.800 [info] [resolveAuthority(ssh-remote,62)][0ms] invoking final resolve()...
2026-01-22 19:22:40.801 [info] [resolveAuthority(ssh-remote,62)][1001ms] waiting...
2026-01-22 19:22:41.802 [info] [resolveAuthority(ssh-remote,62)][2002ms] waiting...
2026-01-22 19:22:42.803 [info] [resolveAuthority(ssh-remote,62)][3003ms] waiting...
2026-01-22 19:22:43.267 [error] [resolveAuthority(ssh-remote,62)][3467ms] returned an error No route to host
2026-01-22 19:23:13.269 [info] [resolveAuthority(ssh-remote,63)][0ms] activating remote resolvers ssh-remote+pi-zero
2026-01-22 19:23:13.269 [info] [resolveAuthority(ssh-remote,63)][0ms] activating resolver for ssh-remote+pi-zero...
2026-01-22 19:23:13.269 [info] [resolveAuthority(ssh-remote,63)][0ms] invoking final resolve()...
2026-01-22 19:23:14.270 [info] [resolveAuthority(ssh-remote,63)][1001ms] waiting...
2026-01-22 19:23:15.271 [info] [resolveAuthority(ssh-remote,63)][2002ms] waiting...
2026-01-22 19:23:16.272 [info] [resolveAuthority(ssh-remote,63)][3003ms] waiting...
2026-01-22 19:23:16.742 [error] [resolveAuthority(ssh-remote,63)][3473ms] returned an error No route to host
2026-01-22 19:23:46.743 [info] [resolveAuthority(ssh-remote,64)][0ms] activating remote resolvers ssh-remote+pi-zero
2026-01-22 19:23:46.743 [info] [resolveAuthority(ssh-remote,64)][0ms] activating resolver for ssh-remote+pi-zero...
2026-01-22 19:23:46.744 [info] [resolveAuthority(ssh-remote,64)][1ms] invoking final resolve()...
2026-01-22 19:23:47.745 [info] [resolveAuthority(ssh-remote,64)][1002ms] waiting...
2026-01-22 19:23:48.746 [info] [resolveAuthority(ssh-remote,64)][2003ms] waiting...
2026-01-22 19:23:49.747 [info] [resolveAuthority(ssh-remote,64)][3004ms] waiting...
2026-01-22 19:23:50.215 [error] [resolveAuthority(ssh-remote,64)][3472ms] returned an error No route to host
2026-01-22 19:24:20.217 [info] [resolveAuthority(ssh-remote,65)][0ms] activating remote resolvers ssh-remote+pi-zero
2026-01-22 19:24:20.217 [info] [resolveAuthority(ssh-remote,65)][0ms] activating resolver for ssh-remote+pi-zero...
2026-01-22 19:24:20.217 [info] [resolveAuthority(ssh-remote,65)][0ms] invoking final resolve()...
2026-01-22 19:24:21.218 [info] [resolveAuthority(ssh-remote,65)][1001ms] waiting...
2026-01-22 19:24:22.218 [info] [resolveAuthority(ssh-remote,65)][2001ms] waiting...
2026-01-22 19:24:23.219 [info] [resolveAuthority(ssh-remote,65)][3002ms] waiting...
2026-01-22 19:24:23.685 [error] [resolveAuthority(ssh-remote,65)][3468ms] returned an error No route to host
2026-01-22 19:24:53.687 [info] [resolveAuthority(ssh-remote,66)][0ms] activating remote resolvers ssh-remote+pi-zero
2026-01-22 19:24:53.687 [info] [resolveAuthority(ssh-remote,66)][0ms] activating resolver for ssh-remote+pi-zero...
2026-01-22 19:24:53.687 [info] [resolveAuthority(ssh-remote,66)][0ms] invoking final resolve()...
2026-01-22 19:24:54.688 [info] [resolveAuthority(ssh-remote,66)][1001ms] waiting...
2026-01-22 19:24:55.688 [info] [resolveAuthority(ssh-remote,66)][2001ms] waiting...
2026-01-22 19:24:56.689 [info] [resolveAuthority(ssh-remote,66)][3002ms] waiting...
2026-01-22 19:24:57.157 [error] [resolveAuthority(ssh-remote,66)][3470ms] returned an error No route to host
2026-01-22 19:25:27.159 [info] [resolveAuthority(ssh-remote,67)][0ms] activating remote resolvers ssh-remote+pi-zero
2026-01-22 19:25:27.159 [info] [resolveAuthority(ssh-remote,67)][0ms] activating resolver for ssh-remote+pi-zero...
2026-01-22 19:25:27.159 [info] [resolveAuthority(ssh-remote,67)][0ms] invoking final resolve()...
2026-01-22 19:25:28.161 [info] [resolveAuthority(ssh-remote,67)][1002ms] waiting...
2026-01-22 19:25:29.162 [info] [resolveAuthority(ssh-remote,67)][2003ms] waiting...
2026-01-22 19:25:30.163 [info] [resolveAuthority(ssh-remote,67)][3004ms] waiting...
2026-01-22 19:25:30.631 [error] [resolveAuthority(ssh-remote,67)][3472ms] returned an error No route to host
2026-01-22 19:26:00.632 [info] [resolveAuthority(ssh-remote,68)][0ms] activating remote resolvers ssh-remote+pi-zero
2026-01-22 19:26:00.632 [info] [resolveAuthority(ssh-remote,68)][0ms] activating resolver for ssh-remote+pi-zero...
2026-01-22 19:26:00.633 [info] [resolveAuthority(ssh-remote,68)][1ms] invoking final resolve()...
2026-01-22 19:26:01.634 [info] [resolveAuthority(ssh-remote,68)][1002ms] waiting...
2026-01-22 19:26:02.635 [info] [resolveAuthority(ssh-remote,68)][2003ms] waiting...
2026-01-22 19:26:03.636 [info] [resolveAuthority(ssh-remote,68)][3004ms] waiting...
2026-01-22 19:26:04.104 [error] [resolveAuthority(ssh-remote,68)][3472ms] returned an error No route to host
2026-01-22 19:26:34.106 [info] [resolveAuthority(ssh-remote,69)][0ms] activating remote resolvers ssh-remote+pi-zero
2026-01-22 19:26:34.106 [info] [resolveAuthority(ssh-remote,69)][0ms] activating resolver for ssh-remote+pi-zero...
2026-01-22 19:26:34.106 [info] [resolveAuthority(ssh-remote,69)][0ms] invoking final resolve()...
2026-01-22 19:26:35.106 [info] [resolveAuthority(ssh-remote,69)][1000ms] waiting...
2026-01-22 19:26:36.107 [info] [resolveAuthority(ssh-remote,69)][2001ms] waiting...
2026-01-22 19:26:37.108 [info] [resolveAuthority(ssh-remote,69)][3002ms] waiting...
2026-01-22 19:26:37.576 [error] [resolveAuthority(ssh-remote,69)][3470ms] returned an error No route to host
2026-01-22 19:27:07.578 [info] [resolveAuthority(ssh-remote,70)][0ms] activating remote resolvers ssh-remote+pi-zero
2026-01-22 19:27:07.578 [info] [resolveAuthority(ssh-remote,70)][0ms] activating resolver for ssh-remote+pi-zero...
2026-01-22 19:27:07.578 [info] [resolveAuthority(ssh-remote,70)][0ms] invoking final resolve()...
2026-01-22 19:27:08.579 [info] [resolveAuthority(ssh-remote,70)][1001ms] waiting...
2026-01-22 19:27:09.580 [info] [resolveAuthority(ssh-remote,70)][2002ms] waiting...
2026-01-22 19:27:10.581 [info] [resolveAuthority(ssh-remote,70)][3003ms] waiting...
2026-01-22 19:27:11.047 [error] [resolveAuthority(ssh-remote,70)][3469ms] returned an error No route to host
2026-01-22 19:27:41.048 [info] [resolveAuthority(ssh-remote,71)][0ms] activating remote resolvers ssh-remote+pi-zero
2026-01-22 19:27:41.048 [info] [resolveAuthority(ssh-remote,71)][0ms] activating resolver for ssh-remote+pi-zero...
2026-01-22 19:27:41.048 [info] [resolveAuthority(ssh-remote,71)][0ms] invoking final resolve()...
2026-01-22 19:27:42.050 [info] [resolveAuthority(ssh-remote,71)][1002ms] waiting...
2026-01-22 19:27:43.050 [info] [resolveAuthority(ssh-remote,71)][2002ms] waiting...
2026-01-22 19:27:44.051 [info] [resolveAuthority(ssh-remote,71)][3003ms] waiting...
2026-01-22 19:27:44.520 [error] [resolveAuthority(ssh-remote,71)][3472ms] returned an error No route to host
2026-01-22 19:28:14.522 [info] [resolveAuthority(ssh-remote,72)][0ms] activating remote resolvers ssh-remote+pi-zero
2026-01-22 19:28:14.522 [info] [resolveAuthority(ssh-remote,72)][0ms] activating resolver for ssh-remote+pi-zero...
2026-01-22 19:28:14.522 [info] [resolveAuthority(ssh-remote,72)][0ms] invoking final resolve()...
2026-01-22 19:28:15.522 [info] [resolveAuthority(ssh-remote,72)][1000ms] waiting...
2026-01-22 19:28:16.523 [info] [resolveAuthority(ssh-remote,72)][2001ms] waiting...
2026-01-22 19:28:17.524 [info] [resolveAuthority(ssh-remote,72)][3002ms] waiting...
2026-01-22 19:28:17.989 [error] [resolveAuthority(ssh-remote,72)][3467ms] returned an error No route to host
2026-01-22 19:28:47.991 [info] [resolveAuthority(ssh-remote,73)][0ms] activating remote resolvers ssh-remote+pi-zero
2026-01-22 19:28:47.991 [info] [resolveAuthority(ssh-remote,73)][0ms] activating resolver for ssh-remote+pi-zero...
2026-01-22 19:28:47.991 [info] [resolveAuthority(ssh-remote,73)][0ms] invoking final resolve()...
2026-01-22 19:28:48.993 [info] [resolveAuthority(ssh-remote,73)][1002ms] waiting...
2026-01-22 19:28:49.994 [info] [resolveAuthority(ssh-remote,73)][2003ms] waiting...
2026-01-22 19:28:50.995 [info] [resolveAuthority(ssh-remote,73)][3004ms] waiting...
2026-01-22 19:28:51.467 [error] [resolveAuthority(ssh-remote,73)][3476ms] returned an error No route to host
2026-01-22 19:29:21.469 [info] [resolveAuthority(ssh-remote,74)][0ms] activating remote resolvers ssh-remote+pi-zero
2026-01-22 19:29:21.469 [info] [resolveAuthority(ssh-remote,74)][0ms] activating resolver for ssh-remote+pi-zero...
2026-01-22 19:29:21.469 [info] [resolveAuthority(ssh-remote,74)][0ms] invoking final resolve()...
2026-01-22 19:29:22.469 [info] [resolveAuthority(ssh-remote,74)][1000ms] waiting...
2026-01-22 19:29:23.471 [info] [resolveAuthority(ssh-remote,74)][2002ms] waiting...
2026-01-22 19:29:24.472 [info] [resolveAuthority(ssh-remote,74)][3003ms] waiting...
2026-01-22 19:29:24.936 [error] [resolveAuthority(ssh-remote,74)][3466ms] returned an error No route to host
2026-01-22 19:29:54.937 [info] [resolveAuthority(ssh-remote,75)][0ms] activating remote resolvers ssh-remote+pi-zero
2026-01-22 19:29:54.937 [info] [resolveAuthority(ssh-remote,75)][0ms] activating resolver for ssh-remote+pi-zero...
2026-01-22 19:29:54.937 [info] [resolveAuthority(ssh-remote,75)][0ms] invoking final resolve()...
2026-01-22 19:29:55.939 [info] [resolveAuthority(ssh-remote,75)][1002ms] waiting...
2026-01-22 19:29:56.940 [info] [resolveAuthority(ssh-remote,75)][2003ms] waiting...
2026-01-22 19:29:57.941 [info] [resolveAuthority(ssh-remote,75)][3004ms] waiting...
2026-01-22 19:29:58.406 [error] [resolveAuthority(ssh-remote,75)][3469ms] returned an error No route to host
2026-01-22 19:30:28.408 [info] [resolveAuthority(ssh-remote,76)][0ms] activating remote resolvers ssh-remote+pi-zero
2026-01-22 19:30:28.408 [info] [resolveAuthority(ssh-remote,76)][0ms] activating resolver for ssh-remote+pi-zero...
2026-01-22 19:30:28.408 [info] [resolveAuthority(ssh-remote,76)][0ms] invoking final resolve()...
2026-01-22 19:30:29.408 [info] [resolveAuthority(ssh-remote,76)][1000ms] waiting...
2026-01-22 19:30:30.409 [info] [resolveAuthority(ssh-remote,76)][2001ms] waiting...
2026-01-22 19:30:31.409 [info] [resolveAuthority(ssh-remote,76)][3001ms] waiting...
2026-01-22 19:30:31.879 [error] [resolveAuthority(ssh-remote,76)][3471ms] returned an error No route to host
2026-01-22 19:31:01.881 [info] [resolveAuthority(ssh-remote,77)][0ms] activating remote resolvers ssh-remote+pi-zero
2026-01-22 19:31:01.881 [info] [resolveAuthority(ssh-remote,77)][0ms] activating resolver for ssh-remote+pi-zero...
2026-01-22 19:31:01.881 [info] [resolveAuthority(ssh-remote,77)][0ms] invoking final resolve()...
2026-01-22 19:31:02.883 [info] [resolveAuthority(ssh-remote,77)][1002ms] waiting...
2026-01-22 19:31:03.884 [info] [resolveAuthority(ssh-remote,77)][2003ms] waiting...
2026-01-22 19:31:04.885 [info] [resolveAuthority(ssh-remote,77)][3004ms] waiting...
2026-01-22 19:31:05.353 [error] [resolveAuthority(ssh-remote,77)][3472ms] returned an error No route to host
2026-01-22 19:31:35.355 [info] [resolveAuthority(ssh-remote,78)][0ms] activating remote resolvers ssh-remote+pi-zero
2026-01-22 19:31:35.355 [info] [resolveAuthority(ssh-remote,78)][0ms] activating resolver for ssh-remote+pi-zero...
2026-01-22 19:31:35.355 [info] [resolveAuthority(ssh-remote,78)][0ms] invoking final resolve()...
2026-01-22 19:31:36.356 [info] [resolveAuthority(ssh-remote,78)][1001ms] waiting...
2026-01-22 19:31:37.357 [info] [resolveAuthority(ssh-remote,78)][2002ms] waiting...
2026-01-22 19:31:38.358 [info] [resolveAuthority(ssh-remote,78)][3003ms] waiting...
2026-01-22 19:31:38.826 [error] [resolveAuthority(ssh-remote,78)][3471ms] returned an error No route to host
2026-01-22 19:32:08.828 [info] [resolveAuthority(ssh-remote,79)][0ms] activating remote resolvers ssh-remote+pi-zero
2026-01-22 19:32:08.828 [info] [resolveAuthority(ssh-remote,79)][0ms] activating resolver for ssh-remote+pi-zero...
2026-01-22 19:32:08.828 [info] [resolveAuthority(ssh-remote,79)][0ms] invoking final resolve()...
2026-01-22 19:32:09.828 [info] [resolveAuthority(ssh-remote,79)][1000ms] waiting...
2026-01-22 19:32:10.829 [info] [resolveAuthority(ssh-remote,79)][2001ms] waiting...
2026-01-22 19:32:11.829 [info] [resolveAuthority(ssh-remote,79)][3001ms] waiting...
2026-01-22 19:32:12.364 [error] [resolveAuthority(ssh-remote,79)][3536ms] returned an error No route to host
2026-01-22 19:32:42.366 [info] [resolveAuthority(ssh-remote,80)][0ms] activating remote resolvers ssh-remote+pi-zero
2026-01-22 19:32:42.366 [info] [resolveAuthority(ssh-remote,80)][0ms] activating resolver for ssh-remote+pi-zero...
2026-01-22 19:32:42.366 [info] [resolveAuthority(ssh-remote,80)][0ms] invoking final resolve()...
2026-01-22 19:32:43.366 [info] [resolveAuthority(ssh-remote,80)][1000ms] waiting...
2026-01-22 19:32:44.368 [info] [resolveAuthority(ssh-remote,80)][2002ms] waiting...
2026-01-22 19:32:45.369 [info] [resolveAuthority(ssh-remote,80)][3003ms] waiting...
2026-01-22 19:32:45.840 [error] [resolveAuthority(ssh-remote,80)][3474ms] returned an error No route to host
2026-01-22 19:33:15.842 [info] [resolveAuthority(ssh-remote,81)][0ms] activating remote resolvers ssh-remote+pi-zero
2026-01-22 19:33:15.842 [info] [resolveAuthority(ssh-remote,81)][0ms] activating resolver for ssh-remote+pi-zero...
2026-01-22 19:33:15.842 [info] [resolveAuthority(ssh-remote,81)][0ms] invoking final resolve()...
2026-01-22 19:33:16.844 [info] [resolveAuthority(ssh-remote,81)][1002ms] waiting...
2026-01-22 19:33:17.844 [info] [resolveAuthority(ssh-remote,81)][2002ms] waiting...
2026-01-22 19:33:18.845 [info] [resolveAuthority(ssh-remote,81)][3003ms] waiting...
2026-01-22 19:33:19.308 [error] [resolveAuthority(ssh-remote,81)][3466ms] returned an error No route to host
2026-01-22 19:33:49.310 [info] [resolveAuthority(ssh-remote,82)][0ms] activating remote resolvers ssh-remote+pi-zero
2026-01-22 19:33:49.310 [info] [resolveAuthority(ssh-remote,82)][0ms] activating resolver for ssh-remote+pi-zero...
2026-01-22 19:33:49.310 [info] [resolveAuthority(ssh-remote,82)][0ms] invoking final resolve()...
2026-01-22 19:33:50.311 [info] [resolveAuthority(ssh-remote,82)][1001ms] waiting...
2026-01-22 19:33:51.312 [info] [resolveAuthority(ssh-remote,82)][2002ms] waiting...
2026-01-22 19:33:52.313 [info] [resolveAuthority(ssh-remote,82)][3003ms] waiting...
2026-01-22 19:33:52.780 [error] [resolveAuthority(ssh-remote,82)][3470ms] returned an error No route to host
2026-01-22 19:34:22.782 [info] [resolveAuthority(ssh-remote,83)][0ms] activating remote resolvers ssh-remote+pi-zero
2026-01-22 19:34:22.782 [info] [resolveAuthority(ssh-remote,83)][0ms] activating resolver for ssh-remote+pi-zero...
2026-01-22 19:34:22.782 [info] [resolveAuthority(ssh-remote,83)][0ms] invoking final resolve()...
2026-01-22 19:34:23.784 [info] [resolveAuthority(ssh-remote,83)][1002ms] waiting...
2026-01-22 19:34:24.785 [info] [resolveAuthority(ssh-remote,83)][2003ms] waiting...
2026-01-22 19:34:25.786 [info] [resolveAuthority(ssh-remote,83)][3004ms] waiting...
2026-01-22 19:34:26.254 [error] [resolveAuthority(ssh-remote,83)][3472ms] returned an error No route to host
2026-01-22 19:34:56.256 [info] [resolveAuthority(ssh-remote,84)][0ms] activating remote resolvers ssh-remote+pi-zero
2026-01-22 19:34:56.256 [info] [resolveAuthority(ssh-remote,84)][0ms] activating resolver for ssh-remote+pi-zero...
2026-01-22 19:34:56.256 [info] [resolveAuthority(ssh-remote,84)][0ms] invoking final resolve()...
2026-01-22 19:34:57.257 [info] [resolveAuthority(ssh-remote,84)][1001ms] waiting...
2026-01-22 19:34:58.258 [info] [resolveAuthority(ssh-remote,84)][2002ms] waiting...
2026-01-22 19:34:59.260 [info] [resolveAuthority(ssh-remote,84)][3004ms] waiting...
2026-01-22 19:34:59.735 [error] [resolveAuthority(ssh-remote,84)][3479ms] returned an error No route to host
2026-01-22 19:35:29.737 [info] [resolveAuthority(ssh-remote,85)][0ms] activating remote resolvers ssh-remote+pi-zero
2026-01-22 19:35:29.737 [info] [resolveAuthority(ssh-remote,85)][0ms] activating resolver for ssh-remote+pi-zero...
2026-01-22 19:35:29.737 [info] [resolveAuthority(ssh-remote,85)][0ms] invoking final resolve()...
2026-01-22 19:35:30.737 [info] [resolveAuthority(ssh-remote,85)][1000ms] waiting...
2026-01-22 19:35:31.738 [info] [resolveAuthority(ssh-remote,85)][2001ms] waiting...
2026-01-22 19:35:32.738 [info] [resolveAuthority(ssh-remote,85)][3001ms] waiting...
2026-01-22 19:35:33.262 [error] [resolveAuthority(ssh-remote,85)][3525ms] returned an error No route to host
2026-01-22 19:36:03.264 [info] [resolveAuthority(ssh-remote,86)][0ms] activating remote resolvers ssh-remote+pi-zero
2026-01-22 19:36:03.264 [info] [resolveAuthority(ssh-remote,86)][0ms] activating resolver for ssh-remote+pi-zero...
2026-01-22 19:36:03.264 [info] [resolveAuthority(ssh-remote,86)][0ms] invoking final resolve()...
2026-01-22 19:36:04.265 [info] [resolveAuthority(ssh-remote,86)][1001ms] waiting...
2026-01-22 19:36:05.265 [info] [resolveAuthority(ssh-remote,86)][2001ms] waiting...
2026-01-22 19:36:06.266 [info] [resolveAuthority(ssh-remote,86)][3002ms] waiting...
2026-01-22 19:36:06.737 [error] [resolveAuthority(ssh-remote,86)][3473ms] returned an error No route to host
2026-01-22 19:36:36.739 [info] [resolveAuthority(ssh-remote,87)][0ms] activating remote resolvers ssh-remote+pi-zero
2026-01-22 19:36:36.739 [info] [resolveAuthority(ssh-remote,87)][0ms] activating resolver for ssh-remote+pi-zero...
2026-01-22 19:36:36.739 [info] [resolveAuthority(ssh-remote,87)][0ms] invoking final resolve()...
2026-01-22 19:36:37.739 [info] [resolveAuthority(ssh-remote,87)][1000ms] waiting...
2026-01-22 19:36:38.740 [info] [resolveAuthority(ssh-remote,87)][2001ms] waiting...
2026-01-22 19:36:39.740 [info] [resolveAuthority(ssh-remote,87)][3001ms] waiting...
2026-01-22 19:36:40.207 [error] [resolveAuthority(ssh-remote,87)][3468ms] returned an error No route to host
2026-01-22 19:37:10.209 [info] [resolveAuthority(ssh-remote,88)][0ms] activating remote resolvers ssh-remote+pi-zero
2026-01-22 19:37:10.209 [info] [resolveAuthority(ssh-remote,88)][0ms] activating resolver for ssh-remote+pi-zero...
2026-01-22 19:37:10.209 [info] [resolveAuthority(ssh-remote,88)][0ms] invoking final resolve()...
2026-01-22 19:37:11.210 [info] [resolveAuthority(ssh-remote,88)][1001ms] waiting...
2026-01-22 19:37:12.211 [info] [resolveAuthority(ssh-remote,88)][2002ms] waiting...
2026-01-22 19:37:13.212 [info] [resolveAuthority(ssh-remote,88)][3003ms] waiting...
2026-01-22 19:37:13.680 [error] [resolveAuthority(ssh-remote,88)][3471ms] returned an error No route to host
2026-01-22 19:37:43.682 [info] [resolveAuthority(ssh-remote,89)][0ms] activating remote resolvers ssh-remote+pi-zero
2026-01-22 19:37:43.682 [info] [resolveAuthority(ssh-remote,89)][0ms] activating resolver for ssh-remote+pi-zero...
2026-01-22 19:37:43.682 [info] [resolveAuthority(ssh-remote,89)][0ms] invoking final resolve()...
2026-01-22 19:37:44.682 [info] [resolveAuthority(ssh-remote,89)][1000ms] waiting...
2026-01-22 19:37:45.683 [info] [resolveAuthority(ssh-remote,89)][2001ms] waiting...
2026-01-22 19:37:46.685 [info] [resolveAuthority(ssh-remote,89)][3003ms] waiting...
2026-01-22 19:37:47.217 [error] [resolveAuthority(ssh-remote,89)][3534ms] returned an error No route to host
2026-01-22 19:38:17.218 [info] [resolveAuthority(ssh-remote,90)][0ms] activating remote resolvers ssh-remote+pi-zero
2026-01-22 19:38:17.218 [info] [resolveAuthority(ssh-remote,90)][0ms] activating resolver for ssh-remote+pi-zero...
2026-01-22 19:38:17.218 [info] [resolveAuthority(ssh-remote,90)][0ms] invoking final resolve()...
2026-01-22 19:38:18.219 [info] [resolveAuthority(ssh-remote,90)][1001ms] waiting...
2026-01-22 19:38:19.221 [info] [resolveAuthority(ssh-remote,90)][2003ms] waiting...
2026-01-22 19:38:20.222 [info] [resolveAuthority(ssh-remote,90)][3004ms] waiting...
2026-01-22 19:38:20.754 [error] [resolveAuthority(ssh-remote,90)][3536ms] returned an error No route to host
2026-01-22 19:38:50.756 [info] [resolveAuthority(ssh-remote,91)][0ms] activating remote resolvers ssh-remote+pi-zero
2026-01-22 19:38:50.756 [info] [resolveAuthority(ssh-remote,91)][0ms] activating resolver for ssh-remote+pi-zero...
2026-01-22 19:38:50.756 [info] [resolveAuthority(ssh-remote,91)][0ms] invoking final resolve()...
2026-01-22 19:38:51.758 [info] [resolveAuthority(ssh-remote,91)][1002ms] waiting...
2026-01-22 19:38:52.759 [info] [resolveAuthority(ssh-remote,91)][2003ms] waiting...
2026-01-22 19:38:53.760 [info] [resolveAuthority(ssh-remote,91)][3004ms] waiting...
2026-01-22 19:38:54.289 [error] [resolveAuthority(ssh-remote,91)][3533ms] returned an error No route to host
2026-01-22 19:39:24.291 [info] [resolveAuthority(ssh-remote,92)][0ms] activating remote resolvers ssh-remote+pi-zero
2026-01-22 19:39:24.291 [info] [resolveAuthority(ssh-remote,92)][0ms] activating resolver for ssh-remote+pi-zero...
2026-01-22 19:39:24.291 [info] [resolveAuthority(ssh-remote,92)][0ms] invoking final resolve()...
2026-01-22 19:39:25.292 [info] [resolveAuthority(ssh-remote,92)][1001ms] waiting...
2026-01-22 19:39:26.293 [info] [resolveAuthority(ssh-remote,92)][2002ms] waiting...
2026-01-22 19:39:27.294 [info] [resolveAuthority(ssh-remote,92)][3003ms] waiting...
2026-01-22 19:39:27.761 [error] [resolveAuthority(ssh-remote,92)][3470ms] returned an error No route to host
2026-01-22 19:39:57.763 [info] [resolveAuthority(ssh-remote,93)][0ms] activating remote resolvers ssh-remote+pi-zero
2026-01-22 19:39:57.763 [info] [resolveAuthority(ssh-remote,93)][0ms] activating resolver for ssh-remote+pi-zero...
2026-01-22 19:39:57.763 [info] [resolveAuthority(ssh-remote,93)][0ms] invoking final resolve()...
2026-01-22 19:39:58.764 [info] [resolveAuthority(ssh-remote,93)][1001ms] waiting...
2026-01-22 19:39:59.765 [info] [resolveAuthority(ssh-remote,93)][2002ms] waiting...
2026-01-22 19:40:00.766 [info] [resolveAuthority(ssh-remote,93)][3003ms] waiting...
2026-01-22 19:40:01.299 [error] [resolveAuthority(ssh-remote,93)][3536ms] returned an error No route to host
2026-01-22 19:40:31.301 [info] [resolveAuthority(ssh-remote,94)][0ms] activating remote resolvers ssh-remote+pi-zero
2026-01-22 19:40:31.301 [info] [resolveAuthority(ssh-remote,94)][0ms] activating resolver for ssh-remote+pi-zero...
2026-01-22 19:40:31.301 [info] [resolveAuthority(ssh-remote,94)][0ms] invoking final resolve()...
2026-01-22 19:40:32.302 [info] [resolveAuthority(ssh-remote,94)][1001ms] waiting...
2026-01-22 19:40:33.302 [info] [resolveAuthority(ssh-remote,94)][2001ms] waiting...
2026-01-22 19:40:34.303 [info] [resolveAuthority(ssh-remote,94)][3002ms] waiting...
2026-01-22 19:40:34.768 [error] [resolveAuthority(ssh-remote,94)][3467ms] returned an error No route to host
2026-01-22 19:41:04.770 [info] [resolveAuthority(ssh-remote,95)][0ms] activating remote resolvers ssh-remote+pi-zero
2026-01-22 19:41:04.779 [info] [resolveAuthority(ssh-remote,95)][9ms] activating resolver for ssh-remote+pi-zero...
2026-01-22 19:41:04.779 [info] [resolveAuthority(ssh-remote,95)][9ms] invoking final resolve()...
2026-01-22 19:41:05.779 [info] [resolveAuthority(ssh-remote,95)][1009ms] waiting...
2026-01-22 19:41:06.780 [info] [resolveAuthority(ssh-remote,95)][2010ms] waiting...
2026-01-22 19:41:07.781 [info] [resolveAuthority(ssh-remote,95)][3011ms] waiting...
2026-01-22 19:41:08.303 [error] [resolveAuthority(ssh-remote,95)][3533ms] returned an error No route to host
2026-01-22 19:41:38.305 [info] [resolveAuthority(ssh-remote,96)][0ms] activating remote resolvers ssh-remote+pi-zero
2026-01-22 19:41:38.305 [info] [resolveAuthority(ssh-remote,96)][0ms] activating resolver for ssh-remote+pi-zero...
2026-01-22 19:41:38.305 [info] [resolveAuthority(ssh-remote,96)][0ms] invoking final resolve()...
2026-01-22 19:41:39.306 [info] [resolveAuthority(ssh-remote,96)][1001ms] waiting...
2026-01-22 19:41:40.307 [info] [resolveAuthority(ssh-remote,96)][2002ms] waiting...
2026-01-22 19:41:41.308 [info] [resolveAuthority(ssh-remote,96)][3003ms] waiting...
2026-01-22 19:41:41.777 [error] [resolveAuthority(ssh-remote,96)][3472ms] returned an error No route to host
2026-01-22 19:42:11.779 [info] [resolveAuthority(ssh-remote,97)][0ms] activating remote resolvers ssh-remote+pi-zero
2026-01-22 19:42:11.779 [info] [resolveAuthority(ssh-remote,97)][0ms] activating resolver for ssh-remote+pi-zero...
2026-01-22 19:42:11.779 [info] [resolveAuthority(ssh-remote,97)][0ms] invoking final resolve()...
2026-01-22 19:42:12.780 [info] [resolveAuthority(ssh-remote,97)][1001ms] waiting...
2026-01-22 19:42:13.781 [info] [resolveAuthority(ssh-remote,97)][2002ms] waiting...
2026-01-22 19:42:14.782 [info] [resolveAuthority(ssh-remote,97)][3003ms] waiting...
2026-01-22 19:42:15.251 [error] [resolveAuthority(ssh-remote,97)][3472ms] returned an error No route to host
2026-01-22 19:42:45.253 [info] [resolveAuthority(ssh-remote,98)][0ms] activating remote resolvers ssh-remote+pi-zero
2026-01-22 19:42:45.253 [info] [resolveAuthority(ssh-remote,98)][0ms] activating resolver for ssh-remote+pi-zero...
2026-01-22 19:42:45.253 [info] [resolveAuthority(ssh-remote,98)][0ms] invoking final resolve()...
2026-01-22 19:42:46.254 [info] [resolveAuthority(ssh-remote,98)][1000ms] waiting...
2026-01-22 19:42:47.255 [info] [resolveAuthority(ssh-remote,98)][2002ms] waiting...
2026-01-22 19:42:48.256 [info] [resolveAuthority(ssh-remote,98)][3003ms] waiting...
2026-01-22 19:42:48.789 [error] [resolveAuthority(ssh-remote,98)][3535ms] returned an error No route to host
2026-01-22 19:43:18.790 [info] [resolveAuthority(ssh-remote,99)][0ms] activating remote resolvers ssh-remote+pi-zero
2026-01-22 19:43:18.790 [info] [resolveAuthority(ssh-remote,99)][0ms] activating resolver for ssh-remote+pi-zero...
2026-01-22 19:43:18.791 [info] [resolveAuthority(ssh-remote,99)][1ms] invoking final resolve()...
2026-01-22 19:43:19.792 [info] [resolveAuthority(ssh-remote,99)][1002ms] waiting...
2026-01-22 19:43:20.793 [info] [resolveAuthority(ssh-remote,99)][2003ms] waiting...
2026-01-22 19:43:21.794 [info] [resolveAuthority(ssh-remote,99)][3004ms] waiting...
2026-01-22 19:43:22.324 [error] [resolveAuthority(ssh-remote,99)][3534ms] returned an error No route to host
2026-01-22 19:43:52.326 [info] [resolveAuthority(ssh-remote,100)][0ms] activating remote resolvers ssh-remote+pi-zero
2026-01-22 19:43:52.326 [info] [resolveAuthority(ssh-remote,100)][0ms] activating resolver for ssh-remote+pi-zero...
2026-01-22 19:43:52.326 [info] [resolveAuthority(ssh-remote,100)][0ms] invoking final resolve()...
2026-01-22 19:43:53.327 [info] [resolveAuthority(ssh-remote,100)][1001ms] waiting...
2026-01-22 19:43:54.328 [info] [resolveAuthority(ssh-remote,100)][2002ms] waiting...
2026-01-22 19:43:55.328 [info] [resolveAuthority(ssh-remote,100)][3002ms] waiting...
2026-01-22 19:43:55.860 [error] [resolveAuthority(ssh-remote,100)][3534ms] returned an error No route to host
2026-01-22 19:44:25.862 [info] [resolveAuthority(ssh-remote,101)][0ms] activating remote resolvers ssh-remote+pi-zero
2026-01-22 19:44:25.862 [info] [resolveAuthority(ssh-remote,101)][0ms] activating resolver for ssh-remote+pi-zero...
2026-01-22 19:44:25.863 [info] [resolveAuthority(ssh-remote,101)][1ms] invoking final resolve()...
2026-01-22 19:44:26.864 [info] [resolveAuthority(ssh-remote,101)][1002ms] waiting...
2026-01-22 19:44:27.865 [info] [resolveAuthority(ssh-remote,101)][2003ms] waiting...
2026-01-22 19:44:28.866 [info] [resolveAuthority(ssh-remote,101)][3004ms] waiting...
2026-01-22 19:44:29.397 [error] [resolveAuthority(ssh-remote,101)][3535ms] returned an error No route to host
2026-01-22 19:44:59.399 [info] [resolveAuthority(ssh-remote,102)][0ms] activating remote resolvers ssh-remote+pi-zero
2026-01-22 19:44:59.399 [info] [resolveAuthority(ssh-remote,102)][0ms] activating resolver for ssh-remote+pi-zero...
2026-01-22 19:44:59.399 [info] [resolveAuthority(ssh-remote,102)][0ms] invoking final resolve()...
2026-01-22 19:45:00.400 [info] [resolveAuthority(ssh-remote,102)][1001ms] waiting...
2026-01-22 19:45:01.401 [info] [resolveAuthority(ssh-remote,102)][2002ms] waiting...
2026-01-22 19:45:02.402 [info] [resolveAuthority(ssh-remote,102)][3003ms] waiting...
2026-01-22 19:45:02.934 [error] [resolveAuthority(ssh-remote,102)][3535ms] returned an error No route to host
2026-01-22 19:45:32.936 [info] [resolveAuthority(ssh-remote,103)][0ms] activating remote resolvers ssh-remote+pi-zero
2026-01-22 19:45:32.936 [info] [resolveAuthority(ssh-remote,103)][0ms] activating resolver for ssh-remote+pi-zero...
2026-01-22 19:45:32.936 [info] [resolveAuthority(ssh-remote,103)][0ms] invoking final resolve()...
2026-01-22 19:45:33.937 [info] [resolveAuthority(ssh-remote,103)][1001ms] waiting...
2026-01-22 19:45:34.937 [info] [resolveAuthority(ssh-remote,103)][2001ms] waiting...
2026-01-22 19:45:35.938 [info] [resolveAuthority(ssh-remote,103)][3002ms] waiting...
2026-01-22 19:45:36.468 [error] [resolveAuthority(ssh-remote,103)][3531ms] returned an error No route to host
2026-01-22 19:46:06.469 [info] [resolveAuthority(ssh-remote,104)][0ms] activating remote resolvers ssh-remote+pi-zero
2026-01-22 19:46:06.469 [info] [resolveAuthority(ssh-remote,104)][0ms] activating resolver for ssh-remote+pi-zero...
2026-01-22 19:46:06.469 [info] [resolveAuthority(ssh-remote,104)][0ms] invoking final resolve()...
2026-01-22 19:46:07.471 [info] [resolveAuthority(ssh-remote,104)][1002ms] waiting...
2026-01-22 19:46:08.472 [info] [resolveAuthority(ssh-remote,104)][2003ms] waiting...
2026-01-22 19:46:09.473 [info] [resolveAuthority(ssh-remote,104)][3004ms] waiting...
2026-01-22 19:46:10.005 [error] [resolveAuthority(ssh-remote,104)][3536ms] returned an error No route to host
2026-01-22 19:46:40.007 [info] [resolveAuthority(ssh-remote,105)][0ms] activating remote resolvers ssh-remote+pi-zero
2026-01-22 19:46:40.007 [info] [resolveAuthority(ssh-remote,105)][0ms] activating resolver for ssh-remote+pi-zero...
2026-01-22 19:46:40.007 [info] [resolveAuthority(ssh-remote,105)][0ms] invoking final resolve()...
2026-01-22 19:46:41.008 [info] [resolveAuthority(ssh-remote,105)][1001ms] waiting...
2026-01-22 19:46:42.009 [info] [resolveAuthority(ssh-remote,105)][2002ms] waiting...
2026-01-22 19:46:43.011 [info] [resolveAuthority(ssh-remote,105)][3004ms] waiting...
2026-01-22 19:46:43.544 [error] [resolveAuthority(ssh-remote,105)][3537ms] returned an error No route to host
2026-01-22 19:47:13.546 [info] [resolveAuthority(ssh-remote,106)][0ms] activating remote resolvers ssh-remote+pi-zero
2026-01-22 19:47:13.546 [info] [resolveAuthority(ssh-remote,106)][0ms] activating resolver for ssh-remote+pi-zero...
2026-01-22 19:47:13.546 [info] [resolveAuthority(ssh-remote,106)][0ms] invoking final resolve()...
2026-01-22 19:47:14.547 [info] [resolveAuthority(ssh-remote,106)][1001ms] waiting...
2026-01-22 19:47:15.548 [info] [resolveAuthority(ssh-remote,106)][2002ms] waiting...
2026-01-22 19:47:16.549 [info] [resolveAuthority(ssh-remote,106)][3003ms] waiting...
2026-01-22 19:47:17.078 [error] [resolveAuthority(ssh-remote,106)][3532ms] returned an error No route to host
2026-01-22 19:47:47.080 [info] [resolveAuthority(ssh-remote,107)][0ms] activating remote resolvers ssh-remote+pi-zero
2026-01-22 19:47:47.080 [info] [resolveAuthority(ssh-remote,107)][0ms] activating resolver for ssh-remote+pi-zero...
2026-01-22 19:47:47.080 [info] [resolveAuthority(ssh-remote,107)][0ms] invoking final resolve()...
2026-01-22 19:47:48.081 [info] [resolveAuthority(ssh-remote,107)][1001ms] waiting...
2026-01-22 19:47:49.082 [info] [resolveAuthority(ssh-remote,107)][2002ms] waiting...
2026-01-22 19:47:50.082 [info] [resolveAuthority(ssh-remote,107)][3002ms] waiting...
2026-01-22 19:47:50.616 [error] [resolveAuthority(ssh-remote,107)][3536ms] returned an error No route to host
2026-01-22 19:48:20.618 [info] [resolveAuthority(ssh-remote,108)][0ms] activating remote resolvers ssh-remote+pi-zero
2026-01-22 19:48:20.618 [info] [resolveAuthority(ssh-remote,108)][0ms] activating resolver for ssh-remote+pi-zero...
2026-01-22 19:48:20.618 [info] [resolveAuthority(ssh-remote,108)][0ms] invoking final resolve()...
2026-01-22 19:48:21.618 [info] [resolveAuthority(ssh-remote,108)][1000ms] waiting...
2026-01-22 19:48:22.619 [info] [resolveAuthority(ssh-remote,108)][2001ms] waiting...
2026-01-22 19:48:23.620 [info] [resolveAuthority(ssh-remote,108)][3002ms] waiting...
2026-01-22 19:48:24.152 [error] [resolveAuthority(ssh-remote,108)][3534ms] returned an error No route to host
2026-01-22 19:48:54.154 [info] [resolveAuthority(ssh-remote,109)][0ms] activating remote resolvers ssh-remote+pi-zero
2026-01-22 19:48:54.154 [info] [resolveAuthority(ssh-remote,109)][0ms] activating resolver for ssh-remote+pi-zero...
2026-01-22 19:48:54.154 [info] [resolveAuthority(ssh-remote,109)][0ms] invoking final resolve()...
2026-01-22 19:48:55.153 [info] [resolveAuthority(ssh-remote,109)][999ms] waiting...
2026-01-22 19:48:56.154 [info] [resolveAuthority(ssh-remote,109)][2000ms] waiting...
2026-01-22 19:48:57.155 [info] [resolveAuthority(ssh-remote,109)][3001ms] waiting...
2026-01-22 19:48:57.688 [error] [resolveAuthority(ssh-remote,109)][3534ms] returned an error No route to host
2026-01-22 19:49:27.689 [info] [resolveAuthority(ssh-remote,110)][0ms] activating remote resolvers ssh-remote+pi-zero
2026-01-22 19:49:27.689 [info] [resolveAuthority(ssh-remote,110)][0ms] activating resolver for ssh-remote+pi-zero...
2026-01-22 19:49:27.690 [info] [resolveAuthority(ssh-remote,110)][1ms] invoking final resolve()...
2026-01-22 19:49:28.691 [info] [resolveAuthority(ssh-remote,110)][1002ms] waiting...
2026-01-22 19:49:29.692 [info] [resolveAuthority(ssh-remote,110)][2003ms] waiting...
2026-01-22 19:49:30.693 [info] [resolveAuthority(ssh-remote,110)][3004ms] waiting...
2026-01-22 19:49:31.224 [error] [resolveAuthority(ssh-remote,110)][3535ms] returned an error No route to host
2026-01-22 19:50:01.226 [info] [resolveAuthority(ssh-remote,111)][0ms] activating remote resolvers ssh-remote+pi-zero
2026-01-22 19:50:01.226 [info] [resolveAuthority(ssh-remote,111)][0ms] activating resolver for ssh-remote+pi-zero...
2026-01-22 19:50:01.226 [info] [resolveAuthority(ssh-remote,111)][0ms] invoking final resolve()...
2026-01-22 19:50:02.227 [info] [resolveAuthority(ssh-remote,111)][1001ms] waiting...
2026-01-22 19:50:03.228 [info] [resolveAuthority(ssh-remote,111)][2002ms] waiting...
2026-01-22 19:50:04.229 [info] [resolveAuthority(ssh-remote,111)][3003ms] waiting...
2026-01-22 19:50:04.761 [error] [resolveAuthority(ssh-remote,111)][3535ms] returned an error No route to host
2026-01-22 19:50:34.763 [info] [resolveAuthority(ssh-remote,112)][0ms] activating remote resolvers ssh-remote+pi-zero
2026-01-22 19:50:34.763 [info] [resolveAuthority(ssh-remote,112)][0ms] activating resolver for ssh-remote+pi-zero...
2026-01-22 19:50:34.763 [info] [resolveAuthority(ssh-remote,112)][0ms] invoking final resolve()...
2026-01-22 19:50:35.765 [info] [resolveAuthority(ssh-remote,112)][1002ms] waiting...
2026-01-22 19:50:36.766 [info] [resolveAuthority(ssh-remote,112)][2003ms] waiting...
2026-01-22 19:50:37.767 [info] [resolveAuthority(ssh-remote,112)][3004ms] waiting...
2026-01-22 19:50:38.297 [error] [resolveAuthority(ssh-remote,112)][3534ms] returned an error No route to host
2026-01-22 19:51:08.299 [info] [resolveAuthority(ssh-remote,113)][0ms] activating remote resolvers ssh-remote+pi-zero
2026-01-22 19:51:08.299 [info] [resolveAuthority(ssh-remote,113)][0ms] activating resolver for ssh-remote+pi-zero...
2026-01-22 19:51:08.299 [info] [resolveAuthority(ssh-remote,113)][0ms] invoking final resolve()...
2026-01-22 19:51:09.300 [info] [resolveAuthority(ssh-remote,113)][1001ms] waiting...
2026-01-22 19:51:10.301 [info] [resolveAuthority(ssh-remote,113)][2002ms] waiting...
2026-01-22 19:51:11.303 [info] [resolveAuthority(ssh-remote,113)][3004ms] waiting...
2026-01-22 19:51:11.836 [error] [resolveAuthority(ssh-remote,113)][3537ms] returned an error No route to host
2026-01-22 19:51:41.838 [info] [resolveAuthority(ssh-remote,114)][0ms] activating remote resolvers ssh-remote+pi-zero
2026-01-22 19:51:41.838 [info] [resolveAuthority(ssh-remote,114)][0ms] activating resolver for ssh-remote+pi-zero...
2026-01-22 19:51:41.838 [info] [resolveAuthority(ssh-remote,114)][0ms] invoking final resolve()...
2026-01-22 19:51:42.839 [info] [resolveAuthority(ssh-remote,114)][1001ms] waiting...
2026-01-22 19:51:43.841 [info] [resolveAuthority(ssh-remote,114)][2003ms] waiting...
2026-01-22 19:51:44.842 [info] [resolveAuthority(ssh-remote,114)][3004ms] waiting...
2026-01-22 19:51:45.371 [error] [resolveAuthority(ssh-remote,114)][3533ms] returned an error No route to host
2026-01-22 19:52:15.373 [info] [resolveAuthority(ssh-remote,115)][0ms] activating remote resolvers ssh-remote+pi-zero
2026-01-22 19:52:15.373 [info] [resolveAuthority(ssh-remote,115)][0ms] activating resolver for ssh-remote+pi-zero...
2026-01-22 19:52:15.373 [info] [resolveAuthority(ssh-remote,115)][0ms] invoking final resolve()...
2026-01-22 19:52:16.373 [info] [resolveAuthority(ssh-remote,115)][1000ms] waiting...
2026-01-22 19:52:17.374 [info] [resolveAuthority(ssh-remote,115)][2001ms] waiting...
2026-01-22 19:52:18.375 [info] [resolveAuthority(ssh-remote,115)][3002ms] waiting...
2026-01-22 19:52:18.918 [error] [resolveAuthority(ssh-remote,115)][3545ms] returned an error No route to host
2026-01-22 19:52:48.920 [info] [resolveAuthority(ssh-remote,116)][0ms] activating remote resolvers ssh-remote+pi-zero
2026-01-22 19:52:48.920 [info] [resolveAuthority(ssh-remote,116)][0ms] activating resolver for ssh-remote+pi-zero...
2026-01-22 19:52:48.920 [info] [resolveAuthority(ssh-remote,116)][0ms] invoking final resolve()...
2026-01-22 19:52:49.920 [info] [resolveAuthority(ssh-remote,116)][1000ms] waiting...
2026-01-22 19:52:50.921 [info] [resolveAuthority(ssh-remote,116)][2001ms] waiting...
2026-01-22 19:52:51.923 [info] [resolveAuthority(ssh-remote,116)][3003ms] waiting...
2026-01-22 19:52:52.443 [error] [resolveAuthority(ssh-remote,116)][3523ms] returned an error No route to host
2026-01-22 19:53:22.445 [info] [resolveAuthority(ssh-remote,117)][0ms] activating remote resolvers ssh-remote+pi-zero
2026-01-22 19:53:22.445 [info] [resolveAuthority(ssh-remote,117)][0ms] activating resolver for ssh-remote+pi-zero...
2026-01-22 19:53:22.445 [info] [resolveAuthority(ssh-remote,117)][0ms] invoking final resolve()...
2026-01-22 19:53:23.447 [info] [resolveAuthority(ssh-remote,117)][1002ms] waiting...
2026-01-22 19:53:24.448 [info] [resolveAuthority(ssh-remote,117)][2003ms] waiting...
2026-01-22 19:53:25.449 [info] [resolveAuthority(ssh-remote,117)][3004ms] waiting...
2026-01-22 19:53:25.979 [error] [resolveAuthority(ssh-remote,117)][3534ms] returned an error No route to host
2026-01-22 19:53:55.981 [info] [resolveAuthority(ssh-remote,118)][0ms] activating remote resolvers ssh-remote+pi-zero
2026-01-22 19:53:55.981 [info] [resolveAuthority(ssh-remote,118)][0ms] activating resolver for ssh-remote+pi-zero...
2026-01-22 19:53:55.981 [info] [resolveAuthority(ssh-remote,118)][0ms] invoking final resolve()...
2026-01-22 19:53:56.981 [info] [resolveAuthority(ssh-remote,118)][1000ms] waiting...
2026-01-22 19:53:57.982 [info] [resolveAuthority(ssh-remote,118)][2001ms] waiting...
2026-01-22 19:53:58.984 [info] [resolveAuthority(ssh-remote,118)][3003ms] waiting...
2026-01-22 19:53:59.515 [error] [resolveAuthority(ssh-remote,118)][3534ms] returned an error No route to host
2026-01-22 19:54:29.517 [info] [resolveAuthority(ssh-remote,119)][0ms] activating remote resolvers ssh-remote+pi-zero
2026-01-22 19:54:29.517 [info] [resolveAuthority(ssh-remote,119)][0ms] activating resolver for ssh-remote+pi-zero...
2026-01-22 19:54:29.517 [info] [resolveAuthority(ssh-remote,119)][0ms] invoking final resolve()...
2026-01-22 19:54:30.519 [info] [resolveAuthority(ssh-remote,119)][1002ms] waiting...
2026-01-22 19:54:31.520 [info] [resolveAuthority(ssh-remote,119)][2003ms] waiting...
2026-01-22 19:54:32.521 [info] [resolveAuthority(ssh-remote,119)][3004ms] waiting...
2026-01-22 19:54:33.052 [error] [resolveAuthority(ssh-remote,119)][3535ms] returned an error No route to host
2026-01-22 19:55:03.054 [info] [resolveAuthority(ssh-remote,120)][0ms] activating remote resolvers ssh-remote+pi-zero
2026-01-22 19:55:03.054 [info] [resolveAuthority(ssh-remote,120)][0ms] activating resolver for ssh-remote+pi-zero...
2026-01-22 19:55:03.054 [info] [resolveAuthority(ssh-remote,120)][0ms] invoking final resolve()...
2026-01-22 19:55:04.055 [info] [resolveAuthority(ssh-remote,120)][1001ms] waiting...
2026-01-22 19:55:05.056 [info] [resolveAuthority(ssh-remote,120)][2002ms] waiting...
2026-01-22 19:55:06.057 [info] [resolveAuthority(ssh-remote,120)][3003ms] waiting...
2026-01-22 19:55:06.590 [error] [resolveAuthority(ssh-remote,120)][3536ms] returned an error No route to host
2026-01-22 19:55:36.592 [info] [resolveAuthority(ssh-remote,121)][0ms] activating remote resolvers ssh-remote+pi-zero
2026-01-22 19:55:36.592 [info] [resolveAuthority(ssh-remote,121)][0ms] activating resolver for ssh-remote+pi-zero...
2026-01-22 19:55:36.592 [info] [resolveAuthority(ssh-remote,121)][0ms] invoking final resolve()...
2026-01-22 19:55:37.594 [info] [resolveAuthority(ssh-remote,121)][1002ms] waiting...
2026-01-22 19:55:38.595 [info] [resolveAuthority(ssh-remote,121)][2003ms] waiting...
2026-01-22 19:55:39.596 [info] [resolveAuthority(ssh-remote,121)][3004ms] waiting...
2026-01-22 19:55:40.126 [error] [resolveAuthority(ssh-remote,121)][3534ms] returned an error No route to host
2026-01-22 19:56:10.128 [info] [resolveAuthority(ssh-remote,122)][0ms] activating remote resolvers ssh-remote+pi-zero
2026-01-22 19:56:10.128 [info] [resolveAuthority(ssh-remote,122)][0ms] activating resolver for ssh-remote+pi-zero...
2026-01-22 19:56:10.128 [info] [resolveAuthority(ssh-remote,122)][0ms] invoking final resolve()...
2026-01-22 19:56:11.128 [info] [resolveAuthority(ssh-remote,122)][1000ms] waiting...
2026-01-22 19:56:12.129 [info] [resolveAuthority(ssh-remote,122)][2001ms] waiting...
2026-01-22 19:56:13.130 [info] [resolveAuthority(ssh-remote,122)][3002ms] waiting...
2026-01-22 19:56:13.662 [error] [resolveAuthority(ssh-remote,122)][3534ms] returned an error No route to host
2026-01-22 19:56:43.664 [info] [resolveAuthority(ssh-remote,123)][0ms] activating remote resolvers ssh-remote+pi-zero
2026-01-22 19:56:43.664 [info] [resolveAuthority(ssh-remote,123)][0ms] activating resolver for ssh-remote+pi-zero...
2026-01-22 19:56:43.664 [info] [resolveAuthority(ssh-remote,123)][0ms] invoking final resolve()...
2026-01-22 19:56:44.666 [info] [resolveAuthority(ssh-remote,123)][1002ms] waiting...
2026-01-22 19:56:45.666 [info] [resolveAuthority(ssh-remote,123)][2002ms] waiting...
2026-01-22 19:56:46.667 [info] [resolveAuthority(ssh-remote,123)][3003ms] waiting...
2026-01-22 19:56:47.204 [error] [resolveAuthority(ssh-remote,123)][3540ms] returned an error No route to host
2026-01-22 19:57:17.206 [info] [resolveAuthority(ssh-remote,124)][0ms] activating remote resolvers ssh-remote+pi-zero
2026-01-22 19:57:17.206 [info] [resolveAuthority(ssh-remote,124)][0ms] activating resolver for ssh-remote+pi-zero...
2026-01-22 19:57:17.206 [info] [resolveAuthority(ssh-remote,124)][0ms] invoking final resolve()...
2026-01-22 19:57:18.206 [info] [resolveAuthority(ssh-remote,124)][1000ms] waiting...
2026-01-22 19:57:19.207 [info] [resolveAuthority(ssh-remote,124)][2001ms] waiting...
2026-01-22 19:57:20.207 [info] [resolveAuthority(ssh-remote,124)][3001ms] waiting...
2026-01-22 19:57:20.735 [error] [resolveAuthority(ssh-remote,124)][3529ms] returned an error No route to host
2026-01-22 19:57:50.737 [info] [resolveAuthority(ssh-remote,125)][0ms] activating remote resolvers ssh-remote+pi-zero
2026-01-22 19:57:50.737 [info] [resolveAuthority(ssh-remote,125)][0ms] activating resolver for ssh-remote+pi-zero...
2026-01-22 19:57:50.738 [info] [resolveAuthority(ssh-remote,125)][1ms] invoking final resolve()...
2026-01-22 19:57:51.739 [info] [resolveAuthority(ssh-remote,125)][1002ms] waiting...
2026-01-22 19:57:52.740 [info] [resolveAuthority(ssh-remote,125)][2003ms] waiting...
2026-01-22 19:57:53.741 [info] [resolveAuthority(ssh-remote,125)][3004ms] waiting...
2026-01-22 19:57:54.272 [error] [resolveAuthority(ssh-remote,125)][3535ms] returned an error No route to host
2026-01-22 19:58:24.274 [info] [resolveAuthority(ssh-remote,126)][0ms] activating remote resolvers ssh-remote+pi-zero
2026-01-22 19:58:24.274 [info] [resolveAuthority(ssh-remote,126)][0ms] activating resolver for ssh-remote+pi-zero...
2026-01-22 19:58:24.274 [info] [resolveAuthority(ssh-remote,126)][0ms] invoking final resolve()...
2026-01-22 19:58:25.275 [info] [resolveAuthority(ssh-remote,126)][1001ms] waiting...
2026-01-22 19:58:26.276 [info] [resolveAuthority(ssh-remote,126)][2002ms] waiting...
2026-01-22 19:58:27.277 [info] [resolveAuthority(ssh-remote,126)][3003ms] waiting...
2026-01-22 19:58:27.807 [error] [resolveAuthority(ssh-remote,126)][3533ms] returned an error No route to host
2026-01-22 19:58:57.809 [info] [resolveAuthority(ssh-remote,127)][0ms] activating remote resolvers ssh-remote+pi-zero
2026-01-22 19:58:57.809 [info] [resolveAuthority(ssh-remote,127)][0ms] activating resolver for ssh-remote+pi-zero...
2026-01-22 19:58:57.809 [info] [resolveAuthority(ssh-remote,127)][0ms] invoking final resolve()...
2026-01-22 19:58:58.810 [info] [resolveAuthority(ssh-remote,127)][1001ms] waiting...
2026-01-22 19:58:59.811 [info] [resolveAuthority(ssh-remote,127)][2002ms] waiting...
2026-01-22 19:59:00.813 [info] [resolveAuthority(ssh-remote,127)][3004ms] waiting...
2026-01-22 19:59:01.345 [error] [resolveAuthority(ssh-remote,127)][3536ms] returned an error No route to host
2026-01-22 19:59:31.356 [info] [resolveAuthority(ssh-remote,128)][0ms] activating remote resolvers ssh-remote+pi-zero
2026-01-22 19:59:31.356 [info] [resolveAuthority(ssh-remote,128)][0ms] activating resolver for ssh-remote+pi-zero...
2026-01-22 19:59:31.356 [info] [resolveAuthority(ssh-remote,128)][0ms] invoking final resolve()...
2026-01-22 19:59:32.357 [info] [resolveAuthority(ssh-remote,128)][1001ms] waiting...
2026-01-22 19:59:33.359 [info] [resolveAuthority(ssh-remote,128)][2003ms] waiting...
2026-01-22 19:59:34.360 [info] [resolveAuthority(ssh-remote,128)][3004ms] waiting...
2026-01-22 19:59:34.882 [error] [resolveAuthority(ssh-remote,128)][3526ms] returned an error No route to host
2026-01-22 20:00:04.884 [info] [resolveAuthority(ssh-remote,129)][0ms] activating remote resolvers ssh-remote+pi-zero
2026-01-22 20:00:04.884 [info] [resolveAuthority(ssh-remote,129)][0ms] activating resolver for ssh-remote+pi-zero...
2026-01-22 20:00:04.884 [info] [resolveAuthority(ssh-remote,129)][0ms] invoking final resolve()...
2026-01-22 20:00:05.886 [info] [resolveAuthority(ssh-remote,129)][1002ms] waiting...
2026-01-22 20:00:06.887 [info] [resolveAuthority(ssh-remote,129)][2003ms] waiting...
2026-01-22 20:00:07.887 [info] [resolveAuthority(ssh-remote,129)][3003ms] waiting...
2026-01-22 20:00:08.419 [error] [resolveAuthority(ssh-remote,129)][3535ms] returned an error No route to host
2026-01-22 20:00:38.421 [info] [resolveAuthority(ssh-remote,130)][0ms] activating remote resolvers ssh-remote+pi-zero
2026-01-22 20:00:38.421 [info] [resolveAuthority(ssh-remote,130)][0ms] activating resolver for ssh-remote+pi-zero...
2026-01-22 20:00:38.421 [info] [resolveAuthority(ssh-remote,130)][0ms] invoking final resolve()...
2026-01-22 20:00:39.422 [info] [resolveAuthority(ssh-remote,130)][1001ms] waiting...
2026-01-22 20:00:40.424 [info] [resolveAuthority(ssh-remote,130)][2003ms] waiting...
2026-01-22 20:00:41.425 [info] [resolveAuthority(ssh-remote,130)][3004ms] waiting...
2026-01-22 20:00:41.953 [error] [resolveAuthority(ssh-remote,130)][3532ms] returned an error No route to host
2026-01-22 20:01:11.955 [info] [resolveAuthority(ssh-remote,131)][0ms] activating remote resolvers ssh-remote+pi-zero
2026-01-22 20:01:11.955 [info] [resolveAuthority(ssh-remote,131)][0ms] activating resolver for ssh-remote+pi-zero...
2026-01-22 20:01:11.955 [info] [resolveAuthority(ssh-remote,131)][0ms] invoking final resolve()...
2026-01-22 20:01:12.957 [info] [resolveAuthority(ssh-remote,131)][1002ms] waiting...
2026-01-22 20:01:13.958 [info] [resolveAuthority(ssh-remote,131)][2003ms] waiting...
2026-01-22 20:01:14.959 [info] [resolveAuthority(ssh-remote,131)][3004ms] waiting...
2026-01-22 20:01:15.502 [error] [resolveAuthority(ssh-remote,131)][3547ms] returned an error No route to host
2026-01-22 20:01:45.504 [info] [resolveAuthority(ssh-remote,132)][0ms] activating remote resolvers ssh-remote+pi-zero
2026-01-22 20:01:45.504 [info] [resolveAuthority(ssh-remote,132)][0ms] activating resolver for ssh-remote+pi-zero...
2026-01-22 20:01:45.504 [info] [resolveAuthority(ssh-remote,132)][0ms] invoking final resolve()...
2026-01-22 20:01:46.506 [info] [resolveAuthority(ssh-remote,132)][1002ms] waiting...
2026-01-22 20:01:47.507 [info] [resolveAuthority(ssh-remote,132)][2003ms] waiting...
2026-01-22 20:01:48.508 [info] [resolveAuthority(ssh-remote,132)][3004ms] waiting...
2026-01-22 20:01:49.028 [error] [resolveAuthority(ssh-remote,132)][3524ms] returned an error No route to host
2026-01-22 20:02:19.030 [info] [resolveAuthority(ssh-remote,133)][0ms] activating remote resolvers ssh-remote+pi-zero
2026-01-22 20:02:19.030 [info] [resolveAuthority(ssh-remote,133)][0ms] activating resolver for ssh-remote+pi-zero...
2026-01-22 20:02:19.030 [info] [resolveAuthority(ssh-remote,133)][0ms] invoking final resolve()...
2026-01-22 20:02:20.031 [info] [resolveAuthority(ssh-remote,133)][1001ms] waiting...
2026-01-22 20:02:21.031 [info] [resolveAuthority(ssh-remote,133)][2001ms] waiting...
2026-01-22 20:02:22.032 [info] [resolveAuthority(ssh-remote,133)][3002ms] waiting...
2026-01-22 20:02:22.564 [error] [resolveAuthority(ssh-remote,133)][3534ms] returned an error No route to host
2026-01-22 20:02:52.566 [info] [resolveAuthority(ssh-remote,134)][0ms] activating remote resolvers ssh-remote+pi-zero
2026-01-22 20:02:52.566 [info] [resolveAuthority(ssh-remote,134)][0ms] activating resolver for ssh-remote+pi-zero...
2026-01-22 20:02:52.566 [info] [resolveAuthority(ssh-remote,134)][0ms] invoking final resolve()...
2026-01-22 20:02:53.568 [info] [resolveAuthority(ssh-remote,134)][1002ms] waiting...
2026-01-22 20:02:54.569 [info] [resolveAuthority(ssh-remote,134)][2003ms] waiting...
2026-01-22 20:02:55.570 [info] [resolveAuthority(ssh-remote,134)][3004ms] waiting...
2026-01-22 20:02:56.101 [error] [resolveAuthority(ssh-remote,134)][3535ms] returned an error No route to host
2026-01-22 20:03:26.103 [info] [resolveAuthority(ssh-remote,135)][0ms] activating remote resolvers ssh-remote+pi-zero
2026-01-22 20:03:26.103 [info] [resolveAuthority(ssh-remote,135)][0ms] activating resolver for ssh-remote+pi-zero...
2026-01-22 20:03:26.103 [info] [resolveAuthority(ssh-remote,135)][0ms] invoking final resolve()...
2026-01-22 20:03:27.103 [info] [resolveAuthority(ssh-remote,135)][1000ms] waiting...
2026-01-22 20:03:28.104 [info] [resolveAuthority(ssh-remote,135)][2001ms] waiting...
2026-01-22 20:03:29.106 [info] [resolveAuthority(ssh-remote,135)][3003ms] waiting...
2026-01-22 20:03:29.636 [error] [resolveAuthority(ssh-remote,135)][3533ms] returned an error No route to host
2026-01-22 20:03:59.638 [info] [resolveAuthority(ssh-remote,136)][0ms] activating remote resolvers ssh-remote+pi-zero
2026-01-22 20:03:59.638 [info] [resolveAuthority(ssh-remote,136)][0ms] activating resolver for ssh-remote+pi-zero...
2026-01-22 20:03:59.638 [info] [resolveAuthority(ssh-remote,136)][0ms] invoking final resolve()...
2026-01-22 20:04:00.639 [info] [resolveAuthority(ssh-remote,136)][1001ms] waiting...
2026-01-22 20:04:01.639 [info] [resolveAuthority(ssh-remote,136)][2001ms] waiting...
2026-01-22 20:04:02.640 [info] [resolveAuthority(ssh-remote,136)][3002ms] waiting...
2026-01-22 20:04:03.172 [error] [resolveAuthority(ssh-remote,136)][3534ms] returned an error No route to host
2026-01-22 20:04:33.174 [info] [resolveAuthority(ssh-remote,137)][0ms] activating remote resolvers ssh-remote+pi-zero
2026-01-22 20:04:33.174 [info] [resolveAuthority(ssh-remote,137)][0ms] activating resolver for ssh-remote+pi-zero...
2026-01-22 20:04:33.174 [info] [resolveAuthority(ssh-remote,137)][0ms] invoking final resolve()...
2026-01-22 20:04:34.175 [info] [resolveAuthority(ssh-remote,137)][1001ms] waiting...
2026-01-22 20:04:35.175 [info] [resolveAuthority(ssh-remote,137)][2001ms] waiting...
2026-01-22 20:04:36.176 [info] [resolveAuthority(ssh-remote,137)][3002ms] waiting...
2026-01-22 20:04:36.709 [error] [resolveAuthority(ssh-remote,137)][3535ms] returned an error No route to host
2026-01-22 20:05:06.711 [info] [resolveAuthority(ssh-remote,138)][0ms] activating remote resolvers ssh-remote+pi-zero
2026-01-22 20:05:06.711 [info] [resolveAuthority(ssh-remote,138)][0ms] activating resolver for ssh-remote+pi-zero...
2026-01-22 20:05:06.711 [info] [resolveAuthority(ssh-remote,138)][0ms] invoking final resolve()...
2026-01-22 20:05:07.712 [info] [resolveAuthority(ssh-remote,138)][1001ms] waiting...
2026-01-22 20:05:08.713 [info] [resolveAuthority(ssh-remote,138)][2002ms] waiting...
2026-01-22 20:05:09.714 [info] [resolveAuthority(ssh-remote,138)][3003ms] waiting...
2026-01-22 20:05:10.245 [error] [resolveAuthority(ssh-remote,138)][3534ms] returned an error No route to host
2026-01-22 20:05:40.247 [info] [resolveAuthority(ssh-remote,139)][0ms] activating remote resolvers ssh-remote+pi-zero
2026-01-22 20:05:40.247 [info] [resolveAuthority(ssh-remote,139)][0ms] activating resolver for ssh-remote+pi-zero...
2026-01-22 20:05:40.248 [info] [resolveAuthority(ssh-remote,139)][1ms] invoking final resolve()...
2026-01-22 20:05:41.248 [info] [resolveAuthority(ssh-remote,139)][1001ms] waiting...
2026-01-22 20:05:42.250 [info] [resolveAuthority(ssh-remote,139)][2003ms] waiting...
2026-01-22 20:05:43.251 [info] [resolveAuthority(ssh-remote,139)][3004ms] waiting...
2026-01-22 20:05:43.780 [error] [resolveAuthority(ssh-remote,139)][3533ms] returned an error No route to host
2026-01-22 20:06:13.782 [info] [resolveAuthority(ssh-remote,140)][0ms] activating remote resolvers ssh-remote+pi-zero
2026-01-22 20:06:13.782 [info] [resolveAuthority(ssh-remote,140)][0ms] activating resolver for ssh-remote+pi-zero...
2026-01-22 20:06:13.782 [info] [resolveAuthority(ssh-remote,140)][0ms] invoking final resolve()...
2026-01-22 20:06:14.783 [info] [resolveAuthority(ssh-remote,140)][1001ms] waiting...
2026-01-22 20:06:15.784 [info] [resolveAuthority(ssh-remote,140)][2002ms] waiting...
2026-01-22 20:06:16.785 [info] [resolveAuthority(ssh-remote,140)][3003ms] waiting...
2026-01-22 20:06:17.320 [error] [resolveAuthority(ssh-remote,140)][3538ms] returned an error No route to host
2026-01-22 20:06:47.322 [info] [resolveAuthority(ssh-remote,141)][0ms] activating remote resolvers ssh-remote+pi-zero
2026-01-22 20:06:47.322 [info] [resolveAuthority(ssh-remote,141)][0ms] activating resolver for ssh-remote+pi-zero...
2026-01-22 20:06:47.322 [info] [resolveAuthority(ssh-remote,141)][0ms] invoking final resolve()...
2026-01-22 20:06:48.323 [info] [resolveAuthority(ssh-remote,141)][1001ms] waiting...
2026-01-22 20:06:49.324 [info] [resolveAuthority(ssh-remote,141)][2002ms] waiting...
2026-01-22 20:06:50.325 [info] [resolveAuthority(ssh-remote,141)][3003ms] waiting...
2026-01-22 20:06:50.856 [error] [resolveAuthority(ssh-remote,141)][3534ms] returned an error No route to host
2026-01-22 20:07:20.858 [info] [resolveAuthority(ssh-remote,142)][0ms] activating remote resolvers ssh-remote+pi-zero
2026-01-22 20:07:20.858 [info] [resolveAuthority(ssh-remote,142)][0ms] activating resolver for ssh-remote+pi-zero...
2026-01-22 20:07:20.858 [info] [resolveAuthority(ssh-remote,142)][0ms] invoking final resolve()...
2026-01-22 20:07:21.858 [info] [resolveAuthority(ssh-remote,142)][1000ms] waiting...
2026-01-22 20:07:22.860 [info] [resolveAuthority(ssh-remote,142)][2001ms] waiting...
2026-01-22 20:07:23.861 [info] [resolveAuthority(ssh-remote,142)][3003ms] waiting...
2026-01-22 20:07:24.393 [error] [resolveAuthority(ssh-remote,142)][3535ms] returned an error No route to host
2026-01-22 20:07:54.395 [info] [resolveAuthority(ssh-remote,143)][0ms] activating remote resolvers ssh-remote+pi-zero
2026-01-22 20:07:54.395 [info] [resolveAuthority(ssh-remote,143)][0ms] activating resolver for ssh-remote+pi-zero...
2026-01-22 20:07:54.395 [info] [resolveAuthority(ssh-remote,143)][0ms] invoking final resolve()...
2026-01-22 20:07:55.396 [info] [resolveAuthority(ssh-remote,143)][1001ms] waiting...
2026-01-22 20:07:56.397 [info] [resolveAuthority(ssh-remote,143)][2002ms] waiting...
2026-01-22 20:07:57.398 [info] [resolveAuthority(ssh-remote,143)][3003ms] waiting...
2026-01-22 20:07:57.927 [error] [resolveAuthority(ssh-remote,143)][3532ms] returned an error No route to host
2026-01-22 20:08:27.929 [info] [resolveAuthority(ssh-remote,144)][0ms] activating remote resolvers ssh-remote+pi-zero
2026-01-22 20:08:27.929 [info] [resolveAuthority(ssh-remote,144)][0ms] activating resolver for ssh-remote+pi-zero...
2026-01-22 20:08:27.929 [info] [resolveAuthority(ssh-remote,144)][0ms] invoking final resolve()...
2026-01-22 20:08:28.931 [info] [resolveAuthority(ssh-remote,144)][1002ms] waiting...
2026-01-22 20:08:29.930 [info] [resolveAuthority(ssh-remote,144)][2001ms] waiting...
2026-01-22 20:08:30.931 [info] [resolveAuthority(ssh-remote,144)][3002ms] waiting...
2026-01-22 20:08:31.465 [error] [resolveAuthority(ssh-remote,144)][3536ms] returned an error No route to host
2026-01-22 20:09:01.467 [info] [resolveAuthority(ssh-remote,145)][0ms] activating remote resolvers ssh-remote+pi-zero
2026-01-22 20:09:01.467 [info] [resolveAuthority(ssh-remote,145)][0ms] activating resolver for ssh-remote+pi-zero...
2026-01-22 20:09:01.467 [info] [resolveAuthority(ssh-remote,145)][0ms] invoking final resolve()...
2026-01-22 20:09:02.468 [info] [resolveAuthority(ssh-remote,145)][1001ms] waiting...
2026-01-22 20:09:03.469 [info] [resolveAuthority(ssh-remote,145)][2002ms] waiting...
2026-01-22 20:09:04.471 [info] [resolveAuthority(ssh-remote,145)][3004ms] waiting...
2026-01-22 20:09:05.001 [error] [resolveAuthority(ssh-remote,145)][3534ms] returned an error No route to host
2026-01-22 20:09:35.003 [info] [resolveAuthority(ssh-remote,146)][0ms] activating remote resolvers ssh-remote+pi-zero
2026-01-22 20:09:35.003 [info] [resolveAuthority(ssh-remote,146)][0ms] activating resolver for ssh-remote+pi-zero...
2026-01-22 20:09:35.003 [info] [resolveAuthority(ssh-remote,146)][0ms] invoking final resolve()...
2026-01-22 20:09:36.003 [info] [resolveAuthority(ssh-remote,146)][1000ms] waiting...
2026-01-22 20:09:37.005 [info] [resolveAuthority(ssh-remote,146)][2002ms] waiting...
2026-01-22 20:09:38.006 [info] [resolveAuthority(ssh-remote,146)][3003ms] waiting...
2026-01-22 20:09:38.536 [error] [resolveAuthority(ssh-remote,146)][3533ms] returned an error No route to host
2026-01-22 20:10:08.538 [info] [resolveAuthority(ssh-remote,147)][0ms] activating remote resolvers ssh-remote+pi-zero
2026-01-22 20:10:08.538 [info] [resolveAuthority(ssh-remote,147)][0ms] activating resolver for ssh-remote+pi-zero...
2026-01-22 20:10:08.538 [info] [resolveAuthority(ssh-remote,147)][0ms] invoking final resolve()...
2026-01-22 20:10:09.539 [info] [resolveAuthority(ssh-remote,147)][1001ms] waiting...
2026-01-22 20:10:10.540 [info] [resolveAuthority(ssh-remote,147)][2002ms] waiting...
2026-01-22 20:10:11.542 [info] [resolveAuthority(ssh-remote,147)][3004ms] waiting...
2026-01-22 20:10:12.074 [error] [resolveAuthority(ssh-remote,147)][3535ms] returned an error No route to host
2026-01-22 20:10:42.076 [info] [resolveAuthority(ssh-remote,148)][0ms] activating remote resolvers ssh-remote+pi-zero
2026-01-22 20:10:42.076 [info] [resolveAuthority(ssh-remote,148)][0ms] activating resolver for ssh-remote+pi-zero...
2026-01-22 20:10:42.076 [info] [resolveAuthority(ssh-remote,148)][0ms] invoking final resolve()...
2026-01-22 20:10:43.076 [info] [resolveAuthority(ssh-remote,148)][1000ms] waiting...
2026-01-22 20:10:44.077 [info] [resolveAuthority(ssh-remote,148)][2001ms] waiting...
2026-01-22 20:10:45.079 [info] [resolveAuthority(ssh-remote,148)][3003ms] waiting...
2026-01-22 20:10:45.609 [error] [resolveAuthority(ssh-remote,148)][3533ms] returned an error No route to host
2026-01-22 20:11:15.611 [info] [resolveAuthority(ssh-remote,149)][0ms] activating remote resolvers ssh-remote+pi-zero
2026-01-22 20:11:15.611 [info] [resolveAuthority(ssh-remote,149)][0ms] activating resolver for ssh-remote+pi-zero...
2026-01-22 20:11:15.611 [info] [resolveAuthority(ssh-remote,149)][0ms] invoking final resolve()...
2026-01-22 20:11:16.612 [info] [resolveAuthority(ssh-remote,149)][1001ms] waiting...
2026-01-22 20:11:17.613 [info] [resolveAuthority(ssh-remote,149)][2002ms] waiting...
2026-01-22 20:11:18.614 [info] [resolveAuthority(ssh-remote,149)][3003ms] waiting...
2026-01-22 20:11:19.152 [error] [resolveAuthority(ssh-remote,149)][3540ms] returned an error No route to host
2026-01-22 20:11:49.154 [info] [resolveAuthority(ssh-remote,150)][0ms] activating remote resolvers ssh-remote+pi-zero
2026-01-22 20:11:49.154 [info] [resolveAuthority(ssh-remote,150)][0ms] activating resolver for ssh-remote+pi-zero...
2026-01-22 20:11:49.154 [info] [resolveAuthority(ssh-remote,150)][0ms] invoking final resolve()...
2026-01-22 20:11:50.155 [info] [resolveAuthority(ssh-remote,150)][1001ms] waiting...
2026-01-22 20:11:51.156 [info] [resolveAuthority(ssh-remote,150)][2002ms] waiting...
2026-01-22 20:11:52.157 [info] [resolveAuthority(ssh-remote,150)][3003ms] waiting...
2026-01-22 20:11:52.682 [error] [resolveAuthority(ssh-remote,150)][3528ms] returned an error No route to host
2026-01-22 20:12:22.684 [info] [resolveAuthority(ssh-remote,151)][0ms] activating remote resolvers ssh-remote+pi-zero
2026-01-22 20:12:22.684 [info] [resolveAuthority(ssh-remote,151)][0ms] activating resolver for ssh-remote+pi-zero...
2026-01-22 20:12:22.684 [info] [resolveAuthority(ssh-remote,151)][0ms] invoking final resolve()...
2026-01-22 20:12:23.685 [info] [resolveAuthority(ssh-remote,151)][1001ms] waiting...
2026-01-22 20:12:24.684 [info] [resolveAuthority(ssh-remote,151)][2000ms] waiting...
2026-01-22 20:12:25.686 [info] [resolveAuthority(ssh-remote,151)][3002ms] waiting...
2026-01-22 20:12:26.219 [error] [resolveAuthority(ssh-remote,151)][3535ms] returned an error No route to host
2026-01-22 20:12:56.221 [info] [resolveAuthority(ssh-remote,152)][0ms] activating remote resolvers ssh-remote+pi-zero
2026-01-22 20:12:56.221 [info] [resolveAuthority(ssh-remote,152)][0ms] activating resolver for ssh-remote+pi-zero...
2026-01-22 20:12:56.221 [info] [resolveAuthority(ssh-remote,152)][0ms] invoking final resolve()...
2026-01-22 20:12:57.222 [info] [resolveAuthority(ssh-remote,152)][1001ms] waiting...
2026-01-22 20:12:58.223 [info] [resolveAuthority(ssh-remote,152)][2002ms] waiting...
2026-01-22 20:12:59.224 [info] [resolveAuthority(ssh-remote,152)][3003ms] waiting...
2026-01-22 20:12:59.755 [error] [resolveAuthority(ssh-remote,152)][3534ms] returned an error No route to host
2026-01-22 20:13:29.757 [info] [resolveAuthority(ssh-remote,153)][0ms] activating remote resolvers ssh-remote+pi-zero
2026-01-22 20:13:29.757 [info] [resolveAuthority(ssh-remote,153)][0ms] activating resolver for ssh-remote+pi-zero...
2026-01-22 20:13:29.757 [info] [resolveAuthority(ssh-remote,153)][0ms] invoking final resolve()...
2026-01-22 20:13:30.759 [info] [resolveAuthority(ssh-remote,153)][1002ms] waiting...
2026-01-22 20:13:31.760 [info] [resolveAuthority(ssh-remote,153)][2003ms] waiting...
2026-01-22 20:13:32.761 [info] [resolveAuthority(ssh-remote,153)][3004ms] waiting...
2026-01-22 20:13:33.293 [error] [resolveAuthority(ssh-remote,153)][3536ms] returned an error No route to host
2026-01-22 20:14:03.296 [info] [resolveAuthority(ssh-remote,154)][0ms] activating remote resolvers ssh-remote+pi-zero
2026-01-22 20:14:03.296 [info] [resolveAuthority(ssh-remote,154)][0ms] activating resolver for ssh-remote+pi-zero...
2026-01-22 20:14:03.296 [info] [resolveAuthority(ssh-remote,154)][0ms] invoking final resolve()...
2026-01-22 20:14:04.297 [info] [resolveAuthority(ssh-remote,154)][1001ms] waiting...
2026-01-22 20:14:05.298 [info] [resolveAuthority(ssh-remote,154)][2002ms] waiting...
2026-01-22 20:14:06.299 [info] [resolveAuthority(ssh-remote,154)][3003ms] waiting...
2026-01-22 20:14:06.840 [error] [resolveAuthority(ssh-remote,154)][3544ms] returned an error No route to host
2026-01-22 20:14:36.842 [info] [resolveAuthority(ssh-remote,155)][0ms] activating remote resolvers ssh-remote+pi-zero
2026-01-22 20:14:36.842 [info] [resolveAuthority(ssh-remote,155)][0ms] activating resolver for ssh-remote+pi-zero...
2026-01-22 20:14:36.842 [info] [resolveAuthority(ssh-remote,155)][0ms] invoking final resolve()...
2026-01-22 20:14:37.844 [info] [resolveAuthority(ssh-remote,155)][1002ms] waiting...
2026-01-22 20:14:38.845 [info] [resolveAuthority(ssh-remote,155)][2003ms] waiting...
2026-01-22 20:14:39.846 [info] [resolveAuthority(ssh-remote,155)][3004ms] waiting...
2026-01-22 20:14:40.372 [error] [resolveAuthority(ssh-remote,155)][3530ms] returned an error No route to host
2026-01-22 20:15:10.374 [info] [resolveAuthority(ssh-remote,156)][0ms] activating remote resolvers ssh-remote+pi-zero
2026-01-22 20:15:10.374 [info] [resolveAuthority(ssh-remote,156)][0ms] activating resolver for ssh-remote+pi-zero...
2026-01-22 20:15:10.374 [info] [resolveAuthority(ssh-remote,156)][0ms] invoking final resolve()...
2026-01-22 20:15:11.374 [info] [resolveAuthority(ssh-remote,156)][1000ms] waiting...
2026-01-22 20:15:12.375 [info] [resolveAuthority(ssh-remote,156)][2001ms] waiting...
2026-01-22 20:15:13.377 [info] [resolveAuthority(ssh-remote,156)][3003ms] waiting...
2026-01-22 20:15:13.902 [error] [resolveAuthority(ssh-remote,156)][3528ms] returned an error No route to host
2026-01-22 20:15:43.904 [info] [resolveAuthority(ssh-remote,157)][0ms] activating remote resolvers ssh-remote+pi-zero
2026-01-22 20:15:43.904 [info] [resolveAuthority(ssh-remote,157)][0ms] activating resolver for ssh-remote+pi-zero...
2026-01-22 20:15:43.904 [info] [resolveAuthority(ssh-remote,157)][0ms] invoking final resolve()...
2026-01-22 20:15:44.906 [info] [resolveAuthority(ssh-remote,157)][1002ms] waiting...
2026-01-22 20:15:45.907 [info] [resolveAuthority(ssh-remote,157)][2003ms] waiting...
2026-01-22 20:15:46.908 [info] [resolveAuthority(ssh-remote,157)][3004ms] waiting...
2026-01-22 20:15:47.443 [error] [resolveAuthority(ssh-remote,157)][3539ms] returned an error No route to host
2026-01-22 20:16:17.445 [info] [resolveAuthority(ssh-remote,158)][0ms] activating remote resolvers ssh-remote+pi-zero
2026-01-22 20:16:17.445 [info] [resolveAuthority(ssh-remote,158)][0ms] activating resolver for ssh-remote+pi-zero...
2026-01-22 20:16:17.446 [info] [resolveAuthority(ssh-remote,158)][1ms] invoking final resolve()...
2026-01-22 20:16:18.447 [info] [resolveAuthority(ssh-remote,158)][1002ms] waiting...
2026-01-22 20:16:19.448 [info] [resolveAuthority(ssh-remote,158)][2003ms] waiting...
2026-01-22 20:16:20.448 [info] [resolveAuthority(ssh-remote,158)][3003ms] waiting...
2026-01-22 20:16:20.983 [error] [resolveAuthority(ssh-remote,158)][3538ms] returned an error No route to host
2026-01-22 20:16:50.985 [info] [resolveAuthority(ssh-remote,159)][0ms] activating remote resolvers ssh-remote+pi-zero
2026-01-22 20:16:50.985 [info] [resolveAuthority(ssh-remote,159)][0ms] activating resolver for ssh-remote+pi-zero...
2026-01-22 20:16:50.985 [info] [resolveAuthority(ssh-remote,159)][0ms] invoking final resolve()...
2026-01-22 20:16:51.987 [info] [resolveAuthority(ssh-remote,159)][1002ms] waiting...
2026-01-22 20:16:52.987 [info] [resolveAuthority(ssh-remote,159)][2002ms] waiting...
2026-01-22 20:16:53.988 [info] [resolveAuthority(ssh-remote,159)][3003ms] waiting...
2026-01-22 20:16:54.525 [error] [resolveAuthority(ssh-remote,159)][3539ms] returned an error No route to host
2026-01-22 20:17:24.526 [info] [resolveAuthority(ssh-remote,160)][0ms] activating remote resolvers ssh-remote+pi-zero
2026-01-22 20:17:24.526 [info] [resolveAuthority(ssh-remote,160)][0ms] activating resolver for ssh-remote+pi-zero...
2026-01-22 20:17:24.527 [info] [resolveAuthority(ssh-remote,160)][1ms] invoking final resolve()...
2026-01-22 20:17:25.527 [info] [resolveAuthority(ssh-remote,160)][1001ms] waiting...
2026-01-22 20:17:26.528 [info] [resolveAuthority(ssh-remote,160)][2002ms] waiting...
2026-01-22 20:17:27.530 [info] [resolveAuthority(ssh-remote,160)][3003ms] waiting...
2026-01-22 20:17:28.060 [error] [resolveAuthority(ssh-remote,160)][3534ms] returned an error No route to host
2026-01-22 20:17:58.062 [info] [resolveAuthority(ssh-remote,161)][0ms] activating remote resolvers ssh-remote+pi-zero
2026-01-22 20:17:58.062 [info] [resolveAuthority(ssh-remote,161)][0ms] activating resolver for ssh-remote+pi-zero...
2026-01-22 20:17:58.062 [info] [resolveAuthority(ssh-remote,161)][0ms] invoking final resolve()...
2026-01-22 20:17:59.063 [info] [resolveAuthority(ssh-remote,161)][1001ms] waiting...
2026-01-22 20:18:00.064 [info] [resolveAuthority(ssh-remote,161)][2002ms] waiting...
2026-01-22 20:18:01.065 [info] [resolveAuthority(ssh-remote,161)][3003ms] waiting...
2026-01-22 20:18:01.588 [error] [resolveAuthority(ssh-remote,161)][3525ms] returned an error No route to host
2026-01-22 20:18:31.589 [info] [resolveAuthority(ssh-remote,162)][0ms] activating remote resolvers ssh-remote+pi-zero
2026-01-22 20:18:31.589 [info] [resolveAuthority(ssh-remote,162)][0ms] activating resolver for ssh-remote+pi-zero...
2026-01-22 20:18:31.589 [info] [resolveAuthority(ssh-remote,162)][0ms] invoking final resolve()...
2026-01-22 20:18:32.591 [info] [resolveAuthority(ssh-remote,162)][1002ms] waiting...
2026-01-22 20:18:33.592 [info] [resolveAuthority(ssh-remote,162)][2003ms] waiting...
2026-01-22 20:18:34.593 [info] [resolveAuthority(ssh-remote,162)][3004ms] waiting...
2026-01-22 20:18:35.126 [error] [resolveAuthority(ssh-remote,162)][3537ms] returned an error No route to host
2026-01-22 20:19:05.127 [info] [resolveAuthority(ssh-remote,163)][0ms] activating remote resolvers ssh-remote+pi-zero
2026-01-22 20:19:05.127 [info] [resolveAuthority(ssh-remote,163)][0ms] activating resolver for ssh-remote+pi-zero...
2026-01-22 20:19:05.128 [info] [resolveAuthority(ssh-remote,163)][1ms] invoking final resolve()...
2026-01-22 20:19:06.129 [info] [resolveAuthority(ssh-remote,163)][1002ms] waiting...
2026-01-22 20:19:07.130 [info] [resolveAuthority(ssh-remote,163)][2003ms] waiting...
2026-01-22 20:19:08.131 [info] [resolveAuthority(ssh-remote,163)][3004ms] waiting...
2026-01-22 20:19:08.660 [error] [resolveAuthority(ssh-remote,163)][3532ms] returned an error No route to host
2026-01-22 20:19:38.661 [info] [resolveAuthority(ssh-remote,164)][0ms] activating remote resolvers ssh-remote+pi-zero
2026-01-22 20:19:38.661 [info] [resolveAuthority(ssh-remote,164)][0ms] activating resolver for ssh-remote+pi-zero...
2026-01-22 20:19:38.661 [info] [resolveAuthority(ssh-remote,164)][0ms] invoking final resolve()...
2026-01-22 20:19:39.662 [info] [resolveAuthority(ssh-remote,164)][1001ms] waiting...
2026-01-22 20:19:40.664 [info] [resolveAuthority(ssh-remote,164)][2003ms] waiting...
2026-01-22 20:19:41.665 [info] [resolveAuthority(ssh-remote,164)][3004ms] waiting...
2026-01-22 20:19:42.195 [error] [resolveAuthority(ssh-remote,164)][3534ms] returned an error No route to host
2026-01-22 20:20:12.197 [info] [resolveAuthority(ssh-remote,165)][0ms] activating remote resolvers ssh-remote+pi-zero
2026-01-22 20:20:12.197 [info] [resolveAuthority(ssh-remote,165)][0ms] activating resolver for ssh-remote+pi-zero...
2026-01-22 20:20:12.197 [info] [resolveAuthority(ssh-remote,165)][0ms] invoking final resolve()...
2026-01-22 20:20:13.198 [info] [resolveAuthority(ssh-remote,165)][1001ms] waiting...
2026-01-22 20:20:14.198 [info] [resolveAuthority(ssh-remote,165)][2001ms] waiting...
2026-01-22 20:20:15.199 [info] [resolveAuthority(ssh-remote,165)][3002ms] waiting...
2026-01-22 20:20:15.738 [error] [resolveAuthority(ssh-remote,165)][3541ms] returned an error No route to host
2026-01-22 20:20:45.740 [info] [resolveAuthority(ssh-remote,166)][0ms] activating remote resolvers ssh-remote+pi-zero
2026-01-22 20:20:45.740 [info] [resolveAuthority(ssh-remote,166)][0ms] activating resolver for ssh-remote+pi-zero...
2026-01-22 20:20:45.740 [info] [resolveAuthority(ssh-remote,166)][0ms] invoking final resolve()...
2026-01-22 20:20:46.742 [info] [resolveAuthority(ssh-remote,166)][1002ms] waiting...
2026-01-22 20:20:47.742 [info] [resolveAuthority(ssh-remote,166)][2002ms] waiting...
2026-01-22 20:20:48.743 [info] [resolveAuthority(ssh-remote,166)][3003ms] waiting...
2026-01-22 20:20:49.280 [error] [resolveAuthority(ssh-remote,166)][3540ms] returned an error No route to host
2026-01-22 20:21:19.281 [info] [resolveAuthority(ssh-remote,167)][0ms] activating remote resolvers ssh-remote+pi-zero
2026-01-22 20:21:19.281 [info] [resolveAuthority(ssh-remote,167)][0ms] activating resolver for ssh-remote+pi-zero...
2026-01-22 20:21:19.282 [info] [resolveAuthority(ssh-remote,167)][1ms] invoking final resolve()...
2026-01-22 20:21:20.282 [info] [resolveAuthority(ssh-remote,167)][1001ms] waiting...
2026-01-22 20:21:21.283 [info] [resolveAuthority(ssh-remote,167)][2002ms] waiting...
2026-01-22 20:21:22.284 [info] [resolveAuthority(ssh-remote,167)][3003ms] waiting...
2026-01-22 20:21:22.807 [error] [resolveAuthority(ssh-remote,167)][3526ms] returned an error No route to host
2026-01-22 20:21:52.809 [info] [resolveAuthority(ssh-remote,168)][0ms] activating remote resolvers ssh-remote+pi-zero
2026-01-22 20:21:52.809 [info] [resolveAuthority(ssh-remote,168)][0ms] activating resolver for ssh-remote+pi-zero...
2026-01-22 20:21:52.809 [info] [resolveAuthority(ssh-remote,168)][0ms] invoking final resolve()...
2026-01-22 20:21:53.810 [info] [resolveAuthority(ssh-remote,168)][1001ms] waiting...
2026-01-22 20:21:54.811 [info] [resolveAuthority(ssh-remote,168)][2002ms] waiting...
2026-01-22 20:21:55.812 [info] [resolveAuthority(ssh-remote,168)][3003ms] waiting...
2026-01-22 20:21:56.341 [error] [resolveAuthority(ssh-remote,168)][3532ms] returned an error No route to host
2026-01-22 20:22:26.343 [info] [resolveAuthority(ssh-remote,169)][0ms] activating remote resolvers ssh-remote+pi-zero
2026-01-22 20:22:26.343 [info] [resolveAuthority(ssh-remote,169)][0ms] activating resolver for ssh-remote+pi-zero...
2026-01-22 20:22:26.343 [info] [resolveAuthority(ssh-remote,169)][0ms] invoking final resolve()...
2026-01-22 20:22:27.344 [info] [resolveAuthority(ssh-remote,169)][1001ms] waiting...
2026-01-22 20:22:28.343 [info] [resolveAuthority(ssh-remote,169)][2000ms] waiting...
2026-01-22 20:22:29.345 [info] [resolveAuthority(ssh-remote,169)][3002ms] waiting...
2026-01-22 20:22:29.878 [error] [resolveAuthority(ssh-remote,169)][3535ms] returned an error No route to host
2026-01-22 20:22:59.880 [info] [resolveAuthority(ssh-remote,170)][0ms] activating remote resolvers ssh-remote+pi-zero
2026-01-22 20:22:59.880 [info] [resolveAuthority(ssh-remote,170)][0ms] activating resolver for ssh-remote+pi-zero...
2026-01-22 20:22:59.880 [info] [resolveAuthority(ssh-remote,170)][0ms] invoking final resolve()...
2026-01-22 20:23:00.882 [info] [resolveAuthority(ssh-remote,170)][1002ms] waiting...
2026-01-22 20:23:01.883 [info] [resolveAuthority(ssh-remote,170)][2003ms] waiting...
2026-01-22 20:23:02.884 [info] [resolveAuthority(ssh-remote,170)][3004ms] waiting...
2026-01-22 20:23:03.416 [error] [resolveAuthority(ssh-remote,170)][3536ms] returned an error No route to host
2026-01-22 20:23:33.418 [info] [resolveAuthority(ssh-remote,171)][0ms] activating remote resolvers ssh-remote+pi-zero
2026-01-22 20:23:33.418 [info] [resolveAuthority(ssh-remote,171)][0ms] activating resolver for ssh-remote+pi-zero...
2026-01-22 20:23:33.418 [info] [resolveAuthority(ssh-remote,171)][0ms] invoking final resolve()...
2026-01-22 20:23:34.420 [info] [resolveAuthority(ssh-remote,171)][1002ms] waiting...
2026-01-22 20:23:35.421 [info] [resolveAuthority(ssh-remote,171)][2003ms] waiting...
2026-01-22 20:23:36.422 [info] [resolveAuthority(ssh-remote,171)][3004ms] waiting...
2026-01-22 20:23:36.953 [error] [resolveAuthority(ssh-remote,171)][3535ms] returned an error No route to host
2026-01-22 20:24:06.954 [info] [resolveAuthority(ssh-remote,172)][0ms] activating remote resolvers ssh-remote+pi-zero
2026-01-22 20:24:06.954 [info] [resolveAuthority(ssh-remote,172)][0ms] activating resolver for ssh-remote+pi-zero...
2026-01-22 20:24:06.955 [info] [resolveAuthority(ssh-remote,172)][1ms] invoking final resolve()...
2026-01-22 20:24:07.956 [info] [resolveAuthority(ssh-remote,172)][1002ms] waiting...
2026-01-22 20:24:08.957 [info] [resolveAuthority(ssh-remote,172)][2003ms] waiting...
2026-01-22 20:24:09.957 [info] [resolveAuthority(ssh-remote,172)][3003ms] waiting...
2026-01-22 20:24:10.491 [error] [resolveAuthority(ssh-remote,172)][3537ms] returned an error No route to host
2026-01-22 20:24:40.493 [info] [resolveAuthority(ssh-remote,173)][0ms] activating remote resolvers ssh-remote+pi-zero
2026-01-22 20:24:40.493 [info] [resolveAuthority(ssh-remote,173)][0ms] activating resolver for ssh-remote+pi-zero...
2026-01-22 20:24:40.493 [info] [resolveAuthority(ssh-remote,173)][0ms] invoking final resolve()...
2026-01-22 20:24:41.495 [info] [resolveAuthority(ssh-remote,173)][1002ms] waiting...
2026-01-22 20:24:42.494 [info] [resolveAuthority(ssh-remote,173)][2001ms] waiting...
2026-01-22 20:24:43.495 [info] [resolveAuthority(ssh-remote,173)][3002ms] waiting...
2026-01-22 20:24:44.033 [error] [resolveAuthority(ssh-remote,173)][3540ms] returned an error No route to host
2026-01-22 20:25:14.035 [info] [resolveAuthority(ssh-remote,174)][0ms] activating remote resolvers ssh-remote+pi-zero
2026-01-22 20:25:14.035 [info] [resolveAuthority(ssh-remote,174)][0ms] activating resolver for ssh-remote+pi-zero...
2026-01-22 20:25:14.036 [info] [resolveAuthority(ssh-remote,174)][1ms] invoking final resolve()...
2026-01-22 20:25:15.036 [info] [resolveAuthority(ssh-remote,174)][1001ms] waiting...
2026-01-22 20:25:16.037 [info] [resolveAuthority(ssh-remote,174)][2002ms] waiting...
2026-01-22 20:25:17.038 [info] [resolveAuthority(ssh-remote,174)][3003ms] waiting...
2026-01-22 20:25:17.563 [error] [resolveAuthority(ssh-remote,174)][3528ms] returned an error No route to host
2026-01-22 20:25:47.565 [info] [resolveAuthority(ssh-remote,175)][0ms] activating remote resolvers ssh-remote+pi-zero
2026-01-22 20:25:47.565 [info] [resolveAuthority(ssh-remote,175)][0ms] activating resolver for ssh-remote+pi-zero...
2026-01-22 20:25:47.565 [info] [resolveAuthority(ssh-remote,175)][0ms] invoking final resolve()...
2026-01-22 20:25:48.566 [info] [resolveAuthority(ssh-remote,175)][1001ms] waiting...
2026-01-22 20:25:49.567 [info] [resolveAuthority(ssh-remote,175)][2002ms] waiting...
2026-01-22 20:25:50.568 [info] [resolveAuthority(ssh-remote,175)][3003ms] waiting...
2026-01-22 20:25:51.099 [error] [resolveAuthority(ssh-remote,175)][3534ms] returned an error No route to host
2026-01-22 20:26:21.100 [info] [resolveAuthority(ssh-remote,176)][0ms] activating remote resolvers ssh-remote+pi-zero
2026-01-22 20:26:21.100 [info] [resolveAuthority(ssh-remote,176)][0ms] activating resolver for ssh-remote+pi-zero...
2026-01-22 20:26:21.101 [info] [resolveAuthority(ssh-remote,176)][1ms] invoking final resolve()...
2026-01-22 20:26:22.102 [info] [resolveAuthority(ssh-remote,176)][1002ms] waiting...
2026-01-22 20:26:23.103 [info] [resolveAuthority(ssh-remote,176)][2003ms] waiting...
2026-01-22 20:26:24.104 [info] [resolveAuthority(ssh-remote,176)][3004ms] waiting...
2026-01-22 20:26:24.651 [error] [resolveAuthority(ssh-remote,176)][3551ms] returned an error No route to host
2026-01-22 20:26:54.653 [info] [resolveAuthority(ssh-remote,177)][0ms] activating remote resolvers ssh-remote+pi-zero
2026-01-22 20:26:54.653 [info] [resolveAuthority(ssh-remote,177)][0ms] activating resolver for ssh-remote+pi-zero...
2026-01-22 20:26:54.653 [info] [resolveAuthority(ssh-remote,177)][0ms] invoking final resolve()...
2026-01-22 20:26:55.654 [info] [resolveAuthority(ssh-remote,177)][1001ms] waiting...
2026-01-22 20:26:56.655 [info] [resolveAuthority(ssh-remote,177)][2002ms] waiting...
2026-01-22 20:26:57.656 [info] [resolveAuthority(ssh-remote,177)][3003ms] waiting...
2026-01-22 20:26:58.170 [error] [resolveAuthority(ssh-remote,177)][3517ms] returned an error No route to host
2026-01-22 20:27:28.172 [info] [resolveAuthority(ssh-remote,178)][0ms] activating remote resolvers ssh-remote+pi-zero
2026-01-22 20:27:28.172 [info] [resolveAuthority(ssh-remote,178)][0ms] activating resolver for ssh-remote+pi-zero...
2026-01-22 20:27:28.172 [info] [resolveAuthority(ssh-remote,178)][0ms] invoking final resolve()...
2026-01-22 20:27:29.174 [info] [resolveAuthority(ssh-remote,178)][1002ms] waiting...
2026-01-22 20:27:30.175 [info] [resolveAuthority(ssh-remote,178)][2003ms] waiting...
2026-01-22 20:27:31.176 [info] [resolveAuthority(ssh-remote,178)][3004ms] waiting...
2026-01-22 20:27:31.707 [error] [resolveAuthority(ssh-remote,178)][3535ms] returned an error No route to host
2026-01-22 20:28:01.709 [info] [resolveAuthority(ssh-remote,179)][0ms] activating remote resolvers ssh-remote+pi-zero
2026-01-22 20:28:01.709 [info] [resolveAuthority(ssh-remote,179)][0ms] activating resolver for ssh-remote+pi-zero...
2026-01-22 20:28:01.709 [info] [resolveAuthority(ssh-remote,179)][0ms] invoking final resolve()...
2026-01-22 20:28:02.710 [info] [resolveAuthority(ssh-remote,179)][1001ms] waiting...
2026-01-22 20:28:03.711 [info] [resolveAuthority(ssh-remote,179)][2002ms] waiting...
2026-01-22 20:28:04.712 [info] [resolveAuthority(ssh-remote,179)][3003ms] waiting...
2026-01-22 20:28:05.252 [error] [resolveAuthority(ssh-remote,179)][3542ms] returned an error No route to host
2026-01-22 20:28:35.253 [info] [resolveAuthority(ssh-remote,180)][0ms] activating remote resolvers ssh-remote+pi-zero
2026-01-22 20:28:35.253 [info] [resolveAuthority(ssh-remote,180)][0ms] activating resolver for ssh-remote+pi-zero...
2026-01-22 20:28:35.253 [info] [resolveAuthority(ssh-remote,180)][0ms] invoking final resolve()...
2026-01-22 20:28:36.255 [info] [resolveAuthority(ssh-remote,180)][1002ms] waiting...
2026-01-22 20:28:37.256 [info] [resolveAuthority(ssh-remote,180)][2003ms] waiting...
2026-01-22 20:28:38.255 [info] [resolveAuthority(ssh-remote,180)][3002ms] waiting...
2026-01-22 20:28:38.788 [error] [resolveAuthority(ssh-remote,180)][3535ms] returned an error No route to host
2026-01-22 20:29:08.790 [info] [resolveAuthority(ssh-remote,181)][0ms] activating remote resolvers ssh-remote+pi-zero
2026-01-22 20:29:08.790 [info] [resolveAuthority(ssh-remote,181)][0ms] activating resolver for ssh-remote+pi-zero...
2026-01-22 20:29:08.790 [info] [resolveAuthority(ssh-remote,181)][0ms] invoking final resolve()...
2026-01-22 20:29:09.792 [info] [resolveAuthority(ssh-remote,181)][1002ms] waiting...
2026-01-22 20:29:10.792 [info] [resolveAuthority(ssh-remote,181)][2002ms] waiting...
2026-01-22 20:29:11.793 [info] [resolveAuthority(ssh-remote,181)][3003ms] waiting...
2026-01-22 20:29:12.317 [error] [resolveAuthority(ssh-remote,181)][3527ms] returned an error No route to host
2026-01-22 20:29:42.320 [info] [resolveAuthority(ssh-remote,182)][0ms] activating remote resolvers ssh-remote+pi-zero
2026-01-22 20:29:42.320 [info] [resolveAuthority(ssh-remote,182)][0ms] activating resolver for ssh-remote+pi-zero...
2026-01-22 20:29:42.320 [info] [resolveAuthority(ssh-remote,182)][0ms] invoking final resolve()...
2026-01-22 20:29:43.321 [info] [resolveAuthority(ssh-remote,182)][1001ms] waiting...
2026-01-22 20:29:44.322 [info] [resolveAuthority(ssh-remote,182)][2002ms] waiting...
2026-01-22 20:29:45.323 [info] [resolveAuthority(ssh-remote,182)][3003ms] waiting...
2026-01-22 20:29:45.853 [error] [resolveAuthority(ssh-remote,182)][3533ms] returned an error No route to host
2026-01-22 20:30:15.855 [info] [resolveAuthority(ssh-remote,183)][0ms] activating remote resolvers ssh-remote+pi-zero
2026-01-22 20:30:15.855 [info] [resolveAuthority(ssh-remote,183)][1ms] activating resolver for ssh-remote+pi-zero...
2026-01-22 20:30:15.855 [info] [resolveAuthority(ssh-remote,183)][1ms] invoking final resolve()...
2026-01-22 20:30:16.856 [info] [resolveAuthority(ssh-remote,183)][1002ms] waiting...
2026-01-22 20:30:17.857 [info] [resolveAuthority(ssh-remote,183)][2003ms] waiting...
2026-01-22 20:30:18.858 [info] [resolveAuthority(ssh-remote,183)][3004ms] waiting...
2026-01-22 20:30:19.391 [error] [resolveAuthority(ssh-remote,183)][3537ms] returned an error No route to host
2026-01-22 20:30:49.393 [info] [resolveAuthority(ssh-remote,184)][0ms] activating remote resolvers ssh-remote+pi-zero
2026-01-22 20:30:49.393 [info] [resolveAuthority(ssh-remote,184)][0ms] activating resolver for ssh-remote+pi-zero...
2026-01-22 20:30:49.393 [info] [resolveAuthority(ssh-remote,184)][0ms] invoking final resolve()...
2026-01-22 20:30:50.394 [info] [resolveAuthority(ssh-remote,184)][1001ms] waiting...
2026-01-22 20:30:51.395 [info] [resolveAuthority(ssh-remote,184)][2002ms] waiting...
2026-01-22 20:30:52.396 [info] [resolveAuthority(ssh-remote,184)][3003ms] waiting...
2026-01-22 20:30:52.929 [error] [resolveAuthority(ssh-remote,184)][3536ms] returned an error No route to host
2026-01-22 20:31:22.931 [info] [resolveAuthority(ssh-remote,185)][0ms] activating remote resolvers ssh-remote+pi-zero
2026-01-22 20:31:22.931 [info] [resolveAuthority(ssh-remote,185)][0ms] activating resolver for ssh-remote+pi-zero...
2026-01-22 20:31:22.931 [info] [resolveAuthority(ssh-remote,185)][0ms] invoking final resolve()...
2026-01-22 20:31:23.931 [info] [resolveAuthority(ssh-remote,185)][1000ms] waiting...
2026-01-22 20:31:24.933 [info] [resolveAuthority(ssh-remote,185)][2002ms] waiting...
2026-01-22 20:31:25.934 [info] [resolveAuthority(ssh-remote,185)][3003ms] waiting...
2026-01-22 20:31:26.462 [error] [resolveAuthority(ssh-remote,185)][3531ms] returned an error No route to host
2026-01-22 20:31:56.464 [info] [resolveAuthority(ssh-remote,186)][0ms] activating remote resolvers ssh-remote+pi-zero
2026-01-22 20:31:56.464 [info] [resolveAuthority(ssh-remote,186)][0ms] activating resolver for ssh-remote+pi-zero...
2026-01-22 20:31:56.464 [info] [resolveAuthority(ssh-remote,186)][0ms] invoking final resolve()...
2026-01-22 20:31:57.465 [info] [resolveAuthority(ssh-remote,186)][1001ms] waiting...
2026-01-22 20:31:58.467 [info] [resolveAuthority(ssh-remote,186)][2003ms] waiting...
2026-01-22 20:31:59.468 [info] [resolveAuthority(ssh-remote,186)][3004ms] waiting...
2026-01-22 20:32:00.002 [error] [resolveAuthority(ssh-remote,186)][3538ms] returned an error No route to host
2026-01-22 20:32:30.004 [info] [resolveAuthority(ssh-remote,187)][0ms] activating remote resolvers ssh-remote+pi-zero
2026-01-22 20:32:30.004 [info] [resolveAuthority(ssh-remote,187)][0ms] activating resolver for ssh-remote+pi-zero...
2026-01-22 20:32:30.004 [info] [resolveAuthority(ssh-remote,187)][0ms] invoking final resolve()...
2026-01-22 20:32:31.006 [info] [resolveAuthority(ssh-remote,187)][1002ms] waiting...
2026-01-22 20:32:32.005 [info] [resolveAuthority(ssh-remote,187)][2001ms] waiting...
2026-01-22 20:32:33.005 [info] [resolveAuthority(ssh-remote,187)][3001ms] waiting...
2026-01-22 20:32:33.536 [error] [resolveAuthority(ssh-remote,187)][3532ms] returned an error No route to host
2026-01-22 20:33:03.538 [info] [resolveAuthority(ssh-remote,188)][0ms] activating remote resolvers ssh-remote+pi-zero
2026-01-22 20:33:03.538 [info] [resolveAuthority(ssh-remote,188)][0ms] activating resolver for ssh-remote+pi-zero...
2026-01-22 20:33:03.538 [info] [resolveAuthority(ssh-remote,188)][0ms] invoking final resolve()...
2026-01-22 20:33:04.539 [info] [resolveAuthority(ssh-remote,188)][1001ms] waiting...
2026-01-22 20:33:05.540 [info] [resolveAuthority(ssh-remote,188)][2002ms] waiting...
2026-01-22 20:33:06.541 [info] [resolveAuthority(ssh-remote,188)][3003ms] waiting...
2026-01-22 20:33:07.074 [error] [resolveAuthority(ssh-remote,188)][3536ms] returned an error No route to host
2026-01-22 20:33:37.075 [info] [resolveAuthority(ssh-remote,189)][0ms] activating remote resolvers ssh-remote+pi-zero
2026-01-22 20:33:37.076 [info] [resolveAuthority(ssh-remote,189)][1ms] activating resolver for ssh-remote+pi-zero...
2026-01-22 20:33:37.076 [info] [resolveAuthority(ssh-remote,189)][1ms] invoking final resolve()...
2026-01-22 20:33:38.076 [info] [resolveAuthority(ssh-remote,189)][1001ms] waiting...
2026-01-22 20:33:39.077 [info] [resolveAuthority(ssh-remote,189)][2002ms] waiting...
2026-01-22 20:33:40.078 [info] [resolveAuthority(ssh-remote,189)][3003ms] waiting...
2026-01-22 20:33:40.607 [error] [resolveAuthority(ssh-remote,189)][3532ms] returned an error No route to host
2026-01-22 20:34:10.609 [info] [resolveAuthority(ssh-remote,190)][0ms] activating remote resolvers ssh-remote+pi-zero
2026-01-22 20:34:10.609 [info] [resolveAuthority(ssh-remote,190)][0ms] activating resolver for ssh-remote+pi-zero...
2026-01-22 20:34:10.609 [info] [resolveAuthority(ssh-remote,190)][0ms] invoking final resolve()...
2026-01-22 20:34:11.610 [info] [resolveAuthority(ssh-remote,190)][1001ms] waiting...
2026-01-22 20:34:12.611 [info] [resolveAuthority(ssh-remote,190)][2002ms] waiting...
2026-01-22 20:34:13.612 [info] [resolveAuthority(ssh-remote,190)][3003ms] waiting...
2026-01-22 20:34:14.146 [error] [resolveAuthority(ssh-remote,190)][3537ms] returned an error No route to host
2026-01-22 20:34:44.148 [info] [resolveAuthority(ssh-remote,191)][0ms] activating remote resolvers ssh-remote+pi-zero
2026-01-22 20:34:44.148 [info] [resolveAuthority(ssh-remote,191)][0ms] activating resolver for ssh-remote+pi-zero...
2026-01-22 20:34:44.148 [info] [resolveAuthority(ssh-remote,191)][0ms] invoking final resolve()...
2026-01-22 20:34:45.148 [info] [resolveAuthority(ssh-remote,191)][1000ms] waiting...
2026-01-22 20:34:46.150 [info] [resolveAuthority(ssh-remote,191)][2001ms] waiting...
2026-01-22 20:34:47.151 [info] [resolveAuthority(ssh-remote,191)][3003ms] waiting...
2026-01-22 20:34:47.682 [error] [resolveAuthority(ssh-remote,191)][3534ms] returned an error No route to host
2026-01-22 20:35:17.683 [info] [resolveAuthority(ssh-remote,192)][0ms] activating remote resolvers ssh-remote+pi-zero
2026-01-22 20:35:17.683 [info] [resolveAuthority(ssh-remote,192)][0ms] activating resolver for ssh-remote+pi-zero...
2026-01-22 20:35:17.684 [info] [resolveAuthority(ssh-remote,192)][1ms] invoking final resolve()...
2026-01-22 20:35:18.685 [info] [resolveAuthority(ssh-remote,192)][1002ms] waiting...
2026-01-22 20:35:19.685 [info] [resolveAuthority(ssh-remote,192)][2002ms] waiting...
2026-01-22 20:35:20.686 [info] [resolveAuthority(ssh-remote,192)][3003ms] waiting...
2026-01-22 20:35:21.219 [error] [resolveAuthority(ssh-remote,192)][3536ms] returned an error No route to host
2026-01-22 20:35:51.221 [info] [resolveAuthority(ssh-remote,193)][0ms] activating remote resolvers ssh-remote+pi-zero
2026-01-22 20:35:51.221 [info] [resolveAuthority(ssh-remote,193)][0ms] activating resolver for ssh-remote+pi-zero...
2026-01-22 20:35:51.221 [info] [resolveAuthority(ssh-remote,193)][0ms] invoking final resolve()...
2026-01-22 20:35:52.222 [info] [resolveAuthority(ssh-remote,193)][1001ms] waiting...
2026-01-22 20:35:53.223 [info] [resolveAuthority(ssh-remote,193)][2002ms] waiting...
2026-01-22 20:35:54.224 [info] [resolveAuthority(ssh-remote,193)][3003ms] waiting...
2026-01-22 20:35:54.752 [error] [resolveAuthority(ssh-remote,193)][3531ms] returned an error No route to host
2026-01-22 20:36:24.754 [info] [resolveAuthority(ssh-remote,194)][0ms] activating remote resolvers ssh-remote+pi-zero
2026-01-22 20:36:24.754 [info] [resolveAuthority(ssh-remote,194)][0ms] activating resolver for ssh-remote+pi-zero...
2026-01-22 20:36:24.754 [info] [resolveAuthority(ssh-remote,194)][0ms] invoking final resolve()...
2026-01-22 20:36:25.755 [info] [resolveAuthority(ssh-remote,194)][1001ms] waiting...
2026-01-22 20:36:26.756 [info] [resolveAuthority(ssh-remote,194)][2002ms] waiting...
2026-01-22 20:36:27.756 [info] [resolveAuthority(ssh-remote,194)][3002ms] waiting...
2026-01-22 20:36:28.297 [error] [resolveAuthority(ssh-remote,194)][3543ms] returned an error No route to host
2026-01-22 20:36:58.299 [info] [resolveAuthority(ssh-remote,195)][0ms] activating remote resolvers ssh-remote+pi-zero
2026-01-22 20:36:58.299 [info] [resolveAuthority(ssh-remote,195)][0ms] activating resolver for ssh-remote+pi-zero...
2026-01-22 20:36:58.299 [info] [resolveAuthority(ssh-remote,195)][0ms] invoking final resolve()...
2026-01-22 20:36:59.300 [info] [resolveAuthority(ssh-remote,195)][1001ms] waiting...
2026-01-22 20:37:00.300 [info] [resolveAuthority(ssh-remote,195)][2001ms] waiting...
2026-01-22 20:37:01.301 [info] [resolveAuthority(ssh-remote,195)][3002ms] waiting...
2026-01-22 20:37:01.828 [error] [resolveAuthority(ssh-remote,195)][3529ms] returned an error No route to host
2026-01-22 20:37:31.830 [info] [resolveAuthority(ssh-remote,196)][0ms] activating remote resolvers ssh-remote+pi-zero
2026-01-22 20:37:31.830 [info] [resolveAuthority(ssh-remote,196)][0ms] activating resolver for ssh-remote+pi-zero...
2026-01-22 20:37:31.830 [info] [resolveAuthority(ssh-remote,196)][0ms] invoking final resolve()...
2026-01-22 20:37:32.830 [info] [resolveAuthority(ssh-remote,196)][1000ms] waiting...
2026-01-22 20:37:33.831 [info] [resolveAuthority(ssh-remote,196)][2001ms] waiting...
2026-01-22 20:37:34.832 [info] [resolveAuthority(ssh-remote,196)][3002ms] waiting...
2026-01-22 20:37:35.365 [error] [resolveAuthority(ssh-remote,196)][3535ms] returned an error No route to host
2026-01-22 20:38:05.367 [info] [resolveAuthority(ssh-remote,197)][0ms] activating remote resolvers ssh-remote+pi-zero
2026-01-22 20:38:05.367 [info] [resolveAuthority(ssh-remote,197)][0ms] activating resolver for ssh-remote+pi-zero...
2026-01-22 20:38:05.367 [info] [resolveAuthority(ssh-remote,197)][0ms] invoking final resolve()...
2026-01-22 20:38:06.368 [info] [resolveAuthority(ssh-remote,197)][1001ms] waiting...
2026-01-22 20:38:07.369 [info] [resolveAuthority(ssh-remote,197)][2002ms] waiting...
2026-01-22 20:38:08.370 [info] [resolveAuthority(ssh-remote,197)][3003ms] waiting...
2026-01-22 20:38:08.902 [error] [resolveAuthority(ssh-remote,197)][3535ms] returned an error No route to host
2026-01-22 20:38:38.904 [info] [resolveAuthority(ssh-remote,198)][0ms] activating remote resolvers ssh-remote+pi-zero
2026-01-22 20:38:38.904 [info] [resolveAuthority(ssh-remote,198)][0ms] activating resolver for ssh-remote+pi-zero...
2026-01-22 20:38:38.904 [info] [resolveAuthority(ssh-remote,198)][0ms] invoking final resolve()...
2026-01-22 20:38:39.905 [info] [resolveAuthority(ssh-remote,198)][1001ms] waiting...
2026-01-22 20:38:40.906 [info] [resolveAuthority(ssh-remote,198)][2002ms] waiting...
2026-01-22 20:38:41.906 [info] [resolveAuthority(ssh-remote,198)][3002ms] waiting...
2026-01-22 20:38:42.439 [error] [resolveAuthority(ssh-remote,198)][3535ms] returned an error No route to host
2026-01-22 20:39:12.441 [info] [resolveAuthority(ssh-remote,199)][0ms] activating remote resolvers ssh-remote+pi-zero
2026-01-22 20:39:12.441 [info] [resolveAuthority(ssh-remote,199)][0ms] activating resolver for ssh-remote+pi-zero...
2026-01-22 20:39:12.441 [info] [resolveAuthority(ssh-remote,199)][0ms] invoking final resolve()...
2026-01-22 20:39:13.443 [info] [resolveAuthority(ssh-remote,199)][1002ms] waiting...
2026-01-22 20:39:14.444 [info] [resolveAuthority(ssh-remote,199)][2003ms] waiting...
2026-01-22 20:39:15.445 [info] [resolveAuthority(ssh-remote,199)][3004ms] waiting...
2026-01-22 20:39:15.973 [error] [resolveAuthority(ssh-remote,199)][3532ms] returned an error No route to host
2026-01-22 20:39:45.975 [info] [resolveAuthority(ssh-remote,200)][0ms] activating remote resolvers ssh-remote+pi-zero
2026-01-22 20:39:45.975 [info] [resolveAuthority(ssh-remote,200)][0ms] activating resolver for ssh-remote+pi-zero...
2026-01-22 20:39:45.975 [info] [resolveAuthority(ssh-remote,200)][0ms] invoking final resolve()...
2026-01-22 20:39:46.977 [info] [resolveAuthority(ssh-remote,200)][1002ms] waiting...
2026-01-22 20:39:47.978 [info] [resolveAuthority(ssh-remote,200)][2003ms] waiting...
2026-01-22 20:39:48.979 [info] [resolveAuthority(ssh-remote,200)][3004ms] waiting...
2026-01-22 20:39:49.512 [error] [resolveAuthority(ssh-remote,200)][3537ms] returned an error No route to host
2026-01-22 20:40:19.514 [info] [resolveAuthority(ssh-remote,201)][0ms] activating remote resolvers ssh-remote+pi-zero
2026-01-22 20:40:19.514 [info] [resolveAuthority(ssh-remote,201)][0ms] activating resolver for ssh-remote+pi-zero...
2026-01-22 20:40:19.514 [info] [resolveAuthority(ssh-remote,201)][0ms] invoking final resolve()...
2026-01-22 20:40:20.514 [info] [resolveAuthority(ssh-remote,201)][1000ms] waiting...
2026-01-22 20:40:21.515 [info] [resolveAuthority(ssh-remote,201)][2001ms] waiting...
2026-01-22 20:40:22.517 [info] [resolveAuthority(ssh-remote,201)][3003ms] waiting...
2026-01-22 20:40:23.045 [error] [resolveAuthority(ssh-remote,201)][3531ms] returned an error No route to host
2026-01-22 20:40:53.047 [info] [resolveAuthority(ssh-remote,202)][0ms] activating remote resolvers ssh-remote+pi-zero
2026-01-22 20:40:53.047 [info] [resolveAuthority(ssh-remote,202)][0ms] activating resolver for ssh-remote+pi-zero...
2026-01-22 20:40:53.047 [info] [resolveAuthority(ssh-remote,202)][0ms] invoking final resolve()...
2026-01-22 20:40:54.047 [info] [resolveAuthority(ssh-remote,202)][1000ms] waiting...
2026-01-22 20:40:55.048 [info] [resolveAuthority(ssh-remote,202)][2001ms] waiting...
2026-01-22 20:40:56.049 [info] [resolveAuthority(ssh-remote,202)][3002ms] waiting...
2026-01-22 20:40:56.584 [error] [resolveAuthority(ssh-remote,202)][3537ms] returned an error No route to host
2026-01-22 20:41:26.586 [info] [resolveAuthority(ssh-remote,203)][0ms] activating remote resolvers ssh-remote+pi-zero
2026-01-22 20:41:26.586 [info] [resolveAuthority(ssh-remote,203)][0ms] activating resolver for ssh-remote+pi-zero...
2026-01-22 20:41:26.586 [info] [resolveAuthority(ssh-remote,203)][0ms] invoking final resolve()...
2026-01-22 20:41:27.587 [info] [resolveAuthority(ssh-remote,203)][1001ms] waiting...
2026-01-22 20:41:28.588 [info] [resolveAuthority(ssh-remote,203)][2002ms] waiting...
2026-01-22 20:41:29.589 [info] [resolveAuthority(ssh-remote,203)][3003ms] waiting...
2026-01-22 20:41:30.119 [error] [resolveAuthority(ssh-remote,203)][3533ms] returned an error No route to host
2026-01-22 20:42:00.121 [info] [resolveAuthority(ssh-remote,204)][0ms] activating remote resolvers ssh-remote+pi-zero
2026-01-22 20:42:00.121 [info] [resolveAuthority(ssh-remote,204)][0ms] activating resolver for ssh-remote+pi-zero...
2026-01-22 20:42:00.121 [info] [resolveAuthority(ssh-remote,204)][0ms] invoking final resolve()...
2026-01-22 20:42:01.122 [info] [resolveAuthority(ssh-remote,204)][1001ms] waiting...
2026-01-22 20:42:02.123 [info] [resolveAuthority(ssh-remote,204)][2002ms] waiting...
2026-01-22 20:42:03.124 [info] [resolveAuthority(ssh-remote,204)][3003ms] waiting...
2026-01-22 20:42:03.659 [error] [resolveAuthority(ssh-remote,204)][3538ms] returned an error No route to host
2026-01-22 20:42:33.660 [info] [resolveAuthority(ssh-remote,205)][0ms] activating remote resolvers ssh-remote+pi-zero
2026-01-22 20:42:33.660 [info] [resolveAuthority(ssh-remote,205)][0ms] activating resolver for ssh-remote+pi-zero...
2026-01-22 20:42:33.661 [info] [resolveAuthority(ssh-remote,205)][1ms] invoking final resolve()...
2026-01-22 20:42:34.661 [info] [resolveAuthority(ssh-remote,205)][1001ms] waiting...
2026-01-22 20:42:35.662 [info] [resolveAuthority(ssh-remote,205)][2002ms] waiting...
2026-01-22 20:42:36.663 [info] [resolveAuthority(ssh-remote,205)][3003ms] waiting...
2026-01-22 20:42:37.191 [error] [resolveAuthority(ssh-remote,205)][3531ms] returned an error No route to host
2026-01-22 20:43:07.193 [info] [resolveAuthority(ssh-remote,206)][0ms] activating remote resolvers ssh-remote+pi-zero
2026-01-22 20:43:07.193 [info] [resolveAuthority(ssh-remote,206)][0ms] activating resolver for ssh-remote+pi-zero...
2026-01-22 20:43:07.194 [info] [resolveAuthority(ssh-remote,206)][1ms] invoking final resolve()...
2026-01-22 20:43:08.194 [info] [resolveAuthority(ssh-remote,206)][1001ms] waiting...
2026-01-22 20:43:09.195 [info] [resolveAuthority(ssh-remote,206)][2002ms] waiting...
2026-01-22 20:43:10.197 [info] [resolveAuthority(ssh-remote,206)][3004ms] waiting...
2026-01-22 20:43:10.728 [error] [resolveAuthority(ssh-remote,206)][3535ms] returned an error No route to host
2026-01-22 20:43:40.732 [info] [resolveAuthority(ssh-remote,207)][0ms] activating remote resolvers ssh-remote+pi-zero
2026-01-22 20:43:40.732 [info] [resolveAuthority(ssh-remote,207)][0ms] activating resolver for ssh-remote+pi-zero...
2026-01-22 20:43:40.732 [info] [resolveAuthority(ssh-remote,207)][0ms] invoking final resolve()...
2026-01-22 20:43:41.732 [info] [resolveAuthority(ssh-remote,207)][1000ms] waiting...
2026-01-22 20:43:42.734 [info] [resolveAuthority(ssh-remote,207)][2002ms] waiting...
2026-01-22 20:43:43.735 [info] [resolveAuthority(ssh-remote,207)][3003ms] waiting...
2026-01-22 20:43:44.265 [error] [resolveAuthority(ssh-remote,207)][3533ms] returned an error No route to host
2026-01-22 20:44:14.267 [info] [resolveAuthority(ssh-remote,208)][0ms] activating remote resolvers ssh-remote+pi-zero
2026-01-22 20:44:14.267 [info] [resolveAuthority(ssh-remote,208)][0ms] activating resolver for ssh-remote+pi-zero...
2026-01-22 20:44:14.267 [info] [resolveAuthority(ssh-remote,208)][0ms] invoking final resolve()...
2026-01-22 20:44:15.267 [info] [resolveAuthority(ssh-remote,208)][1000ms] waiting...
2026-01-22 20:44:16.268 [info] [resolveAuthority(ssh-remote,208)][2001ms] waiting...
2026-01-22 20:44:17.270 [info] [resolveAuthority(ssh-remote,208)][3003ms] waiting...
2026-01-22 20:44:17.802 [error] [resolveAuthority(ssh-remote,208)][3535ms] returned an error No route to host
2026-01-22 20:44:47.804 [info] [resolveAuthority(ssh-remote,209)][0ms] activating remote resolvers ssh-remote+pi-zero
2026-01-22 20:44:47.804 [info] [resolveAuthority(ssh-remote,209)][0ms] activating resolver for ssh-remote+pi-zero...
2026-01-22 20:44:47.804 [info] [resolveAuthority(ssh-remote,209)][0ms] invoking final resolve()...
2026-01-22 20:44:48.805 [info] [resolveAuthority(ssh-remote,209)][1001ms] waiting...
2026-01-22 20:44:49.806 [info] [resolveAuthority(ssh-remote,209)][2002ms] waiting...
2026-01-22 20:44:50.806 [info] [resolveAuthority(ssh-remote,209)][3002ms] waiting...
2026-01-22 20:44:51.339 [error] [resolveAuthority(ssh-remote,209)][3535ms] returned an error No route to host
2026-01-22 20:45:21.341 [info] [resolveAuthority(ssh-remote,210)][0ms] activating remote resolvers ssh-remote+pi-zero
2026-01-22 20:45:21.341 [info] [resolveAuthority(ssh-remote,210)][0ms] activating resolver for ssh-remote+pi-zero...
2026-01-22 20:45:21.341 [info] [resolveAuthority(ssh-remote,210)][0ms] invoking final resolve()...
2026-01-22 20:45:22.342 [info] [resolveAuthority(ssh-remote,210)][1001ms] waiting...
2026-01-22 20:45:23.343 [info] [resolveAuthority(ssh-remote,210)][2002ms] waiting...
2026-01-22 20:45:24.344 [info] [resolveAuthority(ssh-remote,210)][3003ms] waiting...
2026-01-22 20:45:24.876 [error] [resolveAuthority(ssh-remote,210)][3535ms] returned an error No route to host
2026-01-22 20:45:54.878 [info] [resolveAuthority(ssh-remote,211)][0ms] activating remote resolvers ssh-remote+pi-zero
2026-01-22 20:45:54.878 [info] [resolveAuthority(ssh-remote,211)][0ms] activating resolver for ssh-remote+pi-zero...
2026-01-22 20:45:54.878 [info] [resolveAuthority(ssh-remote,211)][0ms] invoking final resolve()...
2026-01-22 20:45:55.879 [info] [resolveAuthority(ssh-remote,211)][1001ms] waiting...
2026-01-22 20:45:56.880 [info] [resolveAuthority(ssh-remote,211)][2002ms] waiting...
2026-01-22 20:45:57.880 [info] [resolveAuthority(ssh-remote,211)][3002ms] waiting...
2026-01-22 20:45:58.412 [error] [resolveAuthority(ssh-remote,211)][3534ms] returned an error No route to host
2026-01-22 20:46:28.414 [info] [resolveAuthority(ssh-remote,212)][0ms] activating remote resolvers ssh-remote+pi-zero
2026-01-22 20:46:28.414 [info] [resolveAuthority(ssh-remote,212)][0ms] activating resolver for ssh-remote+pi-zero...
2026-01-22 20:46:28.414 [info] [resolveAuthority(ssh-remote,212)][0ms] invoking final resolve()...
2026-01-22 20:46:29.416 [info] [resolveAuthority(ssh-remote,212)][1002ms] waiting...
2026-01-22 20:46:30.417 [info] [resolveAuthority(ssh-remote,212)][2003ms] waiting...
2026-01-22 20:46:31.418 [info] [resolveAuthority(ssh-remote,212)][3004ms] waiting...
2026-01-22 20:46:31.949 [error] [resolveAuthority(ssh-remote,212)][3535ms] returned an error No route to host
2026-01-22 20:47:01.951 [info] [resolveAuthority(ssh-remote,213)][0ms] activating remote resolvers ssh-remote+pi-zero
2026-01-22 20:47:01.951 [info] [resolveAuthority(ssh-remote,213)][0ms] activating resolver for ssh-remote+pi-zero...
2026-01-22 20:47:01.951 [info] [resolveAuthority(ssh-remote,213)][0ms] invoking final resolve()...
2026-01-22 20:47:02.951 [info] [resolveAuthority(ssh-remote,213)][1000ms] waiting...
2026-01-22 20:47:03.952 [info] [resolveAuthority(ssh-remote,213)][2001ms] waiting...
2026-01-22 20:47:04.954 [info] [resolveAuthority(ssh-remote,213)][3003ms] waiting...
2026-01-22 20:47:05.486 [error] [resolveAuthority(ssh-remote,213)][3535ms] returned an error No route to host
2026-01-22 20:47:35.488 [info] [resolveAuthority(ssh-remote,214)][0ms] activating remote resolvers ssh-remote+pi-zero
2026-01-22 20:47:35.488 [info] [resolveAuthority(ssh-remote,214)][0ms] activating resolver for ssh-remote+pi-zero...
2026-01-22 20:47:35.488 [info] [resolveAuthority(ssh-remote,214)][0ms] invoking final resolve()...
2026-01-22 20:47:36.489 [info] [resolveAuthority(ssh-remote,214)][1001ms] waiting...
2026-01-22 20:47:37.489 [info] [resolveAuthority(ssh-remote,214)][2001ms] waiting...
2026-01-22 20:47:38.490 [info] [resolveAuthority(ssh-remote,214)][3002ms] waiting...
2026-01-22 20:47:39.022 [error] [resolveAuthority(ssh-remote,214)][3534ms] returned an error No route to host
2026-01-22 20:48:09.024 [info] [resolveAuthority(ssh-remote,215)][0ms] activating remote resolvers ssh-remote+pi-zero
2026-01-22 20:48:09.024 [info] [resolveAuthority(ssh-remote,215)][0ms] activating resolver for ssh-remote+pi-zero...
2026-01-22 20:48:09.024 [info] [resolveAuthority(ssh-remote,215)][0ms] invoking final resolve()...
2026-01-22 20:48:10.024 [info] [resolveAuthority(ssh-remote,215)][1000ms] waiting...
2026-01-22 20:48:11.026 [info] [resolveAuthority(ssh-remote,215)][2002ms] waiting...
2026-01-22 20:48:12.027 [info] [resolveAuthority(ssh-remote,215)][3003ms] waiting...
2026-01-22 20:48:12.559 [error] [resolveAuthority(ssh-remote,215)][3535ms] returned an error No route to host
2026-01-22 20:48:42.560 [info] [resolveAuthority(ssh-remote,216)][0ms] activating remote resolvers ssh-remote+pi-zero
2026-01-22 20:48:42.560 [info] [resolveAuthority(ssh-remote,216)][0ms] activating resolver for ssh-remote+pi-zero...
2026-01-22 20:48:42.561 [info] [resolveAuthority(ssh-remote,216)][1ms] invoking final resolve()...
2026-01-22 20:48:43.561 [info] [resolveAuthority(ssh-remote,216)][1001ms] waiting...
2026-01-22 20:48:44.563 [info] [resolveAuthority(ssh-remote,216)][2003ms] waiting...
2026-01-22 20:48:45.565 [info] [resolveAuthority(ssh-remote,216)][3005ms] waiting...
2026-01-22 20:48:46.094 [error] [resolveAuthority(ssh-remote,216)][3534ms] returned an error No route to host
2026-01-22 20:49:16.096 [info] [resolveAuthority(ssh-remote,217)][0ms] activating remote resolvers ssh-remote+pi-zero
2026-01-22 20:49:16.096 [info] [resolveAuthority(ssh-remote,217)][1ms] activating resolver for ssh-remote+pi-zero...
2026-01-22 20:49:16.096 [info] [resolveAuthority(ssh-remote,217)][1ms] invoking final resolve()...
2026-01-22 20:49:17.097 [info] [resolveAuthority(ssh-remote,217)][1002ms] waiting...
2026-01-22 20:49:18.097 [info] [resolveAuthority(ssh-remote,217)][2002ms] waiting...
2026-01-22 20:49:19.098 [info] [resolveAuthority(ssh-remote,217)][3003ms] waiting...
2026-01-22 20:49:19.628 [error] [resolveAuthority(ssh-remote,217)][3533ms] returned an error No route to host
2026-01-22 20:49:49.630 [info] [resolveAuthority(ssh-remote,218)][0ms] activating remote resolvers ssh-remote+pi-zero
2026-01-22 20:49:49.630 [info] [resolveAuthority(ssh-remote,218)][0ms] activating resolver for ssh-remote+pi-zero...
2026-01-22 20:49:49.630 [info] [resolveAuthority(ssh-remote,218)][0ms] invoking final resolve()...
2026-01-22 20:49:50.630 [info] [resolveAuthority(ssh-remote,218)][1000ms] waiting...
2026-01-22 20:49:51.631 [info] [resolveAuthority(ssh-remote,218)][2001ms] waiting...
2026-01-22 20:49:52.633 [info] [resolveAuthority(ssh-remote,218)][3003ms] waiting...
2026-01-22 20:49:53.163 [error] [resolveAuthority(ssh-remote,218)][3533ms] returned an error No route to host
2026-01-22 20:50:23.165 [info] [resolveAuthority(ssh-remote,219)][0ms] activating remote resolvers ssh-remote+pi-zero
2026-01-22 20:50:23.165 [info] [resolveAuthority(ssh-remote,219)][0ms] activating resolver for ssh-remote+pi-zero...
2026-01-22 20:50:23.165 [info] [resolveAuthority(ssh-remote,219)][0ms] invoking final resolve()...
2026-01-22 20:50:24.166 [info] [resolveAuthority(ssh-remote,219)][1001ms] waiting...
2026-01-22 20:50:25.167 [info] [resolveAuthority(ssh-remote,219)][2002ms] waiting...
2026-01-22 20:50:26.168 [info] [resolveAuthority(ssh-remote,219)][3003ms] waiting...
2026-01-22 20:50:26.704 [error] [resolveAuthority(ssh-remote,219)][3539ms] returned an error No route to host
2026-01-22 20:50:56.706 [info] [resolveAuthority(ssh-remote,220)][0ms] activating remote resolvers ssh-remote+pi-zero
2026-01-22 20:50:56.706 [info] [resolveAuthority(ssh-remote,220)][0ms] activating resolver for ssh-remote+pi-zero...
2026-01-22 20:50:56.706 [info] [resolveAuthority(ssh-remote,220)][0ms] invoking final resolve()...
2026-01-22 20:50:57.708 [info] [resolveAuthority(ssh-remote,220)][1002ms] waiting...
2026-01-22 20:50:58.709 [info] [resolveAuthority(ssh-remote,220)][2003ms] waiting...
2026-01-22 20:50:59.710 [info] [resolveAuthority(ssh-remote,220)][3004ms] waiting...
2026-01-22 20:51:00.240 [error] [resolveAuthority(ssh-remote,220)][3534ms] returned an error No route to host
2026-01-22 20:51:30.242 [info] [resolveAuthority(ssh-remote,221)][0ms] activating remote resolvers ssh-remote+pi-zero
2026-01-22 20:51:30.242 [info] [resolveAuthority(ssh-remote,221)][0ms] activating resolver for ssh-remote+pi-zero...
2026-01-22 20:51:30.242 [info] [resolveAuthority(ssh-remote,221)][0ms] invoking final resolve()...
2026-01-22 20:51:31.243 [info] [resolveAuthority(ssh-remote,221)][1001ms] waiting...
2026-01-22 20:51:32.243 [info] [resolveAuthority(ssh-remote,221)][2001ms] waiting...
2026-01-22 20:51:33.244 [info] [resolveAuthority(ssh-remote,221)][3002ms] waiting...
2026-01-22 20:51:33.781 [error] [resolveAuthority(ssh-remote,221)][3539ms] returned an error No route to host
2026-01-22 20:52:03.783 [info] [resolveAuthority(ssh-remote,222)][0ms] activating remote resolvers ssh-remote+pi-zero
2026-01-22 20:52:03.783 [info] [resolveAuthority(ssh-remote,222)][0ms] activating resolver for ssh-remote+pi-zero...
2026-01-22 20:52:03.783 [info] [resolveAuthority(ssh-remote,222)][0ms] invoking final resolve()...
2026-01-22 20:52:04.784 [info] [resolveAuthority(ssh-remote,222)][1001ms] waiting...
2026-01-22 20:52:05.786 [info] [resolveAuthority(ssh-remote,222)][2003ms] waiting...
2026-01-22 20:52:06.787 [info] [resolveAuthority(ssh-remote,222)][3004ms] waiting...
2026-01-22 20:52:07.375 [error] [resolveAuthority(ssh-remote,222)][3592ms] returned an error No route to host
2026-01-22 20:52:37.377 [info] [resolveAuthority(ssh-remote,223)][0ms] activating remote resolvers ssh-remote+pi-zero
2026-01-22 20:52:37.377 [info] [resolveAuthority(ssh-remote,223)][0ms] activating resolver for ssh-remote+pi-zero...
2026-01-22 20:52:37.378 [info] [resolveAuthority(ssh-remote,223)][1ms] invoking final resolve()...
2026-01-22 20:52:38.379 [info] [resolveAuthority(ssh-remote,223)][1002ms] waiting...
2026-01-22 20:52:39.380 [info] [resolveAuthority(ssh-remote,223)][2003ms] waiting...
2026-01-22 20:52:40.381 [info] [resolveAuthority(ssh-remote,223)][3004ms] waiting...
2026-01-22 20:52:40.913 [error] [resolveAuthority(ssh-remote,223)][3536ms] returned an error No route to host
2026-01-22 20:53:10.915 [info] [resolveAuthority(ssh-remote,224)][0ms] activating remote resolvers ssh-remote+pi-zero
2026-01-22 20:53:10.915 [info] [resolveAuthority(ssh-remote,224)][0ms] activating resolver for ssh-remote+pi-zero...
2026-01-22 20:53:10.915 [info] [resolveAuthority(ssh-remote,224)][0ms] invoking final resolve()...
2026-01-22 20:53:11.916 [info] [resolveAuthority(ssh-remote,224)][1001ms] waiting...
2026-01-22 20:53:12.916 [info] [resolveAuthority(ssh-remote,224)][2001ms] waiting...
2026-01-22 20:53:13.917 [info] [resolveAuthority(ssh-remote,224)][3002ms] waiting...
2026-01-22 20:53:14.449 [error] [resolveAuthority(ssh-remote,224)][3534ms] returned an error No route to host
2026-01-22 20:53:44.451 [info] [resolveAuthority(ssh-remote,225)][0ms] activating remote resolvers ssh-remote+pi-zero
2026-01-22 20:53:44.451 [info] [resolveAuthority(ssh-remote,225)][0ms] activating resolver for ssh-remote+pi-zero...
2026-01-22 20:53:44.451 [info] [resolveAuthority(ssh-remote,225)][0ms] invoking final resolve()...
2026-01-22 20:53:45.452 [info] [resolveAuthority(ssh-remote,225)][1001ms] waiting...
2026-01-22 20:53:46.453 [info] [resolveAuthority(ssh-remote,225)][2002ms] waiting...
2026-01-22 20:53:47.454 [info] [resolveAuthority(ssh-remote,225)][3003ms] waiting...
2026-01-22 20:53:47.985 [error] [resolveAuthority(ssh-remote,225)][3534ms] returned an error No route to host
2026-01-22 20:54:17.987 [info] [resolveAuthority(ssh-remote,226)][0ms] activating remote resolvers ssh-remote+pi-zero
2026-01-22 20:54:17.987 [info] [resolveAuthority(ssh-remote,226)][0ms] activating resolver for ssh-remote+pi-zero...
2026-01-22 20:54:17.987 [info] [resolveAuthority(ssh-remote,226)][0ms] invoking final resolve()...
2026-01-22 20:54:18.987 [info] [resolveAuthority(ssh-remote,226)][1000ms] waiting...
2026-01-22 20:54:19.988 [info] [resolveAuthority(ssh-remote,226)][2001ms] waiting...
2026-01-22 20:54:20.989 [info] [resolveAuthority(ssh-remote,226)][3002ms] waiting...
2026-01-22 20:54:21.584 [error] [resolveAuthority(ssh-remote,226)][3597ms] returned an error No route to host
2026-01-22 20:54:51.586 [info] [resolveAuthority(ssh-remote,227)][0ms] activating remote resolvers ssh-remote+pi-zero
2026-01-22 20:54:51.586 [info] [resolveAuthority(ssh-remote,227)][0ms] activating resolver for ssh-remote+pi-zero...
2026-01-22 20:54:51.586 [info] [resolveAuthority(ssh-remote,227)][0ms] invoking final resolve()...
2026-01-22 20:54:52.587 [info] [resolveAuthority(ssh-remote,227)][1001ms] waiting...
2026-01-22 20:54:53.588 [info] [resolveAuthority(ssh-remote,227)][2002ms] waiting...
2026-01-22 20:54:54.589 [info] [resolveAuthority(ssh-remote,227)][3003ms] waiting...
2026-01-22 20:54:55.122 [error] [resolveAuthority(ssh-remote,227)][3536ms] returned an error No route to host
2026-01-22 20:55:25.124 [info] [resolveAuthority(ssh-remote,228)][0ms] activating remote resolvers ssh-remote+pi-zero
2026-01-22 20:55:25.124 [info] [resolveAuthority(ssh-remote,228)][0ms] activating resolver for ssh-remote+pi-zero...
2026-01-22 20:55:25.124 [info] [resolveAuthority(ssh-remote,228)][0ms] invoking final resolve()...
2026-01-22 20:55:26.124 [info] [resolveAuthority(ssh-remote,228)][1000ms] waiting...
2026-01-22 20:55:27.126 [info] [resolveAuthority(ssh-remote,228)][2001ms] waiting...
2026-01-22 20:55:28.127 [info] [resolveAuthority(ssh-remote,228)][3003ms] waiting...
2026-01-22 20:55:28.725 [error] [resolveAuthority(ssh-remote,228)][3601ms] returned an error No route to host
2026-01-22 20:55:58.727 [info] [resolveAuthority(ssh-remote,229)][0ms] activating remote resolvers ssh-remote+pi-zero
2026-01-22 20:55:58.727 [info] [resolveAuthority(ssh-remote,229)][0ms] activating resolver for ssh-remote+pi-zero...
2026-01-22 20:55:58.727 [info] [resolveAuthority(ssh-remote,229)][0ms] invoking final resolve()...
2026-01-22 20:55:59.728 [info] [resolveAuthority(ssh-remote,229)][1001ms] waiting...
2026-01-22 20:56:00.729 [info] [resolveAuthority(ssh-remote,229)][2002ms] waiting...
2026-01-22 20:56:01.730 [info] [resolveAuthority(ssh-remote,229)][3003ms] waiting...
2026-01-22 20:56:02.322 [error] [resolveAuthority(ssh-remote,229)][3595ms] returned an error No route to host
2026-01-22 20:56:32.324 [info] [resolveAuthority(ssh-remote,230)][0ms] activating remote resolvers ssh-remote+pi-zero
2026-01-22 20:56:32.324 [info] [resolveAuthority(ssh-remote,230)][0ms] activating resolver for ssh-remote+pi-zero...
2026-01-22 20:56:32.324 [info] [resolveAuthority(ssh-remote,230)][0ms] invoking final resolve()...
2026-01-22 20:56:33.326 [info] [resolveAuthority(ssh-remote,230)][1002ms] waiting...
2026-01-22 20:56:34.326 [info] [resolveAuthority(ssh-remote,230)][2002ms] waiting...
2026-01-22 20:56:35.327 [info] [resolveAuthority(ssh-remote,230)][3003ms] waiting...
2026-01-22 20:56:35.859 [error] [resolveAuthority(ssh-remote,230)][3535ms] returned an error No route to host
2026-01-22 20:57:05.861 [info] [resolveAuthority(ssh-remote,231)][0ms] activating remote resolvers ssh-remote+pi-zero
2026-01-22 20:57:05.861 [info] [resolveAuthority(ssh-remote,231)][0ms] activating resolver for ssh-remote+pi-zero...
2026-01-22 20:57:05.861 [info] [resolveAuthority(ssh-remote,231)][0ms] invoking final resolve()...
2026-01-22 20:57:06.862 [info] [resolveAuthority(ssh-remote,231)][1001ms] waiting...
2026-01-22 20:57:07.861 [info] [resolveAuthority(ssh-remote,231)][2000ms] waiting...
2026-01-22 20:57:08.862 [info] [resolveAuthority(ssh-remote,231)][3001ms] waiting...
2026-01-22 20:57:09.395 [error] [resolveAuthority(ssh-remote,231)][3534ms] returned an error No route to host
2026-01-22 20:57:39.397 [info] [resolveAuthority(ssh-remote,232)][0ms] activating remote resolvers ssh-remote+pi-zero
2026-01-22 20:57:39.397 [info] [resolveAuthority(ssh-remote,232)][0ms] activating resolver for ssh-remote+pi-zero...
2026-01-22 20:57:39.397 [info] [resolveAuthority(ssh-remote,232)][0ms] invoking final resolve()...
2026-01-22 20:57:40.397 [info] [resolveAuthority(ssh-remote,232)][1000ms] waiting...
2026-01-22 20:57:41.398 [info] [resolveAuthority(ssh-remote,232)][2001ms] waiting...
2026-01-22 20:57:42.399 [info] [resolveAuthority(ssh-remote,232)][3002ms] waiting...
2026-01-22 20:57:42.938 [error] [resolveAuthority(ssh-remote,232)][3541ms] returned an error No route to host
2026-01-22 20:58:12.940 [info] [resolveAuthority(ssh-remote,233)][0ms] activating remote resolvers ssh-remote+pi-zero
2026-01-22 20:58:12.940 [info] [resolveAuthority(ssh-remote,233)][0ms] activating resolver for ssh-remote+pi-zero...
2026-01-22 20:58:12.940 [info] [resolveAuthority(ssh-remote,233)][0ms] invoking final resolve()...
2026-01-22 20:58:13.941 [info] [resolveAuthority(ssh-remote,233)][1001ms] waiting...
2026-01-22 20:58:14.942 [info] [resolveAuthority(ssh-remote,233)][2002ms] waiting...
2026-01-22 20:58:15.943 [info] [resolveAuthority(ssh-remote,233)][3003ms] waiting...
2026-01-22 20:58:16.532 [error] [resolveAuthority(ssh-remote,233)][3592ms] returned an error No route to host
