2026-01-22 18:16:48.282 [info] Started local extension host with pid 30213.
2026-01-22 18:16:48.314 [info] Invoking resolveAuthority(ssh-remote)...
2026-01-22 18:16:48.314 [info] [LocalProcess0][resolveAuthority(ssh-remote,1)][0ms] obtaining proxy...
2026-01-22 18:16:48.437 [info] MCP Registry configured: https://api.mcp.github.com
2026-01-22 18:16:48.623 [info] [LocalProcess0][resolveAuthority(ssh-remote,1)][309ms] invoking...
2026-01-22 18:16:48.682 [error] navigator is now a global in nodejs, please see https://aka.ms/vscode-extensions/navigator for additional info on this error.: PendingMigrationError: navigator is now a global in nodejs, please see https://aka.ms/vscode-extensions/navigator for additional info on this error.
    at get (file:///opt/visual-studio-code/resources/app/out/vs/workbench/api/node/extensionHostProcess.js:402:6611)
    at Object.<anonymous> (/home/bryan/.vscode/extensions/ms-vscode-remote.remote-ssh-0.120.0/out/extension.js:2:486184)
    at 19534 (/home/bryan/.vscode/extensions/ms-vscode-remote.remote-ssh-0.120.0/out/extension.js:2:504894)
    at r (/home/bryan/.vscode/extensions/ms-vscode-remote.remote-ssh-0.120.0/out/extension.js:2:1108387)
    at 92839 (/home/bryan/.vscode/extensions/ms-vscode-remote.remote-ssh-0.120.0/out/extension.js:2:466959)
    at r (/home/bryan/.vscode/extensions/ms-vscode-remote.remote-ssh-0.120.0/out/extension.js:2:1108387)
    at 49424 (/home/bryan/.vscode/extensions/ms-vscode-remote.remote-ssh-0.120.0/out/extension.js:2:465816)
    at r (/home/bryan/.vscode/extensions/ms-vscode-remote.remote-ssh-0.120.0/out/extension.js:2:1108387)
    at 17130 (/home/bryan/.vscode/extensions/ms-vscode-remote.remote-ssh-0.120.0/out/extension.js:2:596135)
    at r (/home/bryan/.vscode/extensions/ms-vscode-remote.remote-ssh-0.120.0/out/extension.js:2:1108387)
    at 87631 (/home/bryan/.vscode/extensions/ms-vscode-remote.remote-ssh-0.120.0/out/extension.js:2:576866)
    at r (/home/bryan/.vscode/extensions/ms-vscode-remote.remote-ssh-0.120.0/out/extension.js:2:1108387)
    at 65861 (/home/bryan/.vscode/extensions/ms-vscode-remote.remote-ssh-0.120.0/out/extension.js:2:600705)
    at r (/home/bryan/.vscode/extensions/ms-vscode-remote.remote-ssh-0.120.0/out/extension.js:2:1108387)
    at 91577 (/home/bryan/.vscode/extensions/ms-vscode-remote.remote-ssh-0.120.0/out/extension.js:2:856974)
    at r (/home/bryan/.vscode/extensions/ms-vscode-remote.remote-ssh-0.120.0/out/extension.js:2:1108387)
    at 94111 (/home/bryan/.vscode/extensions/ms-vscode-remote.remote-ssh-0.120.0/out/extension.js:2:819912)
    at r (/home/bryan/.vscode/extensions/ms-vscode-remote.remote-ssh-0.120.0/out/extension.js:2:1108387)
    at 35187 (/home/bryan/.vscode/extensions/ms-vscode-remote.remote-ssh-0.120.0/out/extension.js:2:690327)
    at r (/home/bryan/.vscode/extensions/ms-vscode-remote.remote-ssh-0.120.0/out/extension.js:2:1108387)
    at 64417 (/home/bryan/.vscode/extensions/ms-vscode-remote.remote-ssh-0.120.0/out/extension.js:2:846572)
    at r (/home/bryan/.vscode/extensions/ms-vscode-remote.remote-ssh-0.120.0/out/extension.js:2:1108387)
    at 24847 (/home/bryan/.vscode/extensions/ms-vscode-remote.remote-ssh-0.120.0/out/extension.js:2:828930)
    at r (/home/bryan/.vscode/extensions/ms-vscode-remote.remote-ssh-0.120.0/out/extension.js:2:1108387)
    at 54788 (/home/bryan/.vscode/extensions/ms-vscode-remote.remote-ssh-0.120.0/out/extension.js:2:788284)
    at r (/home/bryan/.vscode/extensions/ms-vscode-remote.remote-ssh-0.120.0/out/extension.js:2:1108387)
    at 30729 (/home/bryan/.vscode/extensions/ms-vscode-remote.remote-ssh-0.120.0/out/extension.js:2:682648)
    at r (/home/bryan/.vscode/extensions/ms-vscode-remote.remote-ssh-0.120.0/out/extension.js:2:1108387)
    at 24430 (/home/bryan/.vscode/extensions/ms-vscode-remote.remote-ssh-0.120.0/out/extension.js:2:837945)
    at r (/home/bryan/.vscode/extensions/ms-vscode-remote.remote-ssh-0.120.0/out/extension.js:2:1108387)
    at 52584 (/home/bryan/.vscode/extensions/ms-vscode-remote.remote-ssh-0.120.0/out/extension.js:2:811300)
    at r (/home/bryan/.vscode/extensions/ms-vscode-remote.remote-ssh-0.120.0/out/extension.js:2:1108387)
    at 69480 (/home/bryan/.vscode/extensions/ms-vscode-remote.remote-ssh-0.120.0/out/extension.js:2:800490)
    at r (/home/bryan/.vscode/extensions/ms-vscode-remote.remote-ssh-0.120.0/out/extension.js:2:1108387)
    at 71535 (/home/bryan/.vscode/extensions/ms-vscode-remote.remote-ssh-0.120.0/out/extension.js:2:680397)
    at r (/home/bryan/.vscode/extensions/ms-vscode-remote.remote-ssh-0.120.0/out/extension.js:2:1108387)
    at /home/bryan/.vscode/extensions/ms-vscode-remote.remote-ssh-0.120.0/out/extension.js:2:1109251
    at /home/bryan/.vscode/extensions/ms-vscode-remote.remote-ssh-0.120.0/out/extension.js:2:1117584
    at Object.<anonymous> (/home/bryan/.vscode/extensions/ms-vscode-remote.remote-ssh-0.120.0/out/extension.js:2:1117690)
    at Module._compile (node:internal/modules/cjs/loader:1714:14)
    at Module._extensions..js (node:internal/modules/cjs/loader:1848:10)
    at Module.load (node:internal/modules/cjs/loader:1448:32)
    at Module._load (node:internal/modules/cjs/loader:1270:12)
    at c._load (node:electron/js2c/node_init:2:17993)
    at e._load (file:///opt/visual-studio-code/resources/app/out/vs/workbench/api/node/extensionHostProcess.js:402:5984)
    at t._load (file:///opt/visual-studio-code/resources/app/out/vs/workbench/api/node/extensionHostProcess.js:220:22582)
    at r._load (file:///opt/visual-studio-code/resources/app/out/vs/workbench/api/node/extensionHostProcess.js:212:24094)
    at TracingChannel.traceSync (node:diagnostics_channel:322:14)
    at wrapModuleLoad (node:internal/modules/cjs/loader:244:24)
    at Module.require (node:internal/modules/cjs/loader:1470:12)
    at require (node:internal/modules/helpers:147:16)
    at kX.Cb (file:///opt/visual-studio-code/resources/app/out/vs/workbench/api/node/extensionHostProcess.js:251:1253)
2026-01-22 18:16:48.758 [error] navigator is now a global in nodejs, please see https://aka.ms/vscode-extensions/navigator for additional info on this error.: PendingMigrationError: navigator is now a global in nodejs, please see https://aka.ms/vscode-extensions/navigator for additional info on this error.
    at get (file:///opt/visual-studio-code/resources/app/out/vs/workbench/api/node/extensionHostProcess.js:402:6611)
    at g (/home/bryan/.vscode/extensions/ms-vscode-remote.remote-ssh-0.120.0/out/extension.js:2:283829)
    at /home/bryan/.vscode/extensions/ms-vscode-remote.remote-ssh-0.120.0/out/extension.js:2:283674
    at r (/home/bryan/.vscode/extensions/ms-vscode-remote.remote-ssh-0.120.0/out/extension.js:2:285048)
    at /home/bryan/.vscode/extensions/ms-vscode-remote.remote-ssh-0.120.0/out/extension.js:2:285217
    at Object.get (/home/bryan/.vscode/extensions/ms-vscode-remote.remote-ssh-0.120.0/out/extension.js:2:284567)
    at _ (/home/bryan/.vscode/extensions/ms-vscode-remote.remote-ssh-0.120.0/out/extension.js:2:284134)
    at O (/home/bryan/.vscode/extensions/ms-vscode-remote.remote-ssh-0.120.0/out/extension.js:2:229826)
    at /home/bryan/.vscode/extensions/ms-vscode-remote.remote-ssh-0.120.0/out/extension.js:2:163430
    at Object.p [as use] (/home/bryan/.vscode/extensions/ms-vscode-remote.remote-ssh-0.120.0/out/extension.js:2:205291)
    at /home/bryan/.vscode/extensions/ms-vscode-remote.remote-ssh-0.120.0/out/extension.js:2:206959
    at s.<computed> [as watch] (/home/bryan/.vscode/extensions/ms-vscode-remote.remote-ssh-0.120.0/out/extension.js:2:206970)
    at B (/home/bryan/.vscode/extensions/ms-vscode-remote.remote-ssh-0.120.0/out/extension.js:2:207589)
    at e.<computed> [as initialize] (/home/bryan/.vscode/extensions/ms-vscode-remote.remote-ssh-0.120.0/out/extension.js:2:162741)
    at e.n [as initialize] (/home/bryan/.vscode/extensions/ms-vscode-remote.remote-ssh-0.120.0/out/extension.js:2:275397)
    at /home/bryan/.vscode/extensions/ms-vscode-remote.remote-ssh-0.120.0/out/extension.js:2:170519
    at g (/home/bryan/.vscode/extensions/ms-vscode-remote.remote-ssh-0.120.0/out/extension.js:2:239634)
    at e.<computed> [as initialize] (/home/bryan/.vscode/extensions/ms-vscode-remote.remote-ssh-0.120.0/out/extension.js:2:169778)
    at t.n [as initialize] (/home/bryan/.vscode/extensions/ms-vscode-remote.remote-ssh-0.120.0/out/extension.js:2:275397)
    at Array.<anonymous> (/home/bryan/.vscode/extensions/ms-vscode-remote.remote-ssh-0.120.0/out/extension.js:2:244943)
    at o (/home/bryan/.vscode/extensions/ms-vscode-remote.remote-ssh-0.120.0/out/extension.js:2:280977)
    at u (/home/bryan/.vscode/extensions/ms-vscode-remote.remote-ssh-0.120.0/out/extension.js:2:244904)
    at ge (/home/bryan/.vscode/extensions/ms-vscode-remote.remote-ssh-0.120.0/out/extension.js:2:213632)
    at e.<computed> (/home/bryan/.vscode/extensions/ms-vscode-remote.remote-ssh-0.120.0/out/extension.js:2:216146)
    at Object.initialize (/home/bryan/.vscode/extensions/ms-vscode-remote.remote-ssh-0.120.0/out/extension.js:2:276131)
    at /home/bryan/.vscode/extensions/ms-vscode-remote.remote-ssh-0.120.0/out/extension.js:2:140366
    at g (/home/bryan/.vscode/extensions/ms-vscode-remote.remote-ssh-0.120.0/out/extension.js:2:239634)
    at e.<computed> [as initialize] (/home/bryan/.vscode/extensions/ms-vscode-remote.remote-ssh-0.120.0/out/extension.js:2:140291)
    at t.n [as initialize] (/home/bryan/.vscode/extensions/ms-vscode-remote.remote-ssh-0.120.0/out/extension.js:2:275397)
    at /home/bryan/.vscode/extensions/ms-vscode-remote.remote-ssh-0.120.0/out/extension.js:2:339701
    at async t.oneDataSystemClientFactory (/home/bryan/.vscode/extensions/ms-vscode-remote.remote-ssh-0.120.0/out/extension.js:2:339100)
2026-01-22 18:16:49.623 [info] [LocalProcess0][resolveAuthority(ssh-remote,1)][1309ms] waiting...
2026-01-22 18:16:50.623 [info] [LocalProcess0][resolveAuthority(ssh-remote,1)][2309ms] waiting...
2026-01-22 18:16:51.426 [error] [/home/bryan/.vscode/extensions/github.copilot-chat-0.35.0]: Extension is not compatible with Code 1.106.3. Extension requires: ^1.107.0-20251119.
2026-01-22 18:16:51.427 [error] [/home/bryan/.vscode/extensions/ms-vscode-remote.remote-ssh-0.122.0]: Extension is not compatible with Code 1.106.3. Extension requires: ^1.107.0.
2026-01-22 18:16:51.428 [error] [/home/bryan/.vscode/extensions/github.copilot-chat-0.35.2]: Extension is not compatible with Code 1.106.3. Extension requires: ^1.107.0-20251119.
2026-01-22 18:16:51.429 [error] [/home/bryan/.vscode/extensions/github.copilot-chat-0.36.0]: Extension is not compatible with Code 1.106.3. Extension requires: ^1.108.0.
2026-01-22 18:16:51.430 [error] [/home/bryan/.vscode/extensions/github.copilot-chat-0.36.1]: Extension is not compatible with Code 1.106.3. Extension requires: ^1.108.0.
2026-01-22 18:16:51.431 [error] [/home/bryan/.vscode/extensions/github.copilot-chat-0.36.2]: Extension is not compatible with Code 1.106.3. Extension requires: ^1.108.0.
2026-01-22 18:16:51.623 [info] [LocalProcess0][resolveAuthority(ssh-remote,1)][3309ms] waiting...
2026-01-22 18:16:52.623 [info] [LocalProcess0][resolveAuthority(ssh-remote,1)][4309ms] waiting...
2026-01-22 18:16:53.623 [info] [LocalProcess0][resolveAuthority(ssh-remote,1)][5309ms] waiting...
2026-01-22 18:16:54.625 [info] [LocalProcess0][resolveAuthority(ssh-remote,1)][6311ms] waiting...
2026-01-22 18:16:55.623 [info] [LocalProcess0][resolveAuthority(ssh-remote,1)][7309ms] waiting...
2026-01-22 18:16:56.623 [info] [LocalProcess0][resolveAuthority(ssh-remote,1)][8309ms] waiting...
2026-01-22 18:16:57.623 [info] [LocalProcess0][resolveAuthority(ssh-remote,1)][9309ms] waiting...
2026-01-22 18:16:58.623 [info] [LocalProcess0][resolveAuthority(ssh-remote,1)][10309ms] waiting...
2026-01-22 18:16:59.623 [info] [LocalProcess0][resolveAuthority(ssh-remote,1)][11309ms] waiting...
2026-01-22 18:16:59.923 [info] [LocalProcess0][resolveAuthority(ssh-remote,1)][11609ms] returned WebSocket(127.0.0.1:36161)
2026-01-22 18:16:59.923 [info] resolveAuthority(ssh-remote) returned 'WebSocket(127.0.0.1:36161)' after 11610 ms
2026-01-22 18:16:59.924 [info] Creating a socket (renderer-Management-faf1c364-1899-4c25-8cb5-ca918af3266d)...
2026-01-22 18:16:59.925 [info] Creating a socket (renderer-ExtensionHost-85684e9e-fb18-4f3e-8ff9-9b0d795e4edb)...
2026-01-22 18:16:59.961 [info] Creating a socket (renderer-Management-faf1c364-1899-4c25-8cb5-ca918af3266d) was successful after 37 ms.
2026-01-22 18:16:59.997 [info] Creating a socket (renderer-ExtensionHost-85684e9e-fb18-4f3e-8ff9-9b0d795e4edb) was successful after 72 ms.
2026-01-22 18:17:02.479 [info] Settings Sync: Account status changed from uninitialized to unavailable
2026-01-22 18:17:02.754 [info] [perf] Render performance baseline is 17ms
2026-01-22 18:17:04.192 [error] Cannot change enablement of GitHub Copilot Chat extension because of its extension kind: Error: Cannot change enablement of GitHub Copilot Chat extension because of its extension kind
    at vQe.U (vscode-file://vscode-app/opt/visual-studio-code/resources/app/out/vs/workbench/workbench.desktop.main.js:1355:16893)
    at vQe.S (vscode-file://vscode-app/opt/visual-studio-code/resources/app/out/vs/workbench/workbench.desktop.main.js:1355:16593)
    at vQe.setEnablement (vscode-file://vscode-app/opt/visual-studio-code/resources/app/out/vs/workbench/workbench.desktop.main.js:1355:17641)
    at async Vut.rc (vscode-file://vscode-app/opt/visual-studio-code/resources/app/out/vs/workbench/workbench.desktop.main.js:2493:41838)
    at async Mne.m (vscode-file://vscode-app/opt/visual-studio-code/resources/app/out/vs/workbench/workbench.desktop.main.js:2237:43599)
2026-01-22 18:17:16.415 [info] Started local extension host with pid 30443.
2026-01-22 18:17:16.788 [error] navigator is now a global in nodejs, please see https://aka.ms/vscode-extensions/navigator for additional info on this error.: PendingMigrationError: navigator is now a global in nodejs, please see https://aka.ms/vscode-extensions/navigator for additional info on this error.
    at get (file:///opt/visual-studio-code/resources/app/out/vs/workbench/api/node/extensionHostProcess.js:402:6611)
    at Object.<anonymous> (/home/bryan/.vscode/extensions/ms-vscode-remote.remote-ssh-0.120.0/out/extension.js:2:486184)
    at 19534 (/home/bryan/.vscode/extensions/ms-vscode-remote.remote-ssh-0.120.0/out/extension.js:2:504894)
    at r (/home/bryan/.vscode/extensions/ms-vscode-remote.remote-ssh-0.120.0/out/extension.js:2:1108387)
    at 92839 (/home/bryan/.vscode/extensions/ms-vscode-remote.remote-ssh-0.120.0/out/extension.js:2:466959)
    at r (/home/bryan/.vscode/extensions/ms-vscode-remote.remote-ssh-0.120.0/out/extension.js:2:1108387)
    at 49424 (/home/bryan/.vscode/extensions/ms-vscode-remote.remote-ssh-0.120.0/out/extension.js:2:465816)
    at r (/home/bryan/.vscode/extensions/ms-vscode-remote.remote-ssh-0.120.0/out/extension.js:2:1108387)
    at 17130 (/home/bryan/.vscode/extensions/ms-vscode-remote.remote-ssh-0.120.0/out/extension.js:2:596135)
    at r (/home/bryan/.vscode/extensions/ms-vscode-remote.remote-ssh-0.120.0/out/extension.js:2:1108387)
    at 87631 (/home/bryan/.vscode/extensions/ms-vscode-remote.remote-ssh-0.120.0/out/extension.js:2:576866)
    at r (/home/bryan/.vscode/extensions/ms-vscode-remote.remote-ssh-0.120.0/out/extension.js:2:1108387)
    at 65861 (/home/bryan/.vscode/extensions/ms-vscode-remote.remote-ssh-0.120.0/out/extension.js:2:600705)
    at r (/home/bryan/.vscode/extensions/ms-vscode-remote.remote-ssh-0.120.0/out/extension.js:2:1108387)
    at 91577 (/home/bryan/.vscode/extensions/ms-vscode-remote.remote-ssh-0.120.0/out/extension.js:2:856974)
    at r (/home/bryan/.vscode/extensions/ms-vscode-remote.remote-ssh-0.120.0/out/extension.js:2:1108387)
    at 94111 (/home/bryan/.vscode/extensions/ms-vscode-remote.remote-ssh-0.120.0/out/extension.js:2:819912)
    at r (/home/bryan/.vscode/extensions/ms-vscode-remote.remote-ssh-0.120.0/out/extension.js:2:1108387)
    at 35187 (/home/bryan/.vscode/extensions/ms-vscode-remote.remote-ssh-0.120.0/out/extension.js:2:690327)
    at r (/home/bryan/.vscode/extensions/ms-vscode-remote.remote-ssh-0.120.0/out/extension.js:2:1108387)
    at 64417 (/home/bryan/.vscode/extensions/ms-vscode-remote.remote-ssh-0.120.0/out/extension.js:2:846572)
    at r (/home/bryan/.vscode/extensions/ms-vscode-remote.remote-ssh-0.120.0/out/extension.js:2:1108387)
    at 24847 (/home/bryan/.vscode/extensions/ms-vscode-remote.remote-ssh-0.120.0/out/extension.js:2:828930)
    at r (/home/bryan/.vscode/extensions/ms-vscode-remote.remote-ssh-0.120.0/out/extension.js:2:1108387)
    at 54788 (/home/bryan/.vscode/extensions/ms-vscode-remote.remote-ssh-0.120.0/out/extension.js:2:788284)
    at r (/home/bryan/.vscode/extensions/ms-vscode-remote.remote-ssh-0.120.0/out/extension.js:2:1108387)
    at 30729 (/home/bryan/.vscode/extensions/ms-vscode-remote.remote-ssh-0.120.0/out/extension.js:2:682648)
    at r (/home/bryan/.vscode/extensions/ms-vscode-remote.remote-ssh-0.120.0/out/extension.js:2:1108387)
    at 24430 (/home/bryan/.vscode/extensions/ms-vscode-remote.remote-ssh-0.120.0/out/extension.js:2:837945)
    at r (/home/bryan/.vscode/extensions/ms-vscode-remote.remote-ssh-0.120.0/out/extension.js:2:1108387)
    at 52584 (/home/bryan/.vscode/extensions/ms-vscode-remote.remote-ssh-0.120.0/out/extension.js:2:811300)
    at r (/home/bryan/.vscode/extensions/ms-vscode-remote.remote-ssh-0.120.0/out/extension.js:2:1108387)
    at 69480 (/home/bryan/.vscode/extensions/ms-vscode-remote.remote-ssh-0.120.0/out/extension.js:2:800490)
    at r (/home/bryan/.vscode/extensions/ms-vscode-remote.remote-ssh-0.120.0/out/extension.js:2:1108387)
    at 71535 (/home/bryan/.vscode/extensions/ms-vscode-remote.remote-ssh-0.120.0/out/extension.js:2:680397)
    at r (/home/bryan/.vscode/extensions/ms-vscode-remote.remote-ssh-0.120.0/out/extension.js:2:1108387)
    at /home/bryan/.vscode/extensions/ms-vscode-remote.remote-ssh-0.120.0/out/extension.js:2:1109251
    at /home/bryan/.vscode/extensions/ms-vscode-remote.remote-ssh-0.120.0/out/extension.js:2:1117584
    at Object.<anonymous> (/home/bryan/.vscode/extensions/ms-vscode-remote.remote-ssh-0.120.0/out/extension.js:2:1117690)
    at Module._compile (node:internal/modules/cjs/loader:1714:14)
    at Module._extensions..js (node:internal/modules/cjs/loader:1848:10)
    at Module.load (node:internal/modules/cjs/loader:1448:32)
    at Module._load (node:internal/modules/cjs/loader:1270:12)
    at c._load (node:electron/js2c/node_init:2:17993)
    at e._load (file:///opt/visual-studio-code/resources/app/out/vs/workbench/api/node/extensionHostProcess.js:402:5984)
    at t._load (file:///opt/visual-studio-code/resources/app/out/vs/workbench/api/node/extensionHostProcess.js:220:22582)
    at r._load (file:///opt/visual-studio-code/resources/app/out/vs/workbench/api/node/extensionHostProcess.js:212:24094)
    at TracingChannel.traceSync (node:diagnostics_channel:322:14)
    at wrapModuleLoad (node:internal/modules/cjs/loader:244:24)
    at Module.require (node:internal/modules/cjs/loader:1470:12)
    at require (node:internal/modules/helpers:147:16)
    at kX.Cb (file:///opt/visual-studio-code/resources/app/out/vs/workbench/api/node/extensionHostProcess.js:251:1253)
2026-01-22 18:17:16.864 [error] navigator is now a global in nodejs, please see https://aka.ms/vscode-extensions/navigator for additional info on this error.: PendingMigrationError: navigator is now a global in nodejs, please see https://aka.ms/vscode-extensions/navigator for additional info on this error.
    at get (file:///opt/visual-studio-code/resources/app/out/vs/workbench/api/node/extensionHostProcess.js:402:6611)
    at g (/home/bryan/.vscode/extensions/ms-vscode-remote.remote-ssh-0.120.0/out/extension.js:2:283829)
    at /home/bryan/.vscode/extensions/ms-vscode-remote.remote-ssh-0.120.0/out/extension.js:2:283674
    at r (/home/bryan/.vscode/extensions/ms-vscode-remote.remote-ssh-0.120.0/out/extension.js:2:285048)
    at /home/bryan/.vscode/extensions/ms-vscode-remote.remote-ssh-0.120.0/out/extension.js:2:285217
    at Object.get (/home/bryan/.vscode/extensions/ms-vscode-remote.remote-ssh-0.120.0/out/extension.js:2:284567)
    at _ (/home/bryan/.vscode/extensions/ms-vscode-remote.remote-ssh-0.120.0/out/extension.js:2:284134)
    at O (/home/bryan/.vscode/extensions/ms-vscode-remote.remote-ssh-0.120.0/out/extension.js:2:229826)
    at /home/bryan/.vscode/extensions/ms-vscode-remote.remote-ssh-0.120.0/out/extension.js:2:163430
    at Object.p [as use] (/home/bryan/.vscode/extensions/ms-vscode-remote.remote-ssh-0.120.0/out/extension.js:2:205291)
    at /home/bryan/.vscode/extensions/ms-vscode-remote.remote-ssh-0.120.0/out/extension.js:2:206959
    at s.<computed> [as watch] (/home/bryan/.vscode/extensions/ms-vscode-remote.remote-ssh-0.120.0/out/extension.js:2:206970)
    at B (/home/bryan/.vscode/extensions/ms-vscode-remote.remote-ssh-0.120.0/out/extension.js:2:207589)
    at e.<computed> [as initialize] (/home/bryan/.vscode/extensions/ms-vscode-remote.remote-ssh-0.120.0/out/extension.js:2:162741)
    at e.n [as initialize] (/home/bryan/.vscode/extensions/ms-vscode-remote.remote-ssh-0.120.0/out/extension.js:2:275397)
    at /home/bryan/.vscode/extensions/ms-vscode-remote.remote-ssh-0.120.0/out/extension.js:2:170519
    at g (/home/bryan/.vscode/extensions/ms-vscode-remote.remote-ssh-0.120.0/out/extension.js:2:239634)
    at e.<computed> [as initialize] (/home/bryan/.vscode/extensions/ms-vscode-remote.remote-ssh-0.120.0/out/extension.js:2:169778)
    at t.n [as initialize] (/home/bryan/.vscode/extensions/ms-vscode-remote.remote-ssh-0.120.0/out/extension.js:2:275397)
    at Array.<anonymous> (/home/bryan/.vscode/extensions/ms-vscode-remote.remote-ssh-0.120.0/out/extension.js:2:244943)
    at o (/home/bryan/.vscode/extensions/ms-vscode-remote.remote-ssh-0.120.0/out/extension.js:2:280977)
    at u (/home/bryan/.vscode/extensions/ms-vscode-remote.remote-ssh-0.120.0/out/extension.js:2:244904)
    at ge (/home/bryan/.vscode/extensions/ms-vscode-remote.remote-ssh-0.120.0/out/extension.js:2:213632)
    at e.<computed> (/home/bryan/.vscode/extensions/ms-vscode-remote.remote-ssh-0.120.0/out/extension.js:2:216146)
    at Object.initialize (/home/bryan/.vscode/extensions/ms-vscode-remote.remote-ssh-0.120.0/out/extension.js:2:276131)
    at /home/bryan/.vscode/extensions/ms-vscode-remote.remote-ssh-0.120.0/out/extension.js:2:140366
    at g (/home/bryan/.vscode/extensions/ms-vscode-remote.remote-ssh-0.120.0/out/extension.js:2:239634)
    at e.<computed> [as initialize] (/home/bryan/.vscode/extensions/ms-vscode-remote.remote-ssh-0.120.0/out/extension.js:2:140291)
    at t.n [as initialize] (/home/bryan/.vscode/extensions/ms-vscode-remote.remote-ssh-0.120.0/out/extension.js:2:275397)
    at /home/bryan/.vscode/extensions/ms-vscode-remote.remote-ssh-0.120.0/out/extension.js:2:339701
    at async t.oneDataSystemClientFactory (/home/bryan/.vscode/extensions/ms-vscode-remote.remote-ssh-0.120.0/out/extension.js:2:339100)
2026-01-22 18:17:16.866 [info] Invoking resolveAuthority(ssh-remote)...
2026-01-22 18:17:16.866 [info] [LocalProcess0][resolveAuthority(ssh-remote,1)][0ms] obtaining proxy...
2026-01-22 18:17:16.869 [info] [LocalProcess0][resolveAuthority(ssh-remote,1)][3ms] invoking...
2026-01-22 18:17:17.870 [info] [LocalProcess0][resolveAuthority(ssh-remote,1)][1003ms] waiting...
2026-01-22 18:17:18.404 [info] MCP Registry configured: https://api.mcp.github.com
2026-01-22 18:17:18.870 [info] [LocalProcess0][resolveAuthority(ssh-remote,1)][2003ms] waiting...
2026-01-22 18:17:19.539 [error] [/home/bryan/.vscode/extensions/github.copilot-chat-0.35.0]: Extension is not compatible with Code 1.106.3. Extension requires: ^1.107.0-20251119.
2026-01-22 18:17:19.541 [error] [/home/bryan/.vscode/extensions/ms-vscode-remote.remote-ssh-0.122.0]: Extension is not compatible with Code 1.106.3. Extension requires: ^1.107.0.
2026-01-22 18:17:19.543 [error] [/home/bryan/.vscode/extensions/github.copilot-chat-0.35.2]: Extension is not compatible with Code 1.106.3. Extension requires: ^1.107.0-20251119.
2026-01-22 18:17:19.544 [error] [/home/bryan/.vscode/extensions/github.copilot-chat-0.36.0]: Extension is not compatible with Code 1.106.3. Extension requires: ^1.108.0.
2026-01-22 18:17:19.544 [error] [/home/bryan/.vscode/extensions/github.copilot-chat-0.36.1]: Extension is not compatible with Code 1.106.3. Extension requires: ^1.108.0.
2026-01-22 18:17:19.545 [error] [/home/bryan/.vscode/extensions/github.copilot-chat-0.36.2]: Extension is not compatible with Code 1.106.3. Extension requires: ^1.108.0.
2026-01-22 18:17:19.870 [info] [LocalProcess0][resolveAuthority(ssh-remote,1)][3003ms] waiting...
2026-01-22 18:17:20.870 [info] [LocalProcess0][resolveAuthority(ssh-remote,1)][4003ms] waiting...
2026-01-22 18:17:21.870 [info] [LocalProcess0][resolveAuthority(ssh-remote,1)][5003ms] waiting...
2026-01-22 18:17:22.870 [info] [LocalProcess0][resolveAuthority(ssh-remote,1)][6003ms] waiting...
2026-01-22 18:17:23.870 [info] [LocalProcess0][resolveAuthority(ssh-remote,1)][7003ms] waiting...
2026-01-22 18:17:24.870 [info] [LocalProcess0][resolveAuthority(ssh-remote,1)][8003ms] waiting...
2026-01-22 18:17:25.637 [info] [LocalProcess0][resolveAuthority(ssh-remote,1)][8770ms] returned WebSocket(127.0.0.1:41749)
2026-01-22 18:17:25.637 [info] resolveAuthority(ssh-remote) returned 'WebSocket(127.0.0.1:41749)' after 8771 ms
2026-01-22 18:17:25.637 [info] Creating a socket (renderer-Management-d7c33d4d-94fe-455c-8d12-dffd7fb749fe)...
2026-01-22 18:17:25.638 [info] Creating a socket (renderer-ExtensionHost-b16bea7b-7710-4641-89b6-00537e60078c)...
2026-01-22 18:17:25.682 [info] Creating a socket (renderer-Management-d7c33d4d-94fe-455c-8d12-dffd7fb749fe) was successful after 45 ms.
2026-01-22 18:17:25.727 [info] Creating a socket (renderer-ExtensionHost-b16bea7b-7710-4641-89b6-00537e60078c) was successful after 89 ms.
2026-01-22 18:17:28.904 [info] Settings Sync: Account status changed from uninitialized to unavailable
2026-01-22 18:17:29.114 [error] Cannot change enablement of GitHub Copilot Chat extension because of its extension kind: Error: Cannot change enablement of GitHub Copilot Chat extension because of its extension kind
    at vQe.U (vscode-file://vscode-app/opt/visual-studio-code/resources/app/out/vs/workbench/workbench.desktop.main.js:1355:16893)
    at vQe.S (vscode-file://vscode-app/opt/visual-studio-code/resources/app/out/vs/workbench/workbench.desktop.main.js:1355:16593)
    at vQe.setEnablement (vscode-file://vscode-app/opt/visual-studio-code/resources/app/out/vs/workbench/workbench.desktop.main.js:1355:17641)
    at async Vut.rc (vscode-file://vscode-app/opt/visual-studio-code/resources/app/out/vs/workbench/workbench.desktop.main.js:2493:41838)
    at async Mne.m (vscode-file://vscode-app/opt/visual-studio-code/resources/app/out/vs/workbench/workbench.desktop.main.js:2237:43599)
2026-01-22 18:17:32.446 [info] [perf] Render performance baseline is 16ms
2026-01-22 18:17:34.974 [error] Could not find pty 16 on pty host: CodeExpectedError: Could not find pty 16 on pty host
    at R.X (file:///home/bryan/.vscode-server/bin/bf9252a2fb45be6893dd8870c0bf37e2e1766d61/out/vs/platform/terminal/node/ptyHostMain.js:46:6681)
    at R.updateTitle (file:///home/bryan/.vscode-server/bin/bf9252a2fb45be6893dd8870c0bf37e2e1766d61/out/vs/platform/terminal/node/ptyHostMain.js:46:1839)
    at N.i.<computed> (file:///home/bryan/.vscode-server/bin/bf9252a2fb45be6893dd8870c0bf37e2e1766d61/out/vs/platform/terminal/node/ptyHostMain.js:45:2938)
    at Object.call (file:///home/bryan/.vscode-server/bin/bf9252a2fb45be6893dd8870c0bf37e2e1766d61/out/vs/platform/terminal/node/ptyHostMain.js:28:4202)
    at kl.s (file:///home/bryan/.vscode-server/bin/bf9252a2fb45be6893dd8870c0bf37e2e1766d61/out/vs/platform/terminal/node/ptyHostMain.js:26:83796)
    at kl.q (file:///home/bryan/.vscode-server/bin/bf9252a2fb45be6893dd8870c0bf37e2e1766d61/out/vs/platform/terminal/node/ptyHostMain.js:26:83319)
    at vi.value (file:///home/bryan/.vscode-server/bin/bf9252a2fb45be6893dd8870c0bf37e2e1766d61/out/vs/platform/terminal/node/ptyHostMain.js:26:82721)
    at E.C (file:///home/bryan/.vscode-server/bin/bf9252a2fb45be6893dd8870c0bf37e2e1766d61/out/vs/platform/terminal/node/ptyHostMain.js:26:2373)
    at E.fire (file:///home/bryan/.vscode-server/bin/bf9252a2fb45be6893dd8870c0bf37e2e1766d61/out/vs/platform/terminal/node/ptyHostMain.js:26:2591)
    at process.C (file:///home/bryan/.vscode-server/bin/bf9252a2fb45be6893dd8870c0bf37e2e1766d61/out/vs/platform/terminal/node/ptyHostMain.js:24:30422)
    at process.emit (node:events:519:28)
    at emit (node:internal/child_process:949:14)
    at process.processTicksAndRejections (node:internal/process/task_queues:91:21)
2026-01-22 18:17:34.974 [error] Could not find pty 16 on pty host: CodeExpectedError: Could not find pty 16 on pty host
    at R.X (file:///home/bryan/.vscode-server/bin/bf9252a2fb45be6893dd8870c0bf37e2e1766d61/out/vs/platform/terminal/node/ptyHostMain.js:46:6681)
    at R.updateIcon (file:///home/bryan/.vscode-server/bin/bf9252a2fb45be6893dd8870c0bf37e2e1766d61/out/vs/platform/terminal/node/ptyHostMain.js:46:1889)
    at N.i.<computed> (file:///home/bryan/.vscode-server/bin/bf9252a2fb45be6893dd8870c0bf37e2e1766d61/out/vs/platform/terminal/node/ptyHostMain.js:45:2938)
    at Object.call (file:///home/bryan/.vscode-server/bin/bf9252a2fb45be6893dd8870c0bf37e2e1766d61/out/vs/platform/terminal/node/ptyHostMain.js:28:4202)
    at kl.s (file:///home/bryan/.vscode-server/bin/bf9252a2fb45be6893dd8870c0bf37e2e1766d61/out/vs/platform/terminal/node/ptyHostMain.js:26:83796)
    at kl.q (file:///home/bryan/.vscode-server/bin/bf9252a2fb45be6893dd8870c0bf37e2e1766d61/out/vs/platform/terminal/node/ptyHostMain.js:26:83319)
    at vi.value (file:///home/bryan/.vscode-server/bin/bf9252a2fb45be6893dd8870c0bf37e2e1766d61/out/vs/platform/terminal/node/ptyHostMain.js:26:82721)
    at E.C (file:///home/bryan/.vscode-server/bin/bf9252a2fb45be6893dd8870c0bf37e2e1766d61/out/vs/platform/terminal/node/ptyHostMain.js:26:2373)
    at E.fire (file:///home/bryan/.vscode-server/bin/bf9252a2fb45be6893dd8870c0bf37e2e1766d61/out/vs/platform/terminal/node/ptyHostMain.js:26:2591)
    at process.C (file:///home/bryan/.vscode-server/bin/bf9252a2fb45be6893dd8870c0bf37e2e1766d61/out/vs/platform/terminal/node/ptyHostMain.js:24:30422)
    at process.emit (node:events:519:28)
    at emit (node:internal/child_process:949:14)
    at process.processTicksAndRejections (node:internal/process/task_queues:91:21)
2026-01-22 18:51:47.363 [info] [remote-connection][Management   ][d7c33…][reconnect] received socket timeout event (unacknowledgedMsgCount: 1, timeSinceOldestUnacknowledgedMsg: 20000, timeSinceLastReceivedSomeData: 66335).
2026-01-22 18:51:47.364 [info] [remote-connection][Management   ][d7c33…][reconnect] starting reconnecting loop. You can get more information with the trace log level.
2026-01-22 18:51:47.365 [info] [remote-connection][Management   ][d7c33…][reconnect] resolving connection...
2026-01-22 18:51:47.365 [info] Invoking resolveAuthority(ssh-remote)...
2026-01-22 18:51:47.365 [info] [LocalProcess0][resolveAuthority(ssh-remote,2)][0ms] obtaining proxy...
2026-01-22 18:51:47.365 [info] [LocalProcess0][resolveAuthority(ssh-remote,2)][0ms] invoking...
2026-01-22 18:51:48.366 [info] [LocalProcess0][resolveAuthority(ssh-remote,2)][1000ms] waiting...
2026-01-22 18:51:49.366 [info] [LocalProcess0][resolveAuthority(ssh-remote,2)][2000ms] waiting...
2026-01-22 18:51:50.366 [info] [LocalProcess0][resolveAuthority(ssh-remote,2)][3000ms] waiting...
2026-01-22 18:51:50.376 [info] Extension host (Remote) is unresponsive.
2026-01-22 18:51:50.890 [error] [LocalProcess0][resolveAuthority(ssh-remote,2)][3525ms] returned an error {"code":"TemporarilyNotAvailable","message":"No route to host"}
2026-01-22 18:51:50.891 [error] resolveAuthority(ssh-remote) returned an error after 3525 ms No route to host
2026-01-22 18:51:50.891 [info] [remote-connection][Management   ][d7c33…][reconnect] A temporarily not available error occurred while trying to reconnect, will try again...
2026-01-22 18:51:50.891 [info] [remote-connection][Management   ][d7c33…][reconnect] waiting for 5 seconds before reconnecting...
2026-01-22 18:51:55.891 [info] [remote-connection][Management   ][d7c33…][reconnect] resolving connection...
2026-01-22 18:51:55.892 [info] Invoking resolveAuthority(ssh-remote)...
2026-01-22 18:51:55.892 [info] [LocalProcess0][resolveAuthority(ssh-remote,3)][0ms] obtaining proxy...
2026-01-22 18:51:55.892 [info] [LocalProcess0][resolveAuthority(ssh-remote,3)][0ms] invoking...
2026-01-22 18:51:56.514 [error] [LocalProcess0][resolveAuthority(ssh-remote,3)][623ms] returned an error {"code":"TemporarilyNotAvailable","message":"No route to host"}
2026-01-22 18:51:56.515 [error] resolveAuthority(ssh-remote) returned an error after 623 ms No route to host
2026-01-22 18:51:56.515 [info] [remote-connection][Management   ][d7c33…][reconnect] A temporarily not available error occurred while trying to reconnect, will try again...
2026-01-22 18:51:56.515 [info] [remote-connection][Management   ][d7c33…][reconnect] waiting for 5 seconds before reconnecting...
2026-01-22 18:52:01.515 [info] [remote-connection][Management   ][d7c33…][reconnect] resolving connection...
2026-01-22 18:52:01.515 [info] Invoking resolveAuthority(ssh-remote)...
2026-01-22 18:52:01.515 [info] [LocalProcess0][resolveAuthority(ssh-remote,4)][0ms] obtaining proxy...
2026-01-22 18:52:01.516 [info] [LocalProcess0][resolveAuthority(ssh-remote,4)][0ms] invoking...
2026-01-22 18:52:02.516 [info] [LocalProcess0][resolveAuthority(ssh-remote,4)][1000ms] waiting...
2026-01-22 18:52:03.516 [info] [LocalProcess0][resolveAuthority(ssh-remote,4)][2000ms] waiting...
2026-01-22 18:52:04.516 [info] [LocalProcess0][resolveAuthority(ssh-remote,4)][3000ms] waiting...
2026-01-22 18:52:04.963 [error] [LocalProcess0][resolveAuthority(ssh-remote,4)][3448ms] returned an error {"code":"TemporarilyNotAvailable","message":"No route to host"}
2026-01-22 18:52:04.963 [error] resolveAuthority(ssh-remote) returned an error after 3448 ms No route to host
2026-01-22 18:52:04.963 [info] [remote-connection][Management   ][d7c33…][reconnect] A temporarily not available error occurred while trying to reconnect, will try again...
2026-01-22 18:52:04.964 [info] [remote-connection][Management   ][d7c33…][reconnect] waiting for 10 seconds before reconnecting...
2026-01-22 18:52:07.363 [info] [remote-connection][Management   ][d7c33…][reconnect] received socket timeout event (unacknowledgedMsgCount: 19, timeSinceOldestUnacknowledgedMsg: 40000, timeSinceLastReceivedSomeData: 86335).
2026-01-22 18:52:07.376 [info] [remote-connection][ExtensionHost][b16be…][reconnect] received socket timeout event (unacknowledgedMsgCount: 48, timeSinceOldestUnacknowledgedMsg: 20000, timeSinceLastReceivedSomeData: 85629).
2026-01-22 18:52:07.376 [info] [remote-connection][ExtensionHost][b16be…][reconnect] starting reconnecting loop. You can get more information with the trace log level.
2026-01-22 18:52:07.376 [info] [remote-connection][ExtensionHost][b16be…][reconnect] resolving connection...
2026-01-22 18:52:07.376 [info] [remote-connection][ExtensionHost][b16be…][reconnect] A temporarily not available error occurred while trying to reconnect, will try again...
2026-01-22 18:52:07.376 [info] [remote-connection][ExtensionHost][b16be…][reconnect] waiting for 5 seconds before reconnecting...
2026-01-22 18:52:12.376 [info] [remote-connection][ExtensionHost][b16be…][reconnect] resolving connection...
2026-01-22 18:52:12.377 [info] [remote-connection][ExtensionHost][b16be…][reconnect] A temporarily not available error occurred while trying to reconnect, will try again...
2026-01-22 18:52:12.377 [info] [remote-connection][ExtensionHost][b16be…][reconnect] waiting for 5 seconds before reconnecting...
2026-01-22 18:52:14.964 [info] [remote-connection][Management   ][d7c33…][reconnect] resolving connection...
2026-01-22 18:52:14.964 [info] Invoking resolveAuthority(ssh-remote)...
2026-01-22 18:52:14.964 [info] [LocalProcess0][resolveAuthority(ssh-remote,5)][0ms] obtaining proxy...
2026-01-22 18:52:14.964 [info] [LocalProcess0][resolveAuthority(ssh-remote,5)][0ms] invoking...
2026-01-22 18:52:15.964 [info] [LocalProcess0][resolveAuthority(ssh-remote,5)][1000ms] waiting...
2026-01-22 18:52:16.964 [info] [LocalProcess0][resolveAuthority(ssh-remote,5)][2000ms] waiting...
2026-01-22 18:52:17.377 [info] [remote-connection][ExtensionHost][b16be…][reconnect] resolving connection...
2026-01-22 18:52:17.964 [info] [LocalProcess0][resolveAuthority(ssh-remote,5)][3000ms] waiting...
2026-01-22 18:52:18.404 [error] [LocalProcess0][resolveAuthority(ssh-remote,5)][3440ms] returned an error {"code":"TemporarilyNotAvailable","message":"No route to host"}
2026-01-22 18:52:18.404 [error] resolveAuthority(ssh-remote) returned an error after 3440 ms No route to host
2026-01-22 18:52:18.404 [info] [remote-connection][Management   ][d7c33…][reconnect] A temporarily not available error occurred while trying to reconnect, will try again...
2026-01-22 18:52:18.404 [info] [remote-connection][Management   ][d7c33…][reconnect] waiting for 10 seconds before reconnecting...
2026-01-22 18:52:18.405 [info] [remote-connection][ExtensionHost][b16be…][reconnect] A temporarily not available error occurred while trying to reconnect, will try again...
2026-01-22 18:52:18.405 [info] [remote-connection][ExtensionHost][b16be…][reconnect] waiting for 10 seconds before reconnecting...
2026-01-22 18:52:27.363 [info] [remote-connection][Management   ][d7c33…][reconnect] received socket timeout event (unacknowledgedMsgCount: 24, timeSinceOldestUnacknowledgedMsg: 60000, timeSinceLastReceivedSomeData: 106335).
2026-01-22 18:52:27.375 [info] [remote-connection][ExtensionHost][b16be…][reconnect] received socket timeout event (unacknowledgedMsgCount: 60, timeSinceOldestUnacknowledgedMsg: 40000, timeSinceLastReceivedSomeData: 105629).
2026-01-22 18:52:28.405 [info] [remote-connection][Management   ][d7c33…][reconnect] resolving connection...
2026-01-22 18:52:28.405 [info] Invoking resolveAuthority(ssh-remote)...
2026-01-22 18:52:28.405 [info] [LocalProcess0][resolveAuthority(ssh-remote,6)][0ms] obtaining proxy...
2026-01-22 18:52:28.405 [info] [LocalProcess0][resolveAuthority(ssh-remote,6)][0ms] invoking...
2026-01-22 18:52:28.410 [info] [remote-connection][ExtensionHost][b16be…][reconnect] resolving connection...
2026-01-22 18:52:29.405 [info] [LocalProcess0][resolveAuthority(ssh-remote,6)][1000ms] waiting...
2026-01-22 18:52:30.405 [info] [LocalProcess0][resolveAuthority(ssh-remote,6)][2000ms] waiting...
2026-01-22 18:52:31.405 [info] [LocalProcess0][resolveAuthority(ssh-remote,6)][3000ms] waiting...
2026-01-22 18:52:31.845 [error] [LocalProcess0][resolveAuthority(ssh-remote,6)][3440ms] returned an error {"code":"TemporarilyNotAvailable","message":"No route to host"}
2026-01-22 18:52:31.845 [error] resolveAuthority(ssh-remote) returned an error after 3440 ms No route to host
2026-01-22 18:52:31.846 [info] [remote-connection][Management   ][d7c33…][reconnect] A temporarily not available error occurred while trying to reconnect, will try again...
2026-01-22 18:52:31.846 [info] [remote-connection][Management   ][d7c33…][reconnect] waiting for 10 seconds before reconnecting...
2026-01-22 18:52:31.846 [info] [remote-connection][ExtensionHost][b16be…][reconnect] A temporarily not available error occurred while trying to reconnect, will try again...
2026-01-22 18:52:31.846 [info] [remote-connection][ExtensionHost][b16be…][reconnect] waiting for 10 seconds before reconnecting...
2026-01-22 18:52:41.846 [info] [remote-connection][Management   ][d7c33…][reconnect] resolving connection...
2026-01-22 18:52:41.846 [info] Invoking resolveAuthority(ssh-remote)...
2026-01-22 18:52:41.846 [info] [LocalProcess0][resolveAuthority(ssh-remote,7)][0ms] obtaining proxy...
2026-01-22 18:52:41.846 [info] [LocalProcess0][resolveAuthority(ssh-remote,7)][0ms] invoking...
2026-01-22 18:52:41.851 [info] [remote-connection][ExtensionHost][b16be…][reconnect] resolving connection...
2026-01-22 18:52:42.847 [info] [LocalProcess0][resolveAuthority(ssh-remote,7)][1000ms] waiting...
2026-01-22 18:52:43.847 [info] [LocalProcess0][resolveAuthority(ssh-remote,7)][2000ms] waiting...
2026-01-22 18:52:44.847 [info] [LocalProcess0][resolveAuthority(ssh-remote,7)][3000ms] waiting...
2026-01-22 18:52:45.286 [error] [LocalProcess0][resolveAuthority(ssh-remote,7)][3440ms] returned an error {"code":"TemporarilyNotAvailable","message":"No route to host"}
2026-01-22 18:52:45.287 [error] resolveAuthority(ssh-remote) returned an error after 3440 ms No route to host
2026-01-22 18:52:45.287 [info] [remote-connection][Management   ][d7c33…][reconnect] A temporarily not available error occurred while trying to reconnect, will try again...
2026-01-22 18:52:45.287 [info] [remote-connection][Management   ][d7c33…][reconnect] waiting for 10 seconds before reconnecting...
2026-01-22 18:52:45.287 [info] [remote-connection][ExtensionHost][b16be…][reconnect] A temporarily not available error occurred while trying to reconnect, will try again...
2026-01-22 18:52:45.287 [info] [remote-connection][ExtensionHost][b16be…][reconnect] waiting for 10 seconds before reconnecting...
2026-01-22 18:52:47.363 [info] [remote-connection][Management   ][d7c33…][reconnect] received socket timeout event (unacknowledgedMsgCount: 34, timeSinceOldestUnacknowledgedMsg: 80000, timeSinceLastReceivedSomeData: 126335).
2026-01-22 18:52:47.376 [info] [remote-connection][ExtensionHost][b16be…][reconnect] received socket timeout event (unacknowledgedMsgCount: 84, timeSinceOldestUnacknowledgedMsg: 60001, timeSinceLastReceivedSomeData: 125630).
2026-01-22 18:52:55.287 [info] [remote-connection][Management   ][d7c33…][reconnect] resolving connection...
2026-01-22 18:52:55.287 [info] Invoking resolveAuthority(ssh-remote)...
2026-01-22 18:52:55.287 [info] [LocalProcess0][resolveAuthority(ssh-remote,8)][0ms] obtaining proxy...
2026-01-22 18:52:55.287 [info] [LocalProcess0][resolveAuthority(ssh-remote,8)][0ms] invoking...
2026-01-22 18:52:55.292 [info] [remote-connection][ExtensionHost][b16be…][reconnect] resolving connection...
2026-01-22 18:52:56.287 [info] [LocalProcess0][resolveAuthority(ssh-remote,8)][1000ms] waiting...
2026-01-22 18:52:57.288 [info] [LocalProcess0][resolveAuthority(ssh-remote,8)][2000ms] waiting...
2026-01-22 18:52:58.288 [info] [LocalProcess0][resolveAuthority(ssh-remote,8)][3000ms] waiting...
2026-01-22 18:52:58.725 [error] [LocalProcess0][resolveAuthority(ssh-remote,8)][3438ms] returned an error {"code":"TemporarilyNotAvailable","message":"No route to host"}
2026-01-22 18:52:58.726 [error] resolveAuthority(ssh-remote) returned an error after 3438 ms No route to host
2026-01-22 18:52:58.726 [info] [remote-connection][Management   ][d7c33…][reconnect] A temporarily not available error occurred while trying to reconnect, will try again...
2026-01-22 18:52:58.726 [info] [remote-connection][Management   ][d7c33…][reconnect] waiting for 10 seconds before reconnecting...
2026-01-22 18:52:58.726 [info] [remote-connection][ExtensionHost][b16be…][reconnect] A temporarily not available error occurred while trying to reconnect, will try again...
2026-01-22 18:52:58.726 [info] [remote-connection][ExtensionHost][b16be…][reconnect] waiting for 10 seconds before reconnecting...
2026-01-22 18:53:07.363 [info] [remote-connection][Management   ][d7c33…][reconnect] received socket timeout event (unacknowledgedMsgCount: 39, timeSinceOldestUnacknowledgedMsg: 100000, timeSinceLastReceivedSomeData: 146335).
2026-01-22 18:53:07.376 [info] [remote-connection][ExtensionHost][b16be…][reconnect] received socket timeout event (unacknowledgedMsgCount: 96, timeSinceOldestUnacknowledgedMsg: 80001, timeSinceLastReceivedSomeData: 145630).
2026-01-22 18:53:08.726 [info] [remote-connection][Management   ][d7c33…][reconnect] resolving connection...
2026-01-22 18:53:08.726 [info] Invoking resolveAuthority(ssh-remote)...
2026-01-22 18:53:08.727 [info] [LocalProcess0][resolveAuthority(ssh-remote,9)][0ms] obtaining proxy...
2026-01-22 18:53:08.727 [info] [LocalProcess0][resolveAuthority(ssh-remote,9)][0ms] invoking...
2026-01-22 18:53:08.731 [info] [remote-connection][ExtensionHost][b16be…][reconnect] resolving connection...
2026-01-22 18:53:09.727 [info] [LocalProcess0][resolveAuthority(ssh-remote,9)][1001ms] waiting...
2026-01-22 18:53:10.727 [info] [LocalProcess0][resolveAuthority(ssh-remote,9)][2001ms] waiting...
2026-01-22 18:53:11.727 [info] [LocalProcess0][resolveAuthority(ssh-remote,9)][3001ms] waiting...
2026-01-22 18:53:12.166 [error] [LocalProcess0][resolveAuthority(ssh-remote,9)][3439ms] returned an error {"code":"TemporarilyNotAvailable","message":"No route to host"}
2026-01-22 18:53:12.166 [error] resolveAuthority(ssh-remote) returned an error after 3440 ms No route to host
2026-01-22 18:53:12.166 [info] [remote-connection][Management   ][d7c33…][reconnect] A temporarily not available error occurred while trying to reconnect, will try again...
2026-01-22 18:53:12.166 [info] [remote-connection][Management   ][d7c33…][reconnect] waiting for 30 seconds before reconnecting...
2026-01-22 18:53:12.166 [info] [remote-connection][ExtensionHost][b16be…][reconnect] A temporarily not available error occurred while trying to reconnect, will try again...
2026-01-22 18:53:12.167 [info] [remote-connection][ExtensionHost][b16be…][reconnect] waiting for 10 seconds before reconnecting...
2026-01-22 18:53:22.170 [info] [remote-connection][ExtensionHost][b16be…][reconnect] resolving connection...
2026-01-22 18:53:22.171 [info] [remote-connection][ExtensionHost][b16be…][reconnect] A temporarily not available error occurred while trying to reconnect, will try again...
2026-01-22 18:53:22.171 [info] [remote-connection][ExtensionHost][b16be…][reconnect] waiting for 30 seconds before reconnecting...
2026-01-22 18:53:27.364 [info] [remote-connection][Management   ][d7c33…][reconnect] received socket timeout event (unacknowledgedMsgCount: 44, timeSinceOldestUnacknowledgedMsg: 120000, timeSinceLastReceivedSomeData: 166335).
2026-01-22 18:53:27.376 [info] [remote-connection][ExtensionHost][b16be…][reconnect] received socket timeout event (unacknowledgedMsgCount: 108, timeSinceOldestUnacknowledgedMsg: 100001, timeSinceLastReceivedSomeData: 165630).
2026-01-22 18:53:42.166 [info] [remote-connection][Management   ][d7c33…][reconnect] resolving connection...
2026-01-22 18:53:42.167 [info] Invoking resolveAuthority(ssh-remote)...
2026-01-22 18:53:42.167 [info] [LocalProcess0][resolveAuthority(ssh-remote,10)][0ms] obtaining proxy...
2026-01-22 18:53:42.167 [info] [LocalProcess0][resolveAuthority(ssh-remote,10)][1ms] invoking...
2026-01-22 18:53:43.167 [info] [LocalProcess0][resolveAuthority(ssh-remote,10)][1001ms] waiting...
2026-01-22 18:53:44.167 [info] [LocalProcess0][resolveAuthority(ssh-remote,10)][2001ms] waiting...
2026-01-22 18:53:45.167 [info] [LocalProcess0][resolveAuthority(ssh-remote,10)][3001ms] waiting...
2026-01-22 18:53:45.639 [error] [LocalProcess0][resolveAuthority(ssh-remote,10)][3473ms] returned an error {"code":"TemporarilyNotAvailable","message":"No route to host"}
2026-01-22 18:53:45.639 [error] resolveAuthority(ssh-remote) returned an error after 3473 ms No route to host
2026-01-22 18:53:45.639 [info] [remote-connection][Management   ][d7c33…][reconnect] A temporarily not available error occurred while trying to reconnect, will try again...
2026-01-22 18:53:45.639 [info] [remote-connection][Management   ][d7c33…][reconnect] waiting for 30 seconds before reconnecting...
2026-01-22 18:53:45.651 [warning] [mainThreadStorage] large extension state detected (extensionId: ms-vscode-remote.remote-ssh, global: true): 537.1923828125kb. Consider to use 'storageUri' or 'globalStorageUri' to store this data on disk instead.
2026-01-22 18:53:47.363 [info] [remote-connection][Management   ][d7c33…][reconnect] received socket timeout event (unacknowledgedMsgCount: 49, timeSinceOldestUnacknowledgedMsg: 140000, timeSinceLastReceivedSomeData: 186335).
2026-01-22 18:53:47.377 [info] [remote-connection][ExtensionHost][b16be…][reconnect] received socket timeout event (unacknowledgedMsgCount: 120, timeSinceOldestUnacknowledgedMsg: 120001, timeSinceLastReceivedSomeData: 185630).
2026-01-22 18:53:52.171 [info] [remote-connection][ExtensionHost][b16be…][reconnect] resolving connection...
2026-01-22 18:53:52.171 [info] [remote-connection][ExtensionHost][b16be…][reconnect] A temporarily not available error occurred while trying to reconnect, will try again...
2026-01-22 18:53:52.171 [info] [remote-connection][ExtensionHost][b16be…][reconnect] waiting for 30 seconds before reconnecting...
2026-01-22 18:54:15.639 [info] [remote-connection][Management   ][d7c33…][reconnect] resolving connection...
2026-01-22 18:54:15.640 [info] Invoking resolveAuthority(ssh-remote)...
2026-01-22 18:54:15.640 [info] [LocalProcess0][resolveAuthority(ssh-remote,11)][0ms] obtaining proxy...
2026-01-22 18:54:15.640 [info] [LocalProcess0][resolveAuthority(ssh-remote,11)][1ms] invoking...
2026-01-22 18:54:15.642 [info] [remote-connection][ExtensionHost][b16be…][reconnect] received socket timeout event (unacknowledgedMsgCount: 121, timeSinceOldestUnacknowledgedMsg: 148266, timeSinceLastReceivedSomeData: 213895).
2026-01-22 18:54:15.652 [info] [remote-connection][Management   ][d7c33…][reconnect] received socket timeout event (unacknowledgedMsgCount: 50, timeSinceOldestUnacknowledgedMsg: 168289, timeSinceLastReceivedSomeData: 214624).
2026-01-22 18:54:16.640 [info] [LocalProcess0][resolveAuthority(ssh-remote,11)][1001ms] waiting...
2026-01-22 18:54:17.640 [info] [LocalProcess0][resolveAuthority(ssh-remote,11)][2001ms] waiting...
2026-01-22 18:54:18.640 [info] [LocalProcess0][resolveAuthority(ssh-remote,11)][3001ms] waiting...
2026-01-22 18:54:19.112 [error] [LocalProcess0][resolveAuthority(ssh-remote,11)][3472ms] returned an error {"code":"TemporarilyNotAvailable","message":"No route to host"}
2026-01-22 18:54:19.112 [error] resolveAuthority(ssh-remote) returned an error after 3473 ms No route to host
2026-01-22 18:54:19.112 [info] [remote-connection][Management   ][d7c33…][reconnect] A temporarily not available error occurred while trying to reconnect, will try again...
2026-01-22 18:54:19.112 [info] [remote-connection][Management   ][d7c33…][reconnect] waiting for 30 seconds before reconnecting...
2026-01-22 18:54:19.124 [warning] [mainThreadStorage] large extension state detected (extensionId: ms-vscode-remote.remote-ssh, global: true): 590.943359375kb. Consider to use 'storageUri' or 'globalStorageUri' to store this data on disk instead.
2026-01-22 18:54:22.171 [info] [remote-connection][ExtensionHost][b16be…][reconnect] resolving connection...
2026-01-22 18:54:22.171 [info] [remote-connection][ExtensionHost][b16be…][reconnect] A temporarily not available error occurred while trying to reconnect, will try again...
2026-01-22 18:54:22.171 [info] [remote-connection][ExtensionHost][b16be…][reconnect] waiting for 30 seconds before reconnecting...
2026-01-22 18:54:35.642 [info] [remote-connection][ExtensionHost][b16be…][reconnect] received socket timeout event (unacknowledgedMsgCount: 132, timeSinceOldestUnacknowledgedMsg: 168267, timeSinceLastReceivedSomeData: 233896).
2026-01-22 18:54:35.652 [info] [remote-connection][Management   ][d7c33…][reconnect] received socket timeout event (unacknowledgedMsgCount: 54, timeSinceOldestUnacknowledgedMsg: 188289, timeSinceLastReceivedSomeData: 234624).
2026-01-22 18:54:49.113 [info] [remote-connection][Management   ][d7c33…][reconnect] resolving connection...
2026-01-22 18:54:49.113 [info] Invoking resolveAuthority(ssh-remote)...
2026-01-22 18:54:49.113 [info] [LocalProcess0][resolveAuthority(ssh-remote,12)][0ms] obtaining proxy...
2026-01-22 18:54:49.113 [info] [LocalProcess0][resolveAuthority(ssh-remote,12)][1ms] invoking...
2026-01-22 18:54:50.113 [info] [LocalProcess0][resolveAuthority(ssh-remote,12)][1001ms] waiting...
2026-01-22 18:54:51.113 [info] [LocalProcess0][resolveAuthority(ssh-remote,12)][2001ms] waiting...
2026-01-22 18:54:52.113 [info] [LocalProcess0][resolveAuthority(ssh-remote,12)][3001ms] waiting...
2026-01-22 18:54:52.171 [info] [remote-connection][ExtensionHost][b16be…][reconnect] resolving connection...
2026-01-22 18:54:52.587 [error] [LocalProcess0][resolveAuthority(ssh-remote,12)][3475ms] returned an error {"code":"TemporarilyNotAvailable","message":"No route to host"}
2026-01-22 18:54:52.587 [error] resolveAuthority(ssh-remote) returned an error after 3475 ms No route to host
2026-01-22 18:54:52.588 [info] [remote-connection][Management   ][d7c33…][reconnect] A temporarily not available error occurred while trying to reconnect, will try again...
2026-01-22 18:54:52.588 [info] [remote-connection][Management   ][d7c33…][reconnect] waiting for 30 seconds before reconnecting...
2026-01-22 18:54:52.588 [info] [remote-connection][ExtensionHost][b16be…][reconnect] A temporarily not available error occurred while trying to reconnect, will try again...
2026-01-22 18:54:52.588 [info] [remote-connection][ExtensionHost][b16be…][reconnect] waiting for 30 seconds before reconnecting...
2026-01-22 18:54:52.595 [warning] [mainThreadStorage] large extension state detected (extensionId: ms-vscode-remote.remote-ssh, global: true): 644.6943359375kb. Consider to use 'storageUri' or 'globalStorageUri' to store this data on disk instead.
2026-01-22 18:54:55.643 [info] [remote-connection][ExtensionHost][b16be…][reconnect] received socket timeout event (unacknowledgedMsgCount: 144, timeSinceOldestUnacknowledgedMsg: 188267, timeSinceLastReceivedSomeData: 253896).
2026-01-22 18:54:55.652 [info] [remote-connection][Management   ][d7c33…][reconnect] received socket timeout event (unacknowledgedMsgCount: 59, timeSinceOldestUnacknowledgedMsg: 208289, timeSinceLastReceivedSomeData: 254624).
2026-01-22 18:55:22.588 [info] [remote-connection][Management   ][d7c33…][reconnect] resolving connection...
2026-01-22 18:55:22.588 [info] Invoking resolveAuthority(ssh-remote)...
2026-01-22 18:55:22.588 [info] [LocalProcess0][resolveAuthority(ssh-remote,13)][0ms] obtaining proxy...
2026-01-22 18:55:22.588 [info] [LocalProcess0][resolveAuthority(ssh-remote,13)][0ms] invoking...
2026-01-22 18:55:22.590 [info] [remote-connection][ExtensionHost][b16be…][reconnect] received socket timeout event (unacknowledgedMsgCount: 145, timeSinceOldestUnacknowledgedMsg: 215215, timeSinceLastReceivedSomeData: 280844).
2026-01-22 18:55:22.593 [info] [remote-connection][ExtensionHost][b16be…][reconnect] resolving connection...
2026-01-22 18:55:22.599 [info] [remote-connection][Management   ][d7c33…][reconnect] received socket timeout event (unacknowledgedMsgCount: 60, timeSinceOldestUnacknowledgedMsg: 235236, timeSinceLastReceivedSomeData: 281571).
2026-01-22 18:55:23.588 [info] [LocalProcess0][resolveAuthority(ssh-remote,13)][1000ms] waiting...
2026-01-22 18:55:24.588 [info] [LocalProcess0][resolveAuthority(ssh-remote,13)][2000ms] waiting...
2026-01-22 18:55:25.588 [info] [LocalProcess0][resolveAuthority(ssh-remote,13)][3000ms] waiting...
2026-01-22 18:55:26.056 [error] [LocalProcess0][resolveAuthority(ssh-remote,13)][3468ms] returned an error {"code":"TemporarilyNotAvailable","message":"No route to host"}
2026-01-22 18:55:26.057 [error] resolveAuthority(ssh-remote) returned an error after 3468 ms No route to host
2026-01-22 18:55:26.057 [info] [remote-connection][Management   ][d7c33…][reconnect] A temporarily not available error occurred while trying to reconnect, will try again...
2026-01-22 18:55:26.057 [info] [remote-connection][Management   ][d7c33…][reconnect] waiting for 30 seconds before reconnecting...
2026-01-22 18:55:26.057 [info] [remote-connection][ExtensionHost][b16be…][reconnect] A temporarily not available error occurred while trying to reconnect, will try again...
2026-01-22 18:55:26.057 [info] [remote-connection][ExtensionHost][b16be…][reconnect] waiting for 30 seconds before reconnecting...
2026-01-22 18:55:26.064 [warning] [mainThreadStorage] large extension state detected (extensionId: ms-vscode-remote.remote-ssh, global: true): 698.4453125kb. Consider to use 'storageUri' or 'globalStorageUri' to store this data on disk instead.
2026-01-22 18:55:42.590 [info] [remote-connection][ExtensionHost][b16be…][reconnect] received socket timeout event (unacknowledgedMsgCount: 156, timeSinceOldestUnacknowledgedMsg: 235215, timeSinceLastReceivedSomeData: 300844).
2026-01-22 18:55:42.599 [info] [remote-connection][Management   ][d7c33…][reconnect] received socket timeout event (unacknowledgedMsgCount: 64, timeSinceOldestUnacknowledgedMsg: 255236, timeSinceLastReceivedSomeData: 301571).
2026-01-22 18:55:56.057 [info] [remote-connection][Management   ][d7c33…][reconnect] resolving connection...
2026-01-22 18:55:56.057 [info] Invoking resolveAuthority(ssh-remote)...
2026-01-22 18:55:56.057 [info] [LocalProcess0][resolveAuthority(ssh-remote,14)][0ms] obtaining proxy...
2026-01-22 18:55:56.057 [info] [LocalProcess0][resolveAuthority(ssh-remote,14)][0ms] invoking...
2026-01-22 18:55:56.063 [info] [remote-connection][ExtensionHost][b16be…][reconnect] resolving connection...
2026-01-22 18:55:57.057 [info] [LocalProcess0][resolveAuthority(ssh-remote,14)][1000ms] waiting...
2026-01-22 18:55:58.057 [info] [LocalProcess0][resolveAuthority(ssh-remote,14)][2000ms] waiting...
2026-01-22 18:55:59.057 [info] [LocalProcess0][resolveAuthority(ssh-remote,14)][3000ms] waiting...
2026-01-22 18:55:59.529 [error] [LocalProcess0][resolveAuthority(ssh-remote,14)][3472ms] returned an error {"code":"TemporarilyNotAvailable","message":"No route to host"}
2026-01-22 18:55:59.529 [error] resolveAuthority(ssh-remote) returned an error after 3472 ms No route to host
2026-01-22 18:55:59.530 [info] [remote-connection][Management   ][d7c33…][reconnect] A temporarily not available error occurred while trying to reconnect, will try again...
2026-01-22 18:55:59.530 [info] [remote-connection][Management   ][d7c33…][reconnect] waiting for 30 seconds before reconnecting...
2026-01-22 18:55:59.530 [info] [remote-connection][ExtensionHost][b16be…][reconnect] A temporarily not available error occurred while trying to reconnect, will try again...
2026-01-22 18:55:59.530 [info] [remote-connection][ExtensionHost][b16be…][reconnect] waiting for 30 seconds before reconnecting...
2026-01-22 18:55:59.538 [warning] [mainThreadStorage] large extension state detected (extensionId: ms-vscode-remote.remote-ssh, global: true): 752.1962890625kb. Consider to use 'storageUri' or 'globalStorageUri' to store this data on disk instead.
2026-01-22 18:56:02.590 [info] [remote-connection][ExtensionHost][b16be…][reconnect] received socket timeout event (unacknowledgedMsgCount: 168, timeSinceOldestUnacknowledgedMsg: 255215, timeSinceLastReceivedSomeData: 320844).
2026-01-22 18:56:02.600 [info] [remote-connection][Management   ][d7c33…][reconnect] received socket timeout event (unacknowledgedMsgCount: 69, timeSinceOldestUnacknowledgedMsg: 275237, timeSinceLastReceivedSomeData: 321572).
2026-01-22 18:56:29.530 [info] [remote-connection][Management   ][d7c33…][reconnect] resolving connection...
2026-01-22 18:56:29.530 [info] Invoking resolveAuthority(ssh-remote)...
2026-01-22 18:56:29.530 [info] [LocalProcess0][resolveAuthority(ssh-remote,15)][0ms] obtaining proxy...
2026-01-22 18:56:29.531 [info] [LocalProcess0][resolveAuthority(ssh-remote,15)][0ms] invoking...
2026-01-22 18:56:29.532 [info] [remote-connection][ExtensionHost][b16be…][reconnect] received socket timeout event (unacknowledgedMsgCount: 169, timeSinceOldestUnacknowledgedMsg: 282157, timeSinceLastReceivedSomeData: 347786).
2026-01-22 18:56:29.535 [info] [remote-connection][ExtensionHost][b16be…][reconnect] resolving connection...
2026-01-22 18:56:29.549 [info] [remote-connection][Management   ][d7c33…][reconnect] received socket timeout event (unacknowledgedMsgCount: 70, timeSinceOldestUnacknowledgedMsg: 302186, timeSinceLastReceivedSomeData: 348521).
2026-01-22 18:56:30.531 [info] [LocalProcess0][resolveAuthority(ssh-remote,15)][1000ms] waiting...
2026-01-22 18:56:31.531 [info] [LocalProcess0][resolveAuthority(ssh-remote,15)][2000ms] waiting...
2026-01-22 18:56:32.531 [info] [LocalProcess0][resolveAuthority(ssh-remote,15)][3000ms] waiting...
2026-01-22 18:56:33.003 [error] [LocalProcess0][resolveAuthority(ssh-remote,15)][3473ms] returned an error {"code":"TemporarilyNotAvailable","message":"No route to host"}
2026-01-22 18:56:33.003 [error] resolveAuthority(ssh-remote) returned an error after 3473 ms No route to host
2026-01-22 18:56:33.004 [info] [remote-connection][Management   ][d7c33…][reconnect] A temporarily not available error occurred while trying to reconnect, will try again...
2026-01-22 18:56:33.004 [info] [remote-connection][Management   ][d7c33…][reconnect] waiting for 30 seconds before reconnecting...
2026-01-22 18:56:33.004 [info] [remote-connection][ExtensionHost][b16be…][reconnect] A temporarily not available error occurred while trying to reconnect, will try again...
2026-01-22 18:56:33.004 [info] [remote-connection][ExtensionHost][b16be…][reconnect] waiting for 30 seconds before reconnecting...
2026-01-22 18:56:33.018 [warning] [mainThreadStorage] large extension state detected (extensionId: ms-vscode-remote.remote-ssh, global: true): 805.947265625kb. Consider to use 'storageUri' or 'globalStorageUri' to store this data on disk instead.
2026-01-22 18:56:49.532 [info] [remote-connection][ExtensionHost][b16be…][reconnect] received socket timeout event (unacknowledgedMsgCount: 180, timeSinceOldestUnacknowledgedMsg: 302157, timeSinceLastReceivedSomeData: 367786).
2026-01-22 18:56:49.549 [info] [remote-connection][Management   ][d7c33…][reconnect] received socket timeout event (unacknowledgedMsgCount: 74, timeSinceOldestUnacknowledgedMsg: 322186, timeSinceLastReceivedSomeData: 368521).
2026-01-22 18:57:03.004 [info] [remote-connection][Management   ][d7c33…][reconnect] resolving connection...
2026-01-22 18:57:03.004 [info] Invoking resolveAuthority(ssh-remote)...
2026-01-22 18:57:03.004 [info] [LocalProcess0][resolveAuthority(ssh-remote,16)][0ms] obtaining proxy...
2026-01-22 18:57:03.004 [info] [LocalProcess0][resolveAuthority(ssh-remote,16)][0ms] invoking...
2026-01-22 18:57:03.012 [info] [remote-connection][ExtensionHost][b16be…][reconnect] resolving connection...
2026-01-22 18:57:04.005 [info] [LocalProcess0][resolveAuthority(ssh-remote,16)][1000ms] waiting...
2026-01-22 18:57:05.005 [info] [LocalProcess0][resolveAuthority(ssh-remote,16)][2000ms] waiting...
2026-01-22 18:57:06.005 [info] [LocalProcess0][resolveAuthority(ssh-remote,16)][3000ms] waiting...
2026-01-22 18:57:06.479 [error] [LocalProcess0][resolveAuthority(ssh-remote,16)][3474ms] returned an error {"code":"TemporarilyNotAvailable","message":"No route to host"}
2026-01-22 18:57:06.479 [error] resolveAuthority(ssh-remote) returned an error after 3475 ms No route to host
2026-01-22 18:57:06.479 [info] [remote-connection][Management   ][d7c33…][reconnect] A temporarily not available error occurred while trying to reconnect, will try again...
2026-01-22 18:57:06.480 [info] [remote-connection][Management   ][d7c33…][reconnect] waiting for 30 seconds before reconnecting...
2026-01-22 18:57:06.480 [info] [remote-connection][ExtensionHost][b16be…][reconnect] A temporarily not available error occurred while trying to reconnect, will try again...
2026-01-22 18:57:06.480 [info] [remote-connection][ExtensionHost][b16be…][reconnect] waiting for 30 seconds before reconnecting...
2026-01-22 18:57:06.487 [warning] [mainThreadStorage] large extension state detected (extensionId: ms-vscode-remote.remote-ssh, global: true): 859.6982421875kb. Consider to use 'storageUri' or 'globalStorageUri' to store this data on disk instead.
2026-01-22 18:57:09.532 [info] [remote-connection][ExtensionHost][b16be…][reconnect] received socket timeout event (unacknowledgedMsgCount: 192, timeSinceOldestUnacknowledgedMsg: 322157, timeSinceLastReceivedSomeData: 387786).
2026-01-22 18:57:09.550 [info] [remote-connection][Management   ][d7c33…][reconnect] received socket timeout event (unacknowledgedMsgCount: 79, timeSinceOldestUnacknowledgedMsg: 342186, timeSinceLastReceivedSomeData: 388521).
2026-01-22 18:57:36.479 [info] [remote-connection][Management   ][d7c33…][reconnect] resolving connection...
2026-01-22 18:57:36.480 [info] Invoking resolveAuthority(ssh-remote)...
2026-01-22 18:57:36.480 [info] [LocalProcess0][resolveAuthority(ssh-remote,17)][0ms] obtaining proxy...
2026-01-22 18:57:36.480 [info] [LocalProcess0][resolveAuthority(ssh-remote,17)][0ms] invoking...
2026-01-22 18:57:36.481 [info] [remote-connection][ExtensionHost][b16be…][reconnect] received socket timeout event (unacknowledgedMsgCount: 193, timeSinceOldestUnacknowledgedMsg: 349106, timeSinceLastReceivedSomeData: 414735).
2026-01-22 18:57:36.484 [info] [remote-connection][ExtensionHost][b16be…][reconnect] resolving connection...
2026-01-22 18:57:36.489 [info] [remote-connection][Management   ][d7c33…][reconnect] received socket timeout event (unacknowledgedMsgCount: 80, timeSinceOldestUnacknowledgedMsg: 369126, timeSinceLastReceivedSomeData: 415461).
2026-01-22 18:57:37.480 [info] [LocalProcess0][resolveAuthority(ssh-remote,17)][1001ms] waiting...
2026-01-22 18:57:38.480 [info] [LocalProcess0][resolveAuthority(ssh-remote,17)][2001ms] waiting...
2026-01-22 18:57:39.480 [info] [LocalProcess0][resolveAuthority(ssh-remote,17)][3001ms] waiting...
2026-01-22 18:57:39.948 [error] [LocalProcess0][resolveAuthority(ssh-remote,17)][3468ms] returned an error {"code":"TemporarilyNotAvailable","message":"No route to host"}
2026-01-22 18:57:39.948 [error] resolveAuthority(ssh-remote) returned an error after 3468 ms No route to host
2026-01-22 18:57:39.948 [info] [remote-connection][Management   ][d7c33…][reconnect] A temporarily not available error occurred while trying to reconnect, will try again...
2026-01-22 18:57:39.949 [info] [remote-connection][Management   ][d7c33…][reconnect] waiting for 30 seconds before reconnecting...
2026-01-22 18:57:39.949 [info] [remote-connection][ExtensionHost][b16be…][reconnect] A temporarily not available error occurred while trying to reconnect, will try again...
2026-01-22 18:57:39.949 [info] [remote-connection][ExtensionHost][b16be…][reconnect] waiting for 30 seconds before reconnecting...
2026-01-22 18:57:39.956 [warning] [mainThreadStorage] large extension state detected (extensionId: ms-vscode-remote.remote-ssh, global: true): 913.44921875kb. Consider to use 'storageUri' or 'globalStorageUri' to store this data on disk instead.
2026-01-22 18:57:56.482 [info] [remote-connection][ExtensionHost][b16be…][reconnect] received socket timeout event (unacknowledgedMsgCount: 204, timeSinceOldestUnacknowledgedMsg: 369106, timeSinceLastReceivedSomeData: 434735).
2026-01-22 18:57:56.490 [info] [remote-connection][Management   ][d7c33…][reconnect] received socket timeout event (unacknowledgedMsgCount: 84, timeSinceOldestUnacknowledgedMsg: 389127, timeSinceLastReceivedSomeData: 435462).
2026-01-22 18:58:09.948 [info] [remote-connection][Management   ][d7c33…][reconnect] resolving connection...
2026-01-22 18:58:09.948 [info] Invoking resolveAuthority(ssh-remote)...
2026-01-22 18:58:09.949 [info] [LocalProcess0][resolveAuthority(ssh-remote,18)][0ms] obtaining proxy...
2026-01-22 18:58:09.949 [info] [LocalProcess0][resolveAuthority(ssh-remote,18)][0ms] invoking...
2026-01-22 18:58:09.953 [info] [remote-connection][ExtensionHost][b16be…][reconnect] resolving connection...
2026-01-22 18:58:10.949 [info] [LocalProcess0][resolveAuthority(ssh-remote,18)][1001ms] waiting...
2026-01-22 18:58:11.949 [info] [LocalProcess0][resolveAuthority(ssh-remote,18)][2001ms] waiting...
2026-01-22 18:58:12.949 [info] [LocalProcess0][resolveAuthority(ssh-remote,18)][3001ms] waiting...
2026-01-22 18:58:13.419 [error] [LocalProcess0][resolveAuthority(ssh-remote,18)][3471ms] returned an error {"code":"TemporarilyNotAvailable","message":"No route to host"}
2026-01-22 18:58:13.419 [error] resolveAuthority(ssh-remote) returned an error after 3471 ms No route to host
2026-01-22 18:58:13.419 [info] [remote-connection][Management   ][d7c33…][reconnect] A temporarily not available error occurred while trying to reconnect, will try again...
2026-01-22 18:58:13.419 [info] [remote-connection][Management   ][d7c33…][reconnect] waiting for 30 seconds before reconnecting...
2026-01-22 18:58:13.419 [info] [remote-connection][ExtensionHost][b16be…][reconnect] A temporarily not available error occurred while trying to reconnect, will try again...
2026-01-22 18:58:13.420 [info] [remote-connection][ExtensionHost][b16be…][reconnect] waiting for 30 seconds before reconnecting...
2026-01-22 18:58:13.429 [warning] [mainThreadStorage] large extension state detected (extensionId: ms-vscode-remote.remote-ssh, global: true): 967.2001953125kb. Consider to use 'storageUri' or 'globalStorageUri' to store this data on disk instead.
2026-01-22 18:58:16.481 [info] [remote-connection][ExtensionHost][b16be…][reconnect] received socket timeout event (unacknowledgedMsgCount: 216, timeSinceOldestUnacknowledgedMsg: 389106, timeSinceLastReceivedSomeData: 454735).
2026-01-22 18:58:16.490 [info] [remote-connection][Management   ][d7c33…][reconnect] received socket timeout event (unacknowledgedMsgCount: 89, timeSinceOldestUnacknowledgedMsg: 409127, timeSinceLastReceivedSomeData: 455462).
2026-01-22 18:58:43.420 [info] [remote-connection][Management   ][d7c33…][reconnect] resolving connection...
2026-01-22 18:58:43.420 [info] Invoking resolveAuthority(ssh-remote)...
2026-01-22 18:58:43.420 [info] [LocalProcess0][resolveAuthority(ssh-remote,19)][0ms] obtaining proxy...
2026-01-22 18:58:43.420 [info] [LocalProcess0][resolveAuthority(ssh-remote,19)][0ms] invoking...
2026-01-22 18:58:43.422 [info] [remote-connection][ExtensionHost][b16be…][reconnect] received socket timeout event (unacknowledgedMsgCount: 217, timeSinceOldestUnacknowledgedMsg: 416047, timeSinceLastReceivedSomeData: 481676).
2026-01-22 18:58:43.425 [info] [remote-connection][ExtensionHost][b16be…][reconnect] resolving connection...
2026-01-22 18:58:43.430 [info] [remote-connection][Management   ][d7c33…][reconnect] received socket timeout event (unacknowledgedMsgCount: 90, timeSinceOldestUnacknowledgedMsg: 436067, timeSinceLastReceivedSomeData: 482402).
2026-01-22 18:58:44.420 [info] [LocalProcess0][resolveAuthority(ssh-remote,19)][1000ms] waiting...
2026-01-22 18:58:45.420 [info] [LocalProcess0][resolveAuthority(ssh-remote,19)][2000ms] waiting...
2026-01-22 18:58:46.420 [info] [LocalProcess0][resolveAuthority(ssh-remote,19)][3000ms] waiting...
2026-01-22 18:58:46.891 [error] [LocalProcess0][resolveAuthority(ssh-remote,19)][3471ms] returned an error {"code":"TemporarilyNotAvailable","message":"No route to host"}
2026-01-22 18:58:46.891 [error] resolveAuthority(ssh-remote) returned an error after 3471 ms No route to host
2026-01-22 18:58:46.892 [info] [remote-connection][Management   ][d7c33…][reconnect] A temporarily not available error occurred while trying to reconnect, will try again...
2026-01-22 18:58:46.892 [info] [remote-connection][Management   ][d7c33…][reconnect] waiting for 30 seconds before reconnecting...
2026-01-22 18:58:46.892 [info] [remote-connection][ExtensionHost][b16be…][reconnect] A temporarily not available error occurred while trying to reconnect, will try again...
2026-01-22 18:58:46.892 [info] [remote-connection][ExtensionHost][b16be…][reconnect] waiting for 30 seconds before reconnecting...
2026-01-22 18:58:46.902 [warning] [mainThreadStorage] large extension state detected (extensionId: ms-vscode-remote.remote-ssh, global: true): 1020.951171875kb. Consider to use 'storageUri' or 'globalStorageUri' to store this data on disk instead.
2026-01-22 18:59:03.422 [info] [remote-connection][ExtensionHost][b16be…][reconnect] received socket timeout event (unacknowledgedMsgCount: 228, timeSinceOldestUnacknowledgedMsg: 436047, timeSinceLastReceivedSomeData: 501676).
2026-01-22 18:59:03.430 [info] [remote-connection][Management   ][d7c33…][reconnect] received socket timeout event (unacknowledgedMsgCount: 94, timeSinceOldestUnacknowledgedMsg: 456067, timeSinceLastReceivedSomeData: 502402).
2026-01-22 18:59:16.892 [info] [remote-connection][Management   ][d7c33…][reconnect] resolving connection...
2026-01-22 18:59:16.892 [info] Invoking resolveAuthority(ssh-remote)...
2026-01-22 18:59:16.892 [info] [LocalProcess0][resolveAuthority(ssh-remote,20)][0ms] obtaining proxy...
2026-01-22 18:59:16.893 [info] [LocalProcess0][resolveAuthority(ssh-remote,20)][0ms] invoking...
2026-01-22 18:59:16.897 [info] [remote-connection][ExtensionHost][b16be…][reconnect] resolving connection...
2026-01-22 18:59:17.893 [info] [LocalProcess0][resolveAuthority(ssh-remote,20)][1000ms] waiting...
2026-01-22 18:59:18.893 [info] [LocalProcess0][resolveAuthority(ssh-remote,20)][2000ms] waiting...
2026-01-22 18:59:19.893 [info] [LocalProcess0][resolveAuthority(ssh-remote,20)][3000ms] waiting...
2026-01-22 18:59:20.372 [error] [LocalProcess0][resolveAuthority(ssh-remote,20)][3480ms] returned an error {"code":"TemporarilyNotAvailable","message":"No route to host"}
2026-01-22 18:59:20.372 [error] resolveAuthority(ssh-remote) returned an error after 3480 ms No route to host
2026-01-22 18:59:20.372 [info] [remote-connection][Management   ][d7c33…][reconnect] A temporarily not available error occurred while trying to reconnect, will try again...
2026-01-22 18:59:20.373 [info] [remote-connection][Management   ][d7c33…][reconnect] waiting for 30 seconds before reconnecting...
2026-01-22 18:59:20.373 [info] [remote-connection][ExtensionHost][b16be…][reconnect] A temporarily not available error occurred while trying to reconnect, will try again...
2026-01-22 18:59:20.373 [info] [remote-connection][ExtensionHost][b16be…][reconnect] waiting for 30 seconds before reconnecting...
2026-01-22 18:59:20.382 [warning] [mainThreadStorage] large extension state detected (extensionId: ms-vscode-remote.remote-ssh, global: true): 1074.7021484375kb. Consider to use 'storageUri' or 'globalStorageUri' to store this data on disk instead.
2026-01-22 18:59:23.422 [info] [remote-connection][ExtensionHost][b16be…][reconnect] received socket timeout event (unacknowledgedMsgCount: 240, timeSinceOldestUnacknowledgedMsg: 456047, timeSinceLastReceivedSomeData: 521676).
2026-01-22 18:59:23.430 [info] [remote-connection][Management   ][d7c33…][reconnect] received socket timeout event (unacknowledgedMsgCount: 99, timeSinceOldestUnacknowledgedMsg: 476067, timeSinceLastReceivedSomeData: 522402).
2026-01-22 18:59:50.373 [info] [remote-connection][Management   ][d7c33…][reconnect] resolving connection...
2026-01-22 18:59:50.373 [info] Invoking resolveAuthority(ssh-remote)...
2026-01-22 18:59:50.373 [info] [LocalProcess0][resolveAuthority(ssh-remote,21)][0ms] obtaining proxy...
2026-01-22 18:59:50.373 [info] [LocalProcess0][resolveAuthority(ssh-remote,21)][0ms] invoking...
2026-01-22 18:59:50.375 [info] [remote-connection][ExtensionHost][b16be…][reconnect] received socket timeout event (unacknowledgedMsgCount: 241, timeSinceOldestUnacknowledgedMsg: 482999, timeSinceLastReceivedSomeData: 548628).
2026-01-22 18:59:50.378 [info] [remote-connection][ExtensionHost][b16be…][reconnect] resolving connection...
2026-01-22 18:59:50.383 [info] [remote-connection][Management   ][d7c33…][reconnect] received socket timeout event (unacknowledgedMsgCount: 100, timeSinceOldestUnacknowledgedMsg: 503020, timeSinceLastReceivedSomeData: 549355).
2026-01-22 18:59:51.373 [info] [LocalProcess0][resolveAuthority(ssh-remote,21)][1000ms] waiting...
2026-01-22 18:59:52.373 [info] [LocalProcess0][resolveAuthority(ssh-remote,21)][2000ms] waiting...
2026-01-22 18:59:53.373 [info] [LocalProcess0][resolveAuthority(ssh-remote,21)][3000ms] waiting...
2026-01-22 18:59:53.839 [error] [LocalProcess0][resolveAuthority(ssh-remote,21)][3466ms] returned an error {"code":"TemporarilyNotAvailable","message":"No route to host"}
2026-01-22 18:59:53.840 [error] resolveAuthority(ssh-remote) returned an error after 3467 ms No route to host
2026-01-22 18:59:53.840 [info] [remote-connection][Management   ][d7c33…][reconnect] A temporarily not available error occurred while trying to reconnect, will try again...
2026-01-22 18:59:53.840 [info] [remote-connection][Management   ][d7c33…][reconnect] waiting for 30 seconds before reconnecting...
2026-01-22 18:59:53.840 [info] [remote-connection][ExtensionHost][b16be…][reconnect] A temporarily not available error occurred while trying to reconnect, will try again...
2026-01-22 18:59:53.840 [info] [remote-connection][ExtensionHost][b16be…][reconnect] waiting for 30 seconds before reconnecting...
2026-01-22 18:59:53.852 [warning] [mainThreadStorage] large extension state detected (extensionId: ms-vscode-remote.remote-ssh, global: true): 1128.453125kb. Consider to use 'storageUri' or 'globalStorageUri' to store this data on disk instead.
2026-01-22 19:00:10.375 [info] [remote-connection][ExtensionHost][b16be…][reconnect] received socket timeout event (unacknowledgedMsgCount: 252, timeSinceOldestUnacknowledgedMsg: 503000, timeSinceLastReceivedSomeData: 568629).
2026-01-22 19:00:10.383 [info] [remote-connection][Management   ][d7c33…][reconnect] received socket timeout event (unacknowledgedMsgCount: 104, timeSinceOldestUnacknowledgedMsg: 523020, timeSinceLastReceivedSomeData: 569355).
2026-01-22 19:00:23.840 [info] [remote-connection][Management   ][d7c33…][reconnect] resolving connection...
2026-01-22 19:00:23.840 [info] Invoking resolveAuthority(ssh-remote)...
2026-01-22 19:00:23.840 [info] [LocalProcess0][resolveAuthority(ssh-remote,22)][0ms] obtaining proxy...
2026-01-22 19:00:23.841 [info] [LocalProcess0][resolveAuthority(ssh-remote,22)][0ms] invoking...
2026-01-22 19:00:23.845 [info] [remote-connection][ExtensionHost][b16be…][reconnect] resolving connection...
2026-01-22 19:00:24.841 [info] [LocalProcess0][resolveAuthority(ssh-remote,22)][1000ms] waiting...
2026-01-22 19:00:25.841 [info] [LocalProcess0][resolveAuthority(ssh-remote,22)][2000ms] waiting...
2026-01-22 19:00:26.841 [info] [LocalProcess0][resolveAuthority(ssh-remote,22)][3000ms] waiting...
2026-01-22 19:00:27.311 [error] [LocalProcess0][resolveAuthority(ssh-remote,22)][3470ms] returned an error {"code":"TemporarilyNotAvailable","message":"No route to host"}
2026-01-22 19:00:27.311 [error] resolveAuthority(ssh-remote) returned an error after 3471 ms No route to host
2026-01-22 19:00:27.311 [info] [remote-connection][Management   ][d7c33…][reconnect] A temporarily not available error occurred while trying to reconnect, will try again...
2026-01-22 19:00:27.311 [info] [remote-connection][Management   ][d7c33…][reconnect] waiting for 30 seconds before reconnecting...
2026-01-22 19:00:27.311 [info] [remote-connection][ExtensionHost][b16be…][reconnect] A temporarily not available error occurred while trying to reconnect, will try again...
2026-01-22 19:00:27.311 [info] [remote-connection][ExtensionHost][b16be…][reconnect] waiting for 30 seconds before reconnecting...
2026-01-22 19:00:27.323 [warning] [mainThreadStorage] large extension state detected (extensionId: ms-vscode-remote.remote-ssh, global: true): 1182.2041015625kb. Consider to use 'storageUri' or 'globalStorageUri' to store this data on disk instead.
2026-01-22 19:00:30.375 [info] [remote-connection][ExtensionHost][b16be…][reconnect] received socket timeout event (unacknowledgedMsgCount: 264, timeSinceOldestUnacknowledgedMsg: 523000, timeSinceLastReceivedSomeData: 588629).
2026-01-22 19:00:30.383 [info] [remote-connection][Management   ][d7c33…][reconnect] received socket timeout event (unacknowledgedMsgCount: 109, timeSinceOldestUnacknowledgedMsg: 543020, timeSinceLastReceivedSomeData: 589355).
2026-01-22 19:00:57.311 [info] [remote-connection][Management   ][d7c33…][reconnect] resolving connection...
2026-01-22 19:00:57.312 [info] Invoking resolveAuthority(ssh-remote)...
2026-01-22 19:00:57.312 [info] [LocalProcess0][resolveAuthority(ssh-remote,23)][0ms] obtaining proxy...
2026-01-22 19:00:57.312 [info] [LocalProcess0][resolveAuthority(ssh-remote,23)][0ms] invoking...
2026-01-22 19:00:57.313 [info] [remote-connection][ExtensionHost][b16be…][reconnect] received socket timeout event (unacknowledgedMsgCount: 265, timeSinceOldestUnacknowledgedMsg: 549938, timeSinceLastReceivedSomeData: 615567).
2026-01-22 19:00:57.317 [info] [remote-connection][ExtensionHost][b16be…][reconnect] resolving connection...
2026-01-22 19:00:57.322 [info] [remote-connection][Management   ][d7c33…][reconnect] received socket timeout event (unacknowledgedMsgCount: 110, timeSinceOldestUnacknowledgedMsg: 569959, timeSinceLastReceivedSomeData: 616294).
2026-01-22 19:00:58.312 [info] [LocalProcess0][resolveAuthority(ssh-remote,23)][1001ms] waiting...
2026-01-22 19:00:59.312 [info] [LocalProcess0][resolveAuthority(ssh-remote,23)][2001ms] waiting...
2026-01-22 19:01:00.312 [info] [LocalProcess0][resolveAuthority(ssh-remote,23)][3001ms] waiting...
2026-01-22 19:01:00.783 [error] [LocalProcess0][resolveAuthority(ssh-remote,23)][3471ms] returned an error {"code":"TemporarilyNotAvailable","message":"No route to host"}
2026-01-22 19:01:00.783 [error] resolveAuthority(ssh-remote) returned an error after 3471 ms No route to host
2026-01-22 19:01:00.783 [info] [remote-connection][Management   ][d7c33…][reconnect] A temporarily not available error occurred while trying to reconnect, will try again...
2026-01-22 19:01:00.783 [info] [remote-connection][Management   ][d7c33…][reconnect] waiting for 30 seconds before reconnecting...
2026-01-22 19:01:00.783 [info] [remote-connection][ExtensionHost][b16be…][reconnect] A temporarily not available error occurred while trying to reconnect, will try again...
2026-01-22 19:01:00.783 [info] [remote-connection][ExtensionHost][b16be…][reconnect] waiting for 30 seconds before reconnecting...
2026-01-22 19:01:00.800 [warning] [mainThreadStorage] large extension state detected (extensionId: ms-vscode-remote.remote-ssh, global: true): 1235.955078125kb. Consider to use 'storageUri' or 'globalStorageUri' to store this data on disk instead.
2026-01-22 19:01:17.314 [info] [remote-connection][ExtensionHost][b16be…][reconnect] received socket timeout event (unacknowledgedMsgCount: 276, timeSinceOldestUnacknowledgedMsg: 569938, timeSinceLastReceivedSomeData: 635567).
2026-01-22 19:01:17.322 [info] [remote-connection][Management   ][d7c33…][reconnect] received socket timeout event (unacknowledgedMsgCount: 114, timeSinceOldestUnacknowledgedMsg: 589959, timeSinceLastReceivedSomeData: 636294).
2026-01-22 19:01:30.783 [info] [remote-connection][Management   ][d7c33…][reconnect] resolving connection...
2026-01-22 19:01:30.783 [info] Invoking resolveAuthority(ssh-remote)...
2026-01-22 19:01:30.784 [info] [LocalProcess0][resolveAuthority(ssh-remote,24)][0ms] obtaining proxy...
2026-01-22 19:01:30.784 [info] [LocalProcess0][resolveAuthority(ssh-remote,24)][0ms] invoking...
2026-01-22 19:01:30.788 [info] [remote-connection][ExtensionHost][b16be…][reconnect] resolving connection...
2026-01-22 19:01:31.784 [info] [LocalProcess0][resolveAuthority(ssh-remote,24)][1000ms] waiting...
2026-01-22 19:01:32.784 [info] [LocalProcess0][resolveAuthority(ssh-remote,24)][2000ms] waiting...
2026-01-22 19:01:33.784 [info] [LocalProcess0][resolveAuthority(ssh-remote,24)][3000ms] waiting...
2026-01-22 19:01:34.255 [error] [LocalProcess0][resolveAuthority(ssh-remote,24)][3472ms] returned an error {"code":"TemporarilyNotAvailable","message":"No route to host"}
2026-01-22 19:01:34.256 [error] resolveAuthority(ssh-remote) returned an error after 3472 ms No route to host
2026-01-22 19:01:34.256 [info] [remote-connection][Management   ][d7c33…][reconnect] A temporarily not available error occurred while trying to reconnect, will try again...
2026-01-22 19:01:34.256 [info] [remote-connection][Management   ][d7c33…][reconnect] waiting for 30 seconds before reconnecting...
2026-01-22 19:01:34.256 [info] [remote-connection][ExtensionHost][b16be…][reconnect] A temporarily not available error occurred while trying to reconnect, will try again...
2026-01-22 19:01:34.256 [info] [remote-connection][ExtensionHost][b16be…][reconnect] waiting for 30 seconds before reconnecting...
2026-01-22 19:01:34.268 [warning] [mainThreadStorage] large extension state detected (extensionId: ms-vscode-remote.remote-ssh, global: true): 1289.7060546875kb. Consider to use 'storageUri' or 'globalStorageUri' to store this data on disk instead.
2026-01-22 19:01:37.313 [info] [remote-connection][ExtensionHost][b16be…][reconnect] received socket timeout event (unacknowledgedMsgCount: 288, timeSinceOldestUnacknowledgedMsg: 589938, timeSinceLastReceivedSomeData: 655567).
2026-01-22 19:01:37.322 [info] [remote-connection][Management   ][d7c33…][reconnect] received socket timeout event (unacknowledgedMsgCount: 119, timeSinceOldestUnacknowledgedMsg: 609959, timeSinceLastReceivedSomeData: 656294).
2026-01-22 19:02:04.256 [info] [remote-connection][Management   ][d7c33…][reconnect] resolving connection...
2026-01-22 19:02:04.256 [info] Invoking resolveAuthority(ssh-remote)...
2026-01-22 19:02:04.256 [info] [LocalProcess0][resolveAuthority(ssh-remote,25)][0ms] obtaining proxy...
2026-01-22 19:02:04.257 [info] [LocalProcess0][resolveAuthority(ssh-remote,25)][0ms] invoking...
2026-01-22 19:02:04.258 [info] [remote-connection][ExtensionHost][b16be…][reconnect] received socket timeout event (unacknowledgedMsgCount: 289, timeSinceOldestUnacknowledgedMsg: 616883, timeSinceLastReceivedSomeData: 682512).
2026-01-22 19:02:04.265 [info] [remote-connection][ExtensionHost][b16be…][reconnect] resolving connection...
2026-01-22 19:02:04.270 [info] [remote-connection][Management   ][d7c33…][reconnect] received socket timeout event (unacknowledgedMsgCount: 120, timeSinceOldestUnacknowledgedMsg: 636907, timeSinceLastReceivedSomeData: 683242).
2026-01-22 19:02:04.783 [error] [LocalProcess0][resolveAuthority(ssh-remote,25)][527ms] returned an error {"code":"TemporarilyNotAvailable","message":"No route to host"}
2026-01-22 19:02:04.783 [error] resolveAuthority(ssh-remote) returned an error after 527 ms No route to host
2026-01-22 19:02:04.784 [info] [remote-connection][Management   ][d7c33…][reconnect] A temporarily not available error occurred while trying to reconnect, will try again...
2026-01-22 19:02:04.784 [info] [remote-connection][Management   ][d7c33…][reconnect] waiting for 30 seconds before reconnecting...
2026-01-22 19:02:04.784 [info] [remote-connection][ExtensionHost][b16be…][reconnect] A temporarily not available error occurred while trying to reconnect, will try again...
2026-01-22 19:02:04.784 [info] [remote-connection][ExtensionHost][b16be…][reconnect] waiting for 30 seconds before reconnecting...
2026-01-22 19:02:04.797 [warning] [mainThreadStorage] large extension state detected (extensionId: ms-vscode-remote.remote-ssh, global: true): 1343.45703125kb. Consider to use 'storageUri' or 'globalStorageUri' to store this data on disk instead.
2026-01-22 19:02:24.258 [info] [remote-connection][ExtensionHost][b16be…][reconnect] received socket timeout event (unacknowledgedMsgCount: 300, timeSinceOldestUnacknowledgedMsg: 636883, timeSinceLastReceivedSomeData: 702512).
2026-01-22 19:02:24.270 [info] [remote-connection][Management   ][d7c33…][reconnect] received socket timeout event (unacknowledgedMsgCount: 121, timeSinceOldestUnacknowledgedMsg: 656907, timeSinceLastReceivedSomeData: 703242).
2026-01-22 19:02:34.784 [info] [remote-connection][Management   ][d7c33…][reconnect] resolving connection...
2026-01-22 19:02:34.784 [info] Invoking resolveAuthority(ssh-remote)...
2026-01-22 19:02:34.785 [info] [LocalProcess0][resolveAuthority(ssh-remote,26)][0ms] obtaining proxy...
2026-01-22 19:02:34.785 [info] [LocalProcess0][resolveAuthority(ssh-remote,26)][0ms] invoking...
2026-01-22 19:02:34.789 [info] [remote-connection][ExtensionHost][b16be…][reconnect] resolving connection...
2026-01-22 19:02:35.784 [info] [LocalProcess0][resolveAuthority(ssh-remote,26)][1000ms] waiting...
2026-01-22 19:02:36.784 [info] [LocalProcess0][resolveAuthority(ssh-remote,26)][2000ms] waiting...
2026-01-22 19:02:37.784 [info] [LocalProcess0][resolveAuthority(ssh-remote,26)][3000ms] waiting...
2026-01-22 19:02:38.258 [error] [LocalProcess0][resolveAuthority(ssh-remote,26)][3473ms] returned an error {"code":"TemporarilyNotAvailable","message":"No route to host"}
2026-01-22 19:02:38.258 [error] resolveAuthority(ssh-remote) returned an error after 3474 ms No route to host
2026-01-22 19:02:38.258 [info] [remote-connection][Management   ][d7c33…][reconnect] A temporarily not available error occurred while trying to reconnect, will try again...
2026-01-22 19:02:38.258 [info] [remote-connection][Management   ][d7c33…][reconnect] waiting for 30 seconds before reconnecting...
2026-01-22 19:02:38.258 [info] [remote-connection][ExtensionHost][b16be…][reconnect] A temporarily not available error occurred while trying to reconnect, will try again...
2026-01-22 19:02:38.258 [info] [remote-connection][ExtensionHost][b16be…][reconnect] waiting for 30 seconds before reconnecting...
2026-01-22 19:02:38.274 [warning] [mainThreadStorage] large extension state detected (extensionId: ms-vscode-remote.remote-ssh, global: true): 1397.2080078125kb. Consider to use 'storageUri' or 'globalStorageUri' to store this data on disk instead.
2026-01-22 19:02:44.258 [info] [remote-connection][ExtensionHost][b16be…][reconnect] received socket timeout event (unacknowledgedMsgCount: 312, timeSinceOldestUnacknowledgedMsg: 656883, timeSinceLastReceivedSomeData: 722512).
2026-01-22 19:02:44.270 [info] [remote-connection][Management   ][d7c33…][reconnect] received socket timeout event (unacknowledgedMsgCount: 126, timeSinceOldestUnacknowledgedMsg: 676907, timeSinceLastReceivedSomeData: 723242).
2026-01-22 19:03:08.258 [info] [remote-connection][Management   ][d7c33…][reconnect] resolving connection...
2026-01-22 19:03:08.258 [info] Invoking resolveAuthority(ssh-remote)...
2026-01-22 19:03:08.259 [info] [LocalProcess0][resolveAuthority(ssh-remote,27)][0ms] obtaining proxy...
2026-01-22 19:03:08.259 [info] [LocalProcess0][resolveAuthority(ssh-remote,27)][0ms] invoking...
2026-01-22 19:03:08.260 [info] [remote-connection][ExtensionHost][b16be…][reconnect] received socket timeout event (unacknowledgedMsgCount: 313, timeSinceOldestUnacknowledgedMsg: 680885, timeSinceLastReceivedSomeData: 746514).
2026-01-22 19:03:08.267 [info] [remote-connection][ExtensionHost][b16be…][reconnect] resolving connection...
2026-01-22 19:03:08.272 [info] [remote-connection][Management   ][d7c33…][reconnect] received socket timeout event (unacknowledgedMsgCount: 127, timeSinceOldestUnacknowledgedMsg: 700908, timeSinceLastReceivedSomeData: 747243).
2026-01-22 19:03:09.259 [info] [LocalProcess0][resolveAuthority(ssh-remote,27)][1001ms] waiting...
2026-01-22 19:03:10.259 [info] [LocalProcess0][resolveAuthority(ssh-remote,27)][2001ms] waiting...
2026-01-22 19:03:11.259 [info] [LocalProcess0][resolveAuthority(ssh-remote,27)][3001ms] waiting...
2026-01-22 19:03:11.728 [error] [LocalProcess0][resolveAuthority(ssh-remote,27)][3470ms] returned an error {"code":"TemporarilyNotAvailable","message":"No route to host"}
2026-01-22 19:03:11.728 [error] resolveAuthority(ssh-remote) returned an error after 3470 ms No route to host
2026-01-22 19:03:11.729 [info] [remote-connection][Management   ][d7c33…][reconnect] A temporarily not available error occurred while trying to reconnect, will try again...
2026-01-22 19:03:11.729 [info] [remote-connection][Management   ][d7c33…][reconnect] waiting for 30 seconds before reconnecting...
2026-01-22 19:03:11.729 [info] [remote-connection][ExtensionHost][b16be…][reconnect] A temporarily not available error occurred while trying to reconnect, will try again...
2026-01-22 19:03:11.729 [info] [remote-connection][ExtensionHost][b16be…][reconnect] waiting for 30 seconds before reconnecting...
2026-01-22 19:03:11.745 [warning] [mainThreadStorage] large extension state detected (extensionId: ms-vscode-remote.remote-ssh, global: true): 1450.958984375kb. Consider to use 'storageUri' or 'globalStorageUri' to store this data on disk instead.
2026-01-22 19:03:28.261 [info] [remote-connection][ExtensionHost][b16be…][reconnect] received socket timeout event (unacknowledgedMsgCount: 324, timeSinceOldestUnacknowledgedMsg: 700885, timeSinceLastReceivedSomeData: 766514).
2026-01-22 19:03:28.272 [info] [remote-connection][Management   ][d7c33…][reconnect] received socket timeout event (unacknowledgedMsgCount: 131, timeSinceOldestUnacknowledgedMsg: 720908, timeSinceLastReceivedSomeData: 767243).
2026-01-22 19:03:41.729 [info] [remote-connection][Management   ][d7c33…][reconnect] resolving connection...
2026-01-22 19:03:41.729 [info] Invoking resolveAuthority(ssh-remote)...
2026-01-22 19:03:41.739 [info] [LocalProcess0][resolveAuthority(ssh-remote,28)][0ms] obtaining proxy...
2026-01-22 19:03:41.739 [info] [LocalProcess0][resolveAuthority(ssh-remote,28)][0ms] invoking...
2026-01-22 19:03:41.739 [info] [remote-connection][ExtensionHost][b16be…][reconnect] resolving connection...
2026-01-22 19:03:42.730 [info] [LocalProcess0][resolveAuthority(ssh-remote,28)][1000ms] waiting...
2026-01-22 19:03:43.730 [info] [LocalProcess0][resolveAuthority(ssh-remote,28)][2000ms] waiting...
2026-01-22 19:03:44.730 [info] [LocalProcess0][resolveAuthority(ssh-remote,28)][3000ms] waiting...
2026-01-22 19:03:45.202 [error] [LocalProcess0][resolveAuthority(ssh-remote,28)][3473ms] returned an error {"code":"TemporarilyNotAvailable","message":"No route to host"}
2026-01-22 19:03:45.202 [error] resolveAuthority(ssh-remote) returned an error after 3473 ms No route to host
2026-01-22 19:03:45.203 [info] [remote-connection][Management   ][d7c33…][reconnect] A temporarily not available error occurred while trying to reconnect, will try again...
2026-01-22 19:03:45.203 [info] [remote-connection][Management   ][d7c33…][reconnect] waiting for 30 seconds before reconnecting...
2026-01-22 19:03:45.203 [info] [remote-connection][ExtensionHost][b16be…][reconnect] A temporarily not available error occurred while trying to reconnect, will try again...
2026-01-22 19:03:45.203 [info] [remote-connection][ExtensionHost][b16be…][reconnect] waiting for 30 seconds before reconnecting...
2026-01-22 19:03:45.220 [warning] [mainThreadStorage] large extension state detected (extensionId: ms-vscode-remote.remote-ssh, global: true): 1504.7099609375kb. Consider to use 'storageUri' or 'globalStorageUri' to store this data on disk instead.
2026-01-22 19:03:48.260 [info] [remote-connection][ExtensionHost][b16be…][reconnect] received socket timeout event (unacknowledgedMsgCount: 336, timeSinceOldestUnacknowledgedMsg: 720885, timeSinceLastReceivedSomeData: 786514).
2026-01-22 19:03:48.271 [info] [remote-connection][Management   ][d7c33…][reconnect] received socket timeout event (unacknowledgedMsgCount: 136, timeSinceOldestUnacknowledgedMsg: 740908, timeSinceLastReceivedSomeData: 787243).
2026-01-22 19:04:15.203 [info] [remote-connection][Management   ][d7c33…][reconnect] resolving connection...
2026-01-22 19:04:15.203 [info] Invoking resolveAuthority(ssh-remote)...
2026-01-22 19:04:15.203 [info] [LocalProcess0][resolveAuthority(ssh-remote,29)][0ms] obtaining proxy...
2026-01-22 19:04:15.203 [info] [LocalProcess0][resolveAuthority(ssh-remote,29)][0ms] invoking...
2026-01-22 19:04:15.205 [info] [remote-connection][ExtensionHost][b16be…][reconnect] received socket timeout event (unacknowledgedMsgCount: 337, timeSinceOldestUnacknowledgedMsg: 747830, timeSinceLastReceivedSomeData: 813459).
2026-01-22 19:04:15.208 [info] [remote-connection][ExtensionHost][b16be…][reconnect] resolving connection...
2026-01-22 19:04:15.213 [info] [remote-connection][Management   ][d7c33…][reconnect] received socket timeout event (unacknowledgedMsgCount: 137, timeSinceOldestUnacknowledgedMsg: 767849, timeSinceLastReceivedSomeData: 814184).
2026-01-22 19:04:16.203 [info] [LocalProcess0][resolveAuthority(ssh-remote,29)][1000ms] waiting...
2026-01-22 19:04:17.203 [info] [LocalProcess0][resolveAuthority(ssh-remote,29)][2000ms] waiting...
2026-01-22 19:04:18.203 [info] [LocalProcess0][resolveAuthority(ssh-remote,29)][3000ms] waiting...
2026-01-22 19:04:18.674 [error] [LocalProcess0][resolveAuthority(ssh-remote,29)][3471ms] returned an error {"code":"TemporarilyNotAvailable","message":"No route to host"}
2026-01-22 19:04:18.674 [error] resolveAuthority(ssh-remote) returned an error after 3471 ms No route to host
2026-01-22 19:04:18.674 [info] [remote-connection][Management   ][d7c33…][reconnect] A temporarily not available error occurred while trying to reconnect, will try again...
2026-01-22 19:04:18.674 [info] [remote-connection][Management   ][d7c33…][reconnect] waiting for 30 seconds before reconnecting...
2026-01-22 19:04:18.674 [info] [remote-connection][ExtensionHost][b16be…][reconnect] A temporarily not available error occurred while trying to reconnect, will try again...
2026-01-22 19:04:18.675 [info] [remote-connection][ExtensionHost][b16be…][reconnect] waiting for 30 seconds before reconnecting...
2026-01-22 19:04:18.693 [warning] [mainThreadStorage] large extension state detected (extensionId: ms-vscode-remote.remote-ssh, global: true): 1558.4609375kb. Consider to use 'storageUri' or 'globalStorageUri' to store this data on disk instead.
2026-01-22 19:04:35.205 [info] [remote-connection][ExtensionHost][b16be…][reconnect] received socket timeout event (unacknowledgedMsgCount: 348, timeSinceOldestUnacknowledgedMsg: 767830, timeSinceLastReceivedSomeData: 833459).
2026-01-22 19:04:35.212 [info] [remote-connection][Management   ][d7c33…][reconnect] received socket timeout event (unacknowledgedMsgCount: 141, timeSinceOldestUnacknowledgedMsg: 787849, timeSinceLastReceivedSomeData: 834184).
2026-01-22 19:04:48.675 [info] [remote-connection][Management   ][d7c33…][reconnect] resolving connection...
2026-01-22 19:04:48.675 [info] Invoking resolveAuthority(ssh-remote)...
2026-01-22 19:04:48.675 [info] [LocalProcess0][resolveAuthority(ssh-remote,30)][0ms] obtaining proxy...
2026-01-22 19:04:48.675 [info] [LocalProcess0][resolveAuthority(ssh-remote,30)][0ms] invoking...
2026-01-22 19:04:48.680 [info] [remote-connection][ExtensionHost][b16be…][reconnect] resolving connection...
2026-01-22 19:04:49.675 [info] [LocalProcess0][resolveAuthority(ssh-remote,30)][1000ms] waiting...
2026-01-22 19:04:50.675 [info] [LocalProcess0][resolveAuthority(ssh-remote,30)][2000ms] waiting...
2026-01-22 19:04:51.675 [info] [LocalProcess0][resolveAuthority(ssh-remote,30)][3000ms] waiting...
2026-01-22 19:04:52.147 [error] [LocalProcess0][resolveAuthority(ssh-remote,30)][3471ms] returned an error {"code":"TemporarilyNotAvailable","message":"No route to host"}
2026-01-22 19:04:52.147 [error] resolveAuthority(ssh-remote) returned an error after 3473 ms No route to host
2026-01-22 19:04:52.147 [info] [remote-connection][Management   ][d7c33…][reconnect] A temporarily not available error occurred while trying to reconnect, will try again...
2026-01-22 19:04:52.147 [info] [remote-connection][Management   ][d7c33…][reconnect] waiting for 30 seconds before reconnecting...
2026-01-22 19:04:52.147 [info] [remote-connection][ExtensionHost][b16be…][reconnect] A temporarily not available error occurred while trying to reconnect, will try again...
2026-01-22 19:04:52.147 [info] [remote-connection][ExtensionHost][b16be…][reconnect] waiting for 30 seconds before reconnecting...
2026-01-22 19:04:52.163 [warning] [mainThreadStorage] large extension state detected (extensionId: ms-vscode-remote.remote-ssh, global: true): 1612.2119140625kb. Consider to use 'storageUri' or 'globalStorageUri' to store this data on disk instead.
2026-01-22 19:04:55.206 [info] [remote-connection][ExtensionHost][b16be…][reconnect] received socket timeout event (unacknowledgedMsgCount: 360, timeSinceOldestUnacknowledgedMsg: 787830, timeSinceLastReceivedSomeData: 853459).
2026-01-22 19:04:55.212 [info] [remote-connection][Management   ][d7c33…][reconnect] received socket timeout event (unacknowledgedMsgCount: 146, timeSinceOldestUnacknowledgedMsg: 807849, timeSinceLastReceivedSomeData: 854184).
2026-01-22 19:05:22.147 [info] [remote-connection][Management   ][d7c33…][reconnect] resolving connection...
2026-01-22 19:05:22.148 [info] Invoking resolveAuthority(ssh-remote)...
2026-01-22 19:05:22.148 [info] [LocalProcess0][resolveAuthority(ssh-remote,31)][0ms] obtaining proxy...
2026-01-22 19:05:22.148 [info] [LocalProcess0][resolveAuthority(ssh-remote,31)][0ms] invoking...
2026-01-22 19:05:22.149 [info] [remote-connection][ExtensionHost][b16be…][reconnect] received socket timeout event (unacknowledgedMsgCount: 361, timeSinceOldestUnacknowledgedMsg: 814774, timeSinceLastReceivedSomeData: 880403).
2026-01-22 19:05:22.155 [info] [remote-connection][ExtensionHost][b16be…][reconnect] resolving connection...
2026-01-22 19:05:22.160 [info] [remote-connection][Management   ][d7c33…][reconnect] received socket timeout event (unacknowledgedMsgCount: 147, timeSinceOldestUnacknowledgedMsg: 834797, timeSinceLastReceivedSomeData: 881132).
2026-01-22 19:05:23.148 [info] [LocalProcess0][resolveAuthority(ssh-remote,31)][1001ms] waiting...
2026-01-22 19:05:24.148 [info] [LocalProcess0][resolveAuthority(ssh-remote,31)][2001ms] waiting...
2026-01-22 19:05:25.148 [info] [LocalProcess0][resolveAuthority(ssh-remote,31)][3001ms] waiting...
2026-01-22 19:05:25.619 [error] [LocalProcess0][resolveAuthority(ssh-remote,31)][3472ms] returned an error {"code":"TemporarilyNotAvailable","message":"No route to host"}
2026-01-22 19:05:25.619 [error] resolveAuthority(ssh-remote) returned an error after 3472 ms No route to host
2026-01-22 19:05:25.620 [info] [remote-connection][Management   ][d7c33…][reconnect] A temporarily not available error occurred while trying to reconnect, will try again...
2026-01-22 19:05:25.620 [info] [remote-connection][Management   ][d7c33…][reconnect] waiting for 30 seconds before reconnecting...
2026-01-22 19:05:25.620 [info] [remote-connection][ExtensionHost][b16be…][reconnect] A temporarily not available error occurred while trying to reconnect, will try again...
2026-01-22 19:05:25.620 [info] [remote-connection][ExtensionHost][b16be…][reconnect] waiting for 30 seconds before reconnecting...
2026-01-22 19:05:25.638 [warning] [mainThreadStorage] large extension state detected (extensionId: ms-vscode-remote.remote-ssh, global: true): 1665.962890625kb. Consider to use 'storageUri' or 'globalStorageUri' to store this data on disk instead.
2026-01-22 19:05:42.150 [info] [remote-connection][ExtensionHost][b16be…][reconnect] received socket timeout event (unacknowledgedMsgCount: 372, timeSinceOldestUnacknowledgedMsg: 834774, timeSinceLastReceivedSomeData: 900403).
2026-01-22 19:05:42.160 [info] [remote-connection][Management   ][d7c33…][reconnect] received socket timeout event (unacknowledgedMsgCount: 151, timeSinceOldestUnacknowledgedMsg: 854797, timeSinceLastReceivedSomeData: 901132).
2026-01-22 19:05:55.620 [info] [remote-connection][Management   ][d7c33…][reconnect] resolving connection...
2026-01-22 19:05:55.620 [info] Invoking resolveAuthority(ssh-remote)...
2026-01-22 19:05:55.620 [info] [LocalProcess0][resolveAuthority(ssh-remote,32)][0ms] obtaining proxy...
2026-01-22 19:05:55.620 [info] [LocalProcess0][resolveAuthority(ssh-remote,32)][0ms] invoking...
2026-01-22 19:05:55.629 [info] [remote-connection][ExtensionHost][b16be…][reconnect] resolving connection...
2026-01-22 19:05:56.620 [info] [LocalProcess0][resolveAuthority(ssh-remote,32)][1000ms] waiting...
2026-01-22 19:05:57.620 [info] [LocalProcess0][resolveAuthority(ssh-remote,32)][2000ms] waiting...
2026-01-22 19:05:58.620 [info] [LocalProcess0][resolveAuthority(ssh-remote,32)][3000ms] waiting...
2026-01-22 19:05:59.092 [error] [LocalProcess0][resolveAuthority(ssh-remote,32)][3472ms] returned an error {"code":"TemporarilyNotAvailable","message":"No route to host"}
2026-01-22 19:05:59.092 [error] resolveAuthority(ssh-remote) returned an error after 3472 ms No route to host
2026-01-22 19:05:59.092 [info] [remote-connection][Management   ][d7c33…][reconnect] A temporarily not available error occurred while trying to reconnect, will try again...
2026-01-22 19:05:59.093 [info] [remote-connection][Management   ][d7c33…][reconnect] waiting for 30 seconds before reconnecting...
2026-01-22 19:05:59.093 [info] [remote-connection][ExtensionHost][b16be…][reconnect] A temporarily not available error occurred while trying to reconnect, will try again...
2026-01-22 19:05:59.093 [info] [remote-connection][ExtensionHost][b16be…][reconnect] waiting for 30 seconds before reconnecting...
2026-01-22 19:05:59.109 [warning] [mainThreadStorage] large extension state detected (extensionId: ms-vscode-remote.remote-ssh, global: true): 1719.7138671875kb. Consider to use 'storageUri' or 'globalStorageUri' to store this data on disk instead.
2026-01-22 19:06:02.149 [info] [remote-connection][ExtensionHost][b16be…][reconnect] received socket timeout event (unacknowledgedMsgCount: 384, timeSinceOldestUnacknowledgedMsg: 854774, timeSinceLastReceivedSomeData: 920403).
2026-01-22 19:06:02.160 [info] [remote-connection][Management   ][d7c33…][reconnect] received socket timeout event (unacknowledgedMsgCount: 156, timeSinceOldestUnacknowledgedMsg: 874797, timeSinceLastReceivedSomeData: 921132).
2026-01-22 19:06:29.093 [info] [remote-connection][Management   ][d7c33…][reconnect] resolving connection...
2026-01-22 19:06:29.093 [info] Invoking resolveAuthority(ssh-remote)...
2026-01-22 19:06:29.093 [info] [LocalProcess0][resolveAuthority(ssh-remote,33)][0ms] obtaining proxy...
2026-01-22 19:06:29.093 [info] [LocalProcess0][resolveAuthority(ssh-remote,33)][0ms] invoking...
2026-01-22 19:06:29.095 [info] [remote-connection][ExtensionHost][b16be…][reconnect] received socket timeout event (unacknowledgedMsgCount: 385, timeSinceOldestUnacknowledgedMsg: 881719, timeSinceLastReceivedSomeData: 947348).
2026-01-22 19:06:29.098 [info] [remote-connection][ExtensionHost][b16be…][reconnect] resolving connection...
2026-01-22 19:06:29.103 [info] [remote-connection][Management   ][d7c33…][reconnect] received socket timeout event (unacknowledgedMsgCount: 157, timeSinceOldestUnacknowledgedMsg: 901740, timeSinceLastReceivedSomeData: 948075).
2026-01-22 19:06:30.093 [info] [LocalProcess0][resolveAuthority(ssh-remote,33)][1000ms] waiting...
2026-01-22 19:06:31.093 [info] [LocalProcess0][resolveAuthority(ssh-remote,33)][2000ms] waiting...
2026-01-22 19:06:31.780 [info] [remote-connection][Management   ][d7c33…][reconnect] received socket close event (wasClean: false, code: 1006, reason: ).
2026-01-22 19:06:31.780 [error] {"isTrusted":true}
2026-01-22 19:06:31.780 [info] [remote-connection][ExtensionHost][b16be…][reconnect] received socket close event (wasClean: false, code: 1006, reason: ).
2026-01-22 19:06:31.780 [error] {"isTrusted":true}
2026-01-22 19:06:32.093 [info] [LocalProcess0][resolveAuthority(ssh-remote,33)][3000ms] waiting...
2026-01-22 19:06:32.563 [error] [LocalProcess0][resolveAuthority(ssh-remote,33)][3470ms] returned an error {"code":"TemporarilyNotAvailable","message":"No route to host"}
2026-01-22 19:06:32.564 [error] resolveAuthority(ssh-remote) returned an error after 3470 ms No route to host
2026-01-22 19:06:32.564 [info] [remote-connection][Management   ][d7c33…][reconnect] A temporarily not available error occurred while trying to reconnect, will try again...
2026-01-22 19:06:32.564 [info] [remote-connection][Management   ][d7c33…][reconnect] waiting for 30 seconds before reconnecting...
2026-01-22 19:06:32.564 [info] [remote-connection][ExtensionHost][b16be…][reconnect] A temporarily not available error occurred while trying to reconnect, will try again...
2026-01-22 19:06:32.564 [info] [remote-connection][ExtensionHost][b16be…][reconnect] waiting for 30 seconds before reconnecting...
2026-01-22 19:06:32.579 [warning] [mainThreadStorage] large extension state detected (extensionId: ms-vscode-remote.remote-ssh, global: true): 1773.46484375kb. Consider to use 'storageUri' or 'globalStorageUri' to store this data on disk instead.
2026-01-22 19:06:49.094 [info] [remote-connection][ExtensionHost][b16be…][reconnect] received socket timeout event (unacknowledgedMsgCount: 398, timeSinceOldestUnacknowledgedMsg: 901719, timeSinceLastReceivedSomeData: 967348).
2026-01-22 19:06:49.103 [info] [remote-connection][Management   ][d7c33…][reconnect] received socket timeout event (unacknowledgedMsgCount: 161, timeSinceOldestUnacknowledgedMsg: 921740, timeSinceLastReceivedSomeData: 968075).
2026-01-22 19:07:02.564 [info] [remote-connection][Management   ][d7c33…][reconnect] resolving connection...
2026-01-22 19:07:02.564 [info] Invoking resolveAuthority(ssh-remote)...
2026-01-22 19:07:02.564 [info] [LocalProcess0][resolveAuthority(ssh-remote,34)][0ms] obtaining proxy...
2026-01-22 19:07:02.564 [info] [LocalProcess0][resolveAuthority(ssh-remote,34)][0ms] invoking...
2026-01-22 19:07:02.569 [info] [remote-connection][ExtensionHost][b16be…][reconnect] resolving connection...
2026-01-22 19:07:03.564 [info] [LocalProcess0][resolveAuthority(ssh-remote,34)][1000ms] waiting...
2026-01-22 19:07:04.564 [info] [LocalProcess0][resolveAuthority(ssh-remote,34)][2000ms] waiting...
2026-01-22 19:07:05.564 [info] [LocalProcess0][resolveAuthority(ssh-remote,34)][3000ms] waiting...
2026-01-22 19:07:06.037 [error] [LocalProcess0][resolveAuthority(ssh-remote,34)][3473ms] returned an error {"code":"TemporarilyNotAvailable","message":"No route to host"}
2026-01-22 19:07:06.037 [error] resolveAuthority(ssh-remote) returned an error after 3473 ms No route to host
2026-01-22 19:07:06.037 [info] [remote-connection][Management   ][d7c33…][reconnect] A temporarily not available error occurred while trying to reconnect, will try again...
2026-01-22 19:07:06.037 [info] [remote-connection][Management   ][d7c33…][reconnect] waiting for 30 seconds before reconnecting...
2026-01-22 19:07:06.038 [info] [remote-connection][ExtensionHost][b16be…][reconnect] A temporarily not available error occurred while trying to reconnect, will try again...
2026-01-22 19:07:06.038 [info] [remote-connection][ExtensionHost][b16be…][reconnect] waiting for 30 seconds before reconnecting...
2026-01-22 19:07:06.057 [warning] [mainThreadStorage] large extension state detected (extensionId: ms-vscode-remote.remote-ssh, global: true): 1827.2158203125kb. Consider to use 'storageUri' or 'globalStorageUri' to store this data on disk instead.
2026-01-22 19:07:09.094 [info] [remote-connection][ExtensionHost][b16be…][reconnect] received socket timeout event (unacknowledgedMsgCount: 410, timeSinceOldestUnacknowledgedMsg: 921719, timeSinceLastReceivedSomeData: 987348).
2026-01-22 19:07:09.103 [info] [remote-connection][Management   ][d7c33…][reconnect] received socket timeout event (unacknowledgedMsgCount: 166, timeSinceOldestUnacknowledgedMsg: 941740, timeSinceLastReceivedSomeData: 988075).
2026-01-22 19:07:36.038 [info] [remote-connection][Management   ][d7c33…][reconnect] resolving connection...
2026-01-22 19:07:36.038 [info] Invoking resolveAuthority(ssh-remote)...
2026-01-22 19:07:36.038 [info] [LocalProcess0][resolveAuthority(ssh-remote,35)][0ms] obtaining proxy...
2026-01-22 19:07:36.038 [info] [LocalProcess0][resolveAuthority(ssh-remote,35)][0ms] invoking...
2026-01-22 19:07:36.040 [info] [remote-connection][ExtensionHost][b16be…][reconnect] received socket timeout event (unacknowledgedMsgCount: 411, timeSinceOldestUnacknowledgedMsg: 948664, timeSinceLastReceivedSomeData: 1014293).
2026-01-22 19:07:36.043 [info] [remote-connection][ExtensionHost][b16be…][reconnect] resolving connection...
2026-01-22 19:07:36.056 [info] [remote-connection][Management   ][d7c33…][reconnect] received socket timeout event (unacknowledgedMsgCount: 167, timeSinceOldestUnacknowledgedMsg: 968693, timeSinceLastReceivedSomeData: 1015028).
2026-01-22 19:07:37.038 [info] [LocalProcess0][resolveAuthority(ssh-remote,35)][1000ms] waiting...
2026-01-22 19:07:38.038 [info] [LocalProcess0][resolveAuthority(ssh-remote,35)][2000ms] waiting...
2026-01-22 19:07:39.038 [info] [LocalProcess0][resolveAuthority(ssh-remote,35)][3000ms] waiting...
2026-01-22 19:07:39.509 [error] [LocalProcess0][resolveAuthority(ssh-remote,35)][3471ms] returned an error {"code":"TemporarilyNotAvailable","message":"No route to host"}
2026-01-22 19:07:39.509 [error] resolveAuthority(ssh-remote) returned an error after 3472 ms No route to host
2026-01-22 19:07:39.509 [info] [remote-connection][Management   ][d7c33…][reconnect] A temporarily not available error occurred while trying to reconnect, will try again...
2026-01-22 19:07:39.509 [info] [remote-connection][Management   ][d7c33…][reconnect] waiting for 30 seconds before reconnecting...
2026-01-22 19:07:39.510 [info] [remote-connection][ExtensionHost][b16be…][reconnect] A temporarily not available error occurred while trying to reconnect, will try again...
2026-01-22 19:07:39.510 [info] [remote-connection][ExtensionHost][b16be…][reconnect] waiting for 30 seconds before reconnecting...
2026-01-22 19:07:39.526 [warning] [mainThreadStorage] large extension state detected (extensionId: ms-vscode-remote.remote-ssh, global: true): 1880.966796875kb. Consider to use 'storageUri' or 'globalStorageUri' to store this data on disk instead.
2026-01-22 19:07:56.039 [info] [remote-connection][ExtensionHost][b16be…][reconnect] received socket timeout event (unacknowledgedMsgCount: 422, timeSinceOldestUnacknowledgedMsg: 968664, timeSinceLastReceivedSomeData: 1034293).
2026-01-22 19:07:56.056 [info] [remote-connection][Management   ][d7c33…][reconnect] received socket timeout event (unacknowledgedMsgCount: 171, timeSinceOldestUnacknowledgedMsg: 988693, timeSinceLastReceivedSomeData: 1035028).
2026-01-22 19:08:09.510 [info] [remote-connection][Management   ][d7c33…][reconnect] resolving connection...
2026-01-22 19:08:09.510 [info] Invoking resolveAuthority(ssh-remote)...
2026-01-22 19:08:09.510 [info] [LocalProcess0][resolveAuthority(ssh-remote,36)][0ms] obtaining proxy...
2026-01-22 19:08:09.510 [info] [LocalProcess0][resolveAuthority(ssh-remote,36)][0ms] invoking...
2026-01-22 19:08:09.517 [info] [remote-connection][ExtensionHost][b16be…][reconnect] resolving connection...
2026-01-22 19:08:10.510 [info] [LocalProcess0][resolveAuthority(ssh-remote,36)][1000ms] waiting...
2026-01-22 19:08:11.510 [info] [LocalProcess0][resolveAuthority(ssh-remote,36)][2000ms] waiting...
2026-01-22 19:08:12.510 [info] [LocalProcess0][resolveAuthority(ssh-remote,36)][3000ms] waiting...
2026-01-22 19:08:12.980 [error] [LocalProcess0][resolveAuthority(ssh-remote,36)][3469ms] returned an error {"code":"TemporarilyNotAvailable","message":"No route to host"}
2026-01-22 19:08:12.980 [error] resolveAuthority(ssh-remote) returned an error after 3469 ms No route to host
2026-01-22 19:08:12.980 [info] [remote-connection][Management   ][d7c33…][reconnect] A temporarily not available error occurred while trying to reconnect, will try again...
2026-01-22 19:08:12.980 [info] [remote-connection][Management   ][d7c33…][reconnect] waiting for 30 seconds before reconnecting...
2026-01-22 19:08:12.980 [info] [remote-connection][ExtensionHost][b16be…][reconnect] A temporarily not available error occurred while trying to reconnect, will try again...
2026-01-22 19:08:12.980 [info] [remote-connection][ExtensionHost][b16be…][reconnect] waiting for 30 seconds before reconnecting...
2026-01-22 19:08:12.997 [warning] [mainThreadStorage] large extension state detected (extensionId: ms-vscode-remote.remote-ssh, global: true): 1934.7177734375kb. Consider to use 'storageUri' or 'globalStorageUri' to store this data on disk instead.
2026-01-22 19:08:16.040 [info] [remote-connection][ExtensionHost][b16be…][reconnect] received socket timeout event (unacknowledgedMsgCount: 434, timeSinceOldestUnacknowledgedMsg: 988664, timeSinceLastReceivedSomeData: 1054293).
2026-01-22 19:08:16.057 [info] [remote-connection][Management   ][d7c33…][reconnect] received socket timeout event (unacknowledgedMsgCount: 176, timeSinceOldestUnacknowledgedMsg: 1008693, timeSinceLastReceivedSomeData: 1055028).
2026-01-22 19:08:42.980 [info] [remote-connection][Management   ][d7c33…][reconnect] resolving connection...
2026-01-22 19:08:42.980 [info] Invoking resolveAuthority(ssh-remote)...
2026-01-22 19:08:42.981 [info] [LocalProcess0][resolveAuthority(ssh-remote,37)][0ms] obtaining proxy...
2026-01-22 19:08:42.981 [info] [LocalProcess0][resolveAuthority(ssh-remote,37)][0ms] invoking...
2026-01-22 19:08:42.982 [info] [remote-connection][ExtensionHost][b16be…][reconnect] received socket timeout event (unacknowledgedMsgCount: 435, timeSinceOldestUnacknowledgedMsg: 1015607, timeSinceLastReceivedSomeData: 1081236).
2026-01-22 19:08:42.985 [info] [remote-connection][ExtensionHost][b16be…][reconnect] resolving connection...
2026-01-22 19:08:42.991 [info] [remote-connection][Management   ][d7c33…][reconnect] received socket timeout event (unacknowledgedMsgCount: 177, timeSinceOldestUnacknowledgedMsg: 1035627, timeSinceLastReceivedSomeData: 1081962).
2026-01-22 19:08:43.981 [info] [LocalProcess0][resolveAuthority(ssh-remote,37)][1000ms] waiting...
2026-01-22 19:08:44.981 [info] [LocalProcess0][resolveAuthority(ssh-remote,37)][2000ms] waiting...
2026-01-22 19:08:45.981 [info] [LocalProcess0][resolveAuthority(ssh-remote,37)][3000ms] waiting...
2026-01-22 19:08:46.452 [error] [LocalProcess0][resolveAuthority(ssh-remote,37)][3471ms] returned an error {"code":"TemporarilyNotAvailable","message":"No route to host"}
2026-01-22 19:08:46.452 [error] resolveAuthority(ssh-remote) returned an error after 3472 ms No route to host
2026-01-22 19:08:46.452 [info] [remote-connection][Management   ][d7c33…][reconnect] A temporarily not available error occurred while trying to reconnect, will try again...
2026-01-22 19:08:46.452 [info] [remote-connection][Management   ][d7c33…][reconnect] waiting for 30 seconds before reconnecting...
2026-01-22 19:08:46.452 [info] [remote-connection][ExtensionHost][b16be…][reconnect] A temporarily not available error occurred while trying to reconnect, will try again...
2026-01-22 19:08:46.452 [info] [remote-connection][ExtensionHost][b16be…][reconnect] waiting for 30 seconds before reconnecting...
2026-01-22 19:08:46.471 [warning] [mainThreadStorage] large extension state detected (extensionId: ms-vscode-remote.remote-ssh, global: true): 1988.46875kb. Consider to use 'storageUri' or 'globalStorageUri' to store this data on disk instead.
2026-01-22 19:09:02.983 [info] [remote-connection][ExtensionHost][b16be…][reconnect] received socket timeout event (unacknowledgedMsgCount: 446, timeSinceOldestUnacknowledgedMsg: 1035607, timeSinceLastReceivedSomeData: 1101236).
2026-01-22 19:09:02.990 [info] [remote-connection][Management   ][d7c33…][reconnect] received socket timeout event (unacknowledgedMsgCount: 181, timeSinceOldestUnacknowledgedMsg: 1055627, timeSinceLastReceivedSomeData: 1101962).
2026-01-22 19:09:16.452 [info] [remote-connection][Management   ][d7c33…][reconnect] resolving connection...
2026-01-22 19:09:16.453 [info] Invoking resolveAuthority(ssh-remote)...
2026-01-22 19:09:16.453 [info] [LocalProcess0][resolveAuthority(ssh-remote,38)][0ms] obtaining proxy...
2026-01-22 19:09:16.453 [info] [LocalProcess0][resolveAuthority(ssh-remote,38)][1ms] invoking...
2026-01-22 19:09:16.457 [info] [remote-connection][ExtensionHost][b16be…][reconnect] resolving connection...
2026-01-22 19:09:17.453 [info] [LocalProcess0][resolveAuthority(ssh-remote,38)][1001ms] waiting...
2026-01-22 19:09:18.453 [info] [LocalProcess0][resolveAuthority(ssh-remote,38)][2001ms] waiting...
2026-01-22 19:09:19.453 [info] [LocalProcess0][resolveAuthority(ssh-remote,38)][3001ms] waiting...
2026-01-22 19:09:19.925 [error] [LocalProcess0][resolveAuthority(ssh-remote,38)][3473ms] returned an error {"code":"TemporarilyNotAvailable","message":"No route to host"}
2026-01-22 19:09:19.926 [error] resolveAuthority(ssh-remote) returned an error after 3473 ms No route to host
2026-01-22 19:09:19.926 [info] [remote-connection][Management   ][d7c33…][reconnect] A temporarily not available error occurred while trying to reconnect, will try again...
2026-01-22 19:09:19.926 [info] [remote-connection][Management   ][d7c33…][reconnect] waiting for 30 seconds before reconnecting...
2026-01-22 19:09:19.926 [info] [remote-connection][ExtensionHost][b16be…][reconnect] A temporarily not available error occurred while trying to reconnect, will try again...
2026-01-22 19:09:19.926 [info] [remote-connection][ExtensionHost][b16be…][reconnect] waiting for 30 seconds before reconnecting...
2026-01-22 19:09:19.943 [warning] [mainThreadStorage] large extension state detected (extensionId: ms-vscode-remote.remote-ssh, global: true): 2042.2197265625kb. Consider to use 'storageUri' or 'globalStorageUri' to store this data on disk instead.
2026-01-22 19:09:22.983 [info] [remote-connection][ExtensionHost][b16be…][reconnect] received socket timeout event (unacknowledgedMsgCount: 458, timeSinceOldestUnacknowledgedMsg: 1055607, timeSinceLastReceivedSomeData: 1121236).
2026-01-22 19:09:22.990 [info] [remote-connection][Management   ][d7c33…][reconnect] received socket timeout event (unacknowledgedMsgCount: 186, timeSinceOldestUnacknowledgedMsg: 1075627, timeSinceLastReceivedSomeData: 1121962).
2026-01-22 19:09:49.926 [info] [remote-connection][Management   ][d7c33…][reconnect] resolving connection...
2026-01-22 19:09:49.926 [info] Invoking resolveAuthority(ssh-remote)...
2026-01-22 19:09:49.926 [info] [LocalProcess0][resolveAuthority(ssh-remote,39)][0ms] obtaining proxy...
2026-01-22 19:09:49.927 [info] [LocalProcess0][resolveAuthority(ssh-remote,39)][0ms] invoking...
2026-01-22 19:09:49.928 [info] [remote-connection][ExtensionHost][b16be…][reconnect] received socket timeout event (unacknowledgedMsgCount: 459, timeSinceOldestUnacknowledgedMsg: 1082553, timeSinceLastReceivedSomeData: 1148182).
2026-01-22 19:09:49.931 [info] [remote-connection][ExtensionHost][b16be…][reconnect] resolving connection...
2026-01-22 19:09:49.937 [info] [remote-connection][Management   ][d7c33…][reconnect] received socket timeout event (unacknowledgedMsgCount: 187, timeSinceOldestUnacknowledgedMsg: 1102573, timeSinceLastReceivedSomeData: 1148908).
2026-01-22 19:09:50.927 [info] [LocalProcess0][resolveAuthority(ssh-remote,39)][1000ms] waiting...
2026-01-22 19:09:51.927 [info] [LocalProcess0][resolveAuthority(ssh-remote,39)][2000ms] waiting...
2026-01-22 19:09:52.927 [info] [LocalProcess0][resolveAuthority(ssh-remote,39)][3000ms] waiting...
2026-01-22 19:09:53.402 [error] [LocalProcess0][resolveAuthority(ssh-remote,39)][3476ms] returned an error {"code":"TemporarilyNotAvailable","message":"No route to host"}
2026-01-22 19:09:53.403 [error] resolveAuthority(ssh-remote) returned an error after 3476 ms No route to host
2026-01-22 19:09:53.403 [info] [remote-connection][Management   ][d7c33…][reconnect] A temporarily not available error occurred while trying to reconnect, will try again...
2026-01-22 19:09:53.403 [info] [remote-connection][Management   ][d7c33…][reconnect] waiting for 30 seconds before reconnecting...
2026-01-22 19:09:53.403 [info] [remote-connection][ExtensionHost][b16be…][reconnect] A temporarily not available error occurred while trying to reconnect, will try again...
2026-01-22 19:09:53.403 [info] [remote-connection][ExtensionHost][b16be…][reconnect] waiting for 30 seconds before reconnecting...
2026-01-22 19:09:53.423 [warning] [mainThreadStorage] large extension state detected (extensionId: ms-vscode-remote.remote-ssh, global: true): 2095.970703125kb. Consider to use 'storageUri' or 'globalStorageUri' to store this data on disk instead.
2026-01-22 19:10:09.929 [info] [remote-connection][ExtensionHost][b16be…][reconnect] received socket timeout event (unacknowledgedMsgCount: 470, timeSinceOldestUnacknowledgedMsg: 1102553, timeSinceLastReceivedSomeData: 1168182).
2026-01-22 19:10:09.936 [info] [remote-connection][Management   ][d7c33…][reconnect] received socket timeout event (unacknowledgedMsgCount: 191, timeSinceOldestUnacknowledgedMsg: 1122573, timeSinceLastReceivedSomeData: 1168908).
2026-01-22 19:10:23.403 [info] [remote-connection][Management   ][d7c33…][reconnect] resolving connection...
2026-01-22 19:10:23.403 [info] Invoking resolveAuthority(ssh-remote)...
2026-01-22 19:10:23.403 [info] [LocalProcess0][resolveAuthority(ssh-remote,40)][0ms] obtaining proxy...
2026-01-22 19:10:23.404 [info] [LocalProcess0][resolveAuthority(ssh-remote,40)][0ms] invoking...
2026-01-22 19:10:23.412 [info] [remote-connection][ExtensionHost][b16be…][reconnect] resolving connection...
2026-01-22 19:10:24.404 [info] [LocalProcess0][resolveAuthority(ssh-remote,40)][1000ms] waiting...
2026-01-22 19:10:25.404 [info] [LocalProcess0][resolveAuthority(ssh-remote,40)][2000ms] waiting...
2026-01-22 19:10:26.404 [info] [LocalProcess0][resolveAuthority(ssh-remote,40)][3000ms] waiting...
2026-01-22 19:10:26.875 [error] [LocalProcess0][resolveAuthority(ssh-remote,40)][3472ms] returned an error {"code":"TemporarilyNotAvailable","message":"No route to host"}
2026-01-22 19:10:26.875 [error] resolveAuthority(ssh-remote) returned an error after 3472 ms No route to host
2026-01-22 19:10:26.875 [info] [remote-connection][Management   ][d7c33…][reconnect] A temporarily not available error occurred while trying to reconnect, will try again...
2026-01-22 19:10:26.875 [info] [remote-connection][Management   ][d7c33…][reconnect] waiting for 30 seconds before reconnecting...
2026-01-22 19:10:26.876 [info] [remote-connection][ExtensionHost][b16be…][reconnect] A temporarily not available error occurred while trying to reconnect, will try again...
2026-01-22 19:10:26.876 [info] [remote-connection][ExtensionHost][b16be…][reconnect] waiting for 30 seconds before reconnecting...
2026-01-22 19:10:26.895 [warning] [mainThreadStorage] large extension state detected (extensionId: ms-vscode-remote.remote-ssh, global: true): 2149.7216796875kb. Consider to use 'storageUri' or 'globalStorageUri' to store this data on disk instead.
2026-01-22 19:10:29.928 [info] [remote-connection][ExtensionHost][b16be…][reconnect] received socket timeout event (unacknowledgedMsgCount: 482, timeSinceOldestUnacknowledgedMsg: 1122553, timeSinceLastReceivedSomeData: 1188182).
2026-01-22 19:10:29.936 [info] [remote-connection][Management   ][d7c33…][reconnect] received socket timeout event (unacknowledgedMsgCount: 196, timeSinceOldestUnacknowledgedMsg: 1142573, timeSinceLastReceivedSomeData: 1188908).
2026-01-22 19:10:56.876 [info] [remote-connection][Management   ][d7c33…][reconnect] resolving connection...
2026-01-22 19:10:56.876 [info] Invoking resolveAuthority(ssh-remote)...
2026-01-22 19:10:56.876 [info] [LocalProcess0][resolveAuthority(ssh-remote,41)][0ms] obtaining proxy...
2026-01-22 19:10:56.876 [info] [LocalProcess0][resolveAuthority(ssh-remote,41)][0ms] invoking...
2026-01-22 19:10:56.878 [info] [remote-connection][ExtensionHost][b16be…][reconnect] received socket timeout event (unacknowledgedMsgCount: 483, timeSinceOldestUnacknowledgedMsg: 1149502, timeSinceLastReceivedSomeData: 1215131).
2026-01-22 19:10:56.880 [info] [remote-connection][ExtensionHost][b16be…][reconnect] resolving connection...
2026-01-22 19:10:56.886 [info] [remote-connection][Management   ][d7c33…][reconnect] received socket timeout event (unacknowledgedMsgCount: 197, timeSinceOldestUnacknowledgedMsg: 1169523, timeSinceLastReceivedSomeData: 1215858).
2026-01-22 19:10:57.876 [info] [LocalProcess0][resolveAuthority(ssh-remote,41)][1000ms] waiting...
2026-01-22 19:10:58.876 [info] [LocalProcess0][resolveAuthority(ssh-remote,41)][2000ms] waiting...
2026-01-22 19:10:59.876 [info] [LocalProcess0][resolveAuthority(ssh-remote,41)][3000ms] waiting...
2026-01-22 19:11:00.347 [error] [LocalProcess0][resolveAuthority(ssh-remote,41)][3471ms] returned an error {"code":"TemporarilyNotAvailable","message":"No route to host"}
2026-01-22 19:11:00.348 [error] resolveAuthority(ssh-remote) returned an error after 3471 ms No route to host
2026-01-22 19:11:00.348 [info] [remote-connection][Management   ][d7c33…][reconnect] A temporarily not available error occurred while trying to reconnect, will try again...
2026-01-22 19:11:00.348 [info] [remote-connection][Management   ][d7c33…][reconnect] waiting for 30 seconds before reconnecting...
2026-01-22 19:11:00.348 [info] [remote-connection][ExtensionHost][b16be…][reconnect] A temporarily not available error occurred while trying to reconnect, will try again...
2026-01-22 19:11:00.348 [info] [remote-connection][ExtensionHost][b16be…][reconnect] waiting for 30 seconds before reconnecting...
2026-01-22 19:11:00.370 [warning] [mainThreadStorage] large extension state detected (extensionId: ms-vscode-remote.remote-ssh, global: true): 2203.47265625kb. Consider to use 'storageUri' or 'globalStorageUri' to store this data on disk instead.
2026-01-22 19:11:16.877 [info] [remote-connection][ExtensionHost][b16be…][reconnect] received socket timeout event (unacknowledgedMsgCount: 494, timeSinceOldestUnacknowledgedMsg: 1169502, timeSinceLastReceivedSomeData: 1235131).
2026-01-22 19:11:16.886 [info] [remote-connection][Management   ][d7c33…][reconnect] received socket timeout event (unacknowledgedMsgCount: 201, timeSinceOldestUnacknowledgedMsg: 1189523, timeSinceLastReceivedSomeData: 1235858).
2026-01-22 19:11:30.348 [info] [remote-connection][Management   ][d7c33…][reconnect] resolving connection...
2026-01-22 19:11:30.348 [info] Invoking resolveAuthority(ssh-remote)...
2026-01-22 19:11:30.348 [info] [LocalProcess0][resolveAuthority(ssh-remote,42)][0ms] obtaining proxy...
2026-01-22 19:11:30.349 [info] [LocalProcess0][resolveAuthority(ssh-remote,42)][0ms] invoking...
2026-01-22 19:11:30.353 [info] [remote-connection][ExtensionHost][b16be…][reconnect] resolving connection...
2026-01-22 19:11:31.349 [info] [LocalProcess0][resolveAuthority(ssh-remote,42)][1000ms] waiting...
2026-01-22 19:11:32.349 [info] [LocalProcess0][resolveAuthority(ssh-remote,42)][2000ms] waiting...
2026-01-22 19:11:33.349 [info] [LocalProcess0][resolveAuthority(ssh-remote,42)][3000ms] waiting...
2026-01-22 19:11:33.828 [error] [LocalProcess0][resolveAuthority(ssh-remote,42)][3480ms] returned an error {"code":"TemporarilyNotAvailable","message":"No route to host"}
2026-01-22 19:11:33.828 [error] resolveAuthority(ssh-remote) returned an error after 3480 ms No route to host
2026-01-22 19:11:33.828 [info] [remote-connection][Management   ][d7c33…][reconnect] A temporarily not available error occurred while trying to reconnect, will try again...
2026-01-22 19:11:33.828 [info] [remote-connection][Management   ][d7c33…][reconnect] waiting for 30 seconds before reconnecting...
2026-01-22 19:11:33.828 [info] [remote-connection][ExtensionHost][b16be…][reconnect] A temporarily not available error occurred while trying to reconnect, will try again...
2026-01-22 19:11:33.828 [info] [remote-connection][ExtensionHost][b16be…][reconnect] waiting for 30 seconds before reconnecting...
2026-01-22 19:11:33.849 [warning] [mainThreadStorage] large extension state detected (extensionId: ms-vscode-remote.remote-ssh, global: true): 2257.2236328125kb. Consider to use 'storageUri' or 'globalStorageUri' to store this data on disk instead.
2026-01-22 19:11:36.877 [info] [remote-connection][ExtensionHost][b16be…][reconnect] received socket timeout event (unacknowledgedMsgCount: 506, timeSinceOldestUnacknowledgedMsg: 1189502, timeSinceLastReceivedSomeData: 1255131).
2026-01-22 19:11:36.886 [info] [remote-connection][Management   ][d7c33…][reconnect] received socket timeout event (unacknowledgedMsgCount: 206, timeSinceOldestUnacknowledgedMsg: 1209523, timeSinceLastReceivedSomeData: 1255858).
2026-01-22 19:12:03.829 [info] [remote-connection][Management   ][d7c33…][reconnect] resolving connection...
2026-01-22 19:12:03.829 [info] Invoking resolveAuthority(ssh-remote)...
2026-01-22 19:12:03.839 [info] [LocalProcess0][resolveAuthority(ssh-remote,43)][0ms] obtaining proxy...
2026-01-22 19:12:03.839 [info] [LocalProcess0][resolveAuthority(ssh-remote,43)][0ms] invoking...
2026-01-22 19:12:03.839 [info] [remote-connection][ExtensionHost][b16be…][reconnect] received socket timeout event (unacknowledgedMsgCount: 507, timeSinceOldestUnacknowledgedMsg: 1216455, timeSinceLastReceivedSomeData: 1282084).
2026-01-22 19:12:03.839 [info] [remote-connection][ExtensionHost][b16be…][reconnect] resolving connection...
2026-01-22 19:12:03.839 [info] [remote-connection][Management   ][d7c33…][reconnect] received socket timeout event (unacknowledgedMsgCount: 207, timeSinceOldestUnacknowledgedMsg: 1236475, timeSinceLastReceivedSomeData: 1282810).
2026-01-22 19:12:04.829 [info] [LocalProcess0][resolveAuthority(ssh-remote,43)][1000ms] waiting...
2026-01-22 19:12:05.829 [info] [LocalProcess0][resolveAuthority(ssh-remote,43)][2000ms] waiting...
2026-01-22 19:12:06.829 [info] [LocalProcess0][resolveAuthority(ssh-remote,43)][3000ms] waiting...
2026-01-22 19:12:07.292 [error] [LocalProcess0][resolveAuthority(ssh-remote,43)][3462ms] returned an error {"code":"TemporarilyNotAvailable","message":"No route to host"}
2026-01-22 19:12:07.292 [error] resolveAuthority(ssh-remote) returned an error after 3463 ms No route to host
2026-01-22 19:12:07.292 [info] [remote-connection][Management   ][d7c33…][reconnect] A temporarily not available error occurred while trying to reconnect, will try again...
2026-01-22 19:12:07.292 [info] [remote-connection][Management   ][d7c33…][reconnect] waiting for 30 seconds before reconnecting...
2026-01-22 19:12:07.292 [info] [remote-connection][ExtensionHost][b16be…][reconnect] A temporarily not available error occurred while trying to reconnect, will try again...
2026-01-22 19:12:07.292 [info] [remote-connection][ExtensionHost][b16be…][reconnect] waiting for 30 seconds before reconnecting...
2026-01-22 19:12:07.314 [warning] [mainThreadStorage] large extension state detected (extensionId: ms-vscode-remote.remote-ssh, global: true): 2310.974609375kb. Consider to use 'storageUri' or 'globalStorageUri' to store this data on disk instead.
2026-01-22 19:12:23.831 [info] [remote-connection][ExtensionHost][b16be…][reconnect] received socket timeout event (unacknowledgedMsgCount: 518, timeSinceOldestUnacknowledgedMsg: 1236456, timeSinceLastReceivedSomeData: 1302085).
2026-01-22 19:12:23.838 [info] [remote-connection][Management   ][d7c33…][reconnect] received socket timeout event (unacknowledgedMsgCount: 211, timeSinceOldestUnacknowledgedMsg: 1256475, timeSinceLastReceivedSomeData: 1302810).
2026-01-22 19:12:37.292 [info] [remote-connection][Management   ][d7c33…][reconnect] resolving connection...
2026-01-22 19:12:37.292 [info] Invoking resolveAuthority(ssh-remote)...
2026-01-22 19:12:37.293 [info] [LocalProcess0][resolveAuthority(ssh-remote,44)][0ms] obtaining proxy...
2026-01-22 19:12:37.293 [info] [LocalProcess0][resolveAuthority(ssh-remote,44)][0ms] invoking...
2026-01-22 19:12:37.299 [info] [remote-connection][ExtensionHost][b16be…][reconnect] resolving connection...
2026-01-22 19:12:38.293 [info] [LocalProcess0][resolveAuthority(ssh-remote,44)][1001ms] waiting...
2026-01-22 19:12:39.293 [info] [LocalProcess0][resolveAuthority(ssh-remote,44)][2001ms] waiting...
2026-01-22 19:12:40.293 [info] [LocalProcess0][resolveAuthority(ssh-remote,44)][3001ms] waiting...
2026-01-22 19:12:40.761 [error] [LocalProcess0][resolveAuthority(ssh-remote,44)][3469ms] returned an error {"code":"TemporarilyNotAvailable","message":"No route to host"}
2026-01-22 19:12:40.761 [error] resolveAuthority(ssh-remote) returned an error after 3469 ms No route to host
2026-01-22 19:12:40.762 [info] [remote-connection][Management   ][d7c33…][reconnect] A temporarily not available error occurred while trying to reconnect, will try again...
2026-01-22 19:12:40.762 [info] [remote-connection][Management   ][d7c33…][reconnect] waiting for 30 seconds before reconnecting...
2026-01-22 19:12:40.762 [info] [remote-connection][ExtensionHost][b16be…][reconnect] A temporarily not available error occurred while trying to reconnect, will try again...
2026-01-22 19:12:40.762 [info] [remote-connection][ExtensionHost][b16be…][reconnect] waiting for 30 seconds before reconnecting...
2026-01-22 19:12:40.783 [warning] [mainThreadStorage] large extension state detected (extensionId: ms-vscode-remote.remote-ssh, global: true): 2364.7255859375kb. Consider to use 'storageUri' or 'globalStorageUri' to store this data on disk instead.
2026-01-22 19:12:43.831 [info] [remote-connection][ExtensionHost][b16be…][reconnect] received socket timeout event (unacknowledgedMsgCount: 530, timeSinceOldestUnacknowledgedMsg: 1256456, timeSinceLastReceivedSomeData: 1322085).
2026-01-22 19:12:43.838 [info] [remote-connection][Management   ][d7c33…][reconnect] received socket timeout event (unacknowledgedMsgCount: 216, timeSinceOldestUnacknowledgedMsg: 1276475, timeSinceLastReceivedSomeData: 1322810).
2026-01-22 19:13:10.762 [info] [remote-connection][Management   ][d7c33…][reconnect] resolving connection...
2026-01-22 19:13:10.762 [info] Invoking resolveAuthority(ssh-remote)...
2026-01-22 19:13:10.762 [info] [LocalProcess0][resolveAuthority(ssh-remote,45)][0ms] obtaining proxy...
2026-01-22 19:13:10.762 [info] [LocalProcess0][resolveAuthority(ssh-remote,45)][0ms] invoking...
2026-01-22 19:13:10.764 [info] [remote-connection][ExtensionHost][b16be…][reconnect] received socket timeout event (unacknowledgedMsgCount: 531, timeSinceOldestUnacknowledgedMsg: 1283389, timeSinceLastReceivedSomeData: 1349018).
2026-01-22 19:13:10.771 [info] [remote-connection][ExtensionHost][b16be…][reconnect] resolving connection...
2026-01-22 19:13:10.776 [info] [remote-connection][Management   ][d7c33…][reconnect] received socket timeout event (unacknowledgedMsgCount: 217, timeSinceOldestUnacknowledgedMsg: 1303413, timeSinceLastReceivedSomeData: 1349748).
2026-01-22 19:13:11.763 [info] [LocalProcess0][resolveAuthority(ssh-remote,45)][1000ms] waiting...
2026-01-22 19:13:12.762 [info] [LocalProcess0][resolveAuthority(ssh-remote,45)][2000ms] waiting...
2026-01-22 19:13:13.763 [info] [LocalProcess0][resolveAuthority(ssh-remote,45)][3000ms] waiting...
2026-01-22 19:13:14.235 [error] [LocalProcess0][resolveAuthority(ssh-remote,45)][3473ms] returned an error {"code":"TemporarilyNotAvailable","message":"No route to host"}
2026-01-22 19:13:14.236 [error] resolveAuthority(ssh-remote) returned an error after 3473 ms No route to host
2026-01-22 19:13:14.236 [info] [remote-connection][Management   ][d7c33…][reconnect] A temporarily not available error occurred while trying to reconnect, will try again...
2026-01-22 19:13:14.236 [info] [remote-connection][Management   ][d7c33…][reconnect] waiting for 30 seconds before reconnecting...
2026-01-22 19:13:14.236 [info] [remote-connection][ExtensionHost][b16be…][reconnect] A temporarily not available error occurred while trying to reconnect, will try again...
2026-01-22 19:13:14.236 [info] [remote-connection][ExtensionHost][b16be…][reconnect] waiting for 30 seconds before reconnecting...
2026-01-22 19:13:14.256 [warning] [mainThreadStorage] large extension state detected (extensionId: ms-vscode-remote.remote-ssh, global: true): 2418.4765625kb. Consider to use 'storageUri' or 'globalStorageUri' to store this data on disk instead.
2026-01-22 19:13:30.764 [info] [remote-connection][ExtensionHost][b16be…][reconnect] received socket timeout event (unacknowledgedMsgCount: 542, timeSinceOldestUnacknowledgedMsg: 1303389, timeSinceLastReceivedSomeData: 1369018).
2026-01-22 19:13:30.776 [info] [remote-connection][Management   ][d7c33…][reconnect] received socket timeout event (unacknowledgedMsgCount: 221, timeSinceOldestUnacknowledgedMsg: 1323413, timeSinceLastReceivedSomeData: 1369748).
2026-01-22 19:13:44.236 [info] [remote-connection][Management   ][d7c33…][reconnect] resolving connection...
2026-01-22 19:13:44.236 [info] Invoking resolveAuthority(ssh-remote)...
2026-01-22 19:13:44.237 [info] [LocalProcess0][resolveAuthority(ssh-remote,46)][0ms] obtaining proxy...
2026-01-22 19:13:44.237 [info] [LocalProcess0][resolveAuthority(ssh-remote,46)][0ms] invoking...
2026-01-22 19:13:44.241 [info] [remote-connection][ExtensionHost][b16be…][reconnect] resolving connection...
2026-01-22 19:13:45.237 [info] [LocalProcess0][resolveAuthority(ssh-remote,46)][1000ms] waiting...
2026-01-22 19:13:46.237 [info] [LocalProcess0][resolveAuthority(ssh-remote,46)][2000ms] waiting...
2026-01-22 19:13:47.237 [info] [LocalProcess0][resolveAuthority(ssh-remote,46)][3000ms] waiting...
2026-01-22 19:13:47.708 [error] [LocalProcess0][resolveAuthority(ssh-remote,46)][3472ms] returned an error {"code":"TemporarilyNotAvailable","message":"No route to host"}
2026-01-22 19:13:47.709 [error] resolveAuthority(ssh-remote) returned an error after 3472 ms No route to host
2026-01-22 19:13:47.709 [info] [remote-connection][Management   ][d7c33…][reconnect] A temporarily not available error occurred while trying to reconnect, will try again...
2026-01-22 19:13:47.709 [info] [remote-connection][Management   ][d7c33…][reconnect] waiting for 30 seconds before reconnecting...
2026-01-22 19:13:47.709 [info] [remote-connection][ExtensionHost][b16be…][reconnect] A temporarily not available error occurred while trying to reconnect, will try again...
2026-01-22 19:13:47.709 [info] [remote-connection][ExtensionHost][b16be…][reconnect] waiting for 30 seconds before reconnecting...
2026-01-22 19:13:47.731 [warning] [mainThreadStorage] large extension state detected (extensionId: ms-vscode-remote.remote-ssh, global: true): 2472.2275390625kb. Consider to use 'storageUri' or 'globalStorageUri' to store this data on disk instead.
2026-01-22 19:13:50.765 [info] [remote-connection][ExtensionHost][b16be…][reconnect] received socket timeout event (unacknowledgedMsgCount: 554, timeSinceOldestUnacknowledgedMsg: 1323389, timeSinceLastReceivedSomeData: 1389018).
2026-01-22 19:13:50.777 [info] [remote-connection][Management   ][d7c33…][reconnect] received socket timeout event (unacknowledgedMsgCount: 226, timeSinceOldestUnacknowledgedMsg: 1343413, timeSinceLastReceivedSomeData: 1389748).
2026-01-22 19:14:17.709 [info] [remote-connection][Management   ][d7c33…][reconnect] resolving connection...
2026-01-22 19:14:17.709 [info] Invoking resolveAuthority(ssh-remote)...
2026-01-22 19:14:17.709 [info] [LocalProcess0][resolveAuthority(ssh-remote,47)][0ms] obtaining proxy...
2026-01-22 19:14:17.710 [info] [LocalProcess0][resolveAuthority(ssh-remote,47)][0ms] invoking...
2026-01-22 19:14:17.711 [info] [remote-connection][ExtensionHost][b16be…][reconnect] received socket timeout event (unacknowledgedMsgCount: 555, timeSinceOldestUnacknowledgedMsg: 1350336, timeSinceLastReceivedSomeData: 1415965).
2026-01-22 19:14:17.714 [info] [remote-connection][ExtensionHost][b16be…][reconnect] resolving connection...
2026-01-22 19:14:17.719 [info] [remote-connection][Management   ][d7c33…][reconnect] received socket timeout event (unacknowledgedMsgCount: 227, timeSinceOldestUnacknowledgedMsg: 1370356, timeSinceLastReceivedSomeData: 1416691).
2026-01-22 19:14:18.710 [info] [LocalProcess0][resolveAuthority(ssh-remote,47)][1000ms] waiting...
2026-01-22 19:14:19.710 [info] [LocalProcess0][resolveAuthority(ssh-remote,47)][2000ms] waiting...
2026-01-22 19:14:20.710 [info] [LocalProcess0][resolveAuthority(ssh-remote,47)][3000ms] waiting...
2026-01-22 19:14:21.178 [error] [LocalProcess0][resolveAuthority(ssh-remote,47)][3469ms] returned an error {"code":"TemporarilyNotAvailable","message":"No route to host"}
2026-01-22 19:14:21.178 [error] resolveAuthority(ssh-remote) returned an error after 3469 ms No route to host
2026-01-22 19:14:21.179 [info] [remote-connection][Management   ][d7c33…][reconnect] A temporarily not available error occurred while trying to reconnect, will try again...
2026-01-22 19:14:21.179 [info] [remote-connection][Management   ][d7c33…][reconnect] waiting for 30 seconds before reconnecting...
2026-01-22 19:14:21.179 [info] [remote-connection][ExtensionHost][b16be…][reconnect] A temporarily not available error occurred while trying to reconnect, will try again...
2026-01-22 19:14:21.179 [info] [remote-connection][ExtensionHost][b16be…][reconnect] waiting for 30 seconds before reconnecting...
2026-01-22 19:14:21.200 [warning] [mainThreadStorage] large extension state detected (extensionId: ms-vscode-remote.remote-ssh, global: true): 2525.978515625kb. Consider to use 'storageUri' or 'globalStorageUri' to store this data on disk instead.
2026-01-22 19:14:37.711 [info] [remote-connection][ExtensionHost][b16be…][reconnect] received socket timeout event (unacknowledgedMsgCount: 566, timeSinceOldestUnacknowledgedMsg: 1370336, timeSinceLastReceivedSomeData: 1435965).
2026-01-22 19:14:37.719 [info] [remote-connection][Management   ][d7c33…][reconnect] received socket timeout event (unacknowledgedMsgCount: 231, timeSinceOldestUnacknowledgedMsg: 1390356, timeSinceLastReceivedSomeData: 1436691).
2026-01-22 19:14:51.179 [info] [remote-connection][Management   ][d7c33…][reconnect] resolving connection...
2026-01-22 19:14:51.179 [info] Invoking resolveAuthority(ssh-remote)...
2026-01-22 19:14:51.179 [info] [LocalProcess0][resolveAuthority(ssh-remote,48)][0ms] obtaining proxy...
2026-01-22 19:14:51.179 [info] [LocalProcess0][resolveAuthority(ssh-remote,48)][0ms] invoking...
2026-01-22 19:14:51.184 [info] [remote-connection][ExtensionHost][b16be…][reconnect] resolving connection...
2026-01-22 19:14:52.179 [info] [LocalProcess0][resolveAuthority(ssh-remote,48)][1000ms] waiting...
2026-01-22 19:14:53.180 [info] [LocalProcess0][resolveAuthority(ssh-remote,48)][2000ms] waiting...
2026-01-22 19:14:54.180 [info] [LocalProcess0][resolveAuthority(ssh-remote,48)][3000ms] waiting...
2026-01-22 19:14:54.655 [error] [LocalProcess0][resolveAuthority(ssh-remote,48)][3475ms] returned an error {"code":"TemporarilyNotAvailable","message":"No route to host"}
2026-01-22 19:14:54.655 [error] resolveAuthority(ssh-remote) returned an error after 3475 ms No route to host
2026-01-22 19:14:54.655 [info] [remote-connection][Management   ][d7c33…][reconnect] A temporarily not available error occurred while trying to reconnect, will try again...
2026-01-22 19:14:54.655 [info] [remote-connection][Management   ][d7c33…][reconnect] waiting for 30 seconds before reconnecting...
2026-01-22 19:14:54.655 [info] [remote-connection][ExtensionHost][b16be…][reconnect] A temporarily not available error occurred while trying to reconnect, will try again...
2026-01-22 19:14:54.655 [info] [remote-connection][ExtensionHost][b16be…][reconnect] waiting for 30 seconds before reconnecting...
2026-01-22 19:14:54.678 [warning] [mainThreadStorage] large extension state detected (extensionId: ms-vscode-remote.remote-ssh, global: true): 2579.7294921875kb. Consider to use 'storageUri' or 'globalStorageUri' to store this data on disk instead.
2026-01-22 19:14:57.711 [info] [remote-connection][ExtensionHost][b16be…][reconnect] received socket timeout event (unacknowledgedMsgCount: 578, timeSinceOldestUnacknowledgedMsg: 1390336, timeSinceLastReceivedSomeData: 1455965).
2026-01-22 19:14:57.720 [info] [remote-connection][Management   ][d7c33…][reconnect] received socket timeout event (unacknowledgedMsgCount: 236, timeSinceOldestUnacknowledgedMsg: 1410356, timeSinceLastReceivedSomeData: 1456691).
2026-01-22 19:15:24.655 [info] [remote-connection][Management   ][d7c33…][reconnect] resolving connection...
2026-01-22 19:15:24.656 [info] Invoking resolveAuthority(ssh-remote)...
2026-01-22 19:15:24.656 [info] [LocalProcess0][resolveAuthority(ssh-remote,49)][0ms] obtaining proxy...
2026-01-22 19:15:24.656 [info] [LocalProcess0][resolveAuthority(ssh-remote,49)][0ms] invoking...
2026-01-22 19:15:24.657 [info] [remote-connection][ExtensionHost][b16be…][reconnect] received socket timeout event (unacknowledgedMsgCount: 579, timeSinceOldestUnacknowledgedMsg: 1417282, timeSinceLastReceivedSomeData: 1482911).
2026-01-22 19:15:24.661 [info] [remote-connection][ExtensionHost][b16be…][reconnect] resolving connection...
2026-01-22 19:15:24.666 [info] [remote-connection][Management   ][d7c33…][reconnect] received socket timeout event (unacknowledgedMsgCount: 237, timeSinceOldestUnacknowledgedMsg: 1437303, timeSinceLastReceivedSomeData: 1483638).
2026-01-22 19:15:25.656 [info] [LocalProcess0][resolveAuthority(ssh-remote,49)][1001ms] waiting...
2026-01-22 19:15:26.656 [info] [LocalProcess0][resolveAuthority(ssh-remote,49)][2001ms] waiting...
2026-01-22 19:15:27.656 [info] [LocalProcess0][resolveAuthority(ssh-remote,49)][3001ms] waiting...
2026-01-22 19:15:28.126 [error] [LocalProcess0][resolveAuthority(ssh-remote,49)][3471ms] returned an error {"code":"TemporarilyNotAvailable","message":"No route to host"}
2026-01-22 19:15:28.126 [error] resolveAuthority(ssh-remote) returned an error after 3471 ms No route to host
2026-01-22 19:15:28.126 [info] [remote-connection][Management   ][d7c33…][reconnect] A temporarily not available error occurred while trying to reconnect, will try again...
2026-01-22 19:15:28.127 [info] [remote-connection][Management   ][d7c33…][reconnect] waiting for 30 seconds before reconnecting...
2026-01-22 19:15:28.127 [info] [remote-connection][ExtensionHost][b16be…][reconnect] A temporarily not available error occurred while trying to reconnect, will try again...
2026-01-22 19:15:28.127 [info] [remote-connection][ExtensionHost][b16be…][reconnect] waiting for 30 seconds before reconnecting...
2026-01-22 19:15:28.153 [warning] [mainThreadStorage] large extension state detected (extensionId: ms-vscode-remote.remote-ssh, global: true): 2633.48046875kb. Consider to use 'storageUri' or 'globalStorageUri' to store this data on disk instead.
2026-01-22 19:15:44.658 [info] [remote-connection][ExtensionHost][b16be…][reconnect] received socket timeout event (unacknowledgedMsgCount: 590, timeSinceOldestUnacknowledgedMsg: 1437282, timeSinceLastReceivedSomeData: 1502911).
2026-01-22 19:15:44.666 [info] [remote-connection][Management   ][d7c33…][reconnect] received socket timeout event (unacknowledgedMsgCount: 241, timeSinceOldestUnacknowledgedMsg: 1457303, timeSinceLastReceivedSomeData: 1503638).
2026-01-22 19:15:58.127 [info] [remote-connection][Management   ][d7c33…][reconnect] resolving connection...
2026-01-22 19:15:58.127 [info] Invoking resolveAuthority(ssh-remote)...
2026-01-22 19:15:58.127 [info] [LocalProcess0][resolveAuthority(ssh-remote,50)][0ms] obtaining proxy...
2026-01-22 19:15:58.127 [info] [LocalProcess0][resolveAuthority(ssh-remote,50)][0ms] invoking...
2026-01-22 19:15:58.132 [info] [remote-connection][ExtensionHost][b16be…][reconnect] resolving connection...
2026-01-22 19:15:59.127 [info] [LocalProcess0][resolveAuthority(ssh-remote,50)][1000ms] waiting...
2026-01-22 19:16:00.127 [info] [LocalProcess0][resolveAuthority(ssh-remote,50)][2000ms] waiting...
2026-01-22 19:16:01.127 [info] [LocalProcess0][resolveAuthority(ssh-remote,50)][3000ms] waiting...
2026-01-22 19:16:01.599 [error] [LocalProcess0][resolveAuthority(ssh-remote,50)][3471ms] returned an error {"code":"TemporarilyNotAvailable","message":"No route to host"}
2026-01-22 19:16:01.599 [error] resolveAuthority(ssh-remote) returned an error after 3471 ms No route to host
2026-01-22 19:16:01.599 [info] [remote-connection][Management   ][d7c33…][reconnect] A temporarily not available error occurred while trying to reconnect, will try again...
2026-01-22 19:16:01.599 [info] [remote-connection][Management   ][d7c33…][reconnect] waiting for 30 seconds before reconnecting...
2026-01-22 19:16:01.599 [info] [remote-connection][ExtensionHost][b16be…][reconnect] A temporarily not available error occurred while trying to reconnect, will try again...
2026-01-22 19:16:01.599 [info] [remote-connection][ExtensionHost][b16be…][reconnect] waiting for 30 seconds before reconnecting...
2026-01-22 19:16:01.625 [warning] [mainThreadStorage] large extension state detected (extensionId: ms-vscode-remote.remote-ssh, global: true): 2687.2314453125kb. Consider to use 'storageUri' or 'globalStorageUri' to store this data on disk instead.
2026-01-22 19:16:04.657 [info] [remote-connection][ExtensionHost][b16be…][reconnect] received socket timeout event (unacknowledgedMsgCount: 602, timeSinceOldestUnacknowledgedMsg: 1457282, timeSinceLastReceivedSomeData: 1522911).
2026-01-22 19:16:04.666 [info] [remote-connection][Management   ][d7c33…][reconnect] received socket timeout event (unacknowledgedMsgCount: 246, timeSinceOldestUnacknowledgedMsg: 1477303, timeSinceLastReceivedSomeData: 1523638).
2026-01-22 19:16:31.599 [info] [remote-connection][Management   ][d7c33…][reconnect] resolving connection...
2026-01-22 19:16:31.599 [info] Invoking resolveAuthority(ssh-remote)...
2026-01-22 19:16:31.600 [info] [LocalProcess0][resolveAuthority(ssh-remote,51)][0ms] obtaining proxy...
2026-01-22 19:16:31.600 [info] [LocalProcess0][resolveAuthority(ssh-remote,51)][0ms] invoking...
2026-01-22 19:16:31.601 [info] [remote-connection][ExtensionHost][b16be…][reconnect] received socket timeout event (unacknowledgedMsgCount: 603, timeSinceOldestUnacknowledgedMsg: 1484226, timeSinceLastReceivedSomeData: 1549855).
2026-01-22 19:16:31.604 [info] [remote-connection][ExtensionHost][b16be…][reconnect] resolving connection...
2026-01-22 19:16:31.609 [info] [remote-connection][Management   ][d7c33…][reconnect] received socket timeout event (unacknowledgedMsgCount: 247, timeSinceOldestUnacknowledgedMsg: 1504246, timeSinceLastReceivedSomeData: 1550581).
2026-01-22 19:16:32.600 [info] [LocalProcess0][resolveAuthority(ssh-remote,51)][1000ms] waiting...
2026-01-22 19:16:33.600 [info] [LocalProcess0][resolveAuthority(ssh-remote,51)][2000ms] waiting...
2026-01-22 19:16:34.600 [info] [LocalProcess0][resolveAuthority(ssh-remote,51)][3000ms] waiting...
2026-01-22 19:16:35.071 [error] [LocalProcess0][resolveAuthority(ssh-remote,51)][3472ms] returned an error {"code":"TemporarilyNotAvailable","message":"No route to host"}
2026-01-22 19:16:35.071 [error] resolveAuthority(ssh-remote) returned an error after 3472 ms No route to host
2026-01-22 19:16:35.072 [info] [remote-connection][Management   ][d7c33…][reconnect] A temporarily not available error occurred while trying to reconnect, will try again...
2026-01-22 19:16:35.072 [info] [remote-connection][Management   ][d7c33…][reconnect] waiting for 30 seconds before reconnecting...
2026-01-22 19:16:35.072 [info] [remote-connection][ExtensionHost][b16be…][reconnect] A temporarily not available error occurred while trying to reconnect, will try again...
2026-01-22 19:16:35.072 [info] [remote-connection][ExtensionHost][b16be…][reconnect] waiting for 30 seconds before reconnecting...
2026-01-22 19:16:35.099 [warning] [mainThreadStorage] large extension state detected (extensionId: ms-vscode-remote.remote-ssh, global: true): 2740.982421875kb. Consider to use 'storageUri' or 'globalStorageUri' to store this data on disk instead.
2026-01-22 19:16:51.601 [info] [remote-connection][ExtensionHost][b16be…][reconnect] received socket timeout event (unacknowledgedMsgCount: 614, timeSinceOldestUnacknowledgedMsg: 1504226, timeSinceLastReceivedSomeData: 1569855).
2026-01-22 19:16:51.609 [info] [remote-connection][Management   ][d7c33…][reconnect] received socket timeout event (unacknowledgedMsgCount: 251, timeSinceOldestUnacknowledgedMsg: 1524246, timeSinceLastReceivedSomeData: 1570581).
2026-01-22 19:17:05.072 [info] [remote-connection][Management   ][d7c33…][reconnect] resolving connection...
2026-01-22 19:17:05.072 [info] Invoking resolveAuthority(ssh-remote)...
2026-01-22 19:17:05.072 [info] [LocalProcess0][resolveAuthority(ssh-remote,52)][0ms] obtaining proxy...
2026-01-22 19:17:05.072 [info] [LocalProcess0][resolveAuthority(ssh-remote,52)][0ms] invoking...
2026-01-22 19:17:05.077 [info] [remote-connection][ExtensionHost][b16be…][reconnect] resolving connection...
2026-01-22 19:17:06.072 [info] [LocalProcess0][resolveAuthority(ssh-remote,52)][1000ms] waiting...
2026-01-22 19:17:07.072 [info] [LocalProcess0][resolveAuthority(ssh-remote,52)][2000ms] waiting...
2026-01-22 19:17:08.072 [info] [LocalProcess0][resolveAuthority(ssh-remote,52)][3000ms] waiting...
2026-01-22 19:17:08.545 [error] [LocalProcess0][resolveAuthority(ssh-remote,52)][3473ms] returned an error {"code":"TemporarilyNotAvailable","message":"No route to host"}
2026-01-22 19:17:08.545 [error] resolveAuthority(ssh-remote) returned an error after 3473 ms No route to host
2026-01-22 19:17:08.545 [info] [remote-connection][Management   ][d7c33…][reconnect] A temporarily not available error occurred while trying to reconnect, will try again...
2026-01-22 19:17:08.545 [info] [remote-connection][Management   ][d7c33…][reconnect] waiting for 30 seconds before reconnecting...
2026-01-22 19:17:08.546 [info] [remote-connection][ExtensionHost][b16be…][reconnect] A temporarily not available error occurred while trying to reconnect, will try again...
2026-01-22 19:17:08.546 [info] [remote-connection][ExtensionHost][b16be…][reconnect] waiting for 30 seconds before reconnecting...
2026-01-22 19:17:08.570 [warning] [mainThreadStorage] large extension state detected (extensionId: ms-vscode-remote.remote-ssh, global: true): 2794.7333984375kb. Consider to use 'storageUri' or 'globalStorageUri' to store this data on disk instead.
2026-01-22 19:17:11.602 [info] [remote-connection][ExtensionHost][b16be…][reconnect] received socket timeout event (unacknowledgedMsgCount: 626, timeSinceOldestUnacknowledgedMsg: 1524226, timeSinceLastReceivedSomeData: 1589855).
2026-01-22 19:17:11.609 [info] [remote-connection][Management   ][d7c33…][reconnect] received socket timeout event (unacknowledgedMsgCount: 256, timeSinceOldestUnacknowledgedMsg: 1544246, timeSinceLastReceivedSomeData: 1590581).
2026-01-22 19:17:38.546 [info] [remote-connection][Management   ][d7c33…][reconnect] resolving connection...
2026-01-22 19:17:38.546 [info] Invoking resolveAuthority(ssh-remote)...
2026-01-22 19:17:38.546 [info] [LocalProcess0][resolveAuthority(ssh-remote,53)][0ms] obtaining proxy...
2026-01-22 19:17:38.546 [info] [LocalProcess0][resolveAuthority(ssh-remote,53)][0ms] invoking...
2026-01-22 19:17:38.548 [info] [remote-connection][ExtensionHost][b16be…][reconnect] received socket timeout event (unacknowledgedMsgCount: 627, timeSinceOldestUnacknowledgedMsg: 1551172, timeSinceLastReceivedSomeData: 1616801).
2026-01-22 19:17:38.554 [info] [remote-connection][ExtensionHost][b16be…][reconnect] resolving connection...
2026-01-22 19:17:38.559 [info] [remote-connection][Management   ][d7c33…][reconnect] received socket timeout event (unacknowledgedMsgCount: 257, timeSinceOldestUnacknowledgedMsg: 1571196, timeSinceLastReceivedSomeData: 1617531).
2026-01-22 19:17:39.546 [info] [LocalProcess0][resolveAuthority(ssh-remote,53)][1000ms] waiting...
2026-01-22 19:17:40.546 [info] [LocalProcess0][resolveAuthority(ssh-remote,53)][2000ms] waiting...
2026-01-22 19:17:41.546 [info] [LocalProcess0][resolveAuthority(ssh-remote,53)][3000ms] waiting...
2026-01-22 19:17:42.018 [error] [LocalProcess0][resolveAuthority(ssh-remote,53)][3471ms] returned an error {"code":"TemporarilyNotAvailable","message":"No route to host"}
2026-01-22 19:17:42.018 [error] resolveAuthority(ssh-remote) returned an error after 3471 ms No route to host
2026-01-22 19:17:42.018 [info] [remote-connection][Management   ][d7c33…][reconnect] A temporarily not available error occurred while trying to reconnect, will try again...
2026-01-22 19:17:42.018 [info] [remote-connection][Management   ][d7c33…][reconnect] waiting for 30 seconds before reconnecting...
2026-01-22 19:17:42.018 [info] [remote-connection][ExtensionHost][b16be…][reconnect] A temporarily not available error occurred while trying to reconnect, will try again...
2026-01-22 19:17:42.018 [info] [remote-connection][ExtensionHost][b16be…][reconnect] waiting for 30 seconds before reconnecting...
2026-01-22 19:17:42.043 [warning] [mainThreadStorage] large extension state detected (extensionId: ms-vscode-remote.remote-ssh, global: true): 2848.484375kb. Consider to use 'storageUri' or 'globalStorageUri' to store this data on disk instead.
2026-01-22 19:17:58.547 [info] [remote-connection][ExtensionHost][b16be…][reconnect] received socket timeout event (unacknowledgedMsgCount: 638, timeSinceOldestUnacknowledgedMsg: 1571172, timeSinceLastReceivedSomeData: 1636801).
2026-01-22 19:17:58.559 [info] [remote-connection][Management   ][d7c33…][reconnect] received socket timeout event (unacknowledgedMsgCount: 261, timeSinceOldestUnacknowledgedMsg: 1591196, timeSinceLastReceivedSomeData: 1637531).
2026-01-22 19:18:12.018 [info] [remote-connection][Management   ][d7c33…][reconnect] resolving connection...
2026-01-22 19:18:12.019 [info] Invoking resolveAuthority(ssh-remote)...
2026-01-22 19:18:12.019 [info] [LocalProcess0][resolveAuthority(ssh-remote,54)][0ms] obtaining proxy...
2026-01-22 19:18:12.019 [info] [LocalProcess0][resolveAuthority(ssh-remote,54)][0ms] invoking...
2026-01-22 19:18:12.023 [info] [remote-connection][ExtensionHost][b16be…][reconnect] resolving connection...
2026-01-22 19:18:13.019 [info] [LocalProcess0][resolveAuthority(ssh-remote,54)][1000ms] waiting...
2026-01-22 19:18:14.019 [info] [LocalProcess0][resolveAuthority(ssh-remote,54)][2000ms] waiting...
2026-01-22 19:18:15.019 [info] [LocalProcess0][resolveAuthority(ssh-remote,54)][3000ms] waiting...
2026-01-22 19:18:15.489 [error] [LocalProcess0][resolveAuthority(ssh-remote,54)][3470ms] returned an error {"code":"TemporarilyNotAvailable","message":"No route to host"}
2026-01-22 19:18:15.489 [error] resolveAuthority(ssh-remote) returned an error after 3471 ms No route to host
2026-01-22 19:18:15.489 [info] [remote-connection][Management   ][d7c33…][reconnect] A temporarily not available error occurred while trying to reconnect, will try again...
2026-01-22 19:18:15.489 [info] [remote-connection][Management   ][d7c33…][reconnect] waiting for 30 seconds before reconnecting...
2026-01-22 19:18:15.489 [info] [remote-connection][ExtensionHost][b16be…][reconnect] A temporarily not available error occurred while trying to reconnect, will try again...
2026-01-22 19:18:15.489 [info] [remote-connection][ExtensionHost][b16be…][reconnect] waiting for 30 seconds before reconnecting...
2026-01-22 19:18:15.515 [warning] [mainThreadStorage] large extension state detected (extensionId: ms-vscode-remote.remote-ssh, global: true): 2902.2353515625kb. Consider to use 'storageUri' or 'globalStorageUri' to store this data on disk instead.
2026-01-22 19:18:18.547 [info] [remote-connection][ExtensionHost][b16be…][reconnect] received socket timeout event (unacknowledgedMsgCount: 650, timeSinceOldestUnacknowledgedMsg: 1591172, timeSinceLastReceivedSomeData: 1656801).
2026-01-22 19:18:18.560 [info] [remote-connection][Management   ][d7c33…][reconnect] received socket timeout event (unacknowledgedMsgCount: 266, timeSinceOldestUnacknowledgedMsg: 1611196, timeSinceLastReceivedSomeData: 1657531).
2026-01-22 19:18:45.489 [info] [remote-connection][Management   ][d7c33…][reconnect] resolving connection...
2026-01-22 19:18:45.490 [info] Invoking resolveAuthority(ssh-remote)...
2026-01-22 19:18:45.490 [info] [LocalProcess0][resolveAuthority(ssh-remote,55)][0ms] obtaining proxy...
2026-01-22 19:18:45.490 [info] [LocalProcess0][resolveAuthority(ssh-remote,55)][1ms] invoking...
2026-01-22 19:18:45.492 [info] [remote-connection][ExtensionHost][b16be…][reconnect] received socket timeout event (unacknowledgedMsgCount: 651, timeSinceOldestUnacknowledgedMsg: 1618117, timeSinceLastReceivedSomeData: 1683746).
2026-01-22 19:18:45.496 [info] [remote-connection][ExtensionHost][b16be…][reconnect] resolving connection...
2026-01-22 19:18:45.502 [info] [remote-connection][Management   ][d7c33…][reconnect] received socket timeout event (unacknowledgedMsgCount: 267, timeSinceOldestUnacknowledgedMsg: 1638139, timeSinceLastReceivedSomeData: 1684474).
2026-01-22 19:18:46.490 [info] [LocalProcess0][resolveAuthority(ssh-remote,55)][1001ms] waiting...
2026-01-22 19:18:47.490 [info] [LocalProcess0][resolveAuthority(ssh-remote,55)][2001ms] waiting...
2026-01-22 19:18:48.490 [info] [LocalProcess0][resolveAuthority(ssh-remote,55)][3001ms] waiting...
2026-01-22 19:18:48.961 [error] [LocalProcess0][resolveAuthority(ssh-remote,55)][3471ms] returned an error {"code":"TemporarilyNotAvailable","message":"No route to host"}
2026-01-22 19:18:48.961 [error] resolveAuthority(ssh-remote) returned an error after 3472 ms No route to host
2026-01-22 19:18:48.961 [info] [remote-connection][Management   ][d7c33…][reconnect] A temporarily not available error occurred while trying to reconnect, will try again...
2026-01-22 19:18:48.961 [info] [remote-connection][Management   ][d7c33…][reconnect] waiting for 30 seconds before reconnecting...
2026-01-22 19:18:48.961 [info] [remote-connection][ExtensionHost][b16be…][reconnect] A temporarily not available error occurred while trying to reconnect, will try again...
2026-01-22 19:18:48.962 [info] [remote-connection][ExtensionHost][b16be…][reconnect] waiting for 30 seconds before reconnecting...
2026-01-22 19:18:48.986 [warning] [mainThreadStorage] large extension state detected (extensionId: ms-vscode-remote.remote-ssh, global: true): 2955.986328125kb. Consider to use 'storageUri' or 'globalStorageUri' to store this data on disk instead.
2026-01-22 19:19:05.492 [info] [remote-connection][ExtensionHost][b16be…][reconnect] received socket timeout event (unacknowledgedMsgCount: 662, timeSinceOldestUnacknowledgedMsg: 1638117, timeSinceLastReceivedSomeData: 1703746).
2026-01-22 19:19:05.502 [info] [remote-connection][Management   ][d7c33…][reconnect] received socket timeout event (unacknowledgedMsgCount: 271, timeSinceOldestUnacknowledgedMsg: 1658139, timeSinceLastReceivedSomeData: 1704474).
2026-01-22 19:19:18.961 [info] [remote-connection][Management   ][d7c33…][reconnect] resolving connection...
2026-01-22 19:19:18.962 [info] Invoking resolveAuthority(ssh-remote)...
2026-01-22 19:19:18.962 [info] [LocalProcess0][resolveAuthority(ssh-remote,56)][0ms] obtaining proxy...
2026-01-22 19:19:18.962 [info] [LocalProcess0][resolveAuthority(ssh-remote,56)][1ms] invoking...
2026-01-22 19:19:18.967 [info] [remote-connection][ExtensionHost][b16be…][reconnect] resolving connection...
2026-01-22 19:19:19.962 [info] [LocalProcess0][resolveAuthority(ssh-remote,56)][1001ms] waiting...
2026-01-22 19:19:20.962 [info] [LocalProcess0][resolveAuthority(ssh-remote,56)][2001ms] waiting...
2026-01-22 19:19:21.962 [info] [LocalProcess0][resolveAuthority(ssh-remote,56)][3001ms] waiting...
2026-01-22 19:19:22.432 [error] [LocalProcess0][resolveAuthority(ssh-remote,56)][3471ms] returned an error {"code":"TemporarilyNotAvailable","message":"No route to host"}
2026-01-22 19:19:22.433 [error] resolveAuthority(ssh-remote) returned an error after 3471 ms No route to host
2026-01-22 19:19:22.433 [info] [remote-connection][Management   ][d7c33…][reconnect] A temporarily not available error occurred while trying to reconnect, will try again...
2026-01-22 19:19:22.433 [info] [remote-connection][Management   ][d7c33…][reconnect] waiting for 30 seconds before reconnecting...
2026-01-22 19:19:22.433 [info] [remote-connection][ExtensionHost][b16be…][reconnect] A temporarily not available error occurred while trying to reconnect, will try again...
2026-01-22 19:19:22.433 [info] [remote-connection][ExtensionHost][b16be…][reconnect] waiting for 30 seconds before reconnecting...
2026-01-22 19:19:22.460 [warning] [mainThreadStorage] large extension state detected (extensionId: ms-vscode-remote.remote-ssh, global: true): 3009.7373046875kb. Consider to use 'storageUri' or 'globalStorageUri' to store this data on disk instead.
2026-01-22 19:19:25.493 [info] [remote-connection][ExtensionHost][b16be…][reconnect] received socket timeout event (unacknowledgedMsgCount: 674, timeSinceOldestUnacknowledgedMsg: 1658118, timeSinceLastReceivedSomeData: 1723747).
2026-01-22 19:19:25.502 [info] [remote-connection][Management   ][d7c33…][reconnect] received socket timeout event (unacknowledgedMsgCount: 276, timeSinceOldestUnacknowledgedMsg: 1678139, timeSinceLastReceivedSomeData: 1724474).
2026-01-22 19:19:52.433 [info] [remote-connection][Management   ][d7c33…][reconnect] resolving connection...
2026-01-22 19:19:52.433 [info] Invoking resolveAuthority(ssh-remote)...
2026-01-22 19:19:52.433 [info] [LocalProcess0][resolveAuthority(ssh-remote,57)][0ms] obtaining proxy...
2026-01-22 19:19:52.433 [info] [LocalProcess0][resolveAuthority(ssh-remote,57)][0ms] invoking...
2026-01-22 19:19:52.435 [info] [remote-connection][ExtensionHost][b16be…][reconnect] received socket timeout event (unacknowledgedMsgCount: 675, timeSinceOldestUnacknowledgedMsg: 1685060, timeSinceLastReceivedSomeData: 1750689).
2026-01-22 19:19:52.438 [info] [remote-connection][ExtensionHost][b16be…][reconnect] resolving connection...
2026-01-22 19:19:52.450 [info] [remote-connection][Management   ][d7c33…][reconnect] received socket timeout event (unacknowledgedMsgCount: 277, timeSinceOldestUnacknowledgedMsg: 1705087, timeSinceLastReceivedSomeData: 1751422).
2026-01-22 19:19:53.434 [info] [LocalProcess0][resolveAuthority(ssh-remote,57)][1000ms] waiting...
2026-01-22 19:19:54.434 [info] [LocalProcess0][resolveAuthority(ssh-remote,57)][2000ms] waiting...
2026-01-22 19:19:55.434 [info] [LocalProcess0][resolveAuthority(ssh-remote,57)][3000ms] waiting...
2026-01-22 19:19:55.907 [error] [LocalProcess0][resolveAuthority(ssh-remote,57)][3473ms] returned an error {"code":"TemporarilyNotAvailable","message":"No route to host"}
2026-01-22 19:19:55.907 [error] resolveAuthority(ssh-remote) returned an error after 3474 ms No route to host
2026-01-22 19:19:55.907 [info] [remote-connection][Management   ][d7c33…][reconnect] A temporarily not available error occurred while trying to reconnect, will try again...
2026-01-22 19:19:55.907 [info] [remote-connection][Management   ][d7c33…][reconnect] waiting for 30 seconds before reconnecting...
2026-01-22 19:19:55.907 [info] [remote-connection][ExtensionHost][b16be…][reconnect] A temporarily not available error occurred while trying to reconnect, will try again...
2026-01-22 19:19:55.907 [info] [remote-connection][ExtensionHost][b16be…][reconnect] waiting for 30 seconds before reconnecting...
2026-01-22 19:19:55.934 [warning] [mainThreadStorage] large extension state detected (extensionId: ms-vscode-remote.remote-ssh, global: true): 3063.48828125kb. Consider to use 'storageUri' or 'globalStorageUri' to store this data on disk instead.
2026-01-22 19:20:12.435 [info] [remote-connection][ExtensionHost][b16be…][reconnect] received socket timeout event (unacknowledgedMsgCount: 686, timeSinceOldestUnacknowledgedMsg: 1705060, timeSinceLastReceivedSomeData: 1770689).
2026-01-22 19:20:12.451 [info] [remote-connection][Management   ][d7c33…][reconnect] received socket timeout event (unacknowledgedMsgCount: 281, timeSinceOldestUnacknowledgedMsg: 1725087, timeSinceLastReceivedSomeData: 1771422).
2026-01-22 19:20:25.907 [info] [remote-connection][Management   ][d7c33…][reconnect] resolving connection...
2026-01-22 19:20:25.908 [info] Invoking resolveAuthority(ssh-remote)...
2026-01-22 19:20:25.908 [info] [LocalProcess0][resolveAuthority(ssh-remote,58)][0ms] obtaining proxy...
2026-01-22 19:20:25.908 [info] [LocalProcess0][resolveAuthority(ssh-remote,58)][0ms] invoking...
2026-01-22 19:20:25.913 [info] [remote-connection][ExtensionHost][b16be…][reconnect] resolving connection...
2026-01-22 19:20:26.908 [info] [LocalProcess0][resolveAuthority(ssh-remote,58)][1001ms] waiting...
2026-01-22 19:20:27.908 [info] [LocalProcess0][resolveAuthority(ssh-remote,58)][2001ms] waiting...
2026-01-22 19:20:28.908 [info] [LocalProcess0][resolveAuthority(ssh-remote,58)][3001ms] waiting...
2026-01-22 19:20:29.378 [error] [LocalProcess0][resolveAuthority(ssh-remote,58)][3471ms] returned an error {"code":"TemporarilyNotAvailable","message":"No route to host"}
2026-01-22 19:20:29.379 [error] resolveAuthority(ssh-remote) returned an error after 3471 ms No route to host
2026-01-22 19:20:29.379 [info] [remote-connection][Management   ][d7c33…][reconnect] A temporarily not available error occurred while trying to reconnect, will try again...
2026-01-22 19:20:29.379 [info] [remote-connection][Management   ][d7c33…][reconnect] waiting for 30 seconds before reconnecting...
2026-01-22 19:20:29.379 [info] [remote-connection][ExtensionHost][b16be…][reconnect] A temporarily not available error occurred while trying to reconnect, will try again...
2026-01-22 19:20:29.379 [info] [remote-connection][ExtensionHost][b16be…][reconnect] waiting for 30 seconds before reconnecting...
2026-01-22 19:20:29.414 [warning] [mainThreadStorage] large extension state detected (extensionId: ms-vscode-remote.remote-ssh, global: true): 3117.2392578125kb. Consider to use 'storageUri' or 'globalStorageUri' to store this data on disk instead.
2026-01-22 19:20:32.435 [info] [remote-connection][ExtensionHost][b16be…][reconnect] received socket timeout event (unacknowledgedMsgCount: 698, timeSinceOldestUnacknowledgedMsg: 1725060, timeSinceLastReceivedSomeData: 1790689).
2026-01-22 19:20:32.450 [info] [remote-connection][Management   ][d7c33…][reconnect] received socket timeout event (unacknowledgedMsgCount: 286, timeSinceOldestUnacknowledgedMsg: 1745087, timeSinceLastReceivedSomeData: 1791422).
2026-01-22 19:20:59.379 [info] [remote-connection][Management   ][d7c33…][reconnect] resolving connection...
2026-01-22 19:20:59.379 [info] Invoking resolveAuthority(ssh-remote)...
2026-01-22 19:20:59.380 [info] [LocalProcess0][resolveAuthority(ssh-remote,59)][0ms] obtaining proxy...
2026-01-22 19:20:59.380 [info] [LocalProcess0][resolveAuthority(ssh-remote,59)][0ms] invoking...
2026-01-22 19:20:59.381 [info] [remote-connection][ExtensionHost][b16be…][reconnect] received socket timeout event (unacknowledgedMsgCount: 699, timeSinceOldestUnacknowledgedMsg: 1752006, timeSinceLastReceivedSomeData: 1817635).
2026-01-22 19:20:59.384 [info] [remote-connection][ExtensionHost][b16be…][reconnect] resolving connection...
2026-01-22 19:20:59.390 [info] [remote-connection][Management   ][d7c33…][reconnect] received socket timeout event (unacknowledgedMsgCount: 287, timeSinceOldestUnacknowledgedMsg: 1772027, timeSinceLastReceivedSomeData: 1818362).
2026-01-22 19:21:00.380 [info] [LocalProcess0][resolveAuthority(ssh-remote,59)][1001ms] waiting...
2026-01-22 19:21:01.380 [info] [LocalProcess0][resolveAuthority(ssh-remote,59)][2001ms] waiting...
2026-01-22 19:21:02.380 [info] [LocalProcess0][resolveAuthority(ssh-remote,59)][3000ms] waiting...
2026-01-22 19:21:02.850 [error] [LocalProcess0][resolveAuthority(ssh-remote,59)][3471ms] returned an error {"code":"TemporarilyNotAvailable","message":"No route to host"}
2026-01-22 19:21:02.851 [error] resolveAuthority(ssh-remote) returned an error after 3471 ms No route to host
2026-01-22 19:21:02.851 [info] [remote-connection][Management   ][d7c33…][reconnect] A temporarily not available error occurred while trying to reconnect, will try again...
2026-01-22 19:21:02.851 [info] [remote-connection][Management   ][d7c33…][reconnect] waiting for 30 seconds before reconnecting...
2026-01-22 19:21:02.851 [info] [remote-connection][ExtensionHost][b16be…][reconnect] A temporarily not available error occurred while trying to reconnect, will try again...
2026-01-22 19:21:02.851 [info] [remote-connection][ExtensionHost][b16be…][reconnect] waiting for 30 seconds before reconnecting...
2026-01-22 19:21:02.879 [warning] [mainThreadStorage] large extension state detected (extensionId: ms-vscode-remote.remote-ssh, global: true): 3170.990234375kb. Consider to use 'storageUri' or 'globalStorageUri' to store this data on disk instead.
2026-01-22 19:21:19.382 [info] [remote-connection][ExtensionHost][b16be…][reconnect] received socket timeout event (unacknowledgedMsgCount: 710, timeSinceOldestUnacknowledgedMsg: 1772006, timeSinceLastReceivedSomeData: 1837635).
2026-01-22 19:21:19.391 [info] [remote-connection][Management   ][d7c33…][reconnect] received socket timeout event (unacknowledgedMsgCount: 291, timeSinceOldestUnacknowledgedMsg: 1792027, timeSinceLastReceivedSomeData: 1838362).
2026-01-22 19:21:32.851 [info] [remote-connection][Management   ][d7c33…][reconnect] resolving connection...
2026-01-22 19:21:32.851 [info] Invoking resolveAuthority(ssh-remote)...
2026-01-22 19:21:32.851 [info] [LocalProcess0][resolveAuthority(ssh-remote,60)][0ms] obtaining proxy...
2026-01-22 19:21:32.852 [info] [LocalProcess0][resolveAuthority(ssh-remote,60)][0ms] invoking...
2026-01-22 19:21:32.856 [info] [remote-connection][ExtensionHost][b16be…][reconnect] resolving connection...
2026-01-22 19:21:33.852 [info] [LocalProcess0][resolveAuthority(ssh-remote,60)][1000ms] waiting...
2026-01-22 19:21:34.852 [info] [LocalProcess0][resolveAuthority(ssh-remote,60)][2000ms] waiting...
2026-01-22 19:21:35.852 [info] [LocalProcess0][resolveAuthority(ssh-remote,60)][3000ms] waiting...
2026-01-22 19:21:36.322 [error] [LocalProcess0][resolveAuthority(ssh-remote,60)][3471ms] returned an error {"code":"TemporarilyNotAvailable","message":"No route to host"}
2026-01-22 19:21:36.323 [error] resolveAuthority(ssh-remote) returned an error after 3471 ms No route to host
2026-01-22 19:21:36.323 [info] [remote-connection][Management   ][d7c33…][reconnect] A temporarily not available error occurred while trying to reconnect, will try again...
2026-01-22 19:21:36.323 [info] [remote-connection][Management   ][d7c33…][reconnect] waiting for 30 seconds before reconnecting...
2026-01-22 19:21:36.323 [info] [remote-connection][ExtensionHost][b16be…][reconnect] A temporarily not available error occurred while trying to reconnect, will try again...
2026-01-22 19:21:36.323 [info] [remote-connection][ExtensionHost][b16be…][reconnect] waiting for 30 seconds before reconnecting...
2026-01-22 19:21:36.354 [warning] [mainThreadStorage] large extension state detected (extensionId: ms-vscode-remote.remote-ssh, global: true): 3224.7412109375kb. Consider to use 'storageUri' or 'globalStorageUri' to store this data on disk instead.
2026-01-22 19:21:39.381 [info] [remote-connection][ExtensionHost][b16be…][reconnect] received socket timeout event (unacknowledgedMsgCount: 722, timeSinceOldestUnacknowledgedMsg: 1792006, timeSinceLastReceivedSomeData: 1857635).
2026-01-22 19:21:39.391 [info] [remote-connection][Management   ][d7c33…][reconnect] received socket timeout event (unacknowledgedMsgCount: 296, timeSinceOldestUnacknowledgedMsg: 1812027, timeSinceLastReceivedSomeData: 1858362).
2026-01-22 19:22:06.323 [info] [remote-connection][Management   ][d7c33…][reconnect] resolving connection...
2026-01-22 19:22:06.323 [info] Invoking resolveAuthority(ssh-remote)...
2026-01-22 19:22:06.323 [info] [LocalProcess0][resolveAuthority(ssh-remote,61)][0ms] obtaining proxy...
2026-01-22 19:22:06.323 [info] [LocalProcess0][resolveAuthority(ssh-remote,61)][0ms] invoking...
2026-01-22 19:22:06.325 [info] [remote-connection][ExtensionHost][b16be…][reconnect] received socket timeout event (unacknowledgedMsgCount: 723, timeSinceOldestUnacknowledgedMsg: 1818950, timeSinceLastReceivedSomeData: 1884579).
2026-01-22 19:22:06.328 [info] [remote-connection][ExtensionHost][b16be…][reconnect] resolving connection...
2026-01-22 19:22:06.334 [info] [remote-connection][Management   ][d7c33…][reconnect] received socket timeout event (unacknowledgedMsgCount: 297, timeSinceOldestUnacknowledgedMsg: 1838971, timeSinceLastReceivedSomeData: 1885306).
2026-01-22 19:22:07.324 [info] [LocalProcess0][resolveAuthority(ssh-remote,61)][1000ms] waiting...
2026-01-22 19:22:08.324 [info] [LocalProcess0][resolveAuthority(ssh-remote,61)][2000ms] waiting...
2026-01-22 19:22:09.324 [info] [LocalProcess0][resolveAuthority(ssh-remote,61)][3000ms] waiting...
2026-01-22 19:22:09.799 [error] [LocalProcess0][resolveAuthority(ssh-remote,61)][3475ms] returned an error {"code":"TemporarilyNotAvailable","message":"No route to host"}
2026-01-22 19:22:09.799 [error] resolveAuthority(ssh-remote) returned an error after 3476 ms No route to host
2026-01-22 19:22:09.799 [info] [remote-connection][Management   ][d7c33…][reconnect] A temporarily not available error occurred while trying to reconnect, will try again...
2026-01-22 19:22:09.799 [info] [remote-connection][Management   ][d7c33…][reconnect] waiting for 30 seconds before reconnecting...
2026-01-22 19:22:09.799 [info] [remote-connection][ExtensionHost][b16be…][reconnect] A temporarily not available error occurred while trying to reconnect, will try again...
2026-01-22 19:22:09.800 [info] [remote-connection][ExtensionHost][b16be…][reconnect] waiting for 30 seconds before reconnecting...
2026-01-22 19:22:09.828 [warning] [mainThreadStorage] large extension state detected (extensionId: ms-vscode-remote.remote-ssh, global: true): 3278.4921875kb. Consider to use 'storageUri' or 'globalStorageUri' to store this data on disk instead.
2026-01-22 19:22:26.326 [info] [remote-connection][ExtensionHost][b16be…][reconnect] received socket timeout event (unacknowledgedMsgCount: 734, timeSinceOldestUnacknowledgedMsg: 1838950, timeSinceLastReceivedSomeData: 1904579).
2026-01-22 19:22:26.335 [info] [remote-connection][Management   ][d7c33…][reconnect] received socket timeout event (unacknowledgedMsgCount: 301, timeSinceOldestUnacknowledgedMsg: 1858971, timeSinceLastReceivedSomeData: 1905306).
2026-01-22 19:22:39.799 [info] [remote-connection][Management   ][d7c33…][reconnect] resolving connection...
2026-01-22 19:22:39.800 [info] Invoking resolveAuthority(ssh-remote)...
2026-01-22 19:22:39.800 [info] [LocalProcess0][resolveAuthority(ssh-remote,62)][0ms] obtaining proxy...
2026-01-22 19:22:39.800 [info] [LocalProcess0][resolveAuthority(ssh-remote,62)][1ms] invoking...
2026-01-22 19:22:39.805 [info] [remote-connection][ExtensionHost][b16be…][reconnect] resolving connection...
2026-01-22 19:22:40.800 [info] [LocalProcess0][resolveAuthority(ssh-remote,62)][1001ms] waiting...
2026-01-22 19:22:41.800 [info] [LocalProcess0][resolveAuthority(ssh-remote,62)][2001ms] waiting...
2026-01-22 19:22:42.800 [info] [LocalProcess0][resolveAuthority(ssh-remote,62)][3001ms] waiting...
2026-01-22 19:22:43.268 [error] [LocalProcess0][resolveAuthority(ssh-remote,62)][3469ms] returned an error {"code":"TemporarilyNotAvailable","message":"No route to host"}
2026-01-22 19:22:43.268 [error] resolveAuthority(ssh-remote) returned an error after 3469 ms No route to host
2026-01-22 19:22:43.268 [info] [remote-connection][Management   ][d7c33…][reconnect] A temporarily not available error occurred while trying to reconnect, will try again...
2026-01-22 19:22:43.268 [info] [remote-connection][Management   ][d7c33…][reconnect] waiting for 30 seconds before reconnecting...
2026-01-22 19:22:43.269 [info] [remote-connection][ExtensionHost][b16be…][reconnect] A temporarily not available error occurred while trying to reconnect, will try again...
2026-01-22 19:22:43.269 [info] [remote-connection][ExtensionHost][b16be…][reconnect] waiting for 30 seconds before reconnecting...
2026-01-22 19:22:43.298 [warning] [mainThreadStorage] large extension state detected (extensionId: ms-vscode-remote.remote-ssh, global: true): 3332.2431640625kb. Consider to use 'storageUri' or 'globalStorageUri' to store this data on disk instead.
2026-01-22 19:22:46.326 [info] [remote-connection][ExtensionHost][b16be…][reconnect] received socket timeout event (unacknowledgedMsgCount: 746, timeSinceOldestUnacknowledgedMsg: 1858951, timeSinceLastReceivedSomeData: 1924580).
2026-01-22 19:22:46.334 [info] [remote-connection][Management   ][d7c33…][reconnect] received socket timeout event (unacknowledgedMsgCount: 306, timeSinceOldestUnacknowledgedMsg: 1878971, timeSinceLastReceivedSomeData: 1925306).
2026-01-22 19:23:13.269 [info] [remote-connection][Management   ][d7c33…][reconnect] resolving connection...
2026-01-22 19:23:13.269 [info] Invoking resolveAuthority(ssh-remote)...
2026-01-22 19:23:13.269 [info] [LocalProcess0][resolveAuthority(ssh-remote,63)][0ms] obtaining proxy...
2026-01-22 19:23:13.269 [info] [LocalProcess0][resolveAuthority(ssh-remote,63)][0ms] invoking...
2026-01-22 19:23:13.271 [info] [remote-connection][ExtensionHost][b16be…][reconnect] received socket timeout event (unacknowledgedMsgCount: 747, timeSinceOldestUnacknowledgedMsg: 1885895, timeSinceLastReceivedSomeData: 1951524).
2026-01-22 19:23:13.274 [info] [remote-connection][ExtensionHost][b16be…][reconnect] resolving connection...
2026-01-22 19:23:13.280 [info] [remote-connection][Management   ][d7c33…][reconnect] received socket timeout event (unacknowledgedMsgCount: 307, timeSinceOldestUnacknowledgedMsg: 1905917, timeSinceLastReceivedSomeData: 1952252).
2026-01-22 19:23:14.269 [info] [LocalProcess0][resolveAuthority(ssh-remote,63)][1000ms] waiting...
2026-01-22 19:23:15.269 [info] [LocalProcess0][resolveAuthority(ssh-remote,63)][2000ms] waiting...
2026-01-22 19:23:16.269 [info] [LocalProcess0][resolveAuthority(ssh-remote,63)][3000ms] waiting...
2026-01-22 19:23:16.742 [error] [LocalProcess0][resolveAuthority(ssh-remote,63)][3473ms] returned an error {"code":"TemporarilyNotAvailable","message":"No route to host"}
2026-01-22 19:23:16.743 [error] resolveAuthority(ssh-remote) returned an error after 3473 ms No route to host
2026-01-22 19:23:16.743 [info] [remote-connection][Management   ][d7c33…][reconnect] A temporarily not available error occurred while trying to reconnect, will try again...
2026-01-22 19:23:16.743 [info] [remote-connection][Management   ][d7c33…][reconnect] waiting for 30 seconds before reconnecting...
2026-01-22 19:23:16.743 [info] [remote-connection][ExtensionHost][b16be…][reconnect] A temporarily not available error occurred while trying to reconnect, will try again...
2026-01-22 19:23:16.743 [info] [remote-connection][ExtensionHost][b16be…][reconnect] waiting for 30 seconds before reconnecting...
2026-01-22 19:23:16.772 [warning] [mainThreadStorage] large extension state detected (extensionId: ms-vscode-remote.remote-ssh, global: true): 3385.994140625kb. Consider to use 'storageUri' or 'globalStorageUri' to store this data on disk instead.
2026-01-22 19:23:33.270 [info] [remote-connection][ExtensionHost][b16be…][reconnect] received socket timeout event (unacknowledgedMsgCount: 758, timeSinceOldestUnacknowledgedMsg: 1905895, timeSinceLastReceivedSomeData: 1971524).
2026-01-22 19:23:33.280 [info] [remote-connection][Management   ][d7c33…][reconnect] received socket timeout event (unacknowledgedMsgCount: 311, timeSinceOldestUnacknowledgedMsg: 1925917, timeSinceLastReceivedSomeData: 1972252).
2026-01-22 19:23:46.743 [info] [remote-connection][Management   ][d7c33…][reconnect] resolving connection...
2026-01-22 19:23:46.743 [info] Invoking resolveAuthority(ssh-remote)...
2026-01-22 19:23:46.743 [info] [LocalProcess0][resolveAuthority(ssh-remote,64)][0ms] obtaining proxy...
2026-01-22 19:23:46.743 [info] [LocalProcess0][resolveAuthority(ssh-remote,64)][0ms] invoking...
2026-01-22 19:23:46.749 [info] [remote-connection][ExtensionHost][b16be…][reconnect] resolving connection...
2026-01-22 19:23:47.744 [info] [LocalProcess0][resolveAuthority(ssh-remote,64)][1000ms] waiting...
2026-01-22 19:23:48.744 [info] [LocalProcess0][resolveAuthority(ssh-remote,64)][2000ms] waiting...
2026-01-22 19:23:49.744 [info] [LocalProcess0][resolveAuthority(ssh-remote,64)][3000ms] waiting...
2026-01-22 19:23:50.215 [error] [LocalProcess0][resolveAuthority(ssh-remote,64)][3472ms] returned an error {"code":"TemporarilyNotAvailable","message":"No route to host"}
2026-01-22 19:23:50.216 [error] resolveAuthority(ssh-remote) returned an error after 3472 ms No route to host
2026-01-22 19:23:50.216 [info] [remote-connection][Management   ][d7c33…][reconnect] A temporarily not available error occurred while trying to reconnect, will try again...
2026-01-22 19:23:50.216 [info] [remote-connection][Management   ][d7c33…][reconnect] waiting for 30 seconds before reconnecting...
2026-01-22 19:23:50.216 [info] [remote-connection][ExtensionHost][b16be…][reconnect] A temporarily not available error occurred while trying to reconnect, will try again...
2026-01-22 19:23:50.216 [info] [remote-connection][ExtensionHost][b16be…][reconnect] waiting for 30 seconds before reconnecting...
2026-01-22 19:23:50.249 [warning] [mainThreadStorage] large extension state detected (extensionId: ms-vscode-remote.remote-ssh, global: true): 3439.7451171875kb. Consider to use 'storageUri' or 'globalStorageUri' to store this data on disk instead.
2026-01-22 19:23:53.271 [info] [remote-connection][ExtensionHost][b16be…][reconnect] received socket timeout event (unacknowledgedMsgCount: 770, timeSinceOldestUnacknowledgedMsg: 1925895, timeSinceLastReceivedSomeData: 1991524).
2026-01-22 19:23:53.280 [info] [remote-connection][Management   ][d7c33…][reconnect] received socket timeout event (unacknowledgedMsgCount: 316, timeSinceOldestUnacknowledgedMsg: 1945917, timeSinceLastReceivedSomeData: 1992252).
2026-01-22 19:24:20.216 [info] [remote-connection][Management   ][d7c33…][reconnect] resolving connection...
2026-01-22 19:24:20.216 [info] Invoking resolveAuthority(ssh-remote)...
2026-01-22 19:24:20.216 [info] [LocalProcess0][resolveAuthority(ssh-remote,65)][0ms] obtaining proxy...
2026-01-22 19:24:20.217 [info] [LocalProcess0][resolveAuthority(ssh-remote,65)][0ms] invoking...
2026-01-22 19:24:20.218 [info] [remote-connection][ExtensionHost][b16be…][reconnect] received socket timeout event (unacknowledgedMsgCount: 771, timeSinceOldestUnacknowledgedMsg: 1952843, timeSinceLastReceivedSomeData: 2018472).
2026-01-22 19:24:20.221 [info] [remote-connection][ExtensionHost][b16be…][reconnect] resolving connection...
2026-01-22 19:24:20.235 [info] [remote-connection][Management   ][d7c33…][reconnect] received socket timeout event (unacknowledgedMsgCount: 317, timeSinceOldestUnacknowledgedMsg: 1972872, timeSinceLastReceivedSomeData: 2019207).
2026-01-22 19:24:21.217 [info] [LocalProcess0][resolveAuthority(ssh-remote,65)][1000ms] waiting...
2026-01-22 19:24:22.217 [info] [LocalProcess0][resolveAuthority(ssh-remote,65)][2000ms] waiting...
2026-01-22 19:24:23.217 [info] [LocalProcess0][resolveAuthority(ssh-remote,65)][3000ms] waiting...
2026-01-22 19:24:23.686 [error] [LocalProcess0][resolveAuthority(ssh-remote,65)][3469ms] returned an error {"code":"TemporarilyNotAvailable","message":"No route to host"}
2026-01-22 19:24:23.686 [error] resolveAuthority(ssh-remote) returned an error after 3470 ms No route to host
2026-01-22 19:24:23.686 [info] [remote-connection][Management   ][d7c33…][reconnect] A temporarily not available error occurred while trying to reconnect, will try again...
2026-01-22 19:24:23.686 [info] [remote-connection][Management   ][d7c33…][reconnect] waiting for 30 seconds before reconnecting...
2026-01-22 19:24:23.687 [info] [remote-connection][ExtensionHost][b16be…][reconnect] A temporarily not available error occurred while trying to reconnect, will try again...
2026-01-22 19:24:23.687 [info] [remote-connection][ExtensionHost][b16be…][reconnect] waiting for 30 seconds before reconnecting...
2026-01-22 19:24:23.720 [warning] [mainThreadStorage] large extension state detected (extensionId: ms-vscode-remote.remote-ssh, global: true): 3493.49609375kb. Consider to use 'storageUri' or 'globalStorageUri' to store this data on disk instead.
2026-01-22 19:24:40.219 [info] [remote-connection][ExtensionHost][b16be…][reconnect] received socket timeout event (unacknowledgedMsgCount: 782, timeSinceOldestUnacknowledgedMsg: 1972843, timeSinceLastReceivedSomeData: 2038472).
2026-01-22 19:24:40.235 [info] [remote-connection][Management   ][d7c33…][reconnect] received socket timeout event (unacknowledgedMsgCount: 321, timeSinceOldestUnacknowledgedMsg: 1992872, timeSinceLastReceivedSomeData: 2039207).
2026-01-22 19:24:53.687 [info] [remote-connection][Management   ][d7c33…][reconnect] resolving connection...
2026-01-22 19:24:53.687 [info] Invoking resolveAuthority(ssh-remote)...
2026-01-22 19:24:53.687 [info] [LocalProcess0][resolveAuthority(ssh-remote,66)][0ms] obtaining proxy...
2026-01-22 19:24:53.687 [info] [LocalProcess0][resolveAuthority(ssh-remote,66)][0ms] invoking...
2026-01-22 19:24:53.694 [info] [remote-connection][ExtensionHost][b16be…][reconnect] resolving connection...
2026-01-22 19:24:54.687 [info] [LocalProcess0][resolveAuthority(ssh-remote,66)][1000ms] waiting...
2026-01-22 19:24:55.687 [info] [LocalProcess0][resolveAuthority(ssh-remote,66)][2000ms] waiting...
2026-01-22 19:24:56.687 [info] [LocalProcess0][resolveAuthority(ssh-remote,66)][3000ms] waiting...
2026-01-22 19:24:57.158 [error] [LocalProcess0][resolveAuthority(ssh-remote,66)][3471ms] returned an error {"code":"TemporarilyNotAvailable","message":"No route to host"}
2026-01-22 19:24:57.158 [error] resolveAuthority(ssh-remote) returned an error after 3472 ms No route to host
2026-01-22 19:24:57.159 [info] [remote-connection][Management   ][d7c33…][reconnect] A temporarily not available error occurred while trying to reconnect, will try again...
2026-01-22 19:24:57.159 [info] [remote-connection][Management   ][d7c33…][reconnect] waiting for 30 seconds before reconnecting...
2026-01-22 19:24:57.159 [info] [remote-connection][ExtensionHost][b16be…][reconnect] A temporarily not available error occurred while trying to reconnect, will try again...
2026-01-22 19:24:57.159 [info] [remote-connection][ExtensionHost][b16be…][reconnect] waiting for 30 seconds before reconnecting...
2026-01-22 19:24:57.196 [warning] [mainThreadStorage] large extension state detected (extensionId: ms-vscode-remote.remote-ssh, global: true): 3547.2470703125kb. Consider to use 'storageUri' or 'globalStorageUri' to store this data on disk instead.
2026-01-22 19:25:00.219 [info] [remote-connection][ExtensionHost][b16be…][reconnect] received socket timeout event (unacknowledgedMsgCount: 794, timeSinceOldestUnacknowledgedMsg: 1992843, timeSinceLastReceivedSomeData: 2058472).
2026-01-22 19:25:00.235 [info] [remote-connection][Management   ][d7c33…][reconnect] received socket timeout event (unacknowledgedMsgCount: 326, timeSinceOldestUnacknowledgedMsg: 2012872, timeSinceLastReceivedSomeData: 2059207).
2026-01-22 19:25:27.159 [info] [remote-connection][Management   ][d7c33…][reconnect] resolving connection...
2026-01-22 19:25:27.159 [info] Invoking resolveAuthority(ssh-remote)...
2026-01-22 19:25:27.159 [info] [LocalProcess0][resolveAuthority(ssh-remote,67)][0ms] obtaining proxy...
2026-01-22 19:25:27.159 [info] [LocalProcess0][resolveAuthority(ssh-remote,67)][0ms] invoking...
2026-01-22 19:25:27.161 [info] [remote-connection][ExtensionHost][b16be…][reconnect] received socket timeout event (unacknowledgedMsgCount: 795, timeSinceOldestUnacknowledgedMsg: 2019786, timeSinceLastReceivedSomeData: 2085415).
2026-01-22 19:25:27.168 [info] [remote-connection][ExtensionHost][b16be…][reconnect] resolving connection...
2026-01-22 19:25:27.174 [info] [remote-connection][Management   ][d7c33…][reconnect] received socket timeout event (unacknowledgedMsgCount: 327, timeSinceOldestUnacknowledgedMsg: 2039811, timeSinceLastReceivedSomeData: 2086146).
2026-01-22 19:25:28.159 [info] [LocalProcess0][resolveAuthority(ssh-remote,67)][1000ms] waiting...
2026-01-22 19:25:29.159 [info] [LocalProcess0][resolveAuthority(ssh-remote,67)][2000ms] waiting...
2026-01-22 19:25:30.159 [info] [LocalProcess0][resolveAuthority(ssh-remote,67)][3000ms] waiting...
2026-01-22 19:25:30.631 [error] [LocalProcess0][resolveAuthority(ssh-remote,67)][3472ms] returned an error {"code":"TemporarilyNotAvailable","message":"No route to host"}
2026-01-22 19:25:30.631 [error] resolveAuthority(ssh-remote) returned an error after 3472 ms No route to host
2026-01-22 19:25:30.632 [info] [remote-connection][Management   ][d7c33…][reconnect] A temporarily not available error occurred while trying to reconnect, will try again...
2026-01-22 19:25:30.632 [info] [remote-connection][Management   ][d7c33…][reconnect] waiting for 30 seconds before reconnecting...
2026-01-22 19:25:30.632 [info] [remote-connection][ExtensionHost][b16be…][reconnect] A temporarily not available error occurred while trying to reconnect, will try again...
2026-01-22 19:25:30.632 [info] [remote-connection][ExtensionHost][b16be…][reconnect] waiting for 30 seconds before reconnecting...
2026-01-22 19:25:30.673 [warning] [mainThreadStorage] large extension state detected (extensionId: ms-vscode-remote.remote-ssh, global: true): 3600.998046875kb. Consider to use 'storageUri' or 'globalStorageUri' to store this data on disk instead.
2026-01-22 19:25:47.162 [info] [remote-connection][ExtensionHost][b16be…][reconnect] received socket timeout event (unacknowledgedMsgCount: 806, timeSinceOldestUnacknowledgedMsg: 2039787, timeSinceLastReceivedSomeData: 2105416).
2026-01-22 19:25:47.174 [info] [remote-connection][Management   ][d7c33…][reconnect] received socket timeout event (unacknowledgedMsgCount: 331, timeSinceOldestUnacknowledgedMsg: 2059811, timeSinceLastReceivedSomeData: 2106146).
2026-01-22 19:26:00.632 [info] [remote-connection][Management   ][d7c33…][reconnect] resolving connection...
2026-01-22 19:26:00.632 [info] Invoking resolveAuthority(ssh-remote)...
2026-01-22 19:26:00.632 [info] [LocalProcess0][resolveAuthority(ssh-remote,68)][0ms] obtaining proxy...
2026-01-22 19:26:00.633 [info] [LocalProcess0][resolveAuthority(ssh-remote,68)][0ms] invoking...
2026-01-22 19:26:00.637 [info] [remote-connection][ExtensionHost][b16be…][reconnect] resolving connection...
2026-01-22 19:26:01.633 [info] [LocalProcess0][resolveAuthority(ssh-remote,68)][1000ms] waiting...
2026-01-22 19:26:02.633 [info] [LocalProcess0][resolveAuthority(ssh-remote,68)][2000ms] waiting...
2026-01-22 19:26:03.633 [info] [LocalProcess0][resolveAuthority(ssh-remote,68)][3000ms] waiting...
2026-01-22 19:26:04.105 [error] [LocalProcess0][resolveAuthority(ssh-remote,68)][3472ms] returned an error {"code":"TemporarilyNotAvailable","message":"No route to host"}
2026-01-22 19:26:04.105 [error] resolveAuthority(ssh-remote) returned an error after 3472 ms No route to host
2026-01-22 19:26:04.105 [info] [remote-connection][Management   ][d7c33…][reconnect] A temporarily not available error occurred while trying to reconnect, will try again...
2026-01-22 19:26:04.105 [info] [remote-connection][Management   ][d7c33…][reconnect] waiting for 30 seconds before reconnecting...
2026-01-22 19:26:04.105 [info] [remote-connection][ExtensionHost][b16be…][reconnect] A temporarily not available error occurred while trying to reconnect, will try again...
2026-01-22 19:26:04.105 [info] [remote-connection][ExtensionHost][b16be…][reconnect] waiting for 30 seconds before reconnecting...
2026-01-22 19:26:04.148 [warning] [mainThreadStorage] large extension state detected (extensionId: ms-vscode-remote.remote-ssh, global: true): 3654.7490234375kb. Consider to use 'storageUri' or 'globalStorageUri' to store this data on disk instead.
2026-01-22 19:26:07.162 [info] [remote-connection][ExtensionHost][b16be…][reconnect] received socket timeout event (unacknowledgedMsgCount: 818, timeSinceOldestUnacknowledgedMsg: 2059787, timeSinceLastReceivedSomeData: 2125416).
2026-01-22 19:26:07.174 [info] [remote-connection][Management   ][d7c33…][reconnect] received socket timeout event (unacknowledgedMsgCount: 336, timeSinceOldestUnacknowledgedMsg: 2079811, timeSinceLastReceivedSomeData: 2126146).
2026-01-22 19:26:34.105 [info] [remote-connection][Management   ][d7c33…][reconnect] resolving connection...
2026-01-22 19:26:34.105 [info] Invoking resolveAuthority(ssh-remote)...
2026-01-22 19:26:34.106 [info] [LocalProcess0][resolveAuthority(ssh-remote,69)][0ms] obtaining proxy...
2026-01-22 19:26:34.106 [info] [LocalProcess0][resolveAuthority(ssh-remote,69)][0ms] invoking...
2026-01-22 19:26:34.107 [info] [remote-connection][ExtensionHost][b16be…][reconnect] received socket timeout event (unacknowledgedMsgCount: 819, timeSinceOldestUnacknowledgedMsg: 2086732, timeSinceLastReceivedSomeData: 2152361).
2026-01-22 19:26:34.110 [info] [remote-connection][ExtensionHost][b16be…][reconnect] resolving connection...
2026-01-22 19:26:34.116 [info] [remote-connection][Management   ][d7c33…][reconnect] received socket timeout event (unacknowledgedMsgCount: 337, timeSinceOldestUnacknowledgedMsg: 2106753, timeSinceLastReceivedSomeData: 2153088).
2026-01-22 19:26:35.106 [info] [LocalProcess0][resolveAuthority(ssh-remote,69)][1001ms] waiting...
2026-01-22 19:26:36.106 [info] [LocalProcess0][resolveAuthority(ssh-remote,69)][2001ms] waiting...
2026-01-22 19:26:37.106 [info] [LocalProcess0][resolveAuthority(ssh-remote,69)][3001ms] waiting...
2026-01-22 19:26:37.576 [error] [LocalProcess0][resolveAuthority(ssh-remote,69)][3471ms] returned an error {"code":"TemporarilyNotAvailable","message":"No route to host"}
2026-01-22 19:26:37.576 [error] resolveAuthority(ssh-remote) returned an error after 3471 ms No route to host
2026-01-22 19:26:37.577 [info] [remote-connection][Management   ][d7c33…][reconnect] A temporarily not available error occurred while trying to reconnect, will try again...
2026-01-22 19:26:37.577 [info] [remote-connection][Management   ][d7c33…][reconnect] waiting for 30 seconds before reconnecting...
2026-01-22 19:26:37.577 [info] [remote-connection][ExtensionHost][b16be…][reconnect] A temporarily not available error occurred while trying to reconnect, will try again...
2026-01-22 19:26:37.577 [info] [remote-connection][ExtensionHost][b16be…][reconnect] waiting for 30 seconds before reconnecting...
2026-01-22 19:26:37.614 [warning] [mainThreadStorage] large extension state detected (extensionId: ms-vscode-remote.remote-ssh, global: true): 3708.5kb. Consider to use 'storageUri' or 'globalStorageUri' to store this data on disk instead.
2026-01-22 19:26:54.108 [info] [remote-connection][ExtensionHost][b16be…][reconnect] received socket timeout event (unacknowledgedMsgCount: 830, timeSinceOldestUnacknowledgedMsg: 2106732, timeSinceLastReceivedSomeData: 2172361).
2026-01-22 19:26:54.117 [info] [remote-connection][Management   ][d7c33…][reconnect] received socket timeout event (unacknowledgedMsgCount: 341, timeSinceOldestUnacknowledgedMsg: 2126754, timeSinceLastReceivedSomeData: 2173089).
2026-01-22 19:27:07.577 [info] [remote-connection][Management   ][d7c33…][reconnect] resolving connection...
2026-01-22 19:27:07.577 [info] Invoking resolveAuthority(ssh-remote)...
2026-01-22 19:27:07.578 [info] [LocalProcess0][resolveAuthority(ssh-remote,70)][0ms] obtaining proxy...
2026-01-22 19:27:07.579 [info] [LocalProcess0][resolveAuthority(ssh-remote,70)][0ms] invoking...
2026-01-22 19:27:07.582 [info] [remote-connection][ExtensionHost][b16be…][reconnect] resolving connection...
2026-01-22 19:27:08.578 [info] [LocalProcess0][resolveAuthority(ssh-remote,70)][1000ms] waiting...
2026-01-22 19:27:09.578 [info] [LocalProcess0][resolveAuthority(ssh-remote,70)][2000ms] waiting...
2026-01-22 19:27:10.578 [info] [LocalProcess0][resolveAuthority(ssh-remote,70)][3000ms] waiting...
2026-01-22 19:27:11.047 [error] [LocalProcess0][resolveAuthority(ssh-remote,70)][3470ms] returned an error {"code":"TemporarilyNotAvailable","message":"No route to host"}
2026-01-22 19:27:11.047 [error] resolveAuthority(ssh-remote) returned an error after 3470 ms No route to host
2026-01-22 19:27:11.048 [info] [remote-connection][Management   ][d7c33…][reconnect] A temporarily not available error occurred while trying to reconnect, will try again...
2026-01-22 19:27:11.048 [info] [remote-connection][Management   ][d7c33…][reconnect] waiting for 30 seconds before reconnecting...
2026-01-22 19:27:11.048 [info] [remote-connection][ExtensionHost][b16be…][reconnect] A temporarily not available error occurred while trying to reconnect, will try again...
2026-01-22 19:27:11.048 [info] [remote-connection][ExtensionHost][b16be…][reconnect] waiting for 30 seconds before reconnecting...
2026-01-22 19:27:11.086 [warning] [mainThreadStorage] large extension state detected (extensionId: ms-vscode-remote.remote-ssh, global: true): 3762.2509765625kb. Consider to use 'storageUri' or 'globalStorageUri' to store this data on disk instead.
2026-01-22 19:27:14.108 [info] [remote-connection][ExtensionHost][b16be…][reconnect] received socket timeout event (unacknowledgedMsgCount: 842, timeSinceOldestUnacknowledgedMsg: 2126732, timeSinceLastReceivedSomeData: 2192361).
2026-01-22 19:27:14.117 [info] [remote-connection][Management   ][d7c33…][reconnect] received socket timeout event (unacknowledgedMsgCount: 346, timeSinceOldestUnacknowledgedMsg: 2146754, timeSinceLastReceivedSomeData: 2193089).
2026-01-22 19:27:41.048 [info] [remote-connection][Management   ][d7c33…][reconnect] resolving connection...
2026-01-22 19:27:41.048 [info] Invoking resolveAuthority(ssh-remote)...
2026-01-22 19:27:41.048 [info] [LocalProcess0][resolveAuthority(ssh-remote,71)][0ms] obtaining proxy...
2026-01-22 19:27:41.048 [info] [LocalProcess0][resolveAuthority(ssh-remote,71)][0ms] invoking...
2026-01-22 19:27:41.050 [info] [remote-connection][ExtensionHost][b16be…][reconnect] received socket timeout event (unacknowledgedMsgCount: 843, timeSinceOldestUnacknowledgedMsg: 2153675, timeSinceLastReceivedSomeData: 2219304).
2026-01-22 19:27:41.055 [info] [remote-connection][ExtensionHost][b16be…][reconnect] resolving connection...
2026-01-22 19:27:41.061 [info] [remote-connection][Management   ][d7c33…][reconnect] received socket timeout event (unacknowledgedMsgCount: 347, timeSinceOldestUnacknowledgedMsg: 2173698, timeSinceLastReceivedSomeData: 2220033).
2026-01-22 19:27:42.049 [info] [LocalProcess0][resolveAuthority(ssh-remote,71)][1000ms] waiting...
2026-01-22 19:27:43.049 [info] [LocalProcess0][resolveAuthority(ssh-remote,71)][2000ms] waiting...
2026-01-22 19:27:44.048 [info] [LocalProcess0][resolveAuthority(ssh-remote,71)][3000ms] waiting...
2026-01-22 19:27:44.521 [error] [LocalProcess0][resolveAuthority(ssh-remote,71)][3473ms] returned an error {"code":"TemporarilyNotAvailable","message":"No route to host"}
2026-01-22 19:27:44.521 [error] resolveAuthority(ssh-remote) returned an error after 3473 ms No route to host
2026-01-22 19:27:44.522 [info] [remote-connection][Management   ][d7c33…][reconnect] A temporarily not available error occurred while trying to reconnect, will try again...
2026-01-22 19:27:44.522 [info] [remote-connection][Management   ][d7c33…][reconnect] waiting for 30 seconds before reconnecting...
2026-01-22 19:27:44.522 [info] [remote-connection][ExtensionHost][b16be…][reconnect] A temporarily not available error occurred while trying to reconnect, will try again...
2026-01-22 19:27:44.522 [info] [remote-connection][ExtensionHost][b16be…][reconnect] waiting for 30 seconds before reconnecting...
2026-01-22 19:27:44.554 [warning] [mainThreadStorage] large extension state detected (extensionId: ms-vscode-remote.remote-ssh, global: true): 3816.001953125kb. Consider to use 'storageUri' or 'globalStorageUri' to store this data on disk instead.
2026-01-22 19:28:01.050 [info] [remote-connection][ExtensionHost][b16be…][reconnect] received socket timeout event (unacknowledgedMsgCount: 854, timeSinceOldestUnacknowledgedMsg: 2173675, timeSinceLastReceivedSomeData: 2239304).
2026-01-22 19:28:01.061 [info] [remote-connection][Management   ][d7c33…][reconnect] received socket timeout event (unacknowledgedMsgCount: 351, timeSinceOldestUnacknowledgedMsg: 2193698, timeSinceLastReceivedSomeData: 2240033).
2026-01-22 19:28:14.522 [info] [remote-connection][Management   ][d7c33…][reconnect] resolving connection...
2026-01-22 19:28:14.522 [info] Invoking resolveAuthority(ssh-remote)...
2026-01-22 19:28:14.522 [info] [LocalProcess0][resolveAuthority(ssh-remote,72)][0ms] obtaining proxy...
2026-01-22 19:28:14.522 [info] [LocalProcess0][resolveAuthority(ssh-remote,72)][0ms] invoking...
2026-01-22 19:28:14.527 [info] [remote-connection][ExtensionHost][b16be…][reconnect] resolving connection...
2026-01-22 19:28:15.522 [info] [LocalProcess0][resolveAuthority(ssh-remote,72)][1000ms] waiting...
2026-01-22 19:28:16.522 [info] [LocalProcess0][resolveAuthority(ssh-remote,72)][2000ms] waiting...
2026-01-22 19:28:17.522 [info] [LocalProcess0][resolveAuthority(ssh-remote,72)][3000ms] waiting...
2026-01-22 19:28:17.990 [error] [LocalProcess0][resolveAuthority(ssh-remote,72)][3468ms] returned an error {"code":"TemporarilyNotAvailable","message":"No route to host"}
2026-01-22 19:28:17.990 [error] resolveAuthority(ssh-remote) returned an error after 3468 ms No route to host
2026-01-22 19:28:17.990 [info] [remote-connection][Management   ][d7c33…][reconnect] A temporarily not available error occurred while trying to reconnect, will try again...
2026-01-22 19:28:17.990 [info] [remote-connection][Management   ][d7c33…][reconnect] waiting for 30 seconds before reconnecting...
2026-01-22 19:28:17.991 [info] [remote-connection][ExtensionHost][b16be…][reconnect] A temporarily not available error occurred while trying to reconnect, will try again...
2026-01-22 19:28:17.991 [info] [remote-connection][ExtensionHost][b16be…][reconnect] waiting for 30 seconds before reconnecting...
2026-01-22 19:28:18.028 [warning] [mainThreadStorage] large extension state detected (extensionId: ms-vscode-remote.remote-ssh, global: true): 3869.7529296875kb. Consider to use 'storageUri' or 'globalStorageUri' to store this data on disk instead.
2026-01-22 19:28:21.050 [info] [remote-connection][ExtensionHost][b16be…][reconnect] received socket timeout event (unacknowledgedMsgCount: 866, timeSinceOldestUnacknowledgedMsg: 2193675, timeSinceLastReceivedSomeData: 2259304).
2026-01-22 19:28:21.061 [info] [remote-connection][Management   ][d7c33…][reconnect] received socket timeout event (unacknowledgedMsgCount: 356, timeSinceOldestUnacknowledgedMsg: 2213698, timeSinceLastReceivedSomeData: 2260033).
2026-01-22 19:28:47.991 [info] [remote-connection][Management   ][d7c33…][reconnect] resolving connection...
2026-01-22 19:28:47.991 [info] Invoking resolveAuthority(ssh-remote)...
2026-01-22 19:28:47.991 [info] [LocalProcess0][resolveAuthority(ssh-remote,73)][0ms] obtaining proxy...
2026-01-22 19:28:47.991 [info] [LocalProcess0][resolveAuthority(ssh-remote,73)][0ms] invoking...
2026-01-22 19:28:47.993 [info] [remote-connection][ExtensionHost][b16be…][reconnect] received socket timeout event (unacknowledgedMsgCount: 867, timeSinceOldestUnacknowledgedMsg: 2220618, timeSinceLastReceivedSomeData: 2286247).
2026-01-22 19:28:47.996 [info] [remote-connection][ExtensionHost][b16be…][reconnect] resolving connection...
2026-01-22 19:28:48.002 [info] [remote-connection][Management   ][d7c33…][reconnect] received socket timeout event (unacknowledgedMsgCount: 357, timeSinceOldestUnacknowledgedMsg: 2240639, timeSinceLastReceivedSomeData: 2286974).
2026-01-22 19:28:48.991 [info] [LocalProcess0][resolveAuthority(ssh-remote,73)][1000ms] waiting...
2026-01-22 19:28:49.991 [info] [LocalProcess0][resolveAuthority(ssh-remote,73)][2000ms] waiting...
2026-01-22 19:28:50.991 [info] [LocalProcess0][resolveAuthority(ssh-remote,73)][3000ms] waiting...
2026-01-22 19:28:51.467 [error] [LocalProcess0][resolveAuthority(ssh-remote,73)][3476ms] returned an error {"code":"TemporarilyNotAvailable","message":"No route to host"}
2026-01-22 19:28:51.468 [error] resolveAuthority(ssh-remote) returned an error after 3476 ms No route to host
2026-01-22 19:28:51.468 [info] [remote-connection][Management   ][d7c33…][reconnect] A temporarily not available error occurred while trying to reconnect, will try again...
2026-01-22 19:28:51.468 [info] [remote-connection][Management   ][d7c33…][reconnect] waiting for 30 seconds before reconnecting...
2026-01-22 19:28:51.468 [info] [remote-connection][ExtensionHost][b16be…][reconnect] A temporarily not available error occurred while trying to reconnect, will try again...
2026-01-22 19:28:51.468 [info] [remote-connection][ExtensionHost][b16be…][reconnect] waiting for 30 seconds before reconnecting...
2026-01-22 19:28:51.503 [warning] [mainThreadStorage] large extension state detected (extensionId: ms-vscode-remote.remote-ssh, global: true): 3923.50390625kb. Consider to use 'storageUri' or 'globalStorageUri' to store this data on disk instead.
2026-01-22 19:29:07.994 [info] [remote-connection][ExtensionHost][b16be…][reconnect] received socket timeout event (unacknowledgedMsgCount: 878, timeSinceOldestUnacknowledgedMsg: 2240618, timeSinceLastReceivedSomeData: 2306247).
2026-01-22 19:29:08.002 [info] [remote-connection][Management   ][d7c33…][reconnect] received socket timeout event (unacknowledgedMsgCount: 361, timeSinceOldestUnacknowledgedMsg: 2260639, timeSinceLastReceivedSomeData: 2306974).
2026-01-22 19:29:21.468 [info] [remote-connection][Management   ][d7c33…][reconnect] resolving connection...
2026-01-22 19:29:21.468 [info] Invoking resolveAuthority(ssh-remote)...
2026-01-22 19:29:21.469 [info] [LocalProcess0][resolveAuthority(ssh-remote,74)][0ms] obtaining proxy...
2026-01-22 19:29:21.469 [info] [LocalProcess0][resolveAuthority(ssh-remote,74)][0ms] invoking...
2026-01-22 19:29:21.474 [info] [remote-connection][ExtensionHost][b16be…][reconnect] resolving connection...
2026-01-22 19:29:22.469 [info] [LocalProcess0][resolveAuthority(ssh-remote,74)][1000ms] waiting...
2026-01-22 19:29:23.469 [info] [LocalProcess0][resolveAuthority(ssh-remote,74)][2000ms] waiting...
2026-01-22 19:29:24.469 [info] [LocalProcess0][resolveAuthority(ssh-remote,74)][3000ms] waiting...
2026-01-22 19:29:24.936 [error] [LocalProcess0][resolveAuthority(ssh-remote,74)][3468ms] returned an error {"code":"TemporarilyNotAvailable","message":"No route to host"}
2026-01-22 19:29:24.936 [error] resolveAuthority(ssh-remote) returned an error after 3468 ms No route to host
2026-01-22 19:29:24.936 [info] [remote-connection][Management   ][d7c33…][reconnect] A temporarily not available error occurred while trying to reconnect, will try again...
2026-01-22 19:29:24.937 [info] [remote-connection][Management   ][d7c33…][reconnect] waiting for 30 seconds before reconnecting...
2026-01-22 19:29:24.937 [info] [remote-connection][ExtensionHost][b16be…][reconnect] A temporarily not available error occurred while trying to reconnect, will try again...
2026-01-22 19:29:24.937 [info] [remote-connection][ExtensionHost][b16be…][reconnect] waiting for 30 seconds before reconnecting...
2026-01-22 19:29:24.972 [warning] [mainThreadStorage] large extension state detected (extensionId: ms-vscode-remote.remote-ssh, global: true): 3977.2548828125kb. Consider to use 'storageUri' or 'globalStorageUri' to store this data on disk instead.
2026-01-22 19:29:27.994 [info] [remote-connection][ExtensionHost][b16be…][reconnect] received socket timeout event (unacknowledgedMsgCount: 890, timeSinceOldestUnacknowledgedMsg: 2260618, timeSinceLastReceivedSomeData: 2326247).
2026-01-22 19:29:28.002 [info] [remote-connection][Management   ][d7c33…][reconnect] received socket timeout event (unacknowledgedMsgCount: 366, timeSinceOldestUnacknowledgedMsg: 2280639, timeSinceLastReceivedSomeData: 2326974).
2026-01-22 19:29:54.937 [info] [remote-connection][Management   ][d7c33…][reconnect] resolving connection...
2026-01-22 19:29:54.937 [info] Invoking resolveAuthority(ssh-remote)...
2026-01-22 19:29:54.937 [info] [LocalProcess0][resolveAuthority(ssh-remote,75)][0ms] obtaining proxy...
2026-01-22 19:29:54.937 [info] [LocalProcess0][resolveAuthority(ssh-remote,75)][0ms] invoking...
2026-01-22 19:29:54.939 [info] [remote-connection][ExtensionHost][b16be…][reconnect] received socket timeout event (unacknowledgedMsgCount: 891, timeSinceOldestUnacknowledgedMsg: 2287564, timeSinceLastReceivedSomeData: 2353193).
2026-01-22 19:29:54.942 [info] [remote-connection][ExtensionHost][b16be…][reconnect] resolving connection...
2026-01-22 19:29:54.951 [info] [remote-connection][Management   ][d7c33…][reconnect] received socket timeout event (unacknowledgedMsgCount: 367, timeSinceOldestUnacknowledgedMsg: 2307588, timeSinceLastReceivedSomeData: 2353923).
2026-01-22 19:29:55.938 [info] [LocalProcess0][resolveAuthority(ssh-remote,75)][1000ms] waiting...
2026-01-22 19:29:56.937 [info] [LocalProcess0][resolveAuthority(ssh-remote,75)][2000ms] waiting...
2026-01-22 19:29:57.937 [info] [LocalProcess0][resolveAuthority(ssh-remote,75)][3000ms] waiting...
2026-01-22 19:29:58.407 [error] [LocalProcess0][resolveAuthority(ssh-remote,75)][3470ms] returned an error {"code":"TemporarilyNotAvailable","message":"No route to host"}
2026-01-22 19:29:58.407 [error] resolveAuthority(ssh-remote) returned an error after 3470 ms No route to host
2026-01-22 19:29:58.407 [info] [remote-connection][Management   ][d7c33…][reconnect] A temporarily not available error occurred while trying to reconnect, will try again...
2026-01-22 19:29:58.407 [info] [remote-connection][Management   ][d7c33…][reconnect] waiting for 30 seconds before reconnecting...
2026-01-22 19:29:58.407 [info] [remote-connection][ExtensionHost][b16be…][reconnect] A temporarily not available error occurred while trying to reconnect, will try again...
2026-01-22 19:29:58.408 [info] [remote-connection][ExtensionHost][b16be…][reconnect] waiting for 30 seconds before reconnecting...
2026-01-22 19:29:58.445 [warning] [mainThreadStorage] large extension state detected (extensionId: ms-vscode-remote.remote-ssh, global: true): 4031.005859375kb. Consider to use 'storageUri' or 'globalStorageUri' to store this data on disk instead.
2026-01-22 19:30:14.940 [info] [remote-connection][ExtensionHost][b16be…][reconnect] received socket timeout event (unacknowledgedMsgCount: 902, timeSinceOldestUnacknowledgedMsg: 2307564, timeSinceLastReceivedSomeData: 2373193).
2026-01-22 19:30:14.951 [info] [remote-connection][Management   ][d7c33…][reconnect] received socket timeout event (unacknowledgedMsgCount: 371, timeSinceOldestUnacknowledgedMsg: 2327588, timeSinceLastReceivedSomeData: 2373923).
2026-01-22 19:30:28.408 [info] [remote-connection][Management   ][d7c33…][reconnect] resolving connection...
2026-01-22 19:30:28.408 [info] Invoking resolveAuthority(ssh-remote)...
2026-01-22 19:30:28.408 [info] [LocalProcess0][resolveAuthority(ssh-remote,76)][0ms] obtaining proxy...
2026-01-22 19:30:28.408 [info] [LocalProcess0][resolveAuthority(ssh-remote,76)][0ms] invoking...
2026-01-22 19:30:28.416 [info] [remote-connection][ExtensionHost][b16be…][reconnect] resolving connection...
2026-01-22 19:30:29.408 [info] [LocalProcess0][resolveAuthority(ssh-remote,76)][1000ms] waiting...
2026-01-22 19:30:30.408 [info] [LocalProcess0][resolveAuthority(ssh-remote,76)][2000ms] waiting...
2026-01-22 19:30:31.408 [info] [LocalProcess0][resolveAuthority(ssh-remote,76)][3000ms] waiting...
2026-01-22 19:30:31.880 [error] [LocalProcess0][resolveAuthority(ssh-remote,76)][3472ms] returned an error {"code":"TemporarilyNotAvailable","message":"No route to host"}
2026-01-22 19:30:31.880 [error] resolveAuthority(ssh-remote) returned an error after 3472 ms No route to host
2026-01-22 19:30:31.880 [info] [remote-connection][Management   ][d7c33…][reconnect] A temporarily not available error occurred while trying to reconnect, will try again...
2026-01-22 19:30:31.881 [info] [remote-connection][Management   ][d7c33…][reconnect] waiting for 30 seconds before reconnecting...
2026-01-22 19:30:31.881 [info] [remote-connection][ExtensionHost][b16be…][reconnect] A temporarily not available error occurred while trying to reconnect, will try again...
2026-01-22 19:30:31.881 [info] [remote-connection][ExtensionHost][b16be…][reconnect] waiting for 30 seconds before reconnecting...
2026-01-22 19:30:31.919 [warning] [mainThreadStorage] large extension state detected (extensionId: ms-vscode-remote.remote-ssh, global: true): 4084.7568359375kb. Consider to use 'storageUri' or 'globalStorageUri' to store this data on disk instead.
2026-01-22 19:30:34.939 [info] [remote-connection][ExtensionHost][b16be…][reconnect] received socket timeout event (unacknowledgedMsgCount: 914, timeSinceOldestUnacknowledgedMsg: 2327564, timeSinceLastReceivedSomeData: 2393193).
2026-01-22 19:30:34.952 [info] [remote-connection][Management   ][d7c33…][reconnect] received socket timeout event (unacknowledgedMsgCount: 376, timeSinceOldestUnacknowledgedMsg: 2347588, timeSinceLastReceivedSomeData: 2393923).
2026-01-22 19:31:01.881 [info] [remote-connection][Management   ][d7c33…][reconnect] resolving connection...
2026-01-22 19:31:01.881 [info] Invoking resolveAuthority(ssh-remote)...
2026-01-22 19:31:01.891 [info] [LocalProcess0][resolveAuthority(ssh-remote,77)][0ms] obtaining proxy...
2026-01-22 19:31:01.891 [info] [LocalProcess0][resolveAuthority(ssh-remote,77)][0ms] invoking...
2026-01-22 19:31:01.891 [info] [remote-connection][ExtensionHost][b16be…][reconnect] received socket timeout event (unacknowledgedMsgCount: 915, timeSinceOldestUnacknowledgedMsg: 2354508, timeSinceLastReceivedSomeData: 2420137).
2026-01-22 19:31:01.891 [info] [remote-connection][ExtensionHost][b16be…][reconnect] resolving connection...
2026-01-22 19:31:01.893 [info] [remote-connection][Management   ][d7c33…][reconnect] received socket timeout event (unacknowledgedMsgCount: 377, timeSinceOldestUnacknowledgedMsg: 2374530, timeSinceLastReceivedSomeData: 2420865).
2026-01-22 19:31:02.882 [info] [LocalProcess0][resolveAuthority(ssh-remote,77)][1000ms] waiting...
2026-01-22 19:31:03.882 [info] [LocalProcess0][resolveAuthority(ssh-remote,77)][2000ms] waiting...
2026-01-22 19:31:04.882 [info] [LocalProcess0][resolveAuthority(ssh-remote,77)][3000ms] waiting...
2026-01-22 19:31:05.354 [error] [LocalProcess0][resolveAuthority(ssh-remote,77)][3472ms] returned an error {"code":"TemporarilyNotAvailable","message":"No route to host"}
2026-01-22 19:31:05.354 [error] resolveAuthority(ssh-remote) returned an error after 3473 ms No route to host
2026-01-22 19:31:05.354 [info] [remote-connection][Management   ][d7c33…][reconnect] A temporarily not available error occurred while trying to reconnect, will try again...
2026-01-22 19:31:05.354 [info] [remote-connection][Management   ][d7c33…][reconnect] waiting for 30 seconds before reconnecting...
2026-01-22 19:31:05.354 [info] [remote-connection][ExtensionHost][b16be…][reconnect] A temporarily not available error occurred while trying to reconnect, will try again...
2026-01-22 19:31:05.355 [info] [remote-connection][ExtensionHost][b16be…][reconnect] waiting for 30 seconds before reconnecting...
2026-01-22 19:31:05.398 [warning] [mainThreadStorage] large extension state detected (extensionId: ms-vscode-remote.remote-ssh, global: true): 4138.5078125kb. Consider to use 'storageUri' or 'globalStorageUri' to store this data on disk instead.
2026-01-22 19:31:21.884 [info] [remote-connection][ExtensionHost][b16be…][reconnect] received socket timeout event (unacknowledgedMsgCount: 926, timeSinceOldestUnacknowledgedMsg: 2374508, timeSinceLastReceivedSomeData: 2440137).
2026-01-22 19:31:21.894 [info] [remote-connection][Management   ][d7c33…][reconnect] received socket timeout event (unacknowledgedMsgCount: 381, timeSinceOldestUnacknowledgedMsg: 2394530, timeSinceLastReceivedSomeData: 2440865).
2026-01-22 19:31:35.355 [info] [remote-connection][Management   ][d7c33…][reconnect] resolving connection...
2026-01-22 19:31:35.355 [info] Invoking resolveAuthority(ssh-remote)...
2026-01-22 19:31:35.355 [info] [LocalProcess0][resolveAuthority(ssh-remote,78)][0ms] obtaining proxy...
2026-01-22 19:31:35.355 [info] [LocalProcess0][resolveAuthority(ssh-remote,78)][1ms] invoking...
2026-01-22 19:31:35.359 [info] [remote-connection][ExtensionHost][b16be…][reconnect] resolving connection...
2026-01-22 19:31:36.355 [info] [LocalProcess0][resolveAuthority(ssh-remote,78)][1001ms] waiting...
2026-01-22 19:31:37.355 [info] [LocalProcess0][resolveAuthority(ssh-remote,78)][2001ms] waiting...
2026-01-22 19:31:38.355 [info] [LocalProcess0][resolveAuthority(ssh-remote,78)][3001ms] waiting...
2026-01-22 19:31:38.827 [error] [LocalProcess0][resolveAuthority(ssh-remote,78)][3472ms] returned an error {"code":"TemporarilyNotAvailable","message":"No route to host"}
2026-01-22 19:31:38.827 [error] resolveAuthority(ssh-remote) returned an error after 3472 ms No route to host
2026-01-22 19:31:38.827 [info] [remote-connection][Management   ][d7c33…][reconnect] A temporarily not available error occurred while trying to reconnect, will try again...
2026-01-22 19:31:38.827 [info] [remote-connection][Management   ][d7c33…][reconnect] waiting for 30 seconds before reconnecting...
2026-01-22 19:31:38.827 [info] [remote-connection][ExtensionHost][b16be…][reconnect] A temporarily not available error occurred while trying to reconnect, will try again...
2026-01-22 19:31:38.827 [info] [remote-connection][ExtensionHost][b16be…][reconnect] waiting for 30 seconds before reconnecting...
2026-01-22 19:31:38.863 [warning] [mainThreadStorage] large extension state detected (extensionId: ms-vscode-remote.remote-ssh, global: true): 4192.2587890625kb. Consider to use 'storageUri' or 'globalStorageUri' to store this data on disk instead.
2026-01-22 19:31:41.884 [info] [remote-connection][ExtensionHost][b16be…][reconnect] received socket timeout event (unacknowledgedMsgCount: 938, timeSinceOldestUnacknowledgedMsg: 2394508, timeSinceLastReceivedSomeData: 2460137).
2026-01-22 19:31:41.893 [info] [remote-connection][Management   ][d7c33…][reconnect] received socket timeout event (unacknowledgedMsgCount: 386, timeSinceOldestUnacknowledgedMsg: 2414530, timeSinceLastReceivedSomeData: 2460865).
2026-01-22 19:32:08.827 [info] [remote-connection][Management   ][d7c33…][reconnect] resolving connection...
2026-01-22 19:32:08.828 [info] Invoking resolveAuthority(ssh-remote)...
2026-01-22 19:32:08.828 [info] [LocalProcess0][resolveAuthority(ssh-remote,79)][0ms] obtaining proxy...
2026-01-22 19:32:08.828 [info] [LocalProcess0][resolveAuthority(ssh-remote,79)][1ms] invoking...
2026-01-22 19:32:08.830 [info] [remote-connection][ExtensionHost][b16be…][reconnect] received socket timeout event (unacknowledgedMsgCount: 939, timeSinceOldestUnacknowledgedMsg: 2421454, timeSinceLastReceivedSomeData: 2487083).
2026-01-22 19:32:08.833 [info] [remote-connection][ExtensionHost][b16be…][reconnect] resolving connection...
2026-01-22 19:32:08.850 [info] [remote-connection][Management   ][d7c33…][reconnect] received socket timeout event (unacknowledgedMsgCount: 387, timeSinceOldestUnacknowledgedMsg: 2441486, timeSinceLastReceivedSomeData: 2487821).
2026-01-22 19:32:09.828 [info] [LocalProcess0][resolveAuthority(ssh-remote,79)][1001ms] waiting...
2026-01-22 19:32:10.828 [info] [LocalProcess0][resolveAuthority(ssh-remote,79)][2001ms] waiting...
2026-01-22 19:32:11.828 [info] [LocalProcess0][resolveAuthority(ssh-remote,79)][3001ms] waiting...
2026-01-22 19:32:12.365 [error] [LocalProcess0][resolveAuthority(ssh-remote,79)][3537ms] returned an error {"code":"TemporarilyNotAvailable","message":"No route to host"}
2026-01-22 19:32:12.365 [error] resolveAuthority(ssh-remote) returned an error after 3537 ms No route to host
2026-01-22 19:32:12.365 [info] [remote-connection][Management   ][d7c33…][reconnect] A temporarily not available error occurred while trying to reconnect, will try again...
2026-01-22 19:32:12.365 [info] [remote-connection][Management   ][d7c33…][reconnect] waiting for 30 seconds before reconnecting...
2026-01-22 19:32:12.366 [info] [remote-connection][ExtensionHost][b16be…][reconnect] A temporarily not available error occurred while trying to reconnect, will try again...
2026-01-22 19:32:12.366 [info] [remote-connection][ExtensionHost][b16be…][reconnect] waiting for 30 seconds before reconnecting...
2026-01-22 19:32:12.402 [warning] [mainThreadStorage] large extension state detected (extensionId: ms-vscode-remote.remote-ssh, global: true): 4246.009765625kb. Consider to use 'storageUri' or 'globalStorageUri' to store this data on disk instead.
2026-01-22 19:32:28.829 [info] [remote-connection][ExtensionHost][b16be…][reconnect] received socket timeout event (unacknowledgedMsgCount: 950, timeSinceOldestUnacknowledgedMsg: 2441454, timeSinceLastReceivedSomeData: 2507083).
2026-01-22 19:32:28.850 [info] [remote-connection][Management   ][d7c33…][reconnect] received socket timeout event (unacknowledgedMsgCount: 391, timeSinceOldestUnacknowledgedMsg: 2461486, timeSinceLastReceivedSomeData: 2507821).
2026-01-22 19:32:42.365 [info] [remote-connection][Management   ][d7c33…][reconnect] resolving connection...
2026-01-22 19:32:42.366 [info] Invoking resolveAuthority(ssh-remote)...
2026-01-22 19:32:42.366 [info] [LocalProcess0][resolveAuthority(ssh-remote,80)][0ms] obtaining proxy...
2026-01-22 19:32:42.366 [info] [LocalProcess0][resolveAuthority(ssh-remote,80)][0ms] invoking...
2026-01-22 19:32:42.374 [info] [remote-connection][ExtensionHost][b16be…][reconnect] resolving connection...
2026-01-22 19:32:43.366 [info] [LocalProcess0][resolveAuthority(ssh-remote,80)][1001ms] waiting...
2026-01-22 19:32:44.366 [info] [LocalProcess0][resolveAuthority(ssh-remote,80)][2001ms] waiting...
2026-01-22 19:32:45.366 [info] [LocalProcess0][resolveAuthority(ssh-remote,80)][3001ms] waiting...
2026-01-22 19:32:45.841 [error] [LocalProcess0][resolveAuthority(ssh-remote,80)][3476ms] returned an error {"code":"TemporarilyNotAvailable","message":"No route to host"}
2026-01-22 19:32:45.841 [error] resolveAuthority(ssh-remote) returned an error after 3476 ms No route to host
2026-01-22 19:32:45.841 [info] [remote-connection][Management   ][d7c33…][reconnect] A temporarily not available error occurred while trying to reconnect, will try again...
2026-01-22 19:32:45.841 [info] [remote-connection][Management   ][d7c33…][reconnect] waiting for 30 seconds before reconnecting...
2026-01-22 19:32:45.842 [info] [remote-connection][ExtensionHost][b16be…][reconnect] A temporarily not available error occurred while trying to reconnect, will try again...
2026-01-22 19:32:45.842 [info] [remote-connection][ExtensionHost][b16be…][reconnect] waiting for 30 seconds before reconnecting...
2026-01-22 19:32:45.878 [warning] [mainThreadStorage] large extension state detected (extensionId: ms-vscode-remote.remote-ssh, global: true): 4299.7607421875kb. Consider to use 'storageUri' or 'globalStorageUri' to store this data on disk instead.
2026-01-22 19:32:48.829 [info] [remote-connection][ExtensionHost][b16be…][reconnect] received socket timeout event (unacknowledgedMsgCount: 962, timeSinceOldestUnacknowledgedMsg: 2461454, timeSinceLastReceivedSomeData: 2527083).
2026-01-22 19:32:48.849 [info] [remote-connection][Management   ][d7c33…][reconnect] received socket timeout event (unacknowledgedMsgCount: 396, timeSinceOldestUnacknowledgedMsg: 2481486, timeSinceLastReceivedSomeData: 2527821).
2026-01-22 19:33:15.842 [info] [remote-connection][Management   ][d7c33…][reconnect] resolving connection...
2026-01-22 19:33:15.842 [info] Invoking resolveAuthority(ssh-remote)...
2026-01-22 19:33:15.842 [info] [LocalProcess0][resolveAuthority(ssh-remote,81)][0ms] obtaining proxy...
2026-01-22 19:33:15.842 [info] [LocalProcess0][resolveAuthority(ssh-remote,81)][0ms] invoking...
2026-01-22 19:33:15.844 [info] [remote-connection][ExtensionHost][b16be…][reconnect] received socket timeout event (unacknowledgedMsgCount: 963, timeSinceOldestUnacknowledgedMsg: 2488469, timeSinceLastReceivedSomeData: 2554098).
2026-01-22 19:33:15.848 [info] [remote-connection][ExtensionHost][b16be…][reconnect] resolving connection...
2026-01-22 19:33:15.859 [info] [remote-connection][Management   ][d7c33…][reconnect] received socket timeout event (unacknowledgedMsgCount: 397, timeSinceOldestUnacknowledgedMsg: 2508495, timeSinceLastReceivedSomeData: 2554830).
2026-01-22 19:33:16.842 [info] [LocalProcess0][resolveAuthority(ssh-remote,81)][1000ms] waiting...
2026-01-22 19:33:17.842 [info] [LocalProcess0][resolveAuthority(ssh-remote,81)][2000ms] waiting...
2026-01-22 19:33:18.842 [info] [LocalProcess0][resolveAuthority(ssh-remote,81)][3000ms] waiting...
2026-01-22 19:33:19.308 [error] [LocalProcess0][resolveAuthority(ssh-remote,81)][3466ms] returned an error {"code":"TemporarilyNotAvailable","message":"No route to host"}
2026-01-22 19:33:19.309 [error] resolveAuthority(ssh-remote) returned an error after 3467 ms No route to host
2026-01-22 19:33:19.309 [info] [remote-connection][Management   ][d7c33…][reconnect] A temporarily not available error occurred while trying to reconnect, will try again...
2026-01-22 19:33:19.309 [info] [remote-connection][Management   ][d7c33…][reconnect] waiting for 30 seconds before reconnecting...
2026-01-22 19:33:19.309 [info] [remote-connection][ExtensionHost][b16be…][reconnect] A temporarily not available error occurred while trying to reconnect, will try again...
2026-01-22 19:33:19.309 [info] [remote-connection][ExtensionHost][b16be…][reconnect] waiting for 30 seconds before reconnecting...
2026-01-22 19:33:19.348 [warning] [mainThreadStorage] large extension state detected (extensionId: ms-vscode-remote.remote-ssh, global: true): 4353.51171875kb. Consider to use 'storageUri' or 'globalStorageUri' to store this data on disk instead.
2026-01-22 19:33:35.845 [info] [remote-connection][ExtensionHost][b16be…][reconnect] received socket timeout event (unacknowledgedMsgCount: 974, timeSinceOldestUnacknowledgedMsg: 2508469, timeSinceLastReceivedSomeData: 2574098).
2026-01-22 19:33:35.858 [info] [remote-connection][Management   ][d7c33…][reconnect] received socket timeout event (unacknowledgedMsgCount: 401, timeSinceOldestUnacknowledgedMsg: 2528495, timeSinceLastReceivedSomeData: 2574830).
2026-01-22 19:33:49.309 [info] [remote-connection][Management   ][d7c33…][reconnect] resolving connection...
2026-01-22 19:33:49.309 [info] Invoking resolveAuthority(ssh-remote)...
2026-01-22 19:33:49.310 [info] [LocalProcess0][resolveAuthority(ssh-remote,82)][0ms] obtaining proxy...
2026-01-22 19:33:49.310 [info] [LocalProcess0][resolveAuthority(ssh-remote,82)][0ms] invoking...
2026-01-22 19:33:49.314 [info] [remote-connection][ExtensionHost][b16be…][reconnect] resolving connection...
2026-01-22 19:33:50.310 [info] [LocalProcess0][resolveAuthority(ssh-remote,82)][1001ms] waiting...
2026-01-22 19:33:51.310 [info] [LocalProcess0][resolveAuthority(ssh-remote,82)][2001ms] waiting...
2026-01-22 19:33:52.310 [info] [LocalProcess0][resolveAuthority(ssh-remote,82)][3001ms] waiting...
2026-01-22 19:33:52.781 [error] [LocalProcess0][resolveAuthority(ssh-remote,82)][3472ms] returned an error {"code":"TemporarilyNotAvailable","message":"No route to host"}
2026-01-22 19:33:52.781 [error] resolveAuthority(ssh-remote) returned an error after 3472 ms No route to host
2026-01-22 19:33:52.781 [info] [remote-connection][Management   ][d7c33…][reconnect] A temporarily not available error occurred while trying to reconnect, will try again...
2026-01-22 19:33:52.781 [info] [remote-connection][Management   ][d7c33…][reconnect] waiting for 30 seconds before reconnecting...
2026-01-22 19:33:52.781 [info] [remote-connection][ExtensionHost][b16be…][reconnect] A temporarily not available error occurred while trying to reconnect, will try again...
2026-01-22 19:33:52.782 [info] [remote-connection][ExtensionHost][b16be…][reconnect] waiting for 30 seconds before reconnecting...
2026-01-22 19:33:52.819 [warning] [mainThreadStorage] large extension state detected (extensionId: ms-vscode-remote.remote-ssh, global: true): 4407.2626953125kb. Consider to use 'storageUri' or 'globalStorageUri' to store this data on disk instead.
2026-01-22 19:33:55.845 [info] [remote-connection][ExtensionHost][b16be…][reconnect] received socket timeout event (unacknowledgedMsgCount: 986, timeSinceOldestUnacknowledgedMsg: 2528469, timeSinceLastReceivedSomeData: 2594098).
2026-01-22 19:33:55.858 [info] [remote-connection][Management   ][d7c33…][reconnect] received socket timeout event (unacknowledgedMsgCount: 406, timeSinceOldestUnacknowledgedMsg: 2548495, timeSinceLastReceivedSomeData: 2594830).
2026-01-22 19:34:22.782 [info] [remote-connection][Management   ][d7c33…][reconnect] resolving connection...
2026-01-22 19:34:22.782 [info] Invoking resolveAuthority(ssh-remote)...
2026-01-22 19:34:22.782 [info] [LocalProcess0][resolveAuthority(ssh-remote,83)][0ms] obtaining proxy...
2026-01-22 19:34:22.782 [info] [LocalProcess0][resolveAuthority(ssh-remote,83)][0ms] invoking...
2026-01-22 19:34:22.784 [info] [remote-connection][ExtensionHost][b16be…][reconnect] received socket timeout event (unacknowledgedMsgCount: 987, timeSinceOldestUnacknowledgedMsg: 2555409, timeSinceLastReceivedSomeData: 2621038).
2026-01-22 19:34:22.787 [info] [remote-connection][ExtensionHost][b16be…][reconnect] resolving connection...
2026-01-22 19:34:22.793 [info] [remote-connection][Management   ][d7c33…][reconnect] received socket timeout event (unacknowledgedMsgCount: 407, timeSinceOldestUnacknowledgedMsg: 2575430, timeSinceLastReceivedSomeData: 2621765).
2026-01-22 19:34:23.782 [info] [LocalProcess0][resolveAuthority(ssh-remote,83)][1000ms] waiting...
2026-01-22 19:34:24.782 [info] [LocalProcess0][resolveAuthority(ssh-remote,83)][2000ms] waiting...
2026-01-22 19:34:25.782 [info] [LocalProcess0][resolveAuthority(ssh-remote,83)][3000ms] waiting...
2026-01-22 19:34:26.254 [error] [LocalProcess0][resolveAuthority(ssh-remote,83)][3472ms] returned an error {"code":"TemporarilyNotAvailable","message":"No route to host"}
2026-01-22 19:34:26.255 [error] resolveAuthority(ssh-remote) returned an error after 3472 ms No route to host
2026-01-22 19:34:26.255 [info] [remote-connection][Management   ][d7c33…][reconnect] A temporarily not available error occurred while trying to reconnect, will try again...
2026-01-22 19:34:26.255 [info] [remote-connection][Management   ][d7c33…][reconnect] waiting for 30 seconds before reconnecting...
2026-01-22 19:34:26.255 [info] [remote-connection][ExtensionHost][b16be…][reconnect] A temporarily not available error occurred while trying to reconnect, will try again...
2026-01-22 19:34:26.255 [info] [remote-connection][ExtensionHost][b16be…][reconnect] waiting for 30 seconds before reconnecting...
2026-01-22 19:34:26.299 [warning] [mainThreadStorage] large extension state detected (extensionId: ms-vscode-remote.remote-ssh, global: true): 4461.013671875kb. Consider to use 'storageUri' or 'globalStorageUri' to store this data on disk instead.
2026-01-22 19:34:42.785 [info] [remote-connection][ExtensionHost][b16be…][reconnect] received socket timeout event (unacknowledgedMsgCount: 998, timeSinceOldestUnacknowledgedMsg: 2575409, timeSinceLastReceivedSomeData: 2641038).
2026-01-22 19:34:42.793 [info] [remote-connection][Management   ][d7c33…][reconnect] received socket timeout event (unacknowledgedMsgCount: 411, timeSinceOldestUnacknowledgedMsg: 2595430, timeSinceLastReceivedSomeData: 2641765).
2026-01-22 19:34:56.255 [info] [remote-connection][Management   ][d7c33…][reconnect] resolving connection...
2026-01-22 19:34:56.255 [info] Invoking resolveAuthority(ssh-remote)...
2026-01-22 19:34:56.256 [info] [LocalProcess0][resolveAuthority(ssh-remote,84)][0ms] obtaining proxy...
2026-01-22 19:34:56.256 [info] [LocalProcess0][resolveAuthority(ssh-remote,84)][0ms] invoking...
2026-01-22 19:34:56.261 [info] [remote-connection][ExtensionHost][b16be…][reconnect] resolving connection...
2026-01-22 19:34:57.256 [info] [LocalProcess0][resolveAuthority(ssh-remote,84)][1001ms] waiting...
2026-01-22 19:34:58.256 [info] [LocalProcess0][resolveAuthority(ssh-remote,84)][2001ms] waiting...
2026-01-22 19:34:59.256 [info] [LocalProcess0][resolveAuthority(ssh-remote,84)][3001ms] waiting...
2026-01-22 19:34:59.736 [error] [LocalProcess0][resolveAuthority(ssh-remote,84)][3480ms] returned an error {"code":"TemporarilyNotAvailable","message":"No route to host"}
2026-01-22 19:34:59.736 [error] resolveAuthority(ssh-remote) returned an error after 3480 ms No route to host
2026-01-22 19:34:59.736 [info] [remote-connection][Management   ][d7c33…][reconnect] A temporarily not available error occurred while trying to reconnect, will try again...
2026-01-22 19:34:59.736 [info] [remote-connection][Management   ][d7c33…][reconnect] waiting for 30 seconds before reconnecting...
2026-01-22 19:34:59.736 [info] [remote-connection][ExtensionHost][b16be…][reconnect] A temporarily not available error occurred while trying to reconnect, will try again...
2026-01-22 19:34:59.736 [info] [remote-connection][ExtensionHost][b16be…][reconnect] waiting for 30 seconds before reconnecting...
2026-01-22 19:34:59.777 [warning] [mainThreadStorage] large extension state detected (extensionId: ms-vscode-remote.remote-ssh, global: true): 4514.7646484375kb. Consider to use 'storageUri' or 'globalStorageUri' to store this data on disk instead.
2026-01-22 19:35:02.785 [info] [remote-connection][ExtensionHost][b16be…][reconnect] received socket timeout event (unacknowledgedMsgCount: 1010, timeSinceOldestUnacknowledgedMsg: 2595409, timeSinceLastReceivedSomeData: 2661038).
2026-01-22 19:35:02.793 [info] [remote-connection][Management   ][d7c33…][reconnect] received socket timeout event (unacknowledgedMsgCount: 416, timeSinceOldestUnacknowledgedMsg: 2615430, timeSinceLastReceivedSomeData: 2661765).
2026-01-22 19:35:29.736 [info] [remote-connection][Management   ][d7c33…][reconnect] resolving connection...
2026-01-22 19:35:29.736 [info] Invoking resolveAuthority(ssh-remote)...
2026-01-22 19:35:29.737 [info] [LocalProcess0][resolveAuthority(ssh-remote,85)][0ms] obtaining proxy...
2026-01-22 19:35:29.737 [info] [LocalProcess0][resolveAuthority(ssh-remote,85)][0ms] invoking...
2026-01-22 19:35:29.738 [info] [remote-connection][ExtensionHost][b16be…][reconnect] received socket timeout event (unacknowledgedMsgCount: 1011, timeSinceOldestUnacknowledgedMsg: 2622363, timeSinceLastReceivedSomeData: 2687992).
2026-01-22 19:35:29.742 [info] [remote-connection][ExtensionHost][b16be…][reconnect] resolving connection...
2026-01-22 19:35:29.750 [info] [remote-connection][Management   ][d7c33…][reconnect] received socket timeout event (unacknowledgedMsgCount: 417, timeSinceOldestUnacknowledgedMsg: 2642386, timeSinceLastReceivedSomeData: 2688721).
2026-01-22 19:35:30.737 [info] [LocalProcess0][resolveAuthority(ssh-remote,85)][1001ms] waiting...
2026-01-22 19:35:31.737 [info] [LocalProcess0][resolveAuthority(ssh-remote,85)][2001ms] waiting...
2026-01-22 19:35:32.737 [info] [LocalProcess0][resolveAuthority(ssh-remote,85)][3001ms] waiting...
2026-01-22 19:35:33.263 [error] [LocalProcess0][resolveAuthority(ssh-remote,85)][3526ms] returned an error {"code":"TemporarilyNotAvailable","message":"No route to host"}
2026-01-22 19:35:33.263 [error] resolveAuthority(ssh-remote) returned an error after 3527 ms No route to host
2026-01-22 19:35:33.263 [info] [remote-connection][Management   ][d7c33…][reconnect] A temporarily not available error occurred while trying to reconnect, will try again...
2026-01-22 19:35:33.263 [info] [remote-connection][Management   ][d7c33…][reconnect] waiting for 30 seconds before reconnecting...
2026-01-22 19:35:33.263 [info] [remote-connection][ExtensionHost][b16be…][reconnect] A temporarily not available error occurred while trying to reconnect, will try again...
2026-01-22 19:35:33.264 [info] [remote-connection][ExtensionHost][b16be…][reconnect] waiting for 30 seconds before reconnecting...
2026-01-22 19:35:33.304 [warning] [mainThreadStorage] large extension state detected (extensionId: ms-vscode-remote.remote-ssh, global: true): 4568.515625kb. Consider to use 'storageUri' or 'globalStorageUri' to store this data on disk instead.
2026-01-22 19:35:49.739 [info] [remote-connection][ExtensionHost][b16be…][reconnect] received socket timeout event (unacknowledgedMsgCount: 1022, timeSinceOldestUnacknowledgedMsg: 2642363, timeSinceLastReceivedSomeData: 2707992).
2026-01-22 19:35:49.749 [info] [remote-connection][Management   ][d7c33…][reconnect] received socket timeout event (unacknowledgedMsgCount: 421, timeSinceOldestUnacknowledgedMsg: 2662386, timeSinceLastReceivedSomeData: 2708721).
2026-01-22 19:36:03.263 [info] [remote-connection][Management   ][d7c33…][reconnect] resolving connection...
2026-01-22 19:36:03.264 [info] Invoking resolveAuthority(ssh-remote)...
2026-01-22 19:36:03.264 [info] [LocalProcess0][resolveAuthority(ssh-remote,86)][0ms] obtaining proxy...
2026-01-22 19:36:03.264 [info] [LocalProcess0][resolveAuthority(ssh-remote,86)][1ms] invoking...
2026-01-22 19:36:03.273 [info] [remote-connection][ExtensionHost][b16be…][reconnect] resolving connection...
2026-01-22 19:36:04.264 [info] [LocalProcess0][resolveAuthority(ssh-remote,86)][1001ms] waiting...
2026-01-22 19:36:05.264 [info] [LocalProcess0][resolveAuthority(ssh-remote,86)][2001ms] waiting...
2026-01-22 19:36:06.264 [info] [LocalProcess0][resolveAuthority(ssh-remote,86)][3001ms] waiting...
2026-01-22 19:36:06.737 [error] [LocalProcess0][resolveAuthority(ssh-remote,86)][3474ms] returned an error {"code":"TemporarilyNotAvailable","message":"No route to host"}
2026-01-22 19:36:06.738 [error] resolveAuthority(ssh-remote) returned an error after 3474 ms No route to host
2026-01-22 19:36:06.738 [info] [remote-connection][Management   ][d7c33…][reconnect] A temporarily not available error occurred while trying to reconnect, will try again...
2026-01-22 19:36:06.738 [info] [remote-connection][Management   ][d7c33…][reconnect] waiting for 30 seconds before reconnecting...
2026-01-22 19:36:06.738 [info] [remote-connection][ExtensionHost][b16be…][reconnect] A temporarily not available error occurred while trying to reconnect, will try again...
2026-01-22 19:36:06.738 [info] [remote-connection][ExtensionHost][b16be…][reconnect] waiting for 30 seconds before reconnecting...
2026-01-22 19:36:06.785 [warning] [mainThreadStorage] large extension state detected (extensionId: ms-vscode-remote.remote-ssh, global: true): 4622.2666015625kb. Consider to use 'storageUri' or 'globalStorageUri' to store this data on disk instead.
2026-01-22 19:36:09.738 [info] [remote-connection][ExtensionHost][b16be…][reconnect] received socket timeout event (unacknowledgedMsgCount: 1034, timeSinceOldestUnacknowledgedMsg: 2662363, timeSinceLastReceivedSomeData: 2727992).
2026-01-22 19:36:09.750 [info] [remote-connection][Management   ][d7c33…][reconnect] received socket timeout event (unacknowledgedMsgCount: 426, timeSinceOldestUnacknowledgedMsg: 2682386, timeSinceLastReceivedSomeData: 2728721).
2026-01-22 19:36:36.738 [info] [remote-connection][Management   ][d7c33…][reconnect] resolving connection...
2026-01-22 19:36:36.738 [info] Invoking resolveAuthority(ssh-remote)...
2026-01-22 19:36:36.739 [info] [LocalProcess0][resolveAuthority(ssh-remote,87)][0ms] obtaining proxy...
2026-01-22 19:36:36.739 [info] [LocalProcess0][resolveAuthority(ssh-remote,87)][0ms] invoking...
2026-01-22 19:36:36.740 [info] [remote-connection][ExtensionHost][b16be…][reconnect] received socket timeout event (unacknowledgedMsgCount: 1035, timeSinceOldestUnacknowledgedMsg: 2689365, timeSinceLastReceivedSomeData: 2754994).
2026-01-22 19:36:36.743 [info] [remote-connection][ExtensionHost][b16be…][reconnect] resolving connection...
2026-01-22 19:36:36.749 [info] [remote-connection][Management   ][d7c33…][reconnect] received socket timeout event (unacknowledgedMsgCount: 427, timeSinceOldestUnacknowledgedMsg: 2709386, timeSinceLastReceivedSomeData: 2755721).
2026-01-22 19:36:37.739 [info] [LocalProcess0][resolveAuthority(ssh-remote,87)][1000ms] waiting...
2026-01-22 19:36:38.739 [info] [LocalProcess0][resolveAuthority(ssh-remote,87)][2001ms] waiting...
2026-01-22 19:36:39.739 [info] [LocalProcess0][resolveAuthority(ssh-remote,87)][3000ms] waiting...
2026-01-22 19:36:40.208 [error] [LocalProcess0][resolveAuthority(ssh-remote,87)][3469ms] returned an error {"code":"TemporarilyNotAvailable","message":"No route to host"}
2026-01-22 19:36:40.208 [error] resolveAuthority(ssh-remote) returned an error after 3470 ms No route to host
2026-01-22 19:36:40.208 [info] [remote-connection][Management   ][d7c33…][reconnect] A temporarily not available error occurred while trying to reconnect, will try again...
2026-01-22 19:36:40.208 [info] [remote-connection][Management   ][d7c33…][reconnect] waiting for 30 seconds before reconnecting...
2026-01-22 19:36:40.208 [info] [remote-connection][ExtensionHost][b16be…][reconnect] A temporarily not available error occurred while trying to reconnect, will try again...
2026-01-22 19:36:40.208 [info] [remote-connection][ExtensionHost][b16be…][reconnect] waiting for 30 seconds before reconnecting...
2026-01-22 19:36:40.247 [warning] [mainThreadStorage] large extension state detected (extensionId: ms-vscode-remote.remote-ssh, global: true): 4676.017578125kb. Consider to use 'storageUri' or 'globalStorageUri' to store this data on disk instead.
2026-01-22 19:36:56.741 [info] [remote-connection][ExtensionHost][b16be…][reconnect] received socket timeout event (unacknowledgedMsgCount: 1046, timeSinceOldestUnacknowledgedMsg: 2709365, timeSinceLastReceivedSomeData: 2774994).
2026-01-22 19:36:56.749 [info] [remote-connection][Management   ][d7c33…][reconnect] received socket timeout event (unacknowledgedMsgCount: 431, timeSinceOldestUnacknowledgedMsg: 2729386, timeSinceLastReceivedSomeData: 2775721).
2026-01-22 19:37:10.208 [info] [remote-connection][Management   ][d7c33…][reconnect] resolving connection...
2026-01-22 19:37:10.209 [info] Invoking resolveAuthority(ssh-remote)...
2026-01-22 19:37:10.209 [info] [LocalProcess0][resolveAuthority(ssh-remote,88)][0ms] obtaining proxy...
2026-01-22 19:37:10.209 [info] [LocalProcess0][resolveAuthority(ssh-remote,88)][1ms] invoking...
2026-01-22 19:37:10.214 [info] [remote-connection][ExtensionHost][b16be…][reconnect] resolving connection...
2026-01-22 19:37:11.209 [info] [LocalProcess0][resolveAuthority(ssh-remote,88)][1001ms] waiting...
2026-01-22 19:37:12.209 [info] [LocalProcess0][resolveAuthority(ssh-remote,88)][2001ms] waiting...
2026-01-22 19:37:13.209 [info] [LocalProcess0][resolveAuthority(ssh-remote,88)][3001ms] waiting...
2026-01-22 19:37:13.681 [error] [LocalProcess0][resolveAuthority(ssh-remote,88)][3472ms] returned an error {"code":"TemporarilyNotAvailable","message":"No route to host"}
2026-01-22 19:37:13.681 [error] resolveAuthority(ssh-remote) returned an error after 3472 ms No route to host
2026-01-22 19:37:13.681 [info] [remote-connection][Management   ][d7c33…][reconnect] A temporarily not available error occurred while trying to reconnect, will try again...
2026-01-22 19:37:13.681 [info] [remote-connection][Management   ][d7c33…][reconnect] waiting for 30 seconds before reconnecting...
2026-01-22 19:37:13.681 [info] [remote-connection][ExtensionHost][b16be…][reconnect] A temporarily not available error occurred while trying to reconnect, will try again...
2026-01-22 19:37:13.682 [info] [remote-connection][ExtensionHost][b16be…][reconnect] waiting for 30 seconds before reconnecting...
2026-01-22 19:37:13.721 [warning] [mainThreadStorage] large extension state detected (extensionId: ms-vscode-remote.remote-ssh, global: true): 4729.7685546875kb. Consider to use 'storageUri' or 'globalStorageUri' to store this data on disk instead.
2026-01-22 19:37:16.741 [info] [remote-connection][ExtensionHost][b16be…][reconnect] received socket timeout event (unacknowledgedMsgCount: 1058, timeSinceOldestUnacknowledgedMsg: 2729365, timeSinceLastReceivedSomeData: 2794994).
2026-01-22 19:37:16.749 [info] [remote-connection][Management   ][d7c33…][reconnect] received socket timeout event (unacknowledgedMsgCount: 436, timeSinceOldestUnacknowledgedMsg: 2749386, timeSinceLastReceivedSomeData: 2795721).
2026-01-22 19:37:43.681 [info] [remote-connection][Management   ][d7c33…][reconnect] resolving connection...
2026-01-22 19:37:43.682 [info] Invoking resolveAuthority(ssh-remote)...
2026-01-22 19:37:43.682 [info] [LocalProcess0][resolveAuthority(ssh-remote,89)][0ms] obtaining proxy...
2026-01-22 19:37:43.682 [info] [LocalProcess0][resolveAuthority(ssh-remote,89)][1ms] invoking...
2026-01-22 19:37:43.683 [info] [remote-connection][ExtensionHost][b16be…][reconnect] received socket timeout event (unacknowledgedMsgCount: 1059, timeSinceOldestUnacknowledgedMsg: 2756308, timeSinceLastReceivedSomeData: 2821937).
2026-01-22 19:37:43.687 [info] [remote-connection][ExtensionHost][b16be…][reconnect] resolving connection...
2026-01-22 19:37:43.702 [info] [remote-connection][Management   ][d7c33…][reconnect] received socket timeout event (unacknowledgedMsgCount: 437, timeSinceOldestUnacknowledgedMsg: 2776338, timeSinceLastReceivedSomeData: 2822673).
2026-01-22 19:37:44.682 [info] [LocalProcess0][resolveAuthority(ssh-remote,89)][1001ms] waiting...
2026-01-22 19:37:45.682 [info] [LocalProcess0][resolveAuthority(ssh-remote,89)][2001ms] waiting...
2026-01-22 19:37:46.682 [info] [LocalProcess0][resolveAuthority(ssh-remote,89)][3001ms] waiting...
2026-01-22 19:37:47.217 [error] [LocalProcess0][resolveAuthority(ssh-remote,89)][3536ms] returned an error {"code":"TemporarilyNotAvailable","message":"No route to host"}
2026-01-22 19:37:47.217 [error] resolveAuthority(ssh-remote) returned an error after 3536 ms No route to host
2026-01-22 19:37:47.217 [info] [remote-connection][Management   ][d7c33…][reconnect] A temporarily not available error occurred while trying to reconnect, will try again...
2026-01-22 19:37:47.218 [info] [remote-connection][Management   ][d7c33…][reconnect] waiting for 30 seconds before reconnecting...
2026-01-22 19:37:47.218 [info] [remote-connection][ExtensionHost][b16be…][reconnect] A temporarily not available error occurred while trying to reconnect, will try again...
2026-01-22 19:37:47.218 [info] [remote-connection][ExtensionHost][b16be…][reconnect] waiting for 30 seconds before reconnecting...
2026-01-22 19:37:47.259 [warning] [mainThreadStorage] large extension state detected (extensionId: ms-vscode-remote.remote-ssh, global: true): 4783.51953125kb. Consider to use 'storageUri' or 'globalStorageUri' to store this data on disk instead.
2026-01-22 19:38:03.684 [info] [remote-connection][ExtensionHost][b16be…][reconnect] received socket timeout event (unacknowledgedMsgCount: 1070, timeSinceOldestUnacknowledgedMsg: 2776309, timeSinceLastReceivedSomeData: 2841938).
2026-01-22 19:38:03.701 [info] [remote-connection][Management   ][d7c33…][reconnect] received socket timeout event (unacknowledgedMsgCount: 441, timeSinceOldestUnacknowledgedMsg: 2796338, timeSinceLastReceivedSomeData: 2842673).
2026-01-22 19:38:17.218 [info] [remote-connection][Management   ][d7c33…][reconnect] resolving connection...
2026-01-22 19:38:17.218 [info] Invoking resolveAuthority(ssh-remote)...
2026-01-22 19:38:17.218 [info] [LocalProcess0][resolveAuthority(ssh-remote,90)][0ms] obtaining proxy...
2026-01-22 19:38:17.218 [info] [LocalProcess0][resolveAuthority(ssh-remote,90)][0ms] invoking...
2026-01-22 19:38:17.223 [info] [remote-connection][ExtensionHost][b16be…][reconnect] resolving connection...
2026-01-22 19:38:18.218 [info] [LocalProcess0][resolveAuthority(ssh-remote,90)][1000ms] waiting...
2026-01-22 19:38:19.218 [info] [LocalProcess0][resolveAuthority(ssh-remote,90)][2000ms] waiting...
2026-01-22 19:38:20.218 [info] [LocalProcess0][resolveAuthority(ssh-remote,90)][3000ms] waiting...
2026-01-22 19:38:20.755 [error] [LocalProcess0][resolveAuthority(ssh-remote,90)][3537ms] returned an error {"code":"TemporarilyNotAvailable","message":"No route to host"}
2026-01-22 19:38:20.755 [error] resolveAuthority(ssh-remote) returned an error after 3537 ms No route to host
2026-01-22 19:38:20.755 [info] [remote-connection][Management   ][d7c33…][reconnect] A temporarily not available error occurred while trying to reconnect, will try again...
2026-01-22 19:38:20.755 [info] [remote-connection][Management   ][d7c33…][reconnect] waiting for 30 seconds before reconnecting...
2026-01-22 19:38:20.756 [info] [remote-connection][ExtensionHost][b16be…][reconnect] A temporarily not available error occurred while trying to reconnect, will try again...
2026-01-22 19:38:20.756 [info] [remote-connection][ExtensionHost][b16be…][reconnect] waiting for 30 seconds before reconnecting...
2026-01-22 19:38:20.795 [warning] [mainThreadStorage] large extension state detected (extensionId: ms-vscode-remote.remote-ssh, global: true): 4837.2705078125kb. Consider to use 'storageUri' or 'globalStorageUri' to store this data on disk instead.
2026-01-22 19:38:23.684 [info] [remote-connection][ExtensionHost][b16be…][reconnect] received socket timeout event (unacknowledgedMsgCount: 1082, timeSinceOldestUnacknowledgedMsg: 2796309, timeSinceLastReceivedSomeData: 2861938).
2026-01-22 19:38:23.701 [info] [remote-connection][Management   ][d7c33…][reconnect] received socket timeout event (unacknowledgedMsgCount: 446, timeSinceOldestUnacknowledgedMsg: 2816338, timeSinceLastReceivedSomeData: 2862673).
2026-01-22 19:38:50.756 [info] [remote-connection][Management   ][d7c33…][reconnect] resolving connection...
2026-01-22 19:38:50.756 [info] Invoking resolveAuthority(ssh-remote)...
2026-01-22 19:38:50.756 [info] [LocalProcess0][resolveAuthority(ssh-remote,91)][0ms] obtaining proxy...
2026-01-22 19:38:50.756 [info] [LocalProcess0][resolveAuthority(ssh-remote,91)][0ms] invoking...
2026-01-22 19:38:50.758 [info] [remote-connection][ExtensionHost][b16be…][reconnect] received socket timeout event (unacknowledgedMsgCount: 1083, timeSinceOldestUnacknowledgedMsg: 2823383, timeSinceLastReceivedSomeData: 2889012).
2026-01-22 19:38:50.764 [info] [remote-connection][ExtensionHost][b16be…][reconnect] resolving connection...
2026-01-22 19:38:50.770 [info] [remote-connection][Management   ][d7c33…][reconnect] received socket timeout event (unacknowledgedMsgCount: 447, timeSinceOldestUnacknowledgedMsg: 2843406, timeSinceLastReceivedSomeData: 2889741).
2026-01-22 19:38:51.756 [info] [LocalProcess0][resolveAuthority(ssh-remote,91)][1000ms] waiting...
2026-01-22 19:38:52.756 [info] [LocalProcess0][resolveAuthority(ssh-remote,91)][2000ms] waiting...
2026-01-22 19:38:53.756 [info] [LocalProcess0][resolveAuthority(ssh-remote,91)][3000ms] waiting...
2026-01-22 19:38:54.289 [error] [LocalProcess0][resolveAuthority(ssh-remote,91)][3533ms] returned an error {"code":"TemporarilyNotAvailable","message":"No route to host"}
2026-01-22 19:38:54.290 [error] resolveAuthority(ssh-remote) returned an error after 3533 ms No route to host
2026-01-22 19:38:54.290 [info] [remote-connection][Management   ][d7c33…][reconnect] A temporarily not available error occurred while trying to reconnect, will try again...
2026-01-22 19:38:54.290 [info] [remote-connection][Management   ][d7c33…][reconnect] waiting for 30 seconds before reconnecting...
2026-01-22 19:38:54.290 [info] [remote-connection][ExtensionHost][b16be…][reconnect] A temporarily not available error occurred while trying to reconnect, will try again...
2026-01-22 19:38:54.290 [info] [remote-connection][ExtensionHost][b16be…][reconnect] waiting for 30 seconds before reconnecting...
2026-01-22 19:38:54.330 [warning] [mainThreadStorage] large extension state detected (extensionId: ms-vscode-remote.remote-ssh, global: true): 4891.021484375kb. Consider to use 'storageUri' or 'globalStorageUri' to store this data on disk instead.
2026-01-22 19:39:10.759 [info] [remote-connection][ExtensionHost][b16be…][reconnect] received socket timeout event (unacknowledgedMsgCount: 1094, timeSinceOldestUnacknowledgedMsg: 2843383, timeSinceLastReceivedSomeData: 2909012).
2026-01-22 19:39:10.769 [info] [remote-connection][Management   ][d7c33…][reconnect] received socket timeout event (unacknowledgedMsgCount: 451, timeSinceOldestUnacknowledgedMsg: 2863406, timeSinceLastReceivedSomeData: 2909741).
2026-01-22 19:39:24.290 [info] [remote-connection][Management   ][d7c33…][reconnect] resolving connection...
2026-01-22 19:39:24.290 [info] Invoking resolveAuthority(ssh-remote)...
2026-01-22 19:39:24.291 [info] [LocalProcess0][resolveAuthority(ssh-remote,92)][0ms] obtaining proxy...
2026-01-22 19:39:24.291 [info] [LocalProcess0][resolveAuthority(ssh-remote,92)][0ms] invoking...
2026-01-22 19:39:24.299 [info] [remote-connection][ExtensionHost][b16be…][reconnect] resolving connection...
2026-01-22 19:39:25.291 [info] [LocalProcess0][resolveAuthority(ssh-remote,92)][1001ms] waiting...
2026-01-22 19:39:26.291 [info] [LocalProcess0][resolveAuthority(ssh-remote,92)][2001ms] waiting...
2026-01-22 19:39:27.291 [info] [LocalProcess0][resolveAuthority(ssh-remote,92)][3001ms] waiting...
2026-01-22 19:39:27.762 [error] [LocalProcess0][resolveAuthority(ssh-remote,92)][3471ms] returned an error {"code":"TemporarilyNotAvailable","message":"No route to host"}
2026-01-22 19:39:27.762 [error] resolveAuthority(ssh-remote) returned an error after 3472 ms No route to host
2026-01-22 19:39:27.762 [info] [remote-connection][Management   ][d7c33…][reconnect] A temporarily not available error occurred while trying to reconnect, will try again...
2026-01-22 19:39:27.762 [info] [remote-connection][Management   ][d7c33…][reconnect] waiting for 30 seconds before reconnecting...
2026-01-22 19:39:27.762 [info] [remote-connection][ExtensionHost][b16be…][reconnect] A temporarily not available error occurred while trying to reconnect, will try again...
2026-01-22 19:39:27.762 [info] [remote-connection][ExtensionHost][b16be…][reconnect] waiting for 30 seconds before reconnecting...
2026-01-22 19:39:27.811 [warning] [mainThreadStorage] large extension state detected (extensionId: ms-vscode-remote.remote-ssh, global: true): 4944.7724609375kb. Consider to use 'storageUri' or 'globalStorageUri' to store this data on disk instead.
2026-01-22 19:39:30.759 [info] [remote-connection][ExtensionHost][b16be…][reconnect] received socket timeout event (unacknowledgedMsgCount: 1106, timeSinceOldestUnacknowledgedMsg: 2863383, timeSinceLastReceivedSomeData: 2929012).
2026-01-22 19:39:30.769 [info] [remote-connection][Management   ][d7c33…][reconnect] received socket timeout event (unacknowledgedMsgCount: 456, timeSinceOldestUnacknowledgedMsg: 2883406, timeSinceLastReceivedSomeData: 2929741).
2026-01-22 19:39:57.762 [info] [remote-connection][Management   ][d7c33…][reconnect] resolving connection...
2026-01-22 19:39:57.763 [info] Invoking resolveAuthority(ssh-remote)...
2026-01-22 19:39:57.763 [info] [LocalProcess0][resolveAuthority(ssh-remote,93)][0ms] obtaining proxy...
2026-01-22 19:39:57.763 [info] [LocalProcess0][resolveAuthority(ssh-remote,93)][0ms] invoking...
2026-01-22 19:39:57.765 [info] [remote-connection][ExtensionHost][b16be…][reconnect] received socket timeout event (unacknowledgedMsgCount: 1107, timeSinceOldestUnacknowledgedMsg: 2890390, timeSinceLastReceivedSomeData: 2956019).
2026-01-22 19:39:57.772 [info] [remote-connection][ExtensionHost][b16be…][reconnect] resolving connection...
2026-01-22 19:39:57.778 [info] [remote-connection][Management   ][d7c33…][reconnect] received socket timeout event (unacknowledgedMsgCount: 457, timeSinceOldestUnacknowledgedMsg: 2910415, timeSinceLastReceivedSomeData: 2956750).
2026-01-22 19:39:58.763 [info] [LocalProcess0][resolveAuthority(ssh-remote,93)][1000ms] waiting...
2026-01-22 19:39:59.763 [info] [LocalProcess0][resolveAuthority(ssh-remote,93)][2000ms] waiting...
2026-01-22 19:40:00.763 [info] [LocalProcess0][resolveAuthority(ssh-remote,93)][3000ms] waiting...
2026-01-22 19:40:01.299 [error] [LocalProcess0][resolveAuthority(ssh-remote,93)][3536ms] returned an error {"code":"TemporarilyNotAvailable","message":"No route to host"}
2026-01-22 19:40:01.300 [error] resolveAuthority(ssh-remote) returned an error after 3537 ms No route to host
2026-01-22 19:40:01.300 [info] [remote-connection][Management   ][d7c33…][reconnect] A temporarily not available error occurred while trying to reconnect, will try again...
2026-01-22 19:40:01.300 [info] [remote-connection][Management   ][d7c33…][reconnect] waiting for 30 seconds before reconnecting...
2026-01-22 19:40:01.300 [info] [remote-connection][ExtensionHost][b16be…][reconnect] A temporarily not available error occurred while trying to reconnect, will try again...
2026-01-22 19:40:01.300 [info] [remote-connection][ExtensionHost][b16be…][reconnect] waiting for 30 seconds before reconnecting...
2026-01-22 19:40:01.342 [warning] [mainThreadStorage] large extension state detected (extensionId: ms-vscode-remote.remote-ssh, global: true): 4998.5234375kb. Consider to use 'storageUri' or 'globalStorageUri' to store this data on disk instead.
2026-01-22 19:40:17.765 [info] [remote-connection][ExtensionHost][b16be…][reconnect] received socket timeout event (unacknowledgedMsgCount: 1118, timeSinceOldestUnacknowledgedMsg: 2910390, timeSinceLastReceivedSomeData: 2976019).
2026-01-22 19:40:17.778 [info] [remote-connection][Management   ][d7c33…][reconnect] received socket timeout event (unacknowledgedMsgCount: 461, timeSinceOldestUnacknowledgedMsg: 2930415, timeSinceLastReceivedSomeData: 2976750).
2026-01-22 19:40:31.300 [info] [remote-connection][Management   ][d7c33…][reconnect] resolving connection...
2026-01-22 19:40:31.300 [info] Invoking resolveAuthority(ssh-remote)...
2026-01-22 19:40:31.300 [info] [LocalProcess0][resolveAuthority(ssh-remote,94)][0ms] obtaining proxy...
2026-01-22 19:40:31.301 [info] [LocalProcess0][resolveAuthority(ssh-remote,94)][0ms] invoking...
2026-01-22 19:40:31.305 [info] [remote-connection][ExtensionHost][b16be…][reconnect] resolving connection...
2026-01-22 19:40:32.301 [info] [LocalProcess0][resolveAuthority(ssh-remote,94)][1000ms] waiting...
2026-01-22 19:40:33.301 [info] [LocalProcess0][resolveAuthority(ssh-remote,94)][2000ms] waiting...
2026-01-22 19:40:34.301 [info] [LocalProcess0][resolveAuthority(ssh-remote,94)][3000ms] waiting...
2026-01-22 19:40:34.768 [error] [LocalProcess0][resolveAuthority(ssh-remote,94)][3468ms] returned an error {"code":"TemporarilyNotAvailable","message":"No route to host"}
2026-01-22 19:40:34.769 [error] resolveAuthority(ssh-remote) returned an error after 3468 ms No route to host
2026-01-22 19:40:34.769 [info] [remote-connection][Management   ][d7c33…][reconnect] A temporarily not available error occurred while trying to reconnect, will try again...
2026-01-22 19:40:34.769 [info] [remote-connection][Management   ][d7c33…][reconnect] waiting for 30 seconds before reconnecting...
2026-01-22 19:40:34.769 [info] [remote-connection][ExtensionHost][b16be…][reconnect] A temporarily not available error occurred while trying to reconnect, will try again...
2026-01-22 19:40:34.769 [info] [remote-connection][ExtensionHost][b16be…][reconnect] waiting for 30 seconds before reconnecting...
2026-01-22 19:40:34.812 [warning] [mainThreadStorage] large extension state detected (extensionId: ms-vscode-remote.remote-ssh, global: true): 5052.2744140625kb. Consider to use 'storageUri' or 'globalStorageUri' to store this data on disk instead.
2026-01-22 19:40:37.766 [info] [remote-connection][ExtensionHost][b16be…][reconnect] received socket timeout event (unacknowledgedMsgCount: 1130, timeSinceOldestUnacknowledgedMsg: 2930390, timeSinceLastReceivedSomeData: 2996019).
2026-01-22 19:40:37.779 [info] [remote-connection][Management   ][d7c33…][reconnect] received socket timeout event (unacknowledgedMsgCount: 466, timeSinceOldestUnacknowledgedMsg: 2950415, timeSinceLastReceivedSomeData: 2996750).
2026-01-22 19:41:04.769 [info] [remote-connection][Management   ][d7c33…][reconnect] resolving connection...
2026-01-22 19:41:04.769 [info] Invoking resolveAuthority(ssh-remote)...
2026-01-22 19:41:04.770 [info] [LocalProcess0][resolveAuthority(ssh-remote,95)][0ms] obtaining proxy...
2026-01-22 19:41:04.770 [info] [LocalProcess0][resolveAuthority(ssh-remote,95)][0ms] invoking...
2026-01-22 19:41:04.771 [info] [remote-connection][ExtensionHost][b16be…][reconnect] received socket timeout event (unacknowledgedMsgCount: 1131, timeSinceOldestUnacknowledgedMsg: 2957396, timeSinceLastReceivedSomeData: 3023025).
2026-01-22 19:41:04.774 [info] [remote-connection][ExtensionHost][b16be…][reconnect] resolving connection...
2026-01-22 19:41:04.799 [info] [remote-connection][Management   ][d7c33…][reconnect] received socket timeout event (unacknowledgedMsgCount: 467, timeSinceOldestUnacknowledgedMsg: 2977436, timeSinceLastReceivedSomeData: 3023771).
2026-01-22 19:41:05.770 [info] [LocalProcess0][resolveAuthority(ssh-remote,95)][1000ms] waiting...
2026-01-22 19:41:06.770 [info] [LocalProcess0][resolveAuthority(ssh-remote,95)][2000ms] waiting...
2026-01-22 19:41:07.770 [info] [LocalProcess0][resolveAuthority(ssh-remote,95)][3000ms] waiting...
2026-01-22 19:41:08.304 [error] [LocalProcess0][resolveAuthority(ssh-remote,95)][3535ms] returned an error {"code":"TemporarilyNotAvailable","message":"No route to host"}
2026-01-22 19:41:08.304 [error] resolveAuthority(ssh-remote) returned an error after 3535 ms No route to host
2026-01-22 19:41:08.304 [info] [remote-connection][Management   ][d7c33…][reconnect] A temporarily not available error occurred while trying to reconnect, will try again...
2026-01-22 19:41:08.304 [info] [remote-connection][Management   ][d7c33…][reconnect] waiting for 30 seconds before reconnecting...
2026-01-22 19:41:08.305 [info] [remote-connection][ExtensionHost][b16be…][reconnect] A temporarily not available error occurred while trying to reconnect, will try again...
2026-01-22 19:41:08.305 [info] [remote-connection][ExtensionHost][b16be…][reconnect] waiting for 30 seconds before reconnecting...
2026-01-22 19:41:08.353 [warning] [mainThreadStorage] large extension state detected (extensionId: ms-vscode-remote.remote-ssh, global: true): 5106.025390625kb. Consider to use 'storageUri' or 'globalStorageUri' to store this data on disk instead.
2026-01-22 19:41:24.772 [info] [remote-connection][ExtensionHost][b16be…][reconnect] received socket timeout event (unacknowledgedMsgCount: 1142, timeSinceOldestUnacknowledgedMsg: 2977396, timeSinceLastReceivedSomeData: 3043025).
2026-01-22 19:41:24.800 [info] [remote-connection][Management   ][d7c33…][reconnect] received socket timeout event (unacknowledgedMsgCount: 471, timeSinceOldestUnacknowledgedMsg: 2997436, timeSinceLastReceivedSomeData: 3043771).
2026-01-22 19:41:38.305 [info] [remote-connection][Management   ][d7c33…][reconnect] resolving connection...
2026-01-22 19:41:38.305 [info] Invoking resolveAuthority(ssh-remote)...
2026-01-22 19:41:38.305 [info] [LocalProcess0][resolveAuthority(ssh-remote,96)][0ms] obtaining proxy...
2026-01-22 19:41:38.305 [info] [LocalProcess0][resolveAuthority(ssh-remote,96)][0ms] invoking...
2026-01-22 19:41:38.310 [info] [remote-connection][ExtensionHost][b16be…][reconnect] resolving connection...
2026-01-22 19:41:39.305 [info] [LocalProcess0][resolveAuthority(ssh-remote,96)][1000ms] waiting...
2026-01-22 19:41:40.305 [info] [LocalProcess0][resolveAuthority(ssh-remote,96)][2000ms] waiting...
2026-01-22 19:41:41.305 [info] [LocalProcess0][resolveAuthority(ssh-remote,96)][3000ms] waiting...
2026-01-22 19:41:41.778 [error] [LocalProcess0][resolveAuthority(ssh-remote,96)][3473ms] returned an error {"code":"TemporarilyNotAvailable","message":"No route to host"}
2026-01-22 19:41:41.778 [error] resolveAuthority(ssh-remote) returned an error after 3474 ms No route to host
2026-01-22 19:41:41.778 [info] [remote-connection][Management   ][d7c33…][reconnect] A temporarily not available error occurred while trying to reconnect, will try again...
2026-01-22 19:41:41.779 [info] [remote-connection][Management   ][d7c33…][reconnect] waiting for 30 seconds before reconnecting...
2026-01-22 19:41:41.779 [info] [remote-connection][ExtensionHost][b16be…][reconnect] A temporarily not available error occurred while trying to reconnect, will try again...
2026-01-22 19:41:41.779 [info] [remote-connection][ExtensionHost][b16be…][reconnect] waiting for 30 seconds before reconnecting...
2026-01-22 19:41:41.822 [warning] [mainThreadStorage] large extension state detected (extensionId: ms-vscode-remote.remote-ssh, global: true): 5159.7763671875kb. Consider to use 'storageUri' or 'globalStorageUri' to store this data on disk instead.
2026-01-22 19:41:44.771 [info] [remote-connection][ExtensionHost][b16be…][reconnect] received socket timeout event (unacknowledgedMsgCount: 1154, timeSinceOldestUnacknowledgedMsg: 2997396, timeSinceLastReceivedSomeData: 3063025).
2026-01-22 19:41:44.799 [info] [remote-connection][Management   ][d7c33…][reconnect] received socket timeout event (unacknowledgedMsgCount: 476, timeSinceOldestUnacknowledgedMsg: 3017436, timeSinceLastReceivedSomeData: 3063771).
2026-01-22 19:42:11.779 [info] [remote-connection][Management   ][d7c33…][reconnect] resolving connection...
2026-01-22 19:42:11.779 [info] Invoking resolveAuthority(ssh-remote)...
2026-01-22 19:42:11.779 [info] [LocalProcess0][resolveAuthority(ssh-remote,97)][0ms] obtaining proxy...
2026-01-22 19:42:11.779 [info] [LocalProcess0][resolveAuthority(ssh-remote,97)][0ms] invoking...
2026-01-22 19:42:11.781 [info] [remote-connection][ExtensionHost][b16be…][reconnect] received socket timeout event (unacknowledgedMsgCount: 1155, timeSinceOldestUnacknowledgedMsg: 3024406, timeSinceLastReceivedSomeData: 3090035).
2026-01-22 19:42:11.784 [info] [remote-connection][ExtensionHost][b16be…][reconnect] resolving connection...
2026-01-22 19:42:11.790 [info] [remote-connection][Management   ][d7c33…][reconnect] received socket timeout event (unacknowledgedMsgCount: 477, timeSinceOldestUnacknowledgedMsg: 3044427, timeSinceLastReceivedSomeData: 3090762).
2026-01-22 19:42:12.780 [info] [LocalProcess0][resolveAuthority(ssh-remote,97)][1000ms] waiting...
2026-01-22 19:42:13.779 [info] [LocalProcess0][resolveAuthority(ssh-remote,97)][2000ms] waiting...
2026-01-22 19:42:14.780 [info] [LocalProcess0][resolveAuthority(ssh-remote,97)][3000ms] waiting...
2026-01-22 19:42:15.252 [error] [LocalProcess0][resolveAuthority(ssh-remote,97)][3473ms] returned an error {"code":"TemporarilyNotAvailable","message":"No route to host"}
2026-01-22 19:42:15.252 [error] resolveAuthority(ssh-remote) returned an error after 3473 ms No route to host
2026-01-22 19:42:15.252 [info] [remote-connection][Management   ][d7c33…][reconnect] A temporarily not available error occurred while trying to reconnect, will try again...
2026-01-22 19:42:15.252 [info] [remote-connection][Management   ][d7c33…][reconnect] waiting for 30 seconds before reconnecting...
2026-01-22 19:42:15.252 [info] [remote-connection][ExtensionHost][b16be…][reconnect] A temporarily not available error occurred while trying to reconnect, will try again...
2026-01-22 19:42:15.253 [info] [remote-connection][ExtensionHost][b16be…][reconnect] waiting for 30 seconds before reconnecting...
2026-01-22 19:42:15.295 [warning] [mainThreadStorage] large extension state detected (extensionId: ms-vscode-remote.remote-ssh, global: true): 5213.52734375kb. Consider to use 'storageUri' or 'globalStorageUri' to store this data on disk instead.
2026-01-22 19:42:31.782 [info] [remote-connection][ExtensionHost][b16be…][reconnect] received socket timeout event (unacknowledgedMsgCount: 1166, timeSinceOldestUnacknowledgedMsg: 3044406, timeSinceLastReceivedSomeData: 3110035).
2026-01-22 19:42:31.791 [info] [remote-connection][Management   ][d7c33…][reconnect] received socket timeout event (unacknowledgedMsgCount: 481, timeSinceOldestUnacknowledgedMsg: 3064427, timeSinceLastReceivedSomeData: 3110762).
2026-01-22 19:42:45.253 [info] [remote-connection][Management   ][d7c33…][reconnect] resolving connection...
2026-01-22 19:42:45.253 [info] Invoking resolveAuthority(ssh-remote)...
2026-01-22 19:42:45.253 [info] [LocalProcess0][resolveAuthority(ssh-remote,98)][0ms] obtaining proxy...
2026-01-22 19:42:45.253 [info] [LocalProcess0][resolveAuthority(ssh-remote,98)][0ms] invoking...
2026-01-22 19:42:45.261 [info] [remote-connection][ExtensionHost][b16be…][reconnect] resolving connection...
2026-01-22 19:42:46.253 [info] [LocalProcess0][resolveAuthority(ssh-remote,98)][1000ms] waiting...
2026-01-22 19:42:47.253 [info] [LocalProcess0][resolveAuthority(ssh-remote,98)][2000ms] waiting...
2026-01-22 19:42:48.253 [info] [LocalProcess0][resolveAuthority(ssh-remote,98)][3000ms] waiting...
2026-01-22 19:42:48.789 [error] [LocalProcess0][resolveAuthority(ssh-remote,98)][3536ms] returned an error {"code":"TemporarilyNotAvailable","message":"No route to host"}
2026-01-22 19:42:48.789 [error] resolveAuthority(ssh-remote) returned an error after 3537 ms No route to host
2026-01-22 19:42:48.789 [info] [remote-connection][Management   ][d7c33…][reconnect] A temporarily not available error occurred while trying to reconnect, will try again...
2026-01-22 19:42:48.790 [info] [remote-connection][Management   ][d7c33…][reconnect] waiting for 30 seconds before reconnecting...
2026-01-22 19:42:48.790 [info] [remote-connection][ExtensionHost][b16be…][reconnect] A temporarily not available error occurred while trying to reconnect, will try again...
2026-01-22 19:42:48.790 [info] [remote-connection][ExtensionHost][b16be…][reconnect] waiting for 30 seconds before reconnecting...
2026-01-22 19:42:48.834 [warning] [mainThreadStorage] large extension state detected (extensionId: ms-vscode-remote.remote-ssh, global: true): 5267.2783203125kb. Consider to use 'storageUri' or 'globalStorageUri' to store this data on disk instead.
2026-01-22 19:42:51.781 [info] [remote-connection][ExtensionHost][b16be…][reconnect] received socket timeout event (unacknowledgedMsgCount: 1178, timeSinceOldestUnacknowledgedMsg: 3064406, timeSinceLastReceivedSomeData: 3130035).
2026-01-22 19:42:51.790 [info] [remote-connection][Management   ][d7c33…][reconnect] received socket timeout event (unacknowledgedMsgCount: 486, timeSinceOldestUnacknowledgedMsg: 3084427, timeSinceLastReceivedSomeData: 3130762).
2026-01-22 19:43:18.790 [info] [remote-connection][Management   ][d7c33…][reconnect] resolving connection...
2026-01-22 19:43:18.790 [info] Invoking resolveAuthority(ssh-remote)...
2026-01-22 19:43:18.790 [info] [LocalProcess0][resolveAuthority(ssh-remote,99)][0ms] obtaining proxy...
2026-01-22 19:43:18.790 [info] [LocalProcess0][resolveAuthority(ssh-remote,99)][0ms] invoking...
2026-01-22 19:43:18.792 [info] [remote-connection][ExtensionHost][b16be…][reconnect] received socket timeout event (unacknowledgedMsgCount: 1179, timeSinceOldestUnacknowledgedMsg: 3091417, timeSinceLastReceivedSomeData: 3157046).
2026-01-22 19:43:18.800 [info] [remote-connection][ExtensionHost][b16be…][reconnect] resolving connection...
2026-01-22 19:43:18.805 [info] [remote-connection][Management   ][d7c33…][reconnect] received socket timeout event (unacknowledgedMsgCount: 487, timeSinceOldestUnacknowledgedMsg: 3111442, timeSinceLastReceivedSomeData: 3157777).
2026-01-22 19:43:19.790 [info] [LocalProcess0][resolveAuthority(ssh-remote,99)][1000ms] waiting...
2026-01-22 19:43:20.790 [info] [LocalProcess0][resolveAuthority(ssh-remote,99)][2000ms] waiting...
2026-01-22 19:43:21.791 [info] [LocalProcess0][resolveAuthority(ssh-remote,99)][3000ms] waiting...
2026-01-22 19:43:22.324 [error] [LocalProcess0][resolveAuthority(ssh-remote,99)][3534ms] returned an error {"code":"TemporarilyNotAvailable","message":"No route to host"}
2026-01-22 19:43:22.325 [error] resolveAuthority(ssh-remote) returned an error after 3534 ms No route to host
2026-01-22 19:43:22.325 [info] [remote-connection][Management   ][d7c33…][reconnect] A temporarily not available error occurred while trying to reconnect, will try again...
2026-01-22 19:43:22.325 [info] [remote-connection][Management   ][d7c33…][reconnect] waiting for 30 seconds before reconnecting...
2026-01-22 19:43:22.325 [info] [remote-connection][ExtensionHost][b16be…][reconnect] A temporarily not available error occurred while trying to reconnect, will try again...
2026-01-22 19:43:22.325 [info] [remote-connection][ExtensionHost][b16be…][reconnect] waiting for 30 seconds before reconnecting...
2026-01-22 19:43:22.375 [warning] [mainThreadStorage] large extension state detected (extensionId: ms-vscode-remote.remote-ssh, global: true): 5321.029296875kb. Consider to use 'storageUri' or 'globalStorageUri' to store this data on disk instead.
2026-01-22 19:43:38.793 [info] [remote-connection][ExtensionHost][b16be…][reconnect] received socket timeout event (unacknowledgedMsgCount: 1190, timeSinceOldestUnacknowledgedMsg: 3111417, timeSinceLastReceivedSomeData: 3177046).
2026-01-22 19:43:38.805 [info] [remote-connection][Management   ][d7c33…][reconnect] received socket timeout event (unacknowledgedMsgCount: 491, timeSinceOldestUnacknowledgedMsg: 3131442, timeSinceLastReceivedSomeData: 3177777).
2026-01-22 19:43:52.325 [info] [remote-connection][Management   ][d7c33…][reconnect] resolving connection...
2026-01-22 19:43:52.325 [info] Invoking resolveAuthority(ssh-remote)...
2026-01-22 19:43:52.326 [info] [LocalProcess0][resolveAuthority(ssh-remote,100)][0ms] obtaining proxy...
2026-01-22 19:43:52.326 [info] [LocalProcess0][resolveAuthority(ssh-remote,100)][0ms] invoking...
2026-01-22 19:43:52.333 [info] [remote-connection][ExtensionHost][b16be…][reconnect] resolving connection...
2026-01-22 19:43:53.326 [info] [LocalProcess0][resolveAuthority(ssh-remote,100)][1001ms] waiting...
2026-01-22 19:43:54.326 [info] [LocalProcess0][resolveAuthority(ssh-remote,100)][2001ms] waiting...
2026-01-22 19:43:55.326 [info] [LocalProcess0][resolveAuthority(ssh-remote,100)][3001ms] waiting...
2026-01-22 19:43:55.861 [error] [LocalProcess0][resolveAuthority(ssh-remote,100)][3536ms] returned an error {"code":"TemporarilyNotAvailable","message":"No route to host"}
2026-01-22 19:43:55.861 [error] resolveAuthority(ssh-remote) returned an error after 3536 ms No route to host
2026-01-22 19:43:55.861 [info] [remote-connection][Management   ][d7c33…][reconnect] A temporarily not available error occurred while trying to reconnect, will try again...
2026-01-22 19:43:55.862 [info] [remote-connection][Management   ][d7c33…][reconnect] waiting for 30 seconds before reconnecting...
2026-01-22 19:43:55.862 [info] [remote-connection][ExtensionHost][b16be…][reconnect] A temporarily not available error occurred while trying to reconnect, will try again...
2026-01-22 19:43:55.862 [info] [remote-connection][ExtensionHost][b16be…][reconnect] waiting for 30 seconds before reconnecting...
2026-01-22 19:43:55.910 [warning] [mainThreadStorage] large extension state detected (extensionId: ms-vscode-remote.remote-ssh, global: true): 5374.7802734375kb. Consider to use 'storageUri' or 'globalStorageUri' to store this data on disk instead.
2026-01-22 19:43:58.793 [info] [remote-connection][ExtensionHost][b16be…][reconnect] received socket timeout event (unacknowledgedMsgCount: 1202, timeSinceOldestUnacknowledgedMsg: 3131417, timeSinceLastReceivedSomeData: 3197046).
2026-01-22 19:43:58.806 [info] [remote-connection][Management   ][d7c33…][reconnect] received socket timeout event (unacknowledgedMsgCount: 496, timeSinceOldestUnacknowledgedMsg: 3151443, timeSinceLastReceivedSomeData: 3197778).
2026-01-22 19:44:25.862 [info] [remote-connection][Management   ][d7c33…][reconnect] resolving connection...
2026-01-22 19:44:25.862 [info] Invoking resolveAuthority(ssh-remote)...
2026-01-22 19:44:25.862 [info] [LocalProcess0][resolveAuthority(ssh-remote,101)][0ms] obtaining proxy...
2026-01-22 19:44:25.862 [info] [LocalProcess0][resolveAuthority(ssh-remote,101)][0ms] invoking...
2026-01-22 19:44:25.864 [info] [remote-connection][ExtensionHost][b16be…][reconnect] received socket timeout event (unacknowledgedMsgCount: 1203, timeSinceOldestUnacknowledgedMsg: 3158489, timeSinceLastReceivedSomeData: 3224118).
2026-01-22 19:44:25.872 [info] [remote-connection][ExtensionHost][b16be…][reconnect] resolving connection...
2026-01-22 19:44:25.877 [info] [remote-connection][Management   ][d7c33…][reconnect] received socket timeout event (unacknowledgedMsgCount: 497, timeSinceOldestUnacknowledgedMsg: 3178514, timeSinceLastReceivedSomeData: 3224849).
2026-01-22 19:44:26.863 [info] [LocalProcess0][resolveAuthority(ssh-remote,101)][1000ms] waiting...
2026-01-22 19:44:27.863 [info] [LocalProcess0][resolveAuthority(ssh-remote,101)][2000ms] waiting...
2026-01-22 19:44:28.863 [info] [LocalProcess0][resolveAuthority(ssh-remote,101)][3000ms] waiting...
2026-01-22 19:44:29.398 [error] [LocalProcess0][resolveAuthority(ssh-remote,101)][3535ms] returned an error {"code":"TemporarilyNotAvailable","message":"No route to host"}
2026-01-22 19:44:29.398 [error] resolveAuthority(ssh-remote) returned an error after 3535 ms No route to host
2026-01-22 19:44:29.398 [info] [remote-connection][Management   ][d7c33…][reconnect] A temporarily not available error occurred while trying to reconnect, will try again...
2026-01-22 19:44:29.398 [info] [remote-connection][Management   ][d7c33…][reconnect] waiting for 30 seconds before reconnecting...
2026-01-22 19:44:29.398 [info] [remote-connection][ExtensionHost][b16be…][reconnect] A temporarily not available error occurred while trying to reconnect, will try again...
2026-01-22 19:44:29.398 [info] [remote-connection][ExtensionHost][b16be…][reconnect] waiting for 30 seconds before reconnecting...
2026-01-22 19:44:29.445 [warning] [mainThreadStorage] large extension state detected (extensionId: ms-vscode-remote.remote-ssh, global: true): 5428.53125kb. Consider to use 'storageUri' or 'globalStorageUri' to store this data on disk instead.
2026-01-22 19:44:45.865 [info] [remote-connection][ExtensionHost][b16be…][reconnect] received socket timeout event (unacknowledgedMsgCount: 1214, timeSinceOldestUnacknowledgedMsg: 3178489, timeSinceLastReceivedSomeData: 3244118).
2026-01-22 19:44:45.877 [info] [remote-connection][Management   ][d7c33…][reconnect] received socket timeout event (unacknowledgedMsgCount: 501, timeSinceOldestUnacknowledgedMsg: 3198514, timeSinceLastReceivedSomeData: 3244849).
2026-01-22 19:44:59.398 [info] [remote-connection][Management   ][d7c33…][reconnect] resolving connection...
2026-01-22 19:44:59.399 [info] Invoking resolveAuthority(ssh-remote)...
2026-01-22 19:44:59.399 [info] [LocalProcess0][resolveAuthority(ssh-remote,102)][0ms] obtaining proxy...
2026-01-22 19:44:59.399 [info] [LocalProcess0][resolveAuthority(ssh-remote,102)][1ms] invoking...
2026-01-22 19:44:59.404 [info] [remote-connection][ExtensionHost][b16be…][reconnect] resolving connection...
2026-01-22 19:45:00.399 [info] [LocalProcess0][resolveAuthority(ssh-remote,102)][1001ms] waiting...
2026-01-22 19:45:01.399 [info] [LocalProcess0][resolveAuthority(ssh-remote,102)][2001ms] waiting...
2026-01-22 19:45:02.399 [info] [LocalProcess0][resolveAuthority(ssh-remote,102)][3001ms] waiting...
2026-01-22 19:45:02.934 [error] [LocalProcess0][resolveAuthority(ssh-remote,102)][3536ms] returned an error {"code":"TemporarilyNotAvailable","message":"No route to host"}
2026-01-22 19:45:02.935 [error] resolveAuthority(ssh-remote) returned an error after 3536 ms No route to host
2026-01-22 19:45:02.935 [info] [remote-connection][Management   ][d7c33…][reconnect] A temporarily not available error occurred while trying to reconnect, will try again...
2026-01-22 19:45:02.935 [info] [remote-connection][Management   ][d7c33…][reconnect] waiting for 30 seconds before reconnecting...
2026-01-22 19:45:02.935 [info] [remote-connection][ExtensionHost][b16be…][reconnect] A temporarily not available error occurred while trying to reconnect, will try again...
2026-01-22 19:45:02.935 [info] [remote-connection][ExtensionHost][b16be…][reconnect] waiting for 30 seconds before reconnecting...
2026-01-22 19:45:02.987 [warning] [mainThreadStorage] large extension state detected (extensionId: ms-vscode-remote.remote-ssh, global: true): 5482.2822265625kb. Consider to use 'storageUri' or 'globalStorageUri' to store this data on disk instead.
2026-01-22 19:45:05.865 [info] [remote-connection][ExtensionHost][b16be…][reconnect] received socket timeout event (unacknowledgedMsgCount: 1226, timeSinceOldestUnacknowledgedMsg: 3198489, timeSinceLastReceivedSomeData: 3264118).
2026-01-22 19:45:05.878 [info] [remote-connection][Management   ][d7c33…][reconnect] received socket timeout event (unacknowledgedMsgCount: 506, timeSinceOldestUnacknowledgedMsg: 3218514, timeSinceLastReceivedSomeData: 3264849).
2026-01-22 19:45:32.935 [info] [remote-connection][Management   ][d7c33…][reconnect] resolving connection...
2026-01-22 19:45:32.935 [info] Invoking resolveAuthority(ssh-remote)...
2026-01-22 19:45:32.936 [info] [LocalProcess0][resolveAuthority(ssh-remote,103)][0ms] obtaining proxy...
2026-01-22 19:45:32.936 [info] [LocalProcess0][resolveAuthority(ssh-remote,103)][0ms] invoking...
2026-01-22 19:45:32.938 [info] [remote-connection][ExtensionHost][b16be…][reconnect] received socket timeout event (unacknowledgedMsgCount: 1227, timeSinceOldestUnacknowledgedMsg: 3225562, timeSinceLastReceivedSomeData: 3291191).
2026-01-22 19:45:32.941 [info] [remote-connection][ExtensionHost][b16be…][reconnect] resolving connection...
2026-01-22 19:45:32.947 [info] [remote-connection][Management   ][d7c33…][reconnect] received socket timeout event (unacknowledgedMsgCount: 507, timeSinceOldestUnacknowledgedMsg: 3245583, timeSinceLastReceivedSomeData: 3291918).
2026-01-22 19:45:33.936 [info] [LocalProcess0][resolveAuthority(ssh-remote,103)][1001ms] waiting...
2026-01-22 19:45:34.936 [info] [LocalProcess0][resolveAuthority(ssh-remote,103)][2001ms] waiting...
2026-01-22 19:45:35.936 [info] [LocalProcess0][resolveAuthority(ssh-remote,103)][3001ms] waiting...
2026-01-22 19:45:36.468 [error] [LocalProcess0][resolveAuthority(ssh-remote,103)][3533ms] returned an error {"code":"TemporarilyNotAvailable","message":"No route to host"}
2026-01-22 19:45:36.468 [error] resolveAuthority(ssh-remote) returned an error after 3533 ms No route to host
2026-01-22 19:45:36.468 [info] [remote-connection][Management   ][d7c33…][reconnect] A temporarily not available error occurred while trying to reconnect, will try again...
2026-01-22 19:45:36.469 [info] [remote-connection][Management   ][d7c33…][reconnect] waiting for 30 seconds before reconnecting...
2026-01-22 19:45:36.469 [info] [remote-connection][ExtensionHost][b16be…][reconnect] A temporarily not available error occurred while trying to reconnect, will try again...
2026-01-22 19:45:36.469 [info] [remote-connection][ExtensionHost][b16be…][reconnect] waiting for 30 seconds before reconnecting...
2026-01-22 19:45:36.517 [warning] [mainThreadStorage] large extension state detected (extensionId: ms-vscode-remote.remote-ssh, global: true): 5536.033203125kb. Consider to use 'storageUri' or 'globalStorageUri' to store this data on disk instead.
2026-01-22 19:45:52.937 [info] [remote-connection][ExtensionHost][b16be…][reconnect] received socket timeout event (unacknowledgedMsgCount: 1238, timeSinceOldestUnacknowledgedMsg: 3245562, timeSinceLastReceivedSomeData: 3311191).
2026-01-22 19:45:52.947 [info] [remote-connection][Management   ][d7c33…][reconnect] received socket timeout event (unacknowledgedMsgCount: 511, timeSinceOldestUnacknowledgedMsg: 3265583, timeSinceLastReceivedSomeData: 3311918).
2026-01-22 19:46:06.469 [info] [remote-connection][Management   ][d7c33…][reconnect] resolving connection...
2026-01-22 19:46:06.469 [info] Invoking resolveAuthority(ssh-remote)...
2026-01-22 19:46:06.469 [info] [LocalProcess0][resolveAuthority(ssh-remote,104)][0ms] obtaining proxy...
2026-01-22 19:46:06.469 [info] [LocalProcess0][resolveAuthority(ssh-remote,104)][0ms] invoking...
2026-01-22 19:46:06.478 [info] [remote-connection][ExtensionHost][b16be…][reconnect] resolving connection...
2026-01-22 19:46:07.469 [info] [LocalProcess0][resolveAuthority(ssh-remote,104)][1000ms] waiting...
2026-01-22 19:46:08.469 [info] [LocalProcess0][resolveAuthority(ssh-remote,104)][2000ms] waiting...
2026-01-22 19:46:09.469 [info] [LocalProcess0][resolveAuthority(ssh-remote,104)][3000ms] waiting...
2026-01-22 19:46:10.006 [error] [LocalProcess0][resolveAuthority(ssh-remote,104)][3537ms] returned an error {"code":"TemporarilyNotAvailable","message":"No route to host"}
2026-01-22 19:46:10.006 [error] resolveAuthority(ssh-remote) returned an error after 3537 ms No route to host
2026-01-22 19:46:10.006 [info] [remote-connection][Management   ][d7c33…][reconnect] A temporarily not available error occurred while trying to reconnect, will try again...
2026-01-22 19:46:10.007 [info] [remote-connection][Management   ][d7c33…][reconnect] waiting for 30 seconds before reconnecting...
2026-01-22 19:46:10.007 [info] [remote-connection][ExtensionHost][b16be…][reconnect] A temporarily not available error occurred while trying to reconnect, will try again...
2026-01-22 19:46:10.007 [info] [remote-connection][ExtensionHost][b16be…][reconnect] waiting for 30 seconds before reconnecting...
2026-01-22 19:46:10.054 [warning] [mainThreadStorage] large extension state detected (extensionId: ms-vscode-remote.remote-ssh, global: true): 5589.7841796875kb. Consider to use 'storageUri' or 'globalStorageUri' to store this data on disk instead.
2026-01-22 19:46:12.937 [info] [remote-connection][ExtensionHost][b16be…][reconnect] received socket timeout event (unacknowledgedMsgCount: 1250, timeSinceOldestUnacknowledgedMsg: 3265562, timeSinceLastReceivedSomeData: 3331191).
2026-01-22 19:46:12.946 [info] [remote-connection][Management   ][d7c33…][reconnect] received socket timeout event (unacknowledgedMsgCount: 516, timeSinceOldestUnacknowledgedMsg: 3285583, timeSinceLastReceivedSomeData: 3331918).
2026-01-22 19:46:40.007 [info] [remote-connection][Management   ][d7c33…][reconnect] resolving connection...
2026-01-22 19:46:40.007 [info] Invoking resolveAuthority(ssh-remote)...
2026-01-22 19:46:40.007 [info] [LocalProcess0][resolveAuthority(ssh-remote,105)][0ms] obtaining proxy...
2026-01-22 19:46:40.007 [info] [LocalProcess0][resolveAuthority(ssh-remote,105)][0ms] invoking...
2026-01-22 19:46:40.009 [info] [remote-connection][ExtensionHost][b16be…][reconnect] received socket timeout event (unacknowledgedMsgCount: 1251, timeSinceOldestUnacknowledgedMsg: 3292634, timeSinceLastReceivedSomeData: 3358263).
2026-01-22 19:46:40.012 [info] [remote-connection][ExtensionHost][b16be…][reconnect] resolving connection...
2026-01-22 19:46:40.018 [info] [remote-connection][Management   ][d7c33…][reconnect] received socket timeout event (unacknowledgedMsgCount: 517, timeSinceOldestUnacknowledgedMsg: 3312654, timeSinceLastReceivedSomeData: 3358989).
2026-01-22 19:46:41.007 [info] [LocalProcess0][resolveAuthority(ssh-remote,105)][1000ms] waiting...
2026-01-22 19:46:42.007 [info] [LocalProcess0][resolveAuthority(ssh-remote,105)][2000ms] waiting...
2026-01-22 19:46:43.007 [info] [LocalProcess0][resolveAuthority(ssh-remote,105)][3000ms] waiting...
2026-01-22 19:46:43.545 [error] [LocalProcess0][resolveAuthority(ssh-remote,105)][3537ms] returned an error {"code":"TemporarilyNotAvailable","message":"No route to host"}
2026-01-22 19:46:43.545 [error] resolveAuthority(ssh-remote) returned an error after 3538 ms No route to host
2026-01-22 19:46:43.545 [info] [remote-connection][Management   ][d7c33…][reconnect] A temporarily not available error occurred while trying to reconnect, will try again...
2026-01-22 19:46:43.545 [info] [remote-connection][Management   ][d7c33…][reconnect] waiting for 30 seconds before reconnecting...
2026-01-22 19:46:43.545 [info] [remote-connection][ExtensionHost][b16be…][reconnect] A temporarily not available error occurred while trying to reconnect, will try again...
2026-01-22 19:46:43.545 [info] [remote-connection][ExtensionHost][b16be…][reconnect] waiting for 30 seconds before reconnecting...
2026-01-22 19:46:43.592 [warning] [mainThreadStorage] large extension state detected (extensionId: ms-vscode-remote.remote-ssh, global: true): 5643.53515625kb. Consider to use 'storageUri' or 'globalStorageUri' to store this data on disk instead.
2026-01-22 19:47:00.009 [info] [remote-connection][ExtensionHost][b16be…][reconnect] received socket timeout event (unacknowledgedMsgCount: 1262, timeSinceOldestUnacknowledgedMsg: 3312634, timeSinceLastReceivedSomeData: 3378263).
2026-01-22 19:47:00.017 [info] [remote-connection][Management   ][d7c33…][reconnect] received socket timeout event (unacknowledgedMsgCount: 521, timeSinceOldestUnacknowledgedMsg: 3332654, timeSinceLastReceivedSomeData: 3378989).
2026-01-22 19:47:13.545 [info] [remote-connection][Management   ][d7c33…][reconnect] resolving connection...
2026-01-22 19:47:13.546 [info] Invoking resolveAuthority(ssh-remote)...
2026-01-22 19:47:13.546 [info] [LocalProcess0][resolveAuthority(ssh-remote,106)][0ms] obtaining proxy...
2026-01-22 19:47:13.546 [info] [LocalProcess0][resolveAuthority(ssh-remote,106)][1ms] invoking...
2026-01-22 19:47:13.550 [info] [remote-connection][ExtensionHost][b16be…][reconnect] resolving connection...
2026-01-22 19:47:14.546 [info] [LocalProcess0][resolveAuthority(ssh-remote,106)][1001ms] waiting...
2026-01-22 19:47:15.546 [info] [LocalProcess0][resolveAuthority(ssh-remote,106)][2001ms] waiting...
2026-01-22 19:47:16.546 [info] [LocalProcess0][resolveAuthority(ssh-remote,106)][3001ms] waiting...
2026-01-22 19:47:17.079 [error] [LocalProcess0][resolveAuthority(ssh-remote,106)][3533ms] returned an error {"code":"TemporarilyNotAvailable","message":"No route to host"}
2026-01-22 19:47:17.079 [error] resolveAuthority(ssh-remote) returned an error after 3533 ms No route to host
2026-01-22 19:47:17.079 [info] [remote-connection][Management   ][d7c33…][reconnect] A temporarily not available error occurred while trying to reconnect, will try again...
2026-01-22 19:47:17.079 [info] [remote-connection][Management   ][d7c33…][reconnect] waiting for 30 seconds before reconnecting...
2026-01-22 19:47:17.079 [info] [remote-connection][ExtensionHost][b16be…][reconnect] A temporarily not available error occurred while trying to reconnect, will try again...
2026-01-22 19:47:17.079 [info] [remote-connection][ExtensionHost][b16be…][reconnect] waiting for 30 seconds before reconnecting...
2026-01-22 19:47:17.128 [warning] [mainThreadStorage] large extension state detected (extensionId: ms-vscode-remote.remote-ssh, global: true): 5697.2861328125kb. Consider to use 'storageUri' or 'globalStorageUri' to store this data on disk instead.
2026-01-22 19:47:20.010 [info] [remote-connection][ExtensionHost][b16be…][reconnect] received socket timeout event (unacknowledgedMsgCount: 1274, timeSinceOldestUnacknowledgedMsg: 3332634, timeSinceLastReceivedSomeData: 3398263).
2026-01-22 19:47:20.017 [info] [remote-connection][Management   ][d7c33…][reconnect] received socket timeout event (unacknowledgedMsgCount: 526, timeSinceOldestUnacknowledgedMsg: 3352654, timeSinceLastReceivedSomeData: 3398989).
2026-01-22 19:47:47.079 [info] [remote-connection][Management   ][d7c33…][reconnect] resolving connection...
2026-01-22 19:47:47.080 [info] Invoking resolveAuthority(ssh-remote)...
2026-01-22 19:47:47.080 [info] [LocalProcess0][resolveAuthority(ssh-remote,107)][0ms] obtaining proxy...
2026-01-22 19:47:47.080 [info] [LocalProcess0][resolveAuthority(ssh-remote,107)][1ms] invoking...
2026-01-22 19:47:47.082 [info] [remote-connection][ExtensionHost][b16be…][reconnect] received socket timeout event (unacknowledgedMsgCount: 1275, timeSinceOldestUnacknowledgedMsg: 3359706, timeSinceLastReceivedSomeData: 3425335).
2026-01-22 19:47:47.085 [info] [remote-connection][ExtensionHost][b16be…][reconnect] resolving connection...
2026-01-22 19:47:47.091 [info] [remote-connection][Management   ][d7c33…][reconnect] received socket timeout event (unacknowledgedMsgCount: 527, timeSinceOldestUnacknowledgedMsg: 3379727, timeSinceLastReceivedSomeData: 3426062).
2026-01-22 19:47:48.080 [info] [LocalProcess0][resolveAuthority(ssh-remote,107)][1001ms] waiting...
2026-01-22 19:47:49.080 [info] [LocalProcess0][resolveAuthority(ssh-remote,107)][2001ms] waiting...
2026-01-22 19:47:50.080 [info] [LocalProcess0][resolveAuthority(ssh-remote,107)][3001ms] waiting...
2026-01-22 19:47:50.616 [error] [LocalProcess0][resolveAuthority(ssh-remote,107)][3537ms] returned an error {"code":"TemporarilyNotAvailable","message":"No route to host"}
2026-01-22 19:47:50.616 [error] resolveAuthority(ssh-remote) returned an error after 3537 ms No route to host
2026-01-22 19:47:50.617 [info] [remote-connection][Management   ][d7c33…][reconnect] A temporarily not available error occurred while trying to reconnect, will try again...
2026-01-22 19:47:50.617 [info] [remote-connection][Management   ][d7c33…][reconnect] waiting for 30 seconds before reconnecting...
2026-01-22 19:47:50.617 [info] [remote-connection][ExtensionHost][b16be…][reconnect] A temporarily not available error occurred while trying to reconnect, will try again...
2026-01-22 19:47:50.617 [info] [remote-connection][ExtensionHost][b16be…][reconnect] waiting for 30 seconds before reconnecting...
2026-01-22 19:47:50.671 [warning] [mainThreadStorage] large extension state detected (extensionId: ms-vscode-remote.remote-ssh, global: true): 5751.037109375kb. Consider to use 'storageUri' or 'globalStorageUri' to store this data on disk instead.
2026-01-22 19:48:07.081 [info] [remote-connection][ExtensionHost][b16be…][reconnect] received socket timeout event (unacknowledgedMsgCount: 1286, timeSinceOldestUnacknowledgedMsg: 3379706, timeSinceLastReceivedSomeData: 3445335).
2026-01-22 19:48:07.091 [info] [remote-connection][Management   ][d7c33…][reconnect] received socket timeout event (unacknowledgedMsgCount: 531, timeSinceOldestUnacknowledgedMsg: 3399727, timeSinceLastReceivedSomeData: 3446062).
2026-01-22 19:48:20.617 [info] [remote-connection][Management   ][d7c33…][reconnect] resolving connection...
2026-01-22 19:48:20.617 [info] Invoking resolveAuthority(ssh-remote)...
2026-01-22 19:48:20.617 [info] [LocalProcess0][resolveAuthority(ssh-remote,108)][0ms] obtaining proxy...
2026-01-22 19:48:20.617 [info] [LocalProcess0][resolveAuthority(ssh-remote,108)][0ms] invoking...
2026-01-22 19:48:20.622 [info] [remote-connection][ExtensionHost][b16be…][reconnect] resolving connection...
2026-01-22 19:48:21.618 [info] [LocalProcess0][resolveAuthority(ssh-remote,108)][1000ms] waiting...
2026-01-22 19:48:22.618 [info] [LocalProcess0][resolveAuthority(ssh-remote,108)][2000ms] waiting...
2026-01-22 19:48:23.618 [info] [LocalProcess0][resolveAuthority(ssh-remote,108)][3000ms] waiting...
2026-01-22 19:48:24.152 [error] [LocalProcess0][resolveAuthority(ssh-remote,108)][3535ms] returned an error {"code":"TemporarilyNotAvailable","message":"No route to host"}
2026-01-22 19:48:24.153 [error] resolveAuthority(ssh-remote) returned an error after 3535 ms No route to host
2026-01-22 19:48:24.153 [info] [remote-connection][Management   ][d7c33…][reconnect] A temporarily not available error occurred while trying to reconnect, will try again...
2026-01-22 19:48:24.153 [info] [remote-connection][Management   ][d7c33…][reconnect] waiting for 30 seconds before reconnecting...
2026-01-22 19:48:24.153 [info] [remote-connection][ExtensionHost][b16be…][reconnect] A temporarily not available error occurred while trying to reconnect, will try again...
2026-01-22 19:48:24.153 [info] [remote-connection][ExtensionHost][b16be…][reconnect] waiting for 30 seconds before reconnecting...
2026-01-22 19:48:24.201 [warning] [mainThreadStorage] large extension state detected (extensionId: ms-vscode-remote.remote-ssh, global: true): 5804.7880859375kb. Consider to use 'storageUri' or 'globalStorageUri' to store this data on disk instead.
2026-01-22 19:48:27.082 [info] [remote-connection][ExtensionHost][b16be…][reconnect] received socket timeout event (unacknowledgedMsgCount: 1298, timeSinceOldestUnacknowledgedMsg: 3399706, timeSinceLastReceivedSomeData: 3465335).
2026-01-22 19:48:27.090 [info] [remote-connection][Management   ][d7c33…][reconnect] received socket timeout event (unacknowledgedMsgCount: 536, timeSinceOldestUnacknowledgedMsg: 3419727, timeSinceLastReceivedSomeData: 3466062).
2026-01-22 19:48:54.153 [info] [remote-connection][Management   ][d7c33…][reconnect] resolving connection...
2026-01-22 19:48:54.153 [info] Invoking resolveAuthority(ssh-remote)...
2026-01-22 19:48:54.154 [info] [LocalProcess0][resolveAuthority(ssh-remote,109)][0ms] obtaining proxy...
2026-01-22 19:48:54.154 [info] [LocalProcess0][resolveAuthority(ssh-remote,109)][0ms] invoking...
2026-01-22 19:48:54.156 [info] [remote-connection][ExtensionHost][b16be…][reconnect] received socket timeout event (unacknowledgedMsgCount: 1299, timeSinceOldestUnacknowledgedMsg: 3426781, timeSinceLastReceivedSomeData: 3492410).
2026-01-22 19:48:54.159 [info] [remote-connection][ExtensionHost][b16be…][reconnect] resolving connection...
2026-01-22 19:48:54.164 [info] [remote-connection][Management   ][d7c33…][reconnect] received socket timeout event (unacknowledgedMsgCount: 537, timeSinceOldestUnacknowledgedMsg: 3446801, timeSinceLastReceivedSomeData: 3493136).
2026-01-22 19:48:55.154 [info] [LocalProcess0][resolveAuthority(ssh-remote,109)][1001ms] waiting...
2026-01-22 19:48:56.154 [info] [LocalProcess0][resolveAuthority(ssh-remote,109)][2001ms] waiting...
2026-01-22 19:48:57.154 [info] [LocalProcess0][resolveAuthority(ssh-remote,109)][3001ms] waiting...
2026-01-22 19:48:57.688 [error] [LocalProcess0][resolveAuthority(ssh-remote,109)][3535ms] returned an error {"code":"TemporarilyNotAvailable","message":"No route to host"}
2026-01-22 19:48:57.689 [error] resolveAuthority(ssh-remote) returned an error after 3535 ms No route to host
2026-01-22 19:48:57.689 [info] [remote-connection][Management   ][d7c33…][reconnect] A temporarily not available error occurred while trying to reconnect, will try again...
2026-01-22 19:48:57.689 [info] [remote-connection][Management   ][d7c33…][reconnect] waiting for 30 seconds before reconnecting...
2026-01-22 19:48:57.689 [info] [remote-connection][ExtensionHost][b16be…][reconnect] A temporarily not available error occurred while trying to reconnect, will try again...
2026-01-22 19:48:57.689 [info] [remote-connection][ExtensionHost][b16be…][reconnect] waiting for 30 seconds before reconnecting...
2026-01-22 19:48:57.737 [warning] [mainThreadStorage] large extension state detected (extensionId: ms-vscode-remote.remote-ssh, global: true): 5858.5390625kb. Consider to use 'storageUri' or 'globalStorageUri' to store this data on disk instead.
2026-01-22 19:49:14.156 [info] [remote-connection][ExtensionHost][b16be…][reconnect] received socket timeout event (unacknowledgedMsgCount: 1310, timeSinceOldestUnacknowledgedMsg: 3446781, timeSinceLastReceivedSomeData: 3512410).
2026-01-22 19:49:14.164 [info] [remote-connection][Management   ][d7c33…][reconnect] received socket timeout event (unacknowledgedMsgCount: 541, timeSinceOldestUnacknowledgedMsg: 3466801, timeSinceLastReceivedSomeData: 3513136).
2026-01-22 19:49:27.689 [info] [remote-connection][Management   ][d7c33…][reconnect] resolving connection...
2026-01-22 19:49:27.689 [info] Invoking resolveAuthority(ssh-remote)...
2026-01-22 19:49:27.689 [info] [LocalProcess0][resolveAuthority(ssh-remote,110)][0ms] obtaining proxy...
2026-01-22 19:49:27.689 [info] [LocalProcess0][resolveAuthority(ssh-remote,110)][0ms] invoking...
2026-01-22 19:49:27.694 [info] [remote-connection][ExtensionHost][b16be…][reconnect] resolving connection...
2026-01-22 19:49:28.690 [info] [LocalProcess0][resolveAuthority(ssh-remote,110)][1000ms] waiting...
2026-01-22 19:49:29.690 [info] [LocalProcess0][resolveAuthority(ssh-remote,110)][2000ms] waiting...
2026-01-22 19:49:30.690 [info] [LocalProcess0][resolveAuthority(ssh-remote,110)][3000ms] waiting...
2026-01-22 19:49:31.225 [error] [LocalProcess0][resolveAuthority(ssh-remote,110)][3535ms] returned an error {"code":"TemporarilyNotAvailable","message":"No route to host"}
2026-01-22 19:49:31.225 [error] resolveAuthority(ssh-remote) returned an error after 3536 ms No route to host
2026-01-22 19:49:31.225 [info] [remote-connection][Management   ][d7c33…][reconnect] A temporarily not available error occurred while trying to reconnect, will try again...
2026-01-22 19:49:31.225 [info] [remote-connection][Management   ][d7c33…][reconnect] waiting for 30 seconds before reconnecting...
2026-01-22 19:49:31.225 [info] [remote-connection][ExtensionHost][b16be…][reconnect] A temporarily not available error occurred while trying to reconnect, will try again...
2026-01-22 19:49:31.226 [info] [remote-connection][ExtensionHost][b16be…][reconnect] waiting for 30 seconds before reconnecting...
2026-01-22 19:49:31.274 [warning] [mainThreadStorage] large extension state detected (extensionId: ms-vscode-remote.remote-ssh, global: true): 5912.2900390625kb. Consider to use 'storageUri' or 'globalStorageUri' to store this data on disk instead.
2026-01-22 19:49:34.157 [info] [remote-connection][ExtensionHost][b16be…][reconnect] received socket timeout event (unacknowledgedMsgCount: 1322, timeSinceOldestUnacknowledgedMsg: 3466781, timeSinceLastReceivedSomeData: 3532410).
2026-01-22 19:49:34.164 [info] [remote-connection][Management   ][d7c33…][reconnect] received socket timeout event (unacknowledgedMsgCount: 546, timeSinceOldestUnacknowledgedMsg: 3486801, timeSinceLastReceivedSomeData: 3533136).
2026-01-22 19:50:01.225 [info] [remote-connection][Management   ][d7c33…][reconnect] resolving connection...
2026-01-22 19:50:01.226 [info] Invoking resolveAuthority(ssh-remote)...
2026-01-22 19:50:01.226 [info] [LocalProcess0][resolveAuthority(ssh-remote,111)][0ms] obtaining proxy...
2026-01-22 19:50:01.226 [info] [LocalProcess0][resolveAuthority(ssh-remote,111)][0ms] invoking...
2026-01-22 19:50:01.228 [info] [remote-connection][ExtensionHost][b16be…][reconnect] received socket timeout event (unacknowledgedMsgCount: 1323, timeSinceOldestUnacknowledgedMsg: 3493852, timeSinceLastReceivedSomeData: 3559481).
2026-01-22 19:50:01.231 [info] [remote-connection][ExtensionHost][b16be…][reconnect] resolving connection...
2026-01-22 19:50:01.236 [info] [remote-connection][Management   ][d7c33…][reconnect] received socket timeout event (unacknowledgedMsgCount: 547, timeSinceOldestUnacknowledgedMsg: 3513873, timeSinceLastReceivedSomeData: 3560208).
2026-01-22 19:50:02.226 [info] [LocalProcess0][resolveAuthority(ssh-remote,111)][1000ms] waiting...
2026-01-22 19:50:03.226 [info] [LocalProcess0][resolveAuthority(ssh-remote,111)][2000ms] waiting...
2026-01-22 19:50:04.226 [info] [LocalProcess0][resolveAuthority(ssh-remote,111)][3000ms] waiting...
2026-01-22 19:50:04.762 [error] [LocalProcess0][resolveAuthority(ssh-remote,111)][3536ms] returned an error {"code":"TemporarilyNotAvailable","message":"No route to host"}
2026-01-22 19:50:04.762 [error] resolveAuthority(ssh-remote) returned an error after 3537 ms No route to host
2026-01-22 19:50:04.762 [info] [remote-connection][Management   ][d7c33…][reconnect] A temporarily not available error occurred while trying to reconnect, will try again...
2026-01-22 19:50:04.762 [info] [remote-connection][Management   ][d7c33…][reconnect] waiting for 30 seconds before reconnecting...
2026-01-22 19:50:04.762 [info] [remote-connection][ExtensionHost][b16be…][reconnect] A temporarily not available error occurred while trying to reconnect, will try again...
2026-01-22 19:50:04.763 [info] [remote-connection][ExtensionHost][b16be…][reconnect] waiting for 30 seconds before reconnecting...
2026-01-22 19:50:04.810 [warning] [mainThreadStorage] large extension state detected (extensionId: ms-vscode-remote.remote-ssh, global: true): 5966.041015625kb. Consider to use 'storageUri' or 'globalStorageUri' to store this data on disk instead.
2026-01-22 19:50:21.227 [info] [remote-connection][ExtensionHost][b16be…][reconnect] received socket timeout event (unacknowledgedMsgCount: 1334, timeSinceOldestUnacknowledgedMsg: 3513852, timeSinceLastReceivedSomeData: 3579481).
2026-01-22 19:50:21.236 [info] [remote-connection][Management   ][d7c33…][reconnect] received socket timeout event (unacknowledgedMsgCount: 551, timeSinceOldestUnacknowledgedMsg: 3533873, timeSinceLastReceivedSomeData: 3580208).
2026-01-22 19:50:34.763 [info] [remote-connection][Management   ][d7c33…][reconnect] resolving connection...
2026-01-22 19:50:34.763 [info] Invoking resolveAuthority(ssh-remote)...
2026-01-22 19:50:34.763 [info] [LocalProcess0][resolveAuthority(ssh-remote,112)][0ms] obtaining proxy...
2026-01-22 19:50:34.763 [info] [LocalProcess0][resolveAuthority(ssh-remote,112)][0ms] invoking...
2026-01-22 19:50:34.768 [info] [remote-connection][ExtensionHost][b16be…][reconnect] resolving connection...
2026-01-22 19:50:35.763 [info] [LocalProcess0][resolveAuthority(ssh-remote,112)][1000ms] waiting...
2026-01-22 19:50:36.763 [info] [LocalProcess0][resolveAuthority(ssh-remote,112)][2000ms] waiting...
2026-01-22 19:50:37.763 [info] [LocalProcess0][resolveAuthority(ssh-remote,112)][3000ms] waiting...
2026-01-22 19:50:38.298 [error] [LocalProcess0][resolveAuthority(ssh-remote,112)][3534ms] returned an error {"code":"TemporarilyNotAvailable","message":"No route to host"}
2026-01-22 19:50:38.298 [error] resolveAuthority(ssh-remote) returned an error after 3535 ms No route to host
2026-01-22 19:50:38.298 [info] [remote-connection][Management   ][d7c33…][reconnect] A temporarily not available error occurred while trying to reconnect, will try again...
2026-01-22 19:50:38.298 [info] [remote-connection][Management   ][d7c33…][reconnect] waiting for 30 seconds before reconnecting...
2026-01-22 19:50:38.298 [info] [remote-connection][ExtensionHost][b16be…][reconnect] A temporarily not available error occurred while trying to reconnect, will try again...
2026-01-22 19:50:38.298 [info] [remote-connection][ExtensionHost][b16be…][reconnect] waiting for 30 seconds before reconnecting...
2026-01-22 19:50:38.349 [warning] [mainThreadStorage] large extension state detected (extensionId: ms-vscode-remote.remote-ssh, global: true): 6019.7919921875kb. Consider to use 'storageUri' or 'globalStorageUri' to store this data on disk instead.
2026-01-22 19:50:41.227 [info] [remote-connection][ExtensionHost][b16be…][reconnect] received socket timeout event (unacknowledgedMsgCount: 1346, timeSinceOldestUnacknowledgedMsg: 3533852, timeSinceLastReceivedSomeData: 3599481).
2026-01-22 19:50:41.236 [info] [remote-connection][Management   ][d7c33…][reconnect] received socket timeout event (unacknowledgedMsgCount: 556, timeSinceOldestUnacknowledgedMsg: 3553873, timeSinceLastReceivedSomeData: 3600208).
2026-01-22 19:51:08.298 [info] [remote-connection][Management   ][d7c33…][reconnect] resolving connection...
2026-01-22 19:51:08.299 [info] Invoking resolveAuthority(ssh-remote)...
2026-01-22 19:51:08.299 [info] [LocalProcess0][resolveAuthority(ssh-remote,113)][0ms] obtaining proxy...
2026-01-22 19:51:08.299 [info] [LocalProcess0][resolveAuthority(ssh-remote,113)][0ms] invoking...
2026-01-22 19:51:08.301 [info] [remote-connection][ExtensionHost][b16be…][reconnect] received socket timeout event (unacknowledgedMsgCount: 1347, timeSinceOldestUnacknowledgedMsg: 3560925, timeSinceLastReceivedSomeData: 3626554).
2026-01-22 19:51:08.304 [info] [remote-connection][ExtensionHost][b16be…][reconnect] resolving connection...
2026-01-22 19:51:08.318 [info] [remote-connection][Management   ][d7c33…][reconnect] received socket timeout event (unacknowledgedMsgCount: 557, timeSinceOldestUnacknowledgedMsg: 3580954, timeSinceLastReceivedSomeData: 3627289).
2026-01-22 19:51:09.299 [info] [LocalProcess0][resolveAuthority(ssh-remote,113)][1001ms] waiting...
2026-01-22 19:51:10.299 [info] [LocalProcess0][resolveAuthority(ssh-remote,113)][2001ms] waiting...
2026-01-22 19:51:11.299 [info] [LocalProcess0][resolveAuthority(ssh-remote,113)][3001ms] waiting...
2026-01-22 19:51:11.837 [error] [LocalProcess0][resolveAuthority(ssh-remote,113)][3539ms] returned an error {"code":"TemporarilyNotAvailable","message":"No route to host"}
2026-01-22 19:51:11.837 [error] resolveAuthority(ssh-remote) returned an error after 3539 ms No route to host
2026-01-22 19:51:11.837 [info] [remote-connection][Management   ][d7c33…][reconnect] A temporarily not available error occurred while trying to reconnect, will try again...
2026-01-22 19:51:11.837 [info] [remote-connection][Management   ][d7c33…][reconnect] waiting for 30 seconds before reconnecting...
2026-01-22 19:51:11.838 [info] [remote-connection][ExtensionHost][b16be…][reconnect] A temporarily not available error occurred while trying to reconnect, will try again...
2026-01-22 19:51:11.838 [info] [remote-connection][ExtensionHost][b16be…][reconnect] waiting for 30 seconds before reconnecting...
2026-01-22 19:51:11.888 [warning] [mainThreadStorage] large extension state detected (extensionId: ms-vscode-remote.remote-ssh, global: true): 6073.54296875kb. Consider to use 'storageUri' or 'globalStorageUri' to store this data on disk instead.
2026-01-22 19:51:28.300 [info] [remote-connection][ExtensionHost][b16be…][reconnect] received socket timeout event (unacknowledgedMsgCount: 1358, timeSinceOldestUnacknowledgedMsg: 3580925, timeSinceLastReceivedSomeData: 3646554).
2026-01-22 19:51:28.318 [info] [remote-connection][Management   ][d7c33…][reconnect] received socket timeout event (unacknowledgedMsgCount: 561, timeSinceOldestUnacknowledgedMsg: 3600954, timeSinceLastReceivedSomeData: 3647289).
2026-01-22 19:51:41.838 [info] [remote-connection][Management   ][d7c33…][reconnect] resolving connection...
2026-01-22 19:51:41.838 [info] Invoking resolveAuthority(ssh-remote)...
2026-01-22 19:51:41.838 [info] [LocalProcess0][resolveAuthority(ssh-remote,114)][0ms] obtaining proxy...
2026-01-22 19:51:41.838 [info] [LocalProcess0][resolveAuthority(ssh-remote,114)][0ms] invoking...
2026-01-22 19:51:41.846 [info] [remote-connection][ExtensionHost][b16be…][reconnect] resolving connection...
2026-01-22 19:51:42.838 [info] [LocalProcess0][resolveAuthority(ssh-remote,114)][1000ms] waiting...
2026-01-22 19:51:43.838 [info] [LocalProcess0][resolveAuthority(ssh-remote,114)][2000ms] waiting...
2026-01-22 19:51:44.838 [info] [LocalProcess0][resolveAuthority(ssh-remote,114)][3000ms] waiting...
2026-01-22 19:51:45.372 [error] [LocalProcess0][resolveAuthority(ssh-remote,114)][3533ms] returned an error {"code":"TemporarilyNotAvailable","message":"No route to host"}
2026-01-22 19:51:45.372 [error] resolveAuthority(ssh-remote) returned an error after 3533 ms No route to host
2026-01-22 19:51:45.372 [info] [remote-connection][Management   ][d7c33…][reconnect] A temporarily not available error occurred while trying to reconnect, will try again...
2026-01-22 19:51:45.372 [info] [remote-connection][Management   ][d7c33…][reconnect] waiting for 30 seconds before reconnecting...
2026-01-22 19:51:45.372 [info] [remote-connection][ExtensionHost][b16be…][reconnect] A temporarily not available error occurred while trying to reconnect, will try again...
2026-01-22 19:51:45.373 [info] [remote-connection][ExtensionHost][b16be…][reconnect] waiting for 30 seconds before reconnecting...
2026-01-22 19:51:45.418 [warning] [mainThreadStorage] large extension state detected (extensionId: ms-vscode-remote.remote-ssh, global: true): 6127.2939453125kb. Consider to use 'storageUri' or 'globalStorageUri' to store this data on disk instead.
2026-01-22 19:51:48.300 [info] [remote-connection][ExtensionHost][b16be…][reconnect] received socket timeout event (unacknowledgedMsgCount: 1370, timeSinceOldestUnacknowledgedMsg: 3600925, timeSinceLastReceivedSomeData: 3666554).
2026-01-22 19:51:48.318 [info] [remote-connection][Management   ][d7c33…][reconnect] received socket timeout event (unacknowledgedMsgCount: 566, timeSinceOldestUnacknowledgedMsg: 3620954, timeSinceLastReceivedSomeData: 3667289).
2026-01-22 19:52:15.372 [info] [remote-connection][Management   ][d7c33…][reconnect] resolving connection...
2026-01-22 19:52:15.373 [info] Invoking resolveAuthority(ssh-remote)...
2026-01-22 19:52:15.373 [info] [LocalProcess0][resolveAuthority(ssh-remote,115)][0ms] obtaining proxy...
2026-01-22 19:52:15.373 [info] [LocalProcess0][resolveAuthority(ssh-remote,115)][1ms] invoking...
2026-01-22 19:52:15.375 [info] [remote-connection][ExtensionHost][b16be…][reconnect] received socket timeout event (unacknowledgedMsgCount: 1371, timeSinceOldestUnacknowledgedMsg: 3627999, timeSinceLastReceivedSomeData: 3693628).
2026-01-22 19:52:15.380 [info] [remote-connection][ExtensionHost][b16be…][reconnect] resolving connection...
2026-01-22 19:52:15.386 [info] [remote-connection][Management   ][d7c33…][reconnect] received socket timeout event (unacknowledgedMsgCount: 567, timeSinceOldestUnacknowledgedMsg: 3648023, timeSinceLastReceivedSomeData: 3694358).
2026-01-22 19:52:16.373 [info] [LocalProcess0][resolveAuthority(ssh-remote,115)][1001ms] waiting...
2026-01-22 19:52:17.373 [info] [LocalProcess0][resolveAuthority(ssh-remote,115)][2001ms] waiting...
2026-01-22 19:52:18.373 [info] [LocalProcess0][resolveAuthority(ssh-remote,115)][3001ms] waiting...
2026-01-22 19:52:18.918 [error] [LocalProcess0][resolveAuthority(ssh-remote,115)][3546ms] returned an error {"code":"TemporarilyNotAvailable","message":"No route to host"}
2026-01-22 19:52:18.918 [error] resolveAuthority(ssh-remote) returned an error after 3546 ms No route to host
2026-01-22 19:52:18.919 [info] [remote-connection][Management   ][d7c33…][reconnect] A temporarily not available error occurred while trying to reconnect, will try again...
2026-01-22 19:52:18.919 [info] [remote-connection][Management   ][d7c33…][reconnect] waiting for 30 seconds before reconnecting...
2026-01-22 19:52:18.919 [info] [remote-connection][ExtensionHost][b16be…][reconnect] A temporarily not available error occurred while trying to reconnect, will try again...
2026-01-22 19:52:18.919 [info] [remote-connection][ExtensionHost][b16be…][reconnect] waiting for 30 seconds before reconnecting...
2026-01-22 19:52:18.968 [warning] [mainThreadStorage] large extension state detected (extensionId: ms-vscode-remote.remote-ssh, global: true): 6181.044921875kb. Consider to use 'storageUri' or 'globalStorageUri' to store this data on disk instead.
2026-01-22 19:52:35.374 [info] [remote-connection][ExtensionHost][b16be…][reconnect] received socket timeout event (unacknowledgedMsgCount: 1382, timeSinceOldestUnacknowledgedMsg: 3647999, timeSinceLastReceivedSomeData: 3713628).
2026-01-22 19:52:35.387 [info] [remote-connection][Management   ][d7c33…][reconnect] received socket timeout event (unacknowledgedMsgCount: 571, timeSinceOldestUnacknowledgedMsg: 3668023, timeSinceLastReceivedSomeData: 3714358).
2026-01-22 19:52:48.919 [info] [remote-connection][Management   ][d7c33…][reconnect] resolving connection...
2026-01-22 19:52:48.919 [info] Invoking resolveAuthority(ssh-remote)...
2026-01-22 19:52:48.920 [info] [LocalProcess0][resolveAuthority(ssh-remote,116)][0ms] obtaining proxy...
2026-01-22 19:52:48.920 [info] [LocalProcess0][resolveAuthority(ssh-remote,116)][0ms] invoking...
2026-01-22 19:52:48.925 [info] [remote-connection][ExtensionHost][b16be…][reconnect] resolving connection...
2026-01-22 19:52:49.920 [info] [LocalProcess0][resolveAuthority(ssh-remote,116)][1000ms] waiting...
2026-01-22 19:52:50.920 [info] [LocalProcess0][resolveAuthority(ssh-remote,116)][2000ms] waiting...
2026-01-22 19:52:51.920 [info] [LocalProcess0][resolveAuthority(ssh-remote,116)][3000ms] waiting...
2026-01-22 19:52:52.444 [error] [LocalProcess0][resolveAuthority(ssh-remote,116)][3524ms] returned an error {"code":"TemporarilyNotAvailable","message":"No route to host"}
2026-01-22 19:52:52.444 [error] resolveAuthority(ssh-remote) returned an error after 3525 ms No route to host
2026-01-22 19:52:52.444 [info] [remote-connection][Management   ][d7c33…][reconnect] A temporarily not available error occurred while trying to reconnect, will try again...
2026-01-22 19:52:52.444 [info] [remote-connection][Management   ][d7c33…][reconnect] waiting for 30 seconds before reconnecting...
2026-01-22 19:52:52.444 [info] [remote-connection][ExtensionHost][b16be…][reconnect] A temporarily not available error occurred while trying to reconnect, will try again...
2026-01-22 19:52:52.444 [info] [remote-connection][ExtensionHost][b16be…][reconnect] waiting for 30 seconds before reconnecting...
2026-01-22 19:52:52.493 [warning] [mainThreadStorage] large extension state detected (extensionId: ms-vscode-remote.remote-ssh, global: true): 6234.7958984375kb. Consider to use 'storageUri' or 'globalStorageUri' to store this data on disk instead.
2026-01-22 19:52:55.375 [info] [remote-connection][ExtensionHost][b16be…][reconnect] received socket timeout event (unacknowledgedMsgCount: 1394, timeSinceOldestUnacknowledgedMsg: 3667999, timeSinceLastReceivedSomeData: 3733628).
2026-01-22 19:52:55.386 [info] [remote-connection][Management   ][d7c33…][reconnect] received socket timeout event (unacknowledgedMsgCount: 576, timeSinceOldestUnacknowledgedMsg: 3688023, timeSinceLastReceivedSomeData: 3734358).
2026-01-22 19:53:22.445 [info] [remote-connection][Management   ][d7c33…][reconnect] resolving connection...
2026-01-22 19:53:22.445 [info] Invoking resolveAuthority(ssh-remote)...
2026-01-22 19:53:22.445 [info] [LocalProcess0][resolveAuthority(ssh-remote,117)][0ms] obtaining proxy...
2026-01-22 19:53:22.445 [info] [LocalProcess0][resolveAuthority(ssh-remote,117)][0ms] invoking...
2026-01-22 19:53:22.447 [info] [remote-connection][ExtensionHost][b16be…][reconnect] received socket timeout event (unacknowledgedMsgCount: 1395, timeSinceOldestUnacknowledgedMsg: 3695072, timeSinceLastReceivedSomeData: 3760701).
2026-01-22 19:53:22.457 [info] [remote-connection][ExtensionHost][b16be…][reconnect] resolving connection...
2026-01-22 19:53:22.463 [info] [remote-connection][Management   ][d7c33…][reconnect] received socket timeout event (unacknowledgedMsgCount: 577, timeSinceOldestUnacknowledgedMsg: 3715099, timeSinceLastReceivedSomeData: 3761434).
2026-01-22 19:53:23.445 [info] [LocalProcess0][resolveAuthority(ssh-remote,117)][1000ms] waiting...
2026-01-22 19:53:24.445 [info] [LocalProcess0][resolveAuthority(ssh-remote,117)][2000ms] waiting...
2026-01-22 19:53:25.445 [info] [LocalProcess0][resolveAuthority(ssh-remote,117)][3000ms] waiting...
2026-01-22 19:53:25.980 [error] [LocalProcess0][resolveAuthority(ssh-remote,117)][3535ms] returned an error {"code":"TemporarilyNotAvailable","message":"No route to host"}
2026-01-22 19:53:25.980 [error] resolveAuthority(ssh-remote) returned an error after 3535 ms No route to host
2026-01-22 19:53:25.980 [info] [remote-connection][Management   ][d7c33…][reconnect] A temporarily not available error occurred while trying to reconnect, will try again...
2026-01-22 19:53:25.980 [info] [remote-connection][Management   ][d7c33…][reconnect] waiting for 30 seconds before reconnecting...
2026-01-22 19:53:25.981 [info] [remote-connection][ExtensionHost][b16be…][reconnect] A temporarily not available error occurred while trying to reconnect, will try again...
2026-01-22 19:53:25.981 [info] [remote-connection][ExtensionHost][b16be…][reconnect] waiting for 30 seconds before reconnecting...
2026-01-22 19:53:26.030 [warning] [mainThreadStorage] large extension state detected (extensionId: ms-vscode-remote.remote-ssh, global: true): 6288.546875kb. Consider to use 'storageUri' or 'globalStorageUri' to store this data on disk instead.
2026-01-22 19:53:42.448 [info] [remote-connection][ExtensionHost][b16be…][reconnect] received socket timeout event (unacknowledgedMsgCount: 1406, timeSinceOldestUnacknowledgedMsg: 3715072, timeSinceLastReceivedSomeData: 3780701).
2026-01-22 19:53:42.462 [info] [remote-connection][Management   ][d7c33…][reconnect] received socket timeout event (unacknowledgedMsgCount: 581, timeSinceOldestUnacknowledgedMsg: 3735099, timeSinceLastReceivedSomeData: 3781434).
2026-01-22 19:53:55.981 [info] [remote-connection][Management   ][d7c33…][reconnect] resolving connection...
2026-01-22 19:53:55.981 [info] Invoking resolveAuthority(ssh-remote)...
2026-01-22 19:53:55.981 [info] [LocalProcess0][resolveAuthority(ssh-remote,118)][0ms] obtaining proxy...
2026-01-22 19:53:55.981 [info] [LocalProcess0][resolveAuthority(ssh-remote,118)][0ms] invoking...
2026-01-22 19:53:55.990 [info] [remote-connection][ExtensionHost][b16be…][reconnect] resolving connection...
2026-01-22 19:53:56.981 [info] [LocalProcess0][resolveAuthority(ssh-remote,118)][1000ms] waiting...
2026-01-22 19:53:57.981 [info] [LocalProcess0][resolveAuthority(ssh-remote,118)][2000ms] waiting...
2026-01-22 19:53:58.981 [info] [LocalProcess0][resolveAuthority(ssh-remote,118)][3000ms] waiting...
2026-01-22 19:53:59.516 [error] [LocalProcess0][resolveAuthority(ssh-remote,118)][3535ms] returned an error {"code":"TemporarilyNotAvailable","message":"No route to host"}
2026-01-22 19:53:59.516 [error] resolveAuthority(ssh-remote) returned an error after 3536 ms No route to host
2026-01-22 19:53:59.516 [info] [remote-connection][Management   ][d7c33…][reconnect] A temporarily not available error occurred while trying to reconnect, will try again...
2026-01-22 19:53:59.517 [info] [remote-connection][Management   ][d7c33…][reconnect] waiting for 30 seconds before reconnecting...
2026-01-22 19:53:59.517 [info] [remote-connection][ExtensionHost][b16be…][reconnect] A temporarily not available error occurred while trying to reconnect, will try again...
2026-01-22 19:53:59.517 [info] [remote-connection][ExtensionHost][b16be…][reconnect] waiting for 30 seconds before reconnecting...
2026-01-22 19:53:59.566 [warning] [mainThreadStorage] large extension state detected (extensionId: ms-vscode-remote.remote-ssh, global: true): 6342.2978515625kb. Consider to use 'storageUri' or 'globalStorageUri' to store this data on disk instead.
2026-01-22 19:54:02.447 [info] [remote-connection][ExtensionHost][b16be…][reconnect] received socket timeout event (unacknowledgedMsgCount: 1418, timeSinceOldestUnacknowledgedMsg: 3735072, timeSinceLastReceivedSomeData: 3800701).
2026-01-22 19:54:02.462 [info] [remote-connection][Management   ][d7c33…][reconnect] received socket timeout event (unacknowledgedMsgCount: 586, timeSinceOldestUnacknowledgedMsg: 3755099, timeSinceLastReceivedSomeData: 3801434).
2026-01-22 19:54:29.517 [info] [remote-connection][Management   ][d7c33…][reconnect] resolving connection...
2026-01-22 19:54:29.517 [info] Invoking resolveAuthority(ssh-remote)...
2026-01-22 19:54:29.517 [info] [LocalProcess0][resolveAuthority(ssh-remote,119)][0ms] obtaining proxy...
2026-01-22 19:54:29.517 [info] [LocalProcess0][resolveAuthority(ssh-remote,119)][0ms] invoking...
2026-01-22 19:54:29.519 [info] [remote-connection][ExtensionHost][b16be…][reconnect] received socket timeout event (unacknowledgedMsgCount: 1419, timeSinceOldestUnacknowledgedMsg: 3762144, timeSinceLastReceivedSomeData: 3827773).
2026-01-22 19:54:29.522 [info] [remote-connection][ExtensionHost][b16be…][reconnect] resolving connection...
2026-01-22 19:54:29.528 [info] [remote-connection][Management   ][d7c33…][reconnect] received socket timeout event (unacknowledgedMsgCount: 587, timeSinceOldestUnacknowledgedMsg: 3782165, timeSinceLastReceivedSomeData: 3828500).
2026-01-22 19:54:30.517 [info] [LocalProcess0][resolveAuthority(ssh-remote,119)][1000ms] waiting...
2026-01-22 19:54:31.517 [info] [LocalProcess0][resolveAuthority(ssh-remote,119)][2000ms] waiting...
2026-01-22 19:54:32.517 [info] [LocalProcess0][resolveAuthority(ssh-remote,119)][3000ms] waiting...
2026-01-22 19:54:33.053 [error] [LocalProcess0][resolveAuthority(ssh-remote,119)][3535ms] returned an error {"code":"TemporarilyNotAvailable","message":"No route to host"}
2026-01-22 19:54:33.053 [error] resolveAuthority(ssh-remote) returned an error after 3536 ms No route to host
2026-01-22 19:54:33.053 [info] [remote-connection][Management   ][d7c33…][reconnect] A temporarily not available error occurred while trying to reconnect, will try again...
2026-01-22 19:54:33.053 [info] [remote-connection][Management   ][d7c33…][reconnect] waiting for 30 seconds before reconnecting...
2026-01-22 19:54:33.053 [info] [remote-connection][ExtensionHost][b16be…][reconnect] A temporarily not available error occurred while trying to reconnect, will try again...
2026-01-22 19:54:33.053 [info] [remote-connection][ExtensionHost][b16be…][reconnect] waiting for 30 seconds before reconnecting...
2026-01-22 19:54:33.102 [warning] [mainThreadStorage] large extension state detected (extensionId: ms-vscode-remote.remote-ssh, global: true): 6396.048828125kb. Consider to use 'storageUri' or 'globalStorageUri' to store this data on disk instead.
2026-01-22 19:54:49.520 [info] [remote-connection][ExtensionHost][b16be…][reconnect] received socket timeout event (unacknowledgedMsgCount: 1430, timeSinceOldestUnacknowledgedMsg: 3782144, timeSinceLastReceivedSomeData: 3847773).
2026-01-22 19:54:49.528 [info] [remote-connection][Management   ][d7c33…][reconnect] received socket timeout event (unacknowledgedMsgCount: 591, timeSinceOldestUnacknowledgedMsg: 3802165, timeSinceLastReceivedSomeData: 3848500).
2026-01-22 19:55:03.053 [info] [remote-connection][Management   ][d7c33…][reconnect] resolving connection...
2026-01-22 19:55:03.054 [info] Invoking resolveAuthority(ssh-remote)...
2026-01-22 19:55:03.054 [info] [LocalProcess0][resolveAuthority(ssh-remote,120)][0ms] obtaining proxy...
2026-01-22 19:55:03.054 [info] [LocalProcess0][resolveAuthority(ssh-remote,120)][1ms] invoking...
2026-01-22 19:55:03.059 [info] [remote-connection][ExtensionHost][b16be…][reconnect] resolving connection...
2026-01-22 19:55:04.054 [info] [LocalProcess0][resolveAuthority(ssh-remote,120)][1001ms] waiting...
2026-01-22 19:55:05.054 [info] [LocalProcess0][resolveAuthority(ssh-remote,120)][2001ms] waiting...
2026-01-22 19:55:06.054 [info] [LocalProcess0][resolveAuthority(ssh-remote,120)][3001ms] waiting...
2026-01-22 19:55:06.591 [error] [LocalProcess0][resolveAuthority(ssh-remote,120)][3537ms] returned an error {"code":"TemporarilyNotAvailable","message":"No route to host"}
2026-01-22 19:55:06.591 [error] resolveAuthority(ssh-remote) returned an error after 3538 ms No route to host
2026-01-22 19:55:06.591 [info] [remote-connection][Management   ][d7c33…][reconnect] A temporarily not available error occurred while trying to reconnect, will try again...
2026-01-22 19:55:06.592 [info] [remote-connection][Management   ][d7c33…][reconnect] waiting for 30 seconds before reconnecting...
2026-01-22 19:55:06.592 [info] [remote-connection][ExtensionHost][b16be…][reconnect] A temporarily not available error occurred while trying to reconnect, will try again...
2026-01-22 19:55:06.592 [info] [remote-connection][ExtensionHost][b16be…][reconnect] waiting for 30 seconds before reconnecting...
2026-01-22 19:55:06.644 [warning] [mainThreadStorage] large extension state detected (extensionId: ms-vscode-remote.remote-ssh, global: true): 6449.7998046875kb. Consider to use 'storageUri' or 'globalStorageUri' to store this data on disk instead.
2026-01-22 19:55:09.520 [info] [remote-connection][ExtensionHost][b16be…][reconnect] received socket timeout event (unacknowledgedMsgCount: 1442, timeSinceOldestUnacknowledgedMsg: 3802144, timeSinceLastReceivedSomeData: 3867773).
2026-01-22 19:55:09.528 [info] [remote-connection][Management   ][d7c33…][reconnect] received socket timeout event (unacknowledgedMsgCount: 596, timeSinceOldestUnacknowledgedMsg: 3822165, timeSinceLastReceivedSomeData: 3868500).
2026-01-22 19:55:36.592 [info] [remote-connection][Management   ][d7c33…][reconnect] resolving connection...
2026-01-22 19:55:36.592 [info] Invoking resolveAuthority(ssh-remote)...
2026-01-22 19:55:36.592 [info] [LocalProcess0][resolveAuthority(ssh-remote,121)][0ms] obtaining proxy...
2026-01-22 19:55:36.592 [info] [LocalProcess0][resolveAuthority(ssh-remote,121)][0ms] invoking...
2026-01-22 19:55:36.594 [info] [remote-connection][ExtensionHost][b16be…][reconnect] received socket timeout event (unacknowledgedMsgCount: 1443, timeSinceOldestUnacknowledgedMsg: 3829219, timeSinceLastReceivedSomeData: 3894848).
2026-01-22 19:55:36.597 [info] [remote-connection][ExtensionHost][b16be…][reconnect] resolving connection...
2026-01-22 19:55:36.603 [info] [remote-connection][Management   ][d7c33…][reconnect] received socket timeout event (unacknowledgedMsgCount: 597, timeSinceOldestUnacknowledgedMsg: 3849240, timeSinceLastReceivedSomeData: 3895575).
2026-01-22 19:55:37.592 [info] [LocalProcess0][resolveAuthority(ssh-remote,121)][1000ms] waiting...
2026-01-22 19:55:38.592 [info] [LocalProcess0][resolveAuthority(ssh-remote,121)][2000ms] waiting...
2026-01-22 19:55:39.592 [info] [LocalProcess0][resolveAuthority(ssh-remote,121)][3000ms] waiting...
2026-01-22 19:55:40.126 [error] [LocalProcess0][resolveAuthority(ssh-remote,121)][3534ms] returned an error {"code":"TemporarilyNotAvailable","message":"No route to host"}
2026-01-22 19:55:40.127 [error] resolveAuthority(ssh-remote) returned an error after 3534 ms No route to host
2026-01-22 19:55:40.127 [info] [remote-connection][Management   ][d7c33…][reconnect] A temporarily not available error occurred while trying to reconnect, will try again...
2026-01-22 19:55:40.127 [info] [remote-connection][Management   ][d7c33…][reconnect] waiting for 30 seconds before reconnecting...
2026-01-22 19:55:40.127 [info] [remote-connection][ExtensionHost][b16be…][reconnect] A temporarily not available error occurred while trying to reconnect, will try again...
2026-01-22 19:55:40.127 [info] [remote-connection][ExtensionHost][b16be…][reconnect] waiting for 30 seconds before reconnecting...
2026-01-22 19:55:40.181 [warning] [mainThreadStorage] large extension state detected (extensionId: ms-vscode-remote.remote-ssh, global: true): 6503.55078125kb. Consider to use 'storageUri' or 'globalStorageUri' to store this data on disk instead.
2026-01-22 19:55:56.595 [info] [remote-connection][ExtensionHost][b16be…][reconnect] received socket timeout event (unacknowledgedMsgCount: 1454, timeSinceOldestUnacknowledgedMsg: 3849219, timeSinceLastReceivedSomeData: 3914848).
2026-01-22 19:55:56.603 [info] [remote-connection][Management   ][d7c33…][reconnect] received socket timeout event (unacknowledgedMsgCount: 601, timeSinceOldestUnacknowledgedMsg: 3869240, timeSinceLastReceivedSomeData: 3915575).
2026-01-22 19:56:10.127 [info] [remote-connection][Management   ][d7c33…][reconnect] resolving connection...
2026-01-22 19:56:10.128 [info] Invoking resolveAuthority(ssh-remote)...
2026-01-22 19:56:10.128 [info] [LocalProcess0][resolveAuthority(ssh-remote,122)][0ms] obtaining proxy...
2026-01-22 19:56:10.128 [info] [LocalProcess0][resolveAuthority(ssh-remote,122)][0ms] invoking...
2026-01-22 19:56:10.134 [info] [remote-connection][ExtensionHost][b16be…][reconnect] resolving connection...
2026-01-22 19:56:11.128 [info] [LocalProcess0][resolveAuthority(ssh-remote,122)][1001ms] waiting...
2026-01-22 19:56:12.128 [info] [LocalProcess0][resolveAuthority(ssh-remote,122)][2001ms] waiting...
2026-01-22 19:56:13.128 [info] [LocalProcess0][resolveAuthority(ssh-remote,122)][3001ms] waiting...
2026-01-22 19:56:13.663 [error] [LocalProcess0][resolveAuthority(ssh-remote,122)][3536ms] returned an error {"code":"TemporarilyNotAvailable","message":"No route to host"}
2026-01-22 19:56:13.663 [error] resolveAuthority(ssh-remote) returned an error after 3536 ms No route to host
2026-01-22 19:56:13.663 [info] [remote-connection][Management   ][d7c33…][reconnect] A temporarily not available error occurred while trying to reconnect, will try again...
2026-01-22 19:56:13.664 [info] [remote-connection][Management   ][d7c33…][reconnect] waiting for 30 seconds before reconnecting...
2026-01-22 19:56:13.664 [info] [remote-connection][ExtensionHost][b16be…][reconnect] A temporarily not available error occurred while trying to reconnect, will try again...
2026-01-22 19:56:13.664 [info] [remote-connection][ExtensionHost][b16be…][reconnect] waiting for 30 seconds before reconnecting...
2026-01-22 19:56:13.722 [warning] [mainThreadStorage] large extension state detected (extensionId: ms-vscode-remote.remote-ssh, global: true): 6557.3017578125kb. Consider to use 'storageUri' or 'globalStorageUri' to store this data on disk instead.
2026-01-22 19:56:16.594 [info] [remote-connection][ExtensionHost][b16be…][reconnect] received socket timeout event (unacknowledgedMsgCount: 1466, timeSinceOldestUnacknowledgedMsg: 3869219, timeSinceLastReceivedSomeData: 3934848).
2026-01-22 19:56:16.603 [info] [remote-connection][Management   ][d7c33…][reconnect] received socket timeout event (unacknowledgedMsgCount: 606, timeSinceOldestUnacknowledgedMsg: 3889240, timeSinceLastReceivedSomeData: 3935575).
2026-01-22 19:56:43.664 [info] [remote-connection][Management   ][d7c33…][reconnect] resolving connection...
2026-01-22 19:56:43.664 [info] Invoking resolveAuthority(ssh-remote)...
2026-01-22 19:56:43.664 [info] [LocalProcess0][resolveAuthority(ssh-remote,123)][0ms] obtaining proxy...
2026-01-22 19:56:43.664 [info] [LocalProcess0][resolveAuthority(ssh-remote,123)][0ms] invoking...
2026-01-22 19:56:43.666 [info] [remote-connection][ExtensionHost][b16be…][reconnect] received socket timeout event (unacknowledgedMsgCount: 1467, timeSinceOldestUnacknowledgedMsg: 3896291, timeSinceLastReceivedSomeData: 3961920).
2026-01-22 19:56:43.669 [info] [remote-connection][ExtensionHost][b16be…][reconnect] resolving connection...
2026-01-22 19:56:43.675 [info] [remote-connection][Management   ][d7c33…][reconnect] received socket timeout event (unacknowledgedMsgCount: 607, timeSinceOldestUnacknowledgedMsg: 3916312, timeSinceLastReceivedSomeData: 3962647).
2026-01-22 19:56:44.664 [info] [LocalProcess0][resolveAuthority(ssh-remote,123)][1000ms] waiting...
2026-01-22 19:56:45.664 [info] [LocalProcess0][resolveAuthority(ssh-remote,123)][2000ms] waiting...
2026-01-22 19:56:46.664 [info] [LocalProcess0][resolveAuthority(ssh-remote,123)][3000ms] waiting...
2026-01-22 19:56:47.205 [error] [LocalProcess0][resolveAuthority(ssh-remote,123)][3540ms] returned an error {"code":"TemporarilyNotAvailable","message":"No route to host"}
2026-01-22 19:56:47.205 [error] resolveAuthority(ssh-remote) returned an error after 3540 ms No route to host
2026-01-22 19:56:47.205 [info] [remote-connection][Management   ][d7c33…][reconnect] A temporarily not available error occurred while trying to reconnect, will try again...
2026-01-22 19:56:47.205 [info] [remote-connection][Management   ][d7c33…][reconnect] waiting for 30 seconds before reconnecting...
2026-01-22 19:56:47.205 [info] [remote-connection][ExtensionHost][b16be…][reconnect] A temporarily not available error occurred while trying to reconnect, will try again...
2026-01-22 19:56:47.206 [info] [remote-connection][ExtensionHost][b16be…][reconnect] waiting for 30 seconds before reconnecting...
2026-01-22 19:56:47.257 [warning] [mainThreadStorage] large extension state detected (extensionId: ms-vscode-remote.remote-ssh, global: true): 6611.052734375kb. Consider to use 'storageUri' or 'globalStorageUri' to store this data on disk instead.
2026-01-22 19:57:03.667 [info] [remote-connection][ExtensionHost][b16be…][reconnect] received socket timeout event (unacknowledgedMsgCount: 1478, timeSinceOldestUnacknowledgedMsg: 3916291, timeSinceLastReceivedSomeData: 3981920).
2026-01-22 19:57:03.675 [info] [remote-connection][Management   ][d7c33…][reconnect] received socket timeout event (unacknowledgedMsgCount: 611, timeSinceOldestUnacknowledgedMsg: 3936312, timeSinceLastReceivedSomeData: 3982647).
2026-01-22 19:57:17.205 [info] [remote-connection][Management   ][d7c33…][reconnect] resolving connection...
2026-01-22 19:57:17.206 [info] Invoking resolveAuthority(ssh-remote)...
2026-01-22 19:57:17.206 [info] [LocalProcess0][resolveAuthority(ssh-remote,124)][0ms] obtaining proxy...
2026-01-22 19:57:17.206 [info] [LocalProcess0][resolveAuthority(ssh-remote,124)][1ms] invoking...
2026-01-22 19:57:17.211 [info] [remote-connection][ExtensionHost][b16be…][reconnect] resolving connection...
2026-01-22 19:57:18.206 [info] [LocalProcess0][resolveAuthority(ssh-remote,124)][1001ms] waiting...
2026-01-22 19:57:19.206 [info] [LocalProcess0][resolveAuthority(ssh-remote,124)][2001ms] waiting...
2026-01-22 19:57:20.206 [info] [LocalProcess0][resolveAuthority(ssh-remote,124)][3001ms] waiting...
2026-01-22 19:57:20.736 [error] [LocalProcess0][resolveAuthority(ssh-remote,124)][3531ms] returned an error {"code":"TemporarilyNotAvailable","message":"No route to host"}
2026-01-22 19:57:20.736 [error] resolveAuthority(ssh-remote) returned an error after 3531 ms No route to host
2026-01-22 19:57:20.737 [info] [remote-connection][Management   ][d7c33…][reconnect] A temporarily not available error occurred while trying to reconnect, will try again...
2026-01-22 19:57:20.737 [info] [remote-connection][Management   ][d7c33…][reconnect] waiting for 30 seconds before reconnecting...
2026-01-22 19:57:20.737 [info] [remote-connection][ExtensionHost][b16be…][reconnect] A temporarily not available error occurred while trying to reconnect, will try again...
2026-01-22 19:57:20.737 [info] [remote-connection][ExtensionHost][b16be…][reconnect] waiting for 30 seconds before reconnecting...
2026-01-22 19:57:20.788 [warning] [mainThreadStorage] large extension state detected (extensionId: ms-vscode-remote.remote-ssh, global: true): 6664.8037109375kb. Consider to use 'storageUri' or 'globalStorageUri' to store this data on disk instead.
2026-01-22 19:57:23.667 [info] [remote-connection][ExtensionHost][b16be…][reconnect] received socket timeout event (unacknowledgedMsgCount: 1490, timeSinceOldestUnacknowledgedMsg: 3936291, timeSinceLastReceivedSomeData: 4001920).
2026-01-22 19:57:23.675 [info] [remote-connection][Management   ][d7c33…][reconnect] received socket timeout event (unacknowledgedMsgCount: 616, timeSinceOldestUnacknowledgedMsg: 3956312, timeSinceLastReceivedSomeData: 4002647).
2026-01-22 19:57:50.737 [info] [remote-connection][Management   ][d7c33…][reconnect] resolving connection...
2026-01-22 19:57:50.737 [info] Invoking resolveAuthority(ssh-remote)...
2026-01-22 19:57:50.737 [info] [LocalProcess0][resolveAuthority(ssh-remote,125)][0ms] obtaining proxy...
2026-01-22 19:57:50.737 [info] [LocalProcess0][resolveAuthority(ssh-remote,125)][0ms] invoking...
2026-01-22 19:57:50.739 [info] [remote-connection][ExtensionHost][b16be…][reconnect] received socket timeout event (unacknowledgedMsgCount: 1491, timeSinceOldestUnacknowledgedMsg: 3963364, timeSinceLastReceivedSomeData: 4028993).
2026-01-22 19:57:50.743 [info] [remote-connection][ExtensionHost][b16be…][reconnect] resolving connection...
2026-01-22 19:57:50.748 [info] [remote-connection][Management   ][d7c33…][reconnect] received socket timeout event (unacknowledgedMsgCount: 617, timeSinceOldestUnacknowledgedMsg: 3983385, timeSinceLastReceivedSomeData: 4029720).
2026-01-22 19:57:51.738 [info] [LocalProcess0][resolveAuthority(ssh-remote,125)][1000ms] waiting...
2026-01-22 19:57:52.737 [info] [LocalProcess0][resolveAuthority(ssh-remote,125)][2000ms] waiting...
2026-01-22 19:57:53.738 [info] [LocalProcess0][resolveAuthority(ssh-remote,125)][3000ms] waiting...
2026-01-22 19:57:54.273 [error] [LocalProcess0][resolveAuthority(ssh-remote,125)][3535ms] returned an error {"code":"TemporarilyNotAvailable","message":"No route to host"}
2026-01-22 19:57:54.273 [error] resolveAuthority(ssh-remote) returned an error after 3535 ms No route to host
2026-01-22 19:57:54.273 [info] [remote-connection][Management   ][d7c33…][reconnect] A temporarily not available error occurred while trying to reconnect, will try again...
2026-01-22 19:57:54.273 [info] [remote-connection][Management   ][d7c33…][reconnect] waiting for 30 seconds before reconnecting...
2026-01-22 19:57:54.273 [info] [remote-connection][ExtensionHost][b16be…][reconnect] A temporarily not available error occurred while trying to reconnect, will try again...
2026-01-22 19:57:54.273 [info] [remote-connection][ExtensionHost][b16be…][reconnect] waiting for 30 seconds before reconnecting...
2026-01-22 19:57:54.325 [warning] [mainThreadStorage] large extension state detected (extensionId: ms-vscode-remote.remote-ssh, global: true): 6718.5546875kb. Consider to use 'storageUri' or 'globalStorageUri' to store this data on disk instead.
2026-01-22 19:58:10.740 [info] [remote-connection][ExtensionHost][b16be…][reconnect] received socket timeout event (unacknowledgedMsgCount: 1502, timeSinceOldestUnacknowledgedMsg: 3983365, timeSinceLastReceivedSomeData: 4048994).
2026-01-22 19:58:10.748 [info] [remote-connection][Management   ][d7c33…][reconnect] received socket timeout event (unacknowledgedMsgCount: 621, timeSinceOldestUnacknowledgedMsg: 4003385, timeSinceLastReceivedSomeData: 4049720).
2026-01-22 19:58:24.273 [info] [remote-connection][Management   ][d7c33…][reconnect] resolving connection...
2026-01-22 19:58:24.274 [info] Invoking resolveAuthority(ssh-remote)...
2026-01-22 19:58:24.274 [info] [LocalProcess0][resolveAuthority(ssh-remote,126)][0ms] obtaining proxy...
2026-01-22 19:58:24.274 [info] [LocalProcess0][resolveAuthority(ssh-remote,126)][0ms] invoking...
2026-01-22 19:58:24.278 [info] [remote-connection][ExtensionHost][b16be…][reconnect] resolving connection...
2026-01-22 19:58:25.274 [info] [LocalProcess0][resolveAuthority(ssh-remote,126)][1001ms] waiting...
2026-01-22 19:58:26.274 [info] [LocalProcess0][resolveAuthority(ssh-remote,126)][2001ms] waiting...
2026-01-22 19:58:27.274 [info] [LocalProcess0][resolveAuthority(ssh-remote,126)][3001ms] waiting...
2026-01-22 19:58:27.808 [error] [LocalProcess0][resolveAuthority(ssh-remote,126)][3534ms] returned an error {"code":"TemporarilyNotAvailable","message":"No route to host"}
2026-01-22 19:58:27.808 [error] resolveAuthority(ssh-remote) returned an error after 3534 ms No route to host
2026-01-22 19:58:27.808 [info] [remote-connection][Management   ][d7c33…][reconnect] A temporarily not available error occurred while trying to reconnect, will try again...
2026-01-22 19:58:27.808 [info] [remote-connection][Management   ][d7c33…][reconnect] waiting for 30 seconds before reconnecting...
2026-01-22 19:58:27.808 [info] [remote-connection][ExtensionHost][b16be…][reconnect] A temporarily not available error occurred while trying to reconnect, will try again...
2026-01-22 19:58:27.808 [info] [remote-connection][ExtensionHost][b16be…][reconnect] waiting for 30 seconds before reconnecting...
2026-01-22 19:58:27.862 [warning] [mainThreadStorage] large extension state detected (extensionId: ms-vscode-remote.remote-ssh, global: true): 6772.3056640625kb. Consider to use 'storageUri' or 'globalStorageUri' to store this data on disk instead.
2026-01-22 19:58:30.741 [info] [remote-connection][ExtensionHost][b16be…][reconnect] received socket timeout event (unacknowledgedMsgCount: 1514, timeSinceOldestUnacknowledgedMsg: 4003365, timeSinceLastReceivedSomeData: 4068994).
2026-01-22 19:58:30.748 [info] [remote-connection][Management   ][d7c33…][reconnect] received socket timeout event (unacknowledgedMsgCount: 626, timeSinceOldestUnacknowledgedMsg: 4023385, timeSinceLastReceivedSomeData: 4069720).
2026-01-22 19:58:57.808 [info] [remote-connection][Management   ][d7c33…][reconnect] resolving connection...
2026-01-22 19:58:57.808 [info] Invoking resolveAuthority(ssh-remote)...
2026-01-22 19:58:57.809 [info] [LocalProcess0][resolveAuthority(ssh-remote,127)][0ms] obtaining proxy...
2026-01-22 19:58:57.809 [info] [LocalProcess0][resolveAuthority(ssh-remote,127)][0ms] invoking...
2026-01-22 19:58:57.811 [info] [remote-connection][ExtensionHost][b16be…][reconnect] received socket timeout event (unacknowledgedMsgCount: 1515, timeSinceOldestUnacknowledgedMsg: 4030435, timeSinceLastReceivedSomeData: 4096064).
2026-01-22 19:58:57.814 [info] [remote-connection][ExtensionHost][b16be…][reconnect] resolving connection...
2026-01-22 19:58:57.820 [info] [remote-connection][Management   ][d7c33…][reconnect] received socket timeout event (unacknowledgedMsgCount: 627, timeSinceOldestUnacknowledgedMsg: 4050457, timeSinceLastReceivedSomeData: 4096792).
2026-01-22 19:58:58.809 [info] [LocalProcess0][resolveAuthority(ssh-remote,127)][1001ms] waiting...
2026-01-22 19:58:59.809 [info] [LocalProcess0][resolveAuthority(ssh-remote,127)][2001ms] waiting...
2026-01-22 19:59:00.809 [info] [LocalProcess0][resolveAuthority(ssh-remote,127)][3001ms] waiting...
2026-01-22 19:59:01.355 [error] [LocalProcess0][resolveAuthority(ssh-remote,127)][3547ms] returned an error {"code":"TemporarilyNotAvailable","message":"No route to host"}
2026-01-22 19:59:01.355 [error] resolveAuthority(ssh-remote) returned an error after 3547 ms No route to host
2026-01-22 19:59:01.356 [info] [remote-connection][Management   ][d7c33…][reconnect] A temporarily not available error occurred while trying to reconnect, will try again...
2026-01-22 19:59:01.356 [info] [remote-connection][Management   ][d7c33…][reconnect] waiting for 30 seconds before reconnecting...
2026-01-22 19:59:01.356 [info] [remote-connection][ExtensionHost][b16be…][reconnect] A temporarily not available error occurred while trying to reconnect, will try again...
2026-01-22 19:59:01.356 [info] [remote-connection][ExtensionHost][b16be…][reconnect] waiting for 30 seconds before reconnecting...
2026-01-22 19:59:01.414 [warning] [mainThreadStorage] large extension state detected (extensionId: ms-vscode-remote.remote-ssh, global: true): 6826.056640625kb. Consider to use 'storageUri' or 'globalStorageUri' to store this data on disk instead.
2026-01-22 19:59:17.810 [info] [remote-connection][ExtensionHost][b16be…][reconnect] received socket timeout event (unacknowledgedMsgCount: 1526, timeSinceOldestUnacknowledgedMsg: 4050435, timeSinceLastReceivedSomeData: 4116064).
2026-01-22 19:59:17.820 [info] [remote-connection][Management   ][d7c33…][reconnect] received socket timeout event (unacknowledgedMsgCount: 631, timeSinceOldestUnacknowledgedMsg: 4070457, timeSinceLastReceivedSomeData: 4116792).
2026-01-22 19:59:31.356 [info] [remote-connection][Management   ][d7c33…][reconnect] resolving connection...
2026-01-22 19:59:31.356 [info] Invoking resolveAuthority(ssh-remote)...
2026-01-22 19:59:31.356 [info] [LocalProcess0][resolveAuthority(ssh-remote,128)][0ms] obtaining proxy...
2026-01-22 19:59:31.356 [info] [LocalProcess0][resolveAuthority(ssh-remote,128)][0ms] invoking...
2026-01-22 19:59:31.361 [info] [remote-connection][ExtensionHost][b16be…][reconnect] resolving connection...
2026-01-22 19:59:32.357 [info] [LocalProcess0][resolveAuthority(ssh-remote,128)][1000ms] waiting...
2026-01-22 19:59:33.356 [info] [LocalProcess0][resolveAuthority(ssh-remote,128)][2000ms] waiting...
2026-01-22 19:59:34.356 [info] [LocalProcess0][resolveAuthority(ssh-remote,128)][3000ms] waiting...
2026-01-22 19:59:34.883 [error] [LocalProcess0][resolveAuthority(ssh-remote,128)][3527ms] returned an error {"code":"TemporarilyNotAvailable","message":"No route to host"}
2026-01-22 19:59:34.883 [error] resolveAuthority(ssh-remote) returned an error after 3527 ms No route to host
2026-01-22 19:59:34.884 [info] [remote-connection][Management   ][d7c33…][reconnect] A temporarily not available error occurred while trying to reconnect, will try again...
2026-01-22 19:59:34.884 [info] [remote-connection][Management   ][d7c33…][reconnect] waiting for 30 seconds before reconnecting...
2026-01-22 19:59:34.884 [info] [remote-connection][ExtensionHost][b16be…][reconnect] A temporarily not available error occurred while trying to reconnect, will try again...
2026-01-22 19:59:34.884 [info] [remote-connection][ExtensionHost][b16be…][reconnect] waiting for 30 seconds before reconnecting...
2026-01-22 19:59:34.937 [warning] [mainThreadStorage] large extension state detected (extensionId: ms-vscode-remote.remote-ssh, global: true): 6879.8076171875kb. Consider to use 'storageUri' or 'globalStorageUri' to store this data on disk instead.
2026-01-22 19:59:37.810 [info] [remote-connection][ExtensionHost][b16be…][reconnect] received socket timeout event (unacknowledgedMsgCount: 1538, timeSinceOldestUnacknowledgedMsg: 4070435, timeSinceLastReceivedSomeData: 4136064).
2026-01-22 19:59:37.820 [info] [remote-connection][Management   ][d7c33…][reconnect] received socket timeout event (unacknowledgedMsgCount: 636, timeSinceOldestUnacknowledgedMsg: 4090457, timeSinceLastReceivedSomeData: 4136792).
2026-01-22 20:00:04.884 [info] [remote-connection][Management   ][d7c33…][reconnect] resolving connection...
2026-01-22 20:00:04.884 [info] Invoking resolveAuthority(ssh-remote)...
2026-01-22 20:00:04.884 [info] [LocalProcess0][resolveAuthority(ssh-remote,129)][0ms] obtaining proxy...
2026-01-22 20:00:04.884 [info] [LocalProcess0][resolveAuthority(ssh-remote,129)][0ms] invoking...
2026-01-22 20:00:04.886 [info] [remote-connection][ExtensionHost][b16be…][reconnect] received socket timeout event (unacknowledgedMsgCount: 1539, timeSinceOldestUnacknowledgedMsg: 4097511, timeSinceLastReceivedSomeData: 4163140).
2026-01-22 20:00:04.892 [info] [remote-connection][ExtensionHost][b16be…][reconnect] resolving connection...
2026-01-22 20:00:04.899 [info] [remote-connection][Management   ][d7c33…][reconnect] received socket timeout event (unacknowledgedMsgCount: 637, timeSinceOldestUnacknowledgedMsg: 4117536, timeSinceLastReceivedSomeData: 4163871).
2026-01-22 20:00:05.885 [info] [LocalProcess0][resolveAuthority(ssh-remote,129)][1000ms] waiting...
2026-01-22 20:00:06.885 [info] [LocalProcess0][resolveAuthority(ssh-remote,129)][2000ms] waiting...
2026-01-22 20:00:07.885 [info] [LocalProcess0][resolveAuthority(ssh-remote,129)][3000ms] waiting...
2026-01-22 20:00:08.420 [error] [LocalProcess0][resolveAuthority(ssh-remote,129)][3535ms] returned an error {"code":"TemporarilyNotAvailable","message":"No route to host"}
2026-01-22 20:00:08.420 [error] resolveAuthority(ssh-remote) returned an error after 3536 ms No route to host
2026-01-22 20:00:08.420 [info] [remote-connection][Management   ][d7c33…][reconnect] A temporarily not available error occurred while trying to reconnect, will try again...
2026-01-22 20:00:08.420 [info] [remote-connection][Management   ][d7c33…][reconnect] waiting for 30 seconds before reconnecting...
2026-01-22 20:00:08.421 [info] [remote-connection][ExtensionHost][b16be…][reconnect] A temporarily not available error occurred while trying to reconnect, will try again...
2026-01-22 20:00:08.421 [info] [remote-connection][ExtensionHost][b16be…][reconnect] waiting for 30 seconds before reconnecting...
2026-01-22 20:00:08.477 [warning] [mainThreadStorage] large extension state detected (extensionId: ms-vscode-remote.remote-ssh, global: true): 6933.55859375kb. Consider to use 'storageUri' or 'globalStorageUri' to store this data on disk instead.
2026-01-22 20:00:24.887 [info] [remote-connection][ExtensionHost][b16be…][reconnect] received socket timeout event (unacknowledgedMsgCount: 1550, timeSinceOldestUnacknowledgedMsg: 4117511, timeSinceLastReceivedSomeData: 4183140).
2026-01-22 20:00:24.900 [info] [remote-connection][Management   ][d7c33…][reconnect] received socket timeout event (unacknowledgedMsgCount: 641, timeSinceOldestUnacknowledgedMsg: 4137536, timeSinceLastReceivedSomeData: 4183871).
2026-01-22 20:00:38.421 [info] [remote-connection][Management   ][d7c33…][reconnect] resolving connection...
2026-01-22 20:00:38.421 [info] Invoking resolveAuthority(ssh-remote)...
2026-01-22 20:00:38.421 [info] [LocalProcess0][resolveAuthority(ssh-remote,130)][0ms] obtaining proxy...
2026-01-22 20:00:38.421 [info] [LocalProcess0][resolveAuthority(ssh-remote,130)][0ms] invoking...
2026-01-22 20:00:38.428 [info] [remote-connection][ExtensionHost][b16be…][reconnect] resolving connection...
2026-01-22 20:00:39.421 [info] [LocalProcess0][resolveAuthority(ssh-remote,130)][1000ms] waiting...
2026-01-22 20:00:40.421 [info] [LocalProcess0][resolveAuthority(ssh-remote,130)][2000ms] waiting...
2026-01-22 20:00:41.421 [info] [LocalProcess0][resolveAuthority(ssh-remote,130)][3000ms] waiting...
2026-01-22 20:00:41.954 [error] [LocalProcess0][resolveAuthority(ssh-remote,130)][3533ms] returned an error {"code":"TemporarilyNotAvailable","message":"No route to host"}
2026-01-22 20:00:41.954 [error] resolveAuthority(ssh-remote) returned an error after 3534 ms No route to host
2026-01-22 20:00:41.954 [info] [remote-connection][Management   ][d7c33…][reconnect] A temporarily not available error occurred while trying to reconnect, will try again...
2026-01-22 20:00:41.955 [info] [remote-connection][Management   ][d7c33…][reconnect] waiting for 30 seconds before reconnecting...
2026-01-22 20:00:41.955 [info] [remote-connection][ExtensionHost][b16be…][reconnect] A temporarily not available error occurred while trying to reconnect, will try again...
2026-01-22 20:00:41.955 [info] [remote-connection][ExtensionHost][b16be…][reconnect] waiting for 30 seconds before reconnecting...
2026-01-22 20:00:42.013 [warning] [mainThreadStorage] large extension state detected (extensionId: ms-vscode-remote.remote-ssh, global: true): 6987.3095703125kb. Consider to use 'storageUri' or 'globalStorageUri' to store this data on disk instead.
2026-01-22 20:00:44.887 [info] [remote-connection][ExtensionHost][b16be…][reconnect] received socket timeout event (unacknowledgedMsgCount: 1562, timeSinceOldestUnacknowledgedMsg: 4137512, timeSinceLastReceivedSomeData: 4203141).
2026-01-22 20:00:44.899 [info] [remote-connection][Management   ][d7c33…][reconnect] received socket timeout event (unacknowledgedMsgCount: 646, timeSinceOldestUnacknowledgedMsg: 4157536, timeSinceLastReceivedSomeData: 4203871).
2026-01-22 20:01:11.955 [info] [remote-connection][Management   ][d7c33…][reconnect] resolving connection...
2026-01-22 20:01:11.955 [info] Invoking resolveAuthority(ssh-remote)...
2026-01-22 20:01:11.955 [info] [LocalProcess0][resolveAuthority(ssh-remote,131)][0ms] obtaining proxy...
2026-01-22 20:01:11.955 [info] [LocalProcess0][resolveAuthority(ssh-remote,131)][0ms] invoking...
2026-01-22 20:01:11.957 [info] [remote-connection][ExtensionHost][b16be…][reconnect] received socket timeout event (unacknowledgedMsgCount: 1563, timeSinceOldestUnacknowledgedMsg: 4164582, timeSinceLastReceivedSomeData: 4230211).
2026-01-22 20:01:11.963 [info] [remote-connection][ExtensionHost][b16be…][reconnect] resolving connection...
2026-01-22 20:01:11.969 [info] [remote-connection][Management   ][d7c33…][reconnect] received socket timeout event (unacknowledgedMsgCount: 647, timeSinceOldestUnacknowledgedMsg: 4184606, timeSinceLastReceivedSomeData: 4230941).
2026-01-22 20:01:12.955 [info] [LocalProcess0][resolveAuthority(ssh-remote,131)][1000ms] waiting...
2026-01-22 20:01:13.955 [info] [LocalProcess0][resolveAuthority(ssh-remote,131)][2000ms] waiting...
2026-01-22 20:01:14.955 [info] [LocalProcess0][resolveAuthority(ssh-remote,131)][3000ms] waiting...
2026-01-22 20:01:15.503 [error] [LocalProcess0][resolveAuthority(ssh-remote,131)][3547ms] returned an error {"code":"TemporarilyNotAvailable","message":"No route to host"}
2026-01-22 20:01:15.503 [error] resolveAuthority(ssh-remote) returned an error after 3548 ms No route to host
2026-01-22 20:01:15.503 [info] [remote-connection][Management   ][d7c33…][reconnect] A temporarily not available error occurred while trying to reconnect, will try again...
2026-01-22 20:01:15.503 [info] [remote-connection][Management   ][d7c33…][reconnect] waiting for 30 seconds before reconnecting...
2026-01-22 20:01:15.503 [info] [remote-connection][ExtensionHost][b16be…][reconnect] A temporarily not available error occurred while trying to reconnect, will try again...
2026-01-22 20:01:15.504 [info] [remote-connection][ExtensionHost][b16be…][reconnect] waiting for 30 seconds before reconnecting...
2026-01-22 20:01:15.565 [warning] [mainThreadStorage] large extension state detected (extensionId: ms-vscode-remote.remote-ssh, global: true): 7041.060546875kb. Consider to use 'storageUri' or 'globalStorageUri' to store this data on disk instead.
2026-01-22 20:01:31.958 [info] [remote-connection][ExtensionHost][b16be…][reconnect] received socket timeout event (unacknowledgedMsgCount: 1574, timeSinceOldestUnacknowledgedMsg: 4184582, timeSinceLastReceivedSomeData: 4250211).
2026-01-22 20:01:31.970 [info] [remote-connection][Management   ][d7c33…][reconnect] received socket timeout event (unacknowledgedMsgCount: 651, timeSinceOldestUnacknowledgedMsg: 4204606, timeSinceLastReceivedSomeData: 4250941).
2026-01-22 20:01:45.504 [info] [remote-connection][Management   ][d7c33…][reconnect] resolving connection...
2026-01-22 20:01:45.504 [info] Invoking resolveAuthority(ssh-remote)...
2026-01-22 20:01:45.504 [info] [LocalProcess0][resolveAuthority(ssh-remote,132)][0ms] obtaining proxy...
2026-01-22 20:01:45.504 [info] [LocalProcess0][resolveAuthority(ssh-remote,132)][0ms] invoking...
2026-01-22 20:01:45.509 [info] [remote-connection][ExtensionHost][b16be…][reconnect] resolving connection...
2026-01-22 20:01:46.504 [info] [LocalProcess0][resolveAuthority(ssh-remote,132)][1000ms] waiting...
2026-01-22 20:01:47.504 [info] [LocalProcess0][resolveAuthority(ssh-remote,132)][2000ms] waiting...
2026-01-22 20:01:48.504 [info] [LocalProcess0][resolveAuthority(ssh-remote,132)][3000ms] waiting...
2026-01-22 20:01:49.028 [error] [LocalProcess0][resolveAuthority(ssh-remote,132)][3524ms] returned an error {"code":"TemporarilyNotAvailable","message":"No route to host"}
2026-01-22 20:01:49.029 [error] resolveAuthority(ssh-remote) returned an error after 3524 ms No route to host
2026-01-22 20:01:49.029 [info] [remote-connection][Management   ][d7c33…][reconnect] A temporarily not available error occurred while trying to reconnect, will try again...
2026-01-22 20:01:49.029 [info] [remote-connection][Management   ][d7c33…][reconnect] waiting for 30 seconds before reconnecting...
2026-01-22 20:01:49.029 [info] [remote-connection][ExtensionHost][b16be…][reconnect] A temporarily not available error occurred while trying to reconnect, will try again...
2026-01-22 20:01:49.029 [info] [remote-connection][ExtensionHost][b16be…][reconnect] waiting for 30 seconds before reconnecting...
2026-01-22 20:01:49.092 [warning] [mainThreadStorage] large extension state detected (extensionId: ms-vscode-remote.remote-ssh, global: true): 7094.8115234375kb. Consider to use 'storageUri' or 'globalStorageUri' to store this data on disk instead.
2026-01-22 20:01:51.957 [info] [remote-connection][ExtensionHost][b16be…][reconnect] received socket timeout event (unacknowledgedMsgCount: 1586, timeSinceOldestUnacknowledgedMsg: 4204582, timeSinceLastReceivedSomeData: 4270211).
2026-01-22 20:01:51.969 [info] [remote-connection][Management   ][d7c33…][reconnect] received socket timeout event (unacknowledgedMsgCount: 656, timeSinceOldestUnacknowledgedMsg: 4224606, timeSinceLastReceivedSomeData: 4270941).
2026-01-22 20:02:19.029 [info] [remote-connection][Management   ][d7c33…][reconnect] resolving connection...
2026-01-22 20:02:19.030 [info] Invoking resolveAuthority(ssh-remote)...
2026-01-22 20:02:19.030 [info] [LocalProcess0][resolveAuthority(ssh-remote,133)][0ms] obtaining proxy...
2026-01-22 20:02:19.030 [info] [LocalProcess0][resolveAuthority(ssh-remote,133)][1ms] invoking...
2026-01-22 20:02:19.032 [info] [remote-connection][ExtensionHost][b16be…][reconnect] received socket timeout event (unacknowledgedMsgCount: 1587, timeSinceOldestUnacknowledgedMsg: 4231656, timeSinceLastReceivedSomeData: 4297285).
2026-01-22 20:02:19.039 [info] [remote-connection][ExtensionHost][b16be…][reconnect] resolving connection...
2026-01-22 20:02:19.045 [info] [remote-connection][Management   ][d7c33…][reconnect] received socket timeout event (unacknowledgedMsgCount: 657, timeSinceOldestUnacknowledgedMsg: 4251682, timeSinceLastReceivedSomeData: 4298017).
2026-01-22 20:02:20.030 [info] [LocalProcess0][resolveAuthority(ssh-remote,133)][1001ms] waiting...
2026-01-22 20:02:21.030 [info] [LocalProcess0][resolveAuthority(ssh-remote,133)][2001ms] waiting...
2026-01-22 20:02:22.030 [info] [LocalProcess0][resolveAuthority(ssh-remote,133)][3001ms] waiting...
2026-01-22 20:02:22.565 [error] [LocalProcess0][resolveAuthority(ssh-remote,133)][3536ms] returned an error {"code":"TemporarilyNotAvailable","message":"No route to host"}
2026-01-22 20:02:22.565 [error] resolveAuthority(ssh-remote) returned an error after 3536 ms No route to host
2026-01-22 20:02:22.565 [info] [remote-connection][Management   ][d7c33…][reconnect] A temporarily not available error occurred while trying to reconnect, will try again...
2026-01-22 20:02:22.565 [info] [remote-connection][Management   ][d7c33…][reconnect] waiting for 30 seconds before reconnecting...
2026-01-22 20:02:22.566 [info] [remote-connection][ExtensionHost][b16be…][reconnect] A temporarily not available error occurred while trying to reconnect, will try again...
2026-01-22 20:02:22.566 [info] [remote-connection][ExtensionHost][b16be…][reconnect] waiting for 30 seconds before reconnecting...
2026-01-22 20:02:22.621 [warning] [mainThreadStorage] large extension state detected (extensionId: ms-vscode-remote.remote-ssh, global: true): 7148.5625kb. Consider to use 'storageUri' or 'globalStorageUri' to store this data on disk instead.
2026-01-22 20:02:39.031 [info] [remote-connection][ExtensionHost][b16be…][reconnect] received socket timeout event (unacknowledgedMsgCount: 1598, timeSinceOldestUnacknowledgedMsg: 4251656, timeSinceLastReceivedSomeData: 4317285).
2026-01-22 20:02:39.046 [info] [remote-connection][Management   ][d7c33…][reconnect] received socket timeout event (unacknowledgedMsgCount: 661, timeSinceOldestUnacknowledgedMsg: 4271683, timeSinceLastReceivedSomeData: 4318018).
2026-01-22 20:02:52.566 [info] [remote-connection][Management   ][d7c33…][reconnect] resolving connection...
2026-01-22 20:02:52.566 [info] Invoking resolveAuthority(ssh-remote)...
2026-01-22 20:02:52.566 [info] [LocalProcess0][resolveAuthority(ssh-remote,134)][0ms] obtaining proxy...
2026-01-22 20:02:52.566 [info] [LocalProcess0][resolveAuthority(ssh-remote,134)][0ms] invoking...
2026-01-22 20:02:52.571 [info] [remote-connection][ExtensionHost][b16be…][reconnect] resolving connection...
2026-01-22 20:02:53.567 [info] [LocalProcess0][resolveAuthority(ssh-remote,134)][1000ms] waiting...
2026-01-22 20:02:54.566 [info] [LocalProcess0][resolveAuthority(ssh-remote,134)][2000ms] waiting...
2026-01-22 20:02:55.566 [info] [LocalProcess0][resolveAuthority(ssh-remote,134)][3000ms] waiting...
2026-01-22 20:02:56.102 [error] [LocalProcess0][resolveAuthority(ssh-remote,134)][3535ms] returned an error {"code":"TemporarilyNotAvailable","message":"No route to host"}
2026-01-22 20:02:56.102 [error] resolveAuthority(ssh-remote) returned an error after 3535 ms No route to host
2026-01-22 20:02:56.102 [info] [remote-connection][Management   ][d7c33…][reconnect] A temporarily not available error occurred while trying to reconnect, will try again...
2026-01-22 20:02:56.102 [info] [remote-connection][Management   ][d7c33…][reconnect] waiting for 30 seconds before reconnecting...
2026-01-22 20:02:56.102 [info] [remote-connection][ExtensionHost][b16be…][reconnect] A temporarily not available error occurred while trying to reconnect, will try again...
2026-01-22 20:02:56.102 [info] [remote-connection][ExtensionHost][b16be…][reconnect] waiting for 30 seconds before reconnecting...
2026-01-22 20:02:56.158 [warning] [mainThreadStorage] large extension state detected (extensionId: ms-vscode-remote.remote-ssh, global: true): 7202.3134765625kb. Consider to use 'storageUri' or 'globalStorageUri' to store this data on disk instead.
2026-01-22 20:02:59.031 [info] [remote-connection][ExtensionHost][b16be…][reconnect] received socket timeout event (unacknowledgedMsgCount: 1610, timeSinceOldestUnacknowledgedMsg: 4271656, timeSinceLastReceivedSomeData: 4337285).
2026-01-22 20:02:59.046 [info] [remote-connection][Management   ][d7c33…][reconnect] received socket timeout event (unacknowledgedMsgCount: 666, timeSinceOldestUnacknowledgedMsg: 4291683, timeSinceLastReceivedSomeData: 4338018).
2026-01-22 20:03:26.102 [info] [remote-connection][Management   ][d7c33…][reconnect] resolving connection...
2026-01-22 20:03:26.103 [info] Invoking resolveAuthority(ssh-remote)...
2026-01-22 20:03:26.103 [info] [LocalProcess0][resolveAuthority(ssh-remote,135)][0ms] obtaining proxy...
2026-01-22 20:03:26.103 [info] [LocalProcess0][resolveAuthority(ssh-remote,135)][1ms] invoking...
2026-01-22 20:03:26.105 [info] [remote-connection][ExtensionHost][b16be…][reconnect] received socket timeout event (unacknowledgedMsgCount: 1611, timeSinceOldestUnacknowledgedMsg: 4298729, timeSinceLastReceivedSomeData: 4364358).
2026-01-22 20:03:26.108 [info] [remote-connection][ExtensionHost][b16be…][reconnect] resolving connection...
2026-01-22 20:03:26.113 [info] [remote-connection][Management   ][d7c33…][reconnect] received socket timeout event (unacknowledgedMsgCount: 667, timeSinceOldestUnacknowledgedMsg: 4318750, timeSinceLastReceivedSomeData: 4365085).
2026-01-22 20:03:27.103 [info] [LocalProcess0][resolveAuthority(ssh-remote,135)][1001ms] waiting...
2026-01-22 20:03:28.103 [info] [LocalProcess0][resolveAuthority(ssh-remote,135)][2001ms] waiting...
2026-01-22 20:03:29.103 [info] [LocalProcess0][resolveAuthority(ssh-remote,135)][3001ms] waiting...
2026-01-22 20:03:29.637 [error] [LocalProcess0][resolveAuthority(ssh-remote,135)][3534ms] returned an error {"code":"TemporarilyNotAvailable","message":"No route to host"}
2026-01-22 20:03:29.637 [error] resolveAuthority(ssh-remote) returned an error after 3534 ms No route to host
2026-01-22 20:03:29.637 [info] [remote-connection][Management   ][d7c33…][reconnect] A temporarily not available error occurred while trying to reconnect, will try again...
2026-01-22 20:03:29.637 [info] [remote-connection][Management   ][d7c33…][reconnect] waiting for 30 seconds before reconnecting...
2026-01-22 20:03:29.637 [info] [remote-connection][ExtensionHost][b16be…][reconnect] A temporarily not available error occurred while trying to reconnect, will try again...
2026-01-22 20:03:29.637 [info] [remote-connection][ExtensionHost][b16be…][reconnect] waiting for 30 seconds before reconnecting...
2026-01-22 20:03:29.693 [warning] [mainThreadStorage] large extension state detected (extensionId: ms-vscode-remote.remote-ssh, global: true): 7256.064453125kb. Consider to use 'storageUri' or 'globalStorageUri' to store this data on disk instead.
2026-01-22 20:03:46.104 [info] [remote-connection][ExtensionHost][b16be…][reconnect] received socket timeout event (unacknowledgedMsgCount: 1622, timeSinceOldestUnacknowledgedMsg: 4318729, timeSinceLastReceivedSomeData: 4384358).
2026-01-22 20:03:46.113 [info] [remote-connection][Management   ][d7c33…][reconnect] received socket timeout event (unacknowledgedMsgCount: 671, timeSinceOldestUnacknowledgedMsg: 4338750, timeSinceLastReceivedSomeData: 4385085).
2026-01-22 20:03:59.637 [info] [remote-connection][Management   ][d7c33…][reconnect] resolving connection...
2026-01-22 20:03:59.638 [info] Invoking resolveAuthority(ssh-remote)...
2026-01-22 20:03:59.638 [info] [LocalProcess0][resolveAuthority(ssh-remote,136)][0ms] obtaining proxy...
2026-01-22 20:03:59.638 [info] [LocalProcess0][resolveAuthority(ssh-remote,136)][0ms] invoking...
2026-01-22 20:03:59.643 [info] [remote-connection][ExtensionHost][b16be…][reconnect] resolving connection...
2026-01-22 20:04:00.638 [info] [LocalProcess0][resolveAuthority(ssh-remote,136)][1001ms] waiting...
2026-01-22 20:04:01.638 [info] [LocalProcess0][resolveAuthority(ssh-remote,136)][2001ms] waiting...
2026-01-22 20:04:02.638 [info] [LocalProcess0][resolveAuthority(ssh-remote,136)][3001ms] waiting...
2026-01-22 20:04:03.173 [error] [LocalProcess0][resolveAuthority(ssh-remote,136)][3535ms] returned an error {"code":"TemporarilyNotAvailable","message":"No route to host"}
2026-01-22 20:04:03.173 [error] resolveAuthority(ssh-remote) returned an error after 3535 ms No route to host
2026-01-22 20:04:03.173 [info] [remote-connection][Management   ][d7c33…][reconnect] A temporarily not available error occurred while trying to reconnect, will try again...
2026-01-22 20:04:03.173 [info] [remote-connection][Management   ][d7c33…][reconnect] waiting for 30 seconds before reconnecting...
2026-01-22 20:04:03.173 [info] [remote-connection][ExtensionHost][b16be…][reconnect] A temporarily not available error occurred while trying to reconnect, will try again...
2026-01-22 20:04:03.174 [info] [remote-connection][ExtensionHost][b16be…][reconnect] waiting for 30 seconds before reconnecting...
2026-01-22 20:04:03.231 [warning] [mainThreadStorage] large extension state detected (extensionId: ms-vscode-remote.remote-ssh, global: true): 7309.8154296875kb. Consider to use 'storageUri' or 'globalStorageUri' to store this data on disk instead.
2026-01-22 20:04:06.105 [info] [remote-connection][ExtensionHost][b16be…][reconnect] received socket timeout event (unacknowledgedMsgCount: 1634, timeSinceOldestUnacknowledgedMsg: 4338729, timeSinceLastReceivedSomeData: 4404358).
2026-01-22 20:04:06.113 [info] [remote-connection][Management   ][d7c33…][reconnect] received socket timeout event (unacknowledgedMsgCount: 676, timeSinceOldestUnacknowledgedMsg: 4358750, timeSinceLastReceivedSomeData: 4405085).
2026-01-22 20:04:33.173 [info] [remote-connection][Management   ][d7c33…][reconnect] resolving connection...
2026-01-22 20:04:33.174 [info] Invoking resolveAuthority(ssh-remote)...
2026-01-22 20:04:33.174 [info] [LocalProcess0][resolveAuthority(ssh-remote,137)][0ms] obtaining proxy...
2026-01-22 20:04:33.174 [info] [LocalProcess0][resolveAuthority(ssh-remote,137)][1ms] invoking...
2026-01-22 20:04:33.176 [info] [remote-connection][ExtensionHost][b16be…][reconnect] received socket timeout event (unacknowledgedMsgCount: 1635, timeSinceOldestUnacknowledgedMsg: 4365800, timeSinceLastReceivedSomeData: 4431429).
2026-01-22 20:04:33.179 [info] [remote-connection][ExtensionHost][b16be…][reconnect] resolving connection...
2026-01-22 20:04:33.184 [info] [remote-connection][Management   ][d7c33…][reconnect] received socket timeout event (unacknowledgedMsgCount: 677, timeSinceOldestUnacknowledgedMsg: 4385821, timeSinceLastReceivedSomeData: 4432156).
2026-01-22 20:04:34.174 [info] [LocalProcess0][resolveAuthority(ssh-remote,137)][1001ms] waiting...
2026-01-22 20:04:35.174 [info] [LocalProcess0][resolveAuthority(ssh-remote,137)][2001ms] waiting...
2026-01-22 20:04:36.174 [info] [LocalProcess0][resolveAuthority(ssh-remote,137)][3001ms] waiting...
2026-01-22 20:04:36.710 [error] [LocalProcess0][resolveAuthority(ssh-remote,137)][3536ms] returned an error {"code":"TemporarilyNotAvailable","message":"No route to host"}
2026-01-22 20:04:36.710 [error] resolveAuthority(ssh-remote) returned an error after 3537 ms No route to host
2026-01-22 20:04:36.710 [info] [remote-connection][Management   ][d7c33…][reconnect] A temporarily not available error occurred while trying to reconnect, will try again...
2026-01-22 20:04:36.711 [info] [remote-connection][Management   ][d7c33…][reconnect] waiting for 30 seconds before reconnecting...
2026-01-22 20:04:36.711 [info] [remote-connection][ExtensionHost][b16be…][reconnect] A temporarily not available error occurred while trying to reconnect, will try again...
2026-01-22 20:04:36.711 [info] [remote-connection][ExtensionHost][b16be…][reconnect] waiting for 30 seconds before reconnecting...
2026-01-22 20:04:36.775 [warning] [mainThreadStorage] large extension state detected (extensionId: ms-vscode-remote.remote-ssh, global: true): 7363.56640625kb. Consider to use 'storageUri' or 'globalStorageUri' to store this data on disk instead.
2026-01-22 20:04:53.175 [info] [remote-connection][ExtensionHost][b16be…][reconnect] received socket timeout event (unacknowledgedMsgCount: 1646, timeSinceOldestUnacknowledgedMsg: 4385800, timeSinceLastReceivedSomeData: 4451429).
2026-01-22 20:04:53.184 [info] [remote-connection][Management   ][d7c33…][reconnect] received socket timeout event (unacknowledgedMsgCount: 681, timeSinceOldestUnacknowledgedMsg: 4405821, timeSinceLastReceivedSomeData: 4452156).
2026-01-22 20:05:06.711 [info] [remote-connection][Management   ][d7c33…][reconnect] resolving connection...
2026-01-22 20:05:06.711 [info] Invoking resolveAuthority(ssh-remote)...
2026-01-22 20:05:06.711 [info] [LocalProcess0][resolveAuthority(ssh-remote,138)][0ms] obtaining proxy...
2026-01-22 20:05:06.711 [info] [LocalProcess0][resolveAuthority(ssh-remote,138)][0ms] invoking...
2026-01-22 20:05:06.716 [info] [remote-connection][ExtensionHost][b16be…][reconnect] resolving connection...
2026-01-22 20:05:07.711 [info] [LocalProcess0][resolveAuthority(ssh-remote,138)][1000ms] waiting...
2026-01-22 20:05:08.711 [info] [LocalProcess0][resolveAuthority(ssh-remote,138)][2000ms] waiting...
2026-01-22 20:05:09.711 [info] [LocalProcess0][resolveAuthority(ssh-remote,138)][3000ms] waiting...
2026-01-22 20:05:10.246 [error] [LocalProcess0][resolveAuthority(ssh-remote,138)][3534ms] returned an error {"code":"TemporarilyNotAvailable","message":"No route to host"}
2026-01-22 20:05:10.246 [error] resolveAuthority(ssh-remote) returned an error after 3535 ms No route to host
2026-01-22 20:05:10.246 [info] [remote-connection][Management   ][d7c33…][reconnect] A temporarily not available error occurred while trying to reconnect, will try again...
2026-01-22 20:05:10.246 [info] [remote-connection][Management   ][d7c33…][reconnect] waiting for 30 seconds before reconnecting...
2026-01-22 20:05:10.247 [info] [remote-connection][ExtensionHost][b16be…][reconnect] A temporarily not available error occurred while trying to reconnect, will try again...
2026-01-22 20:05:10.247 [info] [remote-connection][ExtensionHost][b16be…][reconnect] waiting for 30 seconds before reconnecting...
2026-01-22 20:05:10.311 [warning] [mainThreadStorage] large extension state detected (extensionId: ms-vscode-remote.remote-ssh, global: true): 7417.3173828125kb. Consider to use 'storageUri' or 'globalStorageUri' to store this data on disk instead.
2026-01-22 20:05:13.175 [info] [remote-connection][ExtensionHost][b16be…][reconnect] received socket timeout event (unacknowledgedMsgCount: 1658, timeSinceOldestUnacknowledgedMsg: 4405800, timeSinceLastReceivedSomeData: 4471429).
2026-01-22 20:05:13.185 [info] [remote-connection][Management   ][d7c33…][reconnect] received socket timeout event (unacknowledgedMsgCount: 686, timeSinceOldestUnacknowledgedMsg: 4425822, timeSinceLastReceivedSomeData: 4472157).
2026-01-22 20:05:40.247 [info] [remote-connection][Management   ][d7c33…][reconnect] resolving connection...
2026-01-22 20:05:40.247 [info] Invoking resolveAuthority(ssh-remote)...
2026-01-22 20:05:40.247 [info] [LocalProcess0][resolveAuthority(ssh-remote,139)][0ms] obtaining proxy...
2026-01-22 20:05:40.247 [info] [LocalProcess0][resolveAuthority(ssh-remote,139)][0ms] invoking...
2026-01-22 20:05:40.249 [info] [remote-connection][ExtensionHost][b16be…][reconnect] received socket timeout event (unacknowledgedMsgCount: 1659, timeSinceOldestUnacknowledgedMsg: 4432874, timeSinceLastReceivedSomeData: 4498503).
2026-01-22 20:05:40.252 [info] [remote-connection][ExtensionHost][b16be…][reconnect] resolving connection...
2026-01-22 20:05:40.258 [info] [remote-connection][Management   ][d7c33…][reconnect] received socket timeout event (unacknowledgedMsgCount: 687, timeSinceOldestUnacknowledgedMsg: 4452895, timeSinceLastReceivedSomeData: 4499230).
2026-01-22 20:05:41.248 [info] [LocalProcess0][resolveAuthority(ssh-remote,139)][1000ms] waiting...
2026-01-22 20:05:42.248 [info] [LocalProcess0][resolveAuthority(ssh-remote,139)][2000ms] waiting...
2026-01-22 20:05:43.248 [info] [LocalProcess0][resolveAuthority(ssh-remote,139)][3000ms] waiting...
2026-01-22 20:05:43.781 [error] [LocalProcess0][resolveAuthority(ssh-remote,139)][3533ms] returned an error {"code":"TemporarilyNotAvailable","message":"No route to host"}
2026-01-22 20:05:43.781 [error] resolveAuthority(ssh-remote) returned an error after 3534 ms No route to host
2026-01-22 20:05:43.781 [info] [remote-connection][Management   ][d7c33…][reconnect] A temporarily not available error occurred while trying to reconnect, will try again...
2026-01-22 20:05:43.781 [info] [remote-connection][Management   ][d7c33…][reconnect] waiting for 30 seconds before reconnecting...
2026-01-22 20:05:43.781 [info] [remote-connection][ExtensionHost][b16be…][reconnect] A temporarily not available error occurred while trying to reconnect, will try again...
2026-01-22 20:05:43.782 [info] [remote-connection][ExtensionHost][b16be…][reconnect] waiting for 30 seconds before reconnecting...
2026-01-22 20:05:43.847 [warning] [mainThreadStorage] large extension state detected (extensionId: ms-vscode-remote.remote-ssh, global: true): 7471.068359375kb. Consider to use 'storageUri' or 'globalStorageUri' to store this data on disk instead.
2026-01-22 20:06:00.250 [info] [remote-connection][ExtensionHost][b16be…][reconnect] received socket timeout event (unacknowledgedMsgCount: 1670, timeSinceOldestUnacknowledgedMsg: 4452874, timeSinceLastReceivedSomeData: 4518503).
2026-01-22 20:06:00.259 [info] [remote-connection][Management   ][d7c33…][reconnect] received socket timeout event (unacknowledgedMsgCount: 691, timeSinceOldestUnacknowledgedMsg: 4472895, timeSinceLastReceivedSomeData: 4519230).
2026-01-22 20:06:13.782 [info] [remote-connection][Management   ][d7c33…][reconnect] resolving connection...
2026-01-22 20:06:13.782 [info] Invoking resolveAuthority(ssh-remote)...
2026-01-22 20:06:13.782 [info] [LocalProcess0][resolveAuthority(ssh-remote,140)][0ms] obtaining proxy...
2026-01-22 20:06:13.782 [info] [LocalProcess0][resolveAuthority(ssh-remote,140)][0ms] invoking...
2026-01-22 20:06:13.787 [info] [remote-connection][ExtensionHost][b16be…][reconnect] resolving connection...
2026-01-22 20:06:14.782 [info] [LocalProcess0][resolveAuthority(ssh-remote,140)][1000ms] waiting...
2026-01-22 20:06:15.782 [info] [LocalProcess0][resolveAuthority(ssh-remote,140)][2000ms] waiting...
2026-01-22 20:06:16.782 [info] [LocalProcess0][resolveAuthority(ssh-remote,140)][3000ms] waiting...
2026-01-22 20:06:17.320 [error] [LocalProcess0][resolveAuthority(ssh-remote,140)][3538ms] returned an error {"code":"TemporarilyNotAvailable","message":"No route to host"}
2026-01-22 20:06:17.321 [error] resolveAuthority(ssh-remote) returned an error after 3539 ms No route to host
2026-01-22 20:06:17.321 [info] [remote-connection][Management   ][d7c33…][reconnect] A temporarily not available error occurred while trying to reconnect, will try again...
2026-01-22 20:06:17.321 [info] [remote-connection][Management   ][d7c33…][reconnect] waiting for 30 seconds before reconnecting...
2026-01-22 20:06:17.321 [info] [remote-connection][ExtensionHost][b16be…][reconnect] A temporarily not available error occurred while trying to reconnect, will try again...
2026-01-22 20:06:17.321 [info] [remote-connection][ExtensionHost][b16be…][reconnect] waiting for 30 seconds before reconnecting...
2026-01-22 20:06:17.385 [warning] [mainThreadStorage] large extension state detected (extensionId: ms-vscode-remote.remote-ssh, global: true): 7524.8193359375kb. Consider to use 'storageUri' or 'globalStorageUri' to store this data on disk instead.
2026-01-22 20:06:20.249 [info] [remote-connection][ExtensionHost][b16be…][reconnect] received socket timeout event (unacknowledgedMsgCount: 1682, timeSinceOldestUnacknowledgedMsg: 4472874, timeSinceLastReceivedSomeData: 4538503).
2026-01-22 20:06:20.258 [info] [remote-connection][Management   ][d7c33…][reconnect] received socket timeout event (unacknowledgedMsgCount: 696, timeSinceOldestUnacknowledgedMsg: 4492895, timeSinceLastReceivedSomeData: 4539230).
2026-01-22 20:06:47.321 [info] [remote-connection][Management   ][d7c33…][reconnect] resolving connection...
2026-01-22 20:06:47.321 [info] Invoking resolveAuthority(ssh-remote)...
2026-01-22 20:06:47.322 [info] [LocalProcess0][resolveAuthority(ssh-remote,141)][0ms] obtaining proxy...
2026-01-22 20:06:47.322 [info] [LocalProcess0][resolveAuthority(ssh-remote,141)][0ms] invoking...
2026-01-22 20:06:47.324 [info] [remote-connection][ExtensionHost][b16be…][reconnect] received socket timeout event (unacknowledgedMsgCount: 1683, timeSinceOldestUnacknowledgedMsg: 4499949, timeSinceLastReceivedSomeData: 4565578).
2026-01-22 20:06:47.327 [info] [remote-connection][ExtensionHost][b16be…][reconnect] resolving connection...
2026-01-22 20:06:47.333 [info] [remote-connection][Management   ][d7c33…][reconnect] received socket timeout event (unacknowledgedMsgCount: 697, timeSinceOldestUnacknowledgedMsg: 4519969, timeSinceLastReceivedSomeData: 4566304).
2026-01-22 20:06:48.322 [info] [LocalProcess0][resolveAuthority(ssh-remote,141)][1001ms] waiting...
2026-01-22 20:06:49.322 [info] [LocalProcess0][resolveAuthority(ssh-remote,141)][2001ms] waiting...
2026-01-22 20:06:50.322 [info] [LocalProcess0][resolveAuthority(ssh-remote,141)][3001ms] waiting...
2026-01-22 20:06:50.857 [error] [LocalProcess0][resolveAuthority(ssh-remote,141)][3535ms] returned an error {"code":"TemporarilyNotAvailable","message":"No route to host"}
2026-01-22 20:06:50.857 [error] resolveAuthority(ssh-remote) returned an error after 3536 ms No route to host
2026-01-22 20:06:50.857 [info] [remote-connection][Management   ][d7c33…][reconnect] A temporarily not available error occurred while trying to reconnect, will try again...
2026-01-22 20:06:50.857 [info] [remote-connection][Management   ][d7c33…][reconnect] waiting for 30 seconds before reconnecting...
2026-01-22 20:06:50.858 [info] [remote-connection][ExtensionHost][b16be…][reconnect] A temporarily not available error occurred while trying to reconnect, will try again...
2026-01-22 20:06:50.858 [info] [remote-connection][ExtensionHost][b16be…][reconnect] waiting for 30 seconds before reconnecting...
2026-01-22 20:06:50.915 [warning] [mainThreadStorage] large extension state detected (extensionId: ms-vscode-remote.remote-ssh, global: true): 7578.5703125kb. Consider to use 'storageUri' or 'globalStorageUri' to store this data on disk instead.
2026-01-22 20:07:07.325 [info] [remote-connection][ExtensionHost][b16be…][reconnect] received socket timeout event (unacknowledgedMsgCount: 1694, timeSinceOldestUnacknowledgedMsg: 4519949, timeSinceLastReceivedSomeData: 4585578).
2026-01-22 20:07:07.333 [info] [remote-connection][Management   ][d7c33…][reconnect] received socket timeout event (unacknowledgedMsgCount: 701, timeSinceOldestUnacknowledgedMsg: 4539969, timeSinceLastReceivedSomeData: 4586304).
2026-01-22 20:07:20.857 [info] [remote-connection][Management   ][d7c33…][reconnect] resolving connection...
2026-01-22 20:07:20.858 [info] Invoking resolveAuthority(ssh-remote)...
2026-01-22 20:07:20.858 [info] [LocalProcess0][resolveAuthority(ssh-remote,142)][0ms] obtaining proxy...
2026-01-22 20:07:20.858 [info] [LocalProcess0][resolveAuthority(ssh-remote,142)][1ms] invoking...
2026-01-22 20:07:20.863 [info] [remote-connection][ExtensionHost][b16be…][reconnect] resolving connection...
2026-01-22 20:07:21.858 [info] [LocalProcess0][resolveAuthority(ssh-remote,142)][1001ms] waiting...
2026-01-22 20:07:22.858 [info] [LocalProcess0][resolveAuthority(ssh-remote,142)][2001ms] waiting...
2026-01-22 20:07:23.858 [info] [LocalProcess0][resolveAuthority(ssh-remote,142)][3001ms] waiting...
2026-01-22 20:07:24.394 [error] [LocalProcess0][resolveAuthority(ssh-remote,142)][3536ms] returned an error {"code":"TemporarilyNotAvailable","message":"No route to host"}
2026-01-22 20:07:24.394 [error] resolveAuthority(ssh-remote) returned an error after 3537 ms No route to host
2026-01-22 20:07:24.394 [info] [remote-connection][Management   ][d7c33…][reconnect] A temporarily not available error occurred while trying to reconnect, will try again...
2026-01-22 20:07:24.394 [info] [remote-connection][Management   ][d7c33…][reconnect] waiting for 30 seconds before reconnecting...
2026-01-22 20:07:24.395 [info] [remote-connection][ExtensionHost][b16be…][reconnect] A temporarily not available error occurred while trying to reconnect, will try again...
2026-01-22 20:07:24.395 [info] [remote-connection][ExtensionHost][b16be…][reconnect] waiting for 30 seconds before reconnecting...
2026-01-22 20:07:24.453 [warning] [mainThreadStorage] large extension state detected (extensionId: ms-vscode-remote.remote-ssh, global: true): 7632.3212890625kb. Consider to use 'storageUri' or 'globalStorageUri' to store this data on disk instead.
2026-01-22 20:07:27.325 [info] [remote-connection][ExtensionHost][b16be…][reconnect] received socket timeout event (unacknowledgedMsgCount: 1706, timeSinceOldestUnacknowledgedMsg: 4539949, timeSinceLastReceivedSomeData: 4605578).
2026-01-22 20:07:27.332 [info] [remote-connection][Management   ][d7c33…][reconnect] received socket timeout event (unacknowledgedMsgCount: 706, timeSinceOldestUnacknowledgedMsg: 4559969, timeSinceLastReceivedSomeData: 4606304).
2026-01-22 20:07:54.395 [info] [remote-connection][Management   ][d7c33…][reconnect] resolving connection...
2026-01-22 20:07:54.395 [info] Invoking resolveAuthority(ssh-remote)...
2026-01-22 20:07:54.395 [info] [LocalProcess0][resolveAuthority(ssh-remote,143)][0ms] obtaining proxy...
2026-01-22 20:07:54.395 [info] [LocalProcess0][resolveAuthority(ssh-remote,143)][0ms] invoking...
2026-01-22 20:07:54.397 [info] [remote-connection][ExtensionHost][b16be…][reconnect] received socket timeout event (unacknowledgedMsgCount: 1707, timeSinceOldestUnacknowledgedMsg: 4567022, timeSinceLastReceivedSomeData: 4632651).
2026-01-22 20:07:54.400 [info] [remote-connection][ExtensionHost][b16be…][reconnect] resolving connection...
2026-01-22 20:07:54.414 [info] [remote-connection][Management   ][d7c33…][reconnect] received socket timeout event (unacknowledgedMsgCount: 707, timeSinceOldestUnacknowledgedMsg: 4587050, timeSinceLastReceivedSomeData: 4633385).
2026-01-22 20:07:55.395 [info] [LocalProcess0][resolveAuthority(ssh-remote,143)][1000ms] waiting...
2026-01-22 20:07:56.395 [info] [LocalProcess0][resolveAuthority(ssh-remote,143)][2000ms] waiting...
2026-01-22 20:07:57.395 [info] [LocalProcess0][resolveAuthority(ssh-remote,143)][3000ms] waiting...
2026-01-22 20:07:57.928 [error] [LocalProcess0][resolveAuthority(ssh-remote,143)][3532ms] returned an error {"code":"TemporarilyNotAvailable","message":"No route to host"}
2026-01-22 20:07:57.928 [error] resolveAuthority(ssh-remote) returned an error after 3534 ms No route to host
2026-01-22 20:07:57.928 [info] [remote-connection][Management   ][d7c33…][reconnect] A temporarily not available error occurred while trying to reconnect, will try again...
2026-01-22 20:07:57.928 [info] [remote-connection][Management   ][d7c33…][reconnect] waiting for 30 seconds before reconnecting...
2026-01-22 20:07:57.929 [info] [remote-connection][ExtensionHost][b16be…][reconnect] A temporarily not available error occurred while trying to reconnect, will try again...
2026-01-22 20:07:57.929 [info] [remote-connection][ExtensionHost][b16be…][reconnect] waiting for 30 seconds before reconnecting...
2026-01-22 20:07:57.994 [warning] [mainThreadStorage] large extension state detected (extensionId: ms-vscode-remote.remote-ssh, global: true): 7686.072265625kb. Consider to use 'storageUri' or 'globalStorageUri' to store this data on disk instead.
2026-01-22 20:08:14.398 [info] [remote-connection][ExtensionHost][b16be…][reconnect] received socket timeout event (unacknowledgedMsgCount: 1718, timeSinceOldestUnacknowledgedMsg: 4587022, timeSinceLastReceivedSomeData: 4652651).
2026-01-22 20:08:14.414 [info] [remote-connection][Management   ][d7c33…][reconnect] received socket timeout event (unacknowledgedMsgCount: 711, timeSinceOldestUnacknowledgedMsg: 4607051, timeSinceLastReceivedSomeData: 4653386).
2026-01-22 20:08:27.929 [info] [remote-connection][Management   ][d7c33…][reconnect] resolving connection...
2026-01-22 20:08:27.929 [info] Invoking resolveAuthority(ssh-remote)...
2026-01-22 20:08:27.929 [info] [LocalProcess0][resolveAuthority(ssh-remote,144)][0ms] obtaining proxy...
2026-01-22 20:08:27.929 [info] [LocalProcess0][resolveAuthority(ssh-remote,144)][0ms] invoking...
2026-01-22 20:08:27.934 [info] [remote-connection][ExtensionHost][b16be…][reconnect] resolving connection...
2026-01-22 20:08:28.929 [info] [LocalProcess0][resolveAuthority(ssh-remote,144)][1000ms] waiting...
2026-01-22 20:08:29.929 [info] [LocalProcess0][resolveAuthority(ssh-remote,144)][2000ms] waiting...
2026-01-22 20:08:30.929 [info] [LocalProcess0][resolveAuthority(ssh-remote,144)][3000ms] waiting...
2026-01-22 20:08:31.466 [error] [LocalProcess0][resolveAuthority(ssh-remote,144)][3536ms] returned an error {"code":"TemporarilyNotAvailable","message":"No route to host"}
2026-01-22 20:08:31.466 [error] resolveAuthority(ssh-remote) returned an error after 3538 ms No route to host
2026-01-22 20:08:31.466 [info] [remote-connection][Management   ][d7c33…][reconnect] A temporarily not available error occurred while trying to reconnect, will try again...
2026-01-22 20:08:31.467 [info] [remote-connection][Management   ][d7c33…][reconnect] waiting for 30 seconds before reconnecting...
2026-01-22 20:08:31.467 [info] [remote-connection][ExtensionHost][b16be…][reconnect] A temporarily not available error occurred while trying to reconnect, will try again...
2026-01-22 20:08:31.467 [info] [remote-connection][ExtensionHost][b16be…][reconnect] waiting for 30 seconds before reconnecting...
2026-01-22 20:08:31.534 [warning] [mainThreadStorage] large extension state detected (extensionId: ms-vscode-remote.remote-ssh, global: true): 7739.8232421875kb. Consider to use 'storageUri' or 'globalStorageUri' to store this data on disk instead.
2026-01-22 20:08:34.397 [info] [remote-connection][ExtensionHost][b16be…][reconnect] received socket timeout event (unacknowledgedMsgCount: 1730, timeSinceOldestUnacknowledgedMsg: 4607022, timeSinceLastReceivedSomeData: 4672651).
2026-01-22 20:08:34.415 [info] [remote-connection][Management   ][d7c33…][reconnect] received socket timeout event (unacknowledgedMsgCount: 716, timeSinceOldestUnacknowledgedMsg: 4627051, timeSinceLastReceivedSomeData: 4673386).
2026-01-22 20:09:01.467 [info] [remote-connection][Management   ][d7c33…][reconnect] resolving connection...
2026-01-22 20:09:01.467 [info] Invoking resolveAuthority(ssh-remote)...
2026-01-22 20:09:01.467 [info] [LocalProcess0][resolveAuthority(ssh-remote,145)][0ms] obtaining proxy...
2026-01-22 20:09:01.467 [info] [LocalProcess0][resolveAuthority(ssh-remote,145)][0ms] invoking...
2026-01-22 20:09:01.469 [info] [remote-connection][ExtensionHost][b16be…][reconnect] received socket timeout event (unacknowledgedMsgCount: 1731, timeSinceOldestUnacknowledgedMsg: 4634094, timeSinceLastReceivedSomeData: 4699723).
2026-01-22 20:09:01.472 [info] [remote-connection][ExtensionHost][b16be…][reconnect] resolving connection...
2026-01-22 20:09:01.481 [info] [remote-connection][Management   ][d7c33…][reconnect] received socket timeout event (unacknowledgedMsgCount: 717, timeSinceOldestUnacknowledgedMsg: 4654117, timeSinceLastReceivedSomeData: 4700452).
2026-01-22 20:09:02.467 [info] [LocalProcess0][resolveAuthority(ssh-remote,145)][1000ms] waiting...
2026-01-22 20:09:03.467 [info] [LocalProcess0][resolveAuthority(ssh-remote,145)][2000ms] waiting...
2026-01-22 20:09:04.467 [info] [LocalProcess0][resolveAuthority(ssh-remote,145)][3000ms] waiting...
2026-01-22 20:09:05.001 [error] [LocalProcess0][resolveAuthority(ssh-remote,145)][3534ms] returned an error {"code":"TemporarilyNotAvailable","message":"No route to host"}
2026-01-22 20:09:05.002 [error] resolveAuthority(ssh-remote) returned an error after 3534 ms No route to host
2026-01-22 20:09:05.002 [info] [remote-connection][Management   ][d7c33…][reconnect] A temporarily not available error occurred while trying to reconnect, will try again...
2026-01-22 20:09:05.002 [info] [remote-connection][Management   ][d7c33…][reconnect] waiting for 30 seconds before reconnecting...
2026-01-22 20:09:05.002 [info] [remote-connection][ExtensionHost][b16be…][reconnect] A temporarily not available error occurred while trying to reconnect, will try again...
2026-01-22 20:09:05.002 [info] [remote-connection][ExtensionHost][b16be…][reconnect] waiting for 30 seconds before reconnecting...
2026-01-22 20:09:05.061 [warning] [mainThreadStorage] large extension state detected (extensionId: ms-vscode-remote.remote-ssh, global: true): 7793.57421875kb. Consider to use 'storageUri' or 'globalStorageUri' to store this data on disk instead.
2026-01-22 20:09:21.470 [info] [remote-connection][ExtensionHost][b16be…][reconnect] received socket timeout event (unacknowledgedMsgCount: 1742, timeSinceOldestUnacknowledgedMsg: 4654094, timeSinceLastReceivedSomeData: 4719723).
2026-01-22 20:09:21.480 [info] [remote-connection][Management   ][d7c33…][reconnect] received socket timeout event (unacknowledgedMsgCount: 721, timeSinceOldestUnacknowledgedMsg: 4674117, timeSinceLastReceivedSomeData: 4720452).
2026-01-22 20:09:35.002 [info] [remote-connection][Management   ][d7c33…][reconnect] resolving connection...
2026-01-22 20:09:35.002 [info] Invoking resolveAuthority(ssh-remote)...
2026-01-22 20:09:35.003 [info] [LocalProcess0][resolveAuthority(ssh-remote,146)][0ms] obtaining proxy...
2026-01-22 20:09:35.003 [info] [LocalProcess0][resolveAuthority(ssh-remote,146)][0ms] invoking...
2026-01-22 20:09:35.007 [info] [remote-connection][ExtensionHost][b16be…][reconnect] resolving connection...
2026-01-22 20:09:36.003 [info] [LocalProcess0][resolveAuthority(ssh-remote,146)][1001ms] waiting...
2026-01-22 20:09:37.003 [info] [LocalProcess0][resolveAuthority(ssh-remote,146)][2001ms] waiting...
2026-01-22 20:09:38.003 [info] [LocalProcess0][resolveAuthority(ssh-remote,146)][3001ms] waiting...
2026-01-22 20:09:38.537 [error] [LocalProcess0][resolveAuthority(ssh-remote,146)][3534ms] returned an error {"code":"TemporarilyNotAvailable","message":"No route to host"}
2026-01-22 20:09:38.537 [error] resolveAuthority(ssh-remote) returned an error after 3535 ms No route to host
2026-01-22 20:09:38.537 [info] [remote-connection][Management   ][d7c33…][reconnect] A temporarily not available error occurred while trying to reconnect, will try again...
2026-01-22 20:09:38.538 [info] [remote-connection][Management   ][d7c33…][reconnect] waiting for 30 seconds before reconnecting...
2026-01-22 20:09:38.538 [info] [remote-connection][ExtensionHost][b16be…][reconnect] A temporarily not available error occurred while trying to reconnect, will try again...
2026-01-22 20:09:38.538 [info] [remote-connection][ExtensionHost][b16be…][reconnect] waiting for 30 seconds before reconnecting...
2026-01-22 20:09:38.602 [warning] [mainThreadStorage] large extension state detected (extensionId: ms-vscode-remote.remote-ssh, global: true): 7847.3251953125kb. Consider to use 'storageUri' or 'globalStorageUri' to store this data on disk instead.
2026-01-22 20:09:41.470 [info] [remote-connection][ExtensionHost][b16be…][reconnect] received socket timeout event (unacknowledgedMsgCount: 1754, timeSinceOldestUnacknowledgedMsg: 4674094, timeSinceLastReceivedSomeData: 4739723).
2026-01-22 20:09:41.480 [info] [remote-connection][Management   ][d7c33…][reconnect] received socket timeout event (unacknowledgedMsgCount: 726, timeSinceOldestUnacknowledgedMsg: 4694117, timeSinceLastReceivedSomeData: 4740452).
2026-01-22 20:10:08.538 [info] [remote-connection][Management   ][d7c33…][reconnect] resolving connection...
2026-01-22 20:10:08.538 [info] Invoking resolveAuthority(ssh-remote)...
2026-01-22 20:10:08.538 [info] [LocalProcess0][resolveAuthority(ssh-remote,147)][0ms] obtaining proxy...
2026-01-22 20:10:08.538 [info] [LocalProcess0][resolveAuthority(ssh-remote,147)][0ms] invoking...
2026-01-22 20:10:08.540 [info] [remote-connection][ExtensionHost][b16be…][reconnect] received socket timeout event (unacknowledgedMsgCount: 1755, timeSinceOldestUnacknowledgedMsg: 4701165, timeSinceLastReceivedSomeData: 4766794).
2026-01-22 20:10:08.543 [info] [remote-connection][ExtensionHost][b16be…][reconnect] resolving connection...
2026-01-22 20:10:08.551 [info] [remote-connection][Management   ][d7c33…][reconnect] received socket timeout event (unacknowledgedMsgCount: 727, timeSinceOldestUnacknowledgedMsg: 4721188, timeSinceLastReceivedSomeData: 4767523).
2026-01-22 20:10:09.538 [info] [LocalProcess0][resolveAuthority(ssh-remote,147)][1000ms] waiting...
2026-01-22 20:10:10.538 [info] [LocalProcess0][resolveAuthority(ssh-remote,147)][2000ms] waiting...
2026-01-22 20:10:11.538 [info] [LocalProcess0][resolveAuthority(ssh-remote,147)][3000ms] waiting...
2026-01-22 20:10:12.074 [error] [LocalProcess0][resolveAuthority(ssh-remote,147)][3536ms] returned an error {"code":"TemporarilyNotAvailable","message":"No route to host"}
2026-01-22 20:10:12.075 [error] resolveAuthority(ssh-remote) returned an error after 3537 ms No route to host
2026-01-22 20:10:12.075 [info] [remote-connection][Management   ][d7c33…][reconnect] A temporarily not available error occurred while trying to reconnect, will try again...
2026-01-22 20:10:12.075 [info] [remote-connection][Management   ][d7c33…][reconnect] waiting for 30 seconds before reconnecting...
2026-01-22 20:10:12.075 [info] [remote-connection][ExtensionHost][b16be…][reconnect] A temporarily not available error occurred while trying to reconnect, will try again...
2026-01-22 20:10:12.075 [info] [remote-connection][ExtensionHost][b16be…][reconnect] waiting for 30 seconds before reconnecting...
2026-01-22 20:10:12.136 [warning] [mainThreadStorage] large extension state detected (extensionId: ms-vscode-remote.remote-ssh, global: true): 7901.076171875kb. Consider to use 'storageUri' or 'globalStorageUri' to store this data on disk instead.
2026-01-22 20:10:28.541 [info] [remote-connection][ExtensionHost][b16be…][reconnect] received socket timeout event (unacknowledgedMsgCount: 1766, timeSinceOldestUnacknowledgedMsg: 4721165, timeSinceLastReceivedSomeData: 4786794).
2026-01-22 20:10:28.552 [info] [remote-connection][Management   ][d7c33…][reconnect] received socket timeout event (unacknowledgedMsgCount: 731, timeSinceOldestUnacknowledgedMsg: 4741188, timeSinceLastReceivedSomeData: 4787523).
2026-01-22 20:10:42.075 [info] [remote-connection][Management   ][d7c33…][reconnect] resolving connection...
2026-01-22 20:10:42.075 [info] Invoking resolveAuthority(ssh-remote)...
2026-01-22 20:10:42.076 [info] [LocalProcess0][resolveAuthority(ssh-remote,148)][0ms] obtaining proxy...
2026-01-22 20:10:42.076 [info] [LocalProcess0][resolveAuthority(ssh-remote,148)][0ms] invoking...
2026-01-22 20:10:42.083 [info] [remote-connection][ExtensionHost][b16be…][reconnect] resolving connection...
2026-01-22 20:10:43.076 [info] [LocalProcess0][resolveAuthority(ssh-remote,148)][1000ms] waiting...
2026-01-22 20:10:44.076 [info] [LocalProcess0][resolveAuthority(ssh-remote,148)][2000ms] waiting...
2026-01-22 20:10:45.076 [info] [LocalProcess0][resolveAuthority(ssh-remote,148)][3000ms] waiting...
2026-01-22 20:10:45.610 [error] [LocalProcess0][resolveAuthority(ssh-remote,148)][3534ms] returned an error {"code":"TemporarilyNotAvailable","message":"No route to host"}
2026-01-22 20:10:45.610 [error] resolveAuthority(ssh-remote) returned an error after 3534 ms No route to host
2026-01-22 20:10:45.610 [info] [remote-connection][Management   ][d7c33…][reconnect] A temporarily not available error occurred while trying to reconnect, will try again...
2026-01-22 20:10:45.610 [info] [remote-connection][Management   ][d7c33…][reconnect] waiting for 30 seconds before reconnecting...
2026-01-22 20:10:45.610 [info] [remote-connection][ExtensionHost][b16be…][reconnect] A temporarily not available error occurred while trying to reconnect, will try again...
2026-01-22 20:10:45.610 [info] [remote-connection][ExtensionHost][b16be…][reconnect] waiting for 30 seconds before reconnecting...
2026-01-22 20:10:45.672 [warning] [mainThreadStorage] large extension state detected (extensionId: ms-vscode-remote.remote-ssh, global: true): 7954.8271484375kb. Consider to use 'storageUri' or 'globalStorageUri' to store this data on disk instead.
2026-01-22 20:10:48.541 [info] [remote-connection][ExtensionHost][b16be…][reconnect] received socket timeout event (unacknowledgedMsgCount: 1778, timeSinceOldestUnacknowledgedMsg: 4741165, timeSinceLastReceivedSomeData: 4806794).
2026-01-22 20:10:48.551 [info] [remote-connection][Management   ][d7c33…][reconnect] received socket timeout event (unacknowledgedMsgCount: 736, timeSinceOldestUnacknowledgedMsg: 4761188, timeSinceLastReceivedSomeData: 4807523).
2026-01-22 20:11:15.610 [info] [remote-connection][Management   ][d7c33…][reconnect] resolving connection...
2026-01-22 20:11:15.611 [info] Invoking resolveAuthority(ssh-remote)...
2026-01-22 20:11:15.611 [info] [LocalProcess0][resolveAuthority(ssh-remote,149)][0ms] obtaining proxy...
2026-01-22 20:11:15.611 [info] [LocalProcess0][resolveAuthority(ssh-remote,149)][1ms] invoking...
2026-01-22 20:11:15.613 [info] [remote-connection][ExtensionHost][b16be…][reconnect] received socket timeout event (unacknowledgedMsgCount: 1779, timeSinceOldestUnacknowledgedMsg: 4768237, timeSinceLastReceivedSomeData: 4833866).
2026-01-22 20:11:15.618 [info] [remote-connection][ExtensionHost][b16be…][reconnect] resolving connection...
2026-01-22 20:11:15.624 [info] [remote-connection][Management   ][d7c33…][reconnect] received socket timeout event (unacknowledgedMsgCount: 737, timeSinceOldestUnacknowledgedMsg: 4788261, timeSinceLastReceivedSomeData: 4834596).
2026-01-22 20:11:16.611 [info] [LocalProcess0][resolveAuthority(ssh-remote,149)][1001ms] waiting...
2026-01-22 20:11:17.611 [info] [LocalProcess0][resolveAuthority(ssh-remote,149)][2001ms] waiting...
2026-01-22 20:11:18.611 [info] [LocalProcess0][resolveAuthority(ssh-remote,149)][3001ms] waiting...
2026-01-22 20:11:19.152 [error] [LocalProcess0][resolveAuthority(ssh-remote,149)][3542ms] returned an error {"code":"TemporarilyNotAvailable","message":"No route to host"}
2026-01-22 20:11:19.153 [error] resolveAuthority(ssh-remote) returned an error after 3542 ms No route to host
2026-01-22 20:11:19.153 [info] [remote-connection][Management   ][d7c33…][reconnect] A temporarily not available error occurred while trying to reconnect, will try again...
2026-01-22 20:11:19.153 [info] [remote-connection][Management   ][d7c33…][reconnect] waiting for 30 seconds before reconnecting...
2026-01-22 20:11:19.153 [info] [remote-connection][ExtensionHost][b16be…][reconnect] A temporarily not available error occurred while trying to reconnect, will try again...
2026-01-22 20:11:19.153 [info] [remote-connection][ExtensionHost][b16be…][reconnect] waiting for 30 seconds before reconnecting...
2026-01-22 20:11:19.221 [warning] [mainThreadStorage] large extension state detected (extensionId: ms-vscode-remote.remote-ssh, global: true): 8008.578125kb. Consider to use 'storageUri' or 'globalStorageUri' to store this data on disk instead.
2026-01-22 20:11:35.612 [info] [remote-connection][ExtensionHost][b16be…][reconnect] received socket timeout event (unacknowledgedMsgCount: 1790, timeSinceOldestUnacknowledgedMsg: 4788237, timeSinceLastReceivedSomeData: 4853866).
2026-01-22 20:11:35.624 [info] [remote-connection][Management   ][d7c33…][reconnect] received socket timeout event (unacknowledgedMsgCount: 741, timeSinceOldestUnacknowledgedMsg: 4808261, timeSinceLastReceivedSomeData: 4854596).
2026-01-22 20:11:49.153 [info] [remote-connection][Management   ][d7c33…][reconnect] resolving connection...
2026-01-22 20:11:49.153 [info] Invoking resolveAuthority(ssh-remote)...
2026-01-22 20:11:49.153 [info] [LocalProcess0][resolveAuthority(ssh-remote,150)][0ms] obtaining proxy...
2026-01-22 20:11:49.154 [info] [LocalProcess0][resolveAuthority(ssh-remote,150)][0ms] invoking...
2026-01-22 20:11:49.158 [info] [remote-connection][ExtensionHost][b16be…][reconnect] resolving connection...
2026-01-22 20:11:50.154 [info] [LocalProcess0][resolveAuthority(ssh-remote,150)][1000ms] waiting...
2026-01-22 20:11:51.154 [info] [LocalProcess0][resolveAuthority(ssh-remote,150)][2000ms] waiting...
2026-01-22 20:11:52.154 [info] [LocalProcess0][resolveAuthority(ssh-remote,150)][3000ms] waiting...
2026-01-22 20:11:52.683 [error] [LocalProcess0][resolveAuthority(ssh-remote,150)][3529ms] returned an error {"code":"TemporarilyNotAvailable","message":"No route to host"}
2026-01-22 20:11:52.683 [error] resolveAuthority(ssh-remote) returned an error after 3530 ms No route to host
2026-01-22 20:11:52.683 [info] [remote-connection][Management   ][d7c33…][reconnect] A temporarily not available error occurred while trying to reconnect, will try again...
2026-01-22 20:11:52.683 [info] [remote-connection][Management   ][d7c33…][reconnect] waiting for 30 seconds before reconnecting...
2026-01-22 20:11:52.684 [info] [remote-connection][ExtensionHost][b16be…][reconnect] A temporarily not available error occurred while trying to reconnect, will try again...
2026-01-22 20:11:52.684 [info] [remote-connection][ExtensionHost][b16be…][reconnect] waiting for 30 seconds before reconnecting...
2026-01-22 20:11:52.746 [warning] [mainThreadStorage] large extension state detected (extensionId: ms-vscode-remote.remote-ssh, global: true): 8062.3291015625kb. Consider to use 'storageUri' or 'globalStorageUri' to store this data on disk instead.
2026-01-22 20:11:55.613 [info] [remote-connection][ExtensionHost][b16be…][reconnect] received socket timeout event (unacknowledgedMsgCount: 1802, timeSinceOldestUnacknowledgedMsg: 4808237, timeSinceLastReceivedSomeData: 4873866).
2026-01-22 20:11:55.624 [info] [remote-connection][Management   ][d7c33…][reconnect] received socket timeout event (unacknowledgedMsgCount: 746, timeSinceOldestUnacknowledgedMsg: 4828261, timeSinceLastReceivedSomeData: 4874596).
2026-01-22 20:12:22.684 [info] [remote-connection][Management   ][d7c33…][reconnect] resolving connection...
2026-01-22 20:12:22.684 [info] Invoking resolveAuthority(ssh-remote)...
2026-01-22 20:12:22.684 [info] [LocalProcess0][resolveAuthority(ssh-remote,151)][0ms] obtaining proxy...
2026-01-22 20:12:22.684 [info] [LocalProcess0][resolveAuthority(ssh-remote,151)][0ms] invoking...
2026-01-22 20:12:22.686 [info] [remote-connection][ExtensionHost][b16be…][reconnect] received socket timeout event (unacknowledgedMsgCount: 1803, timeSinceOldestUnacknowledgedMsg: 4835311, timeSinceLastReceivedSomeData: 4900940).
2026-01-22 20:12:22.693 [info] [remote-connection][ExtensionHost][b16be…][reconnect] resolving connection...
2026-01-22 20:12:22.698 [info] [remote-connection][Management   ][d7c33…][reconnect] received socket timeout event (unacknowledgedMsgCount: 747, timeSinceOldestUnacknowledgedMsg: 4855335, timeSinceLastReceivedSomeData: 4901670).
2026-01-22 20:12:23.684 [info] [LocalProcess0][resolveAuthority(ssh-remote,151)][1000ms] waiting...
2026-01-22 20:12:24.684 [info] [LocalProcess0][resolveAuthority(ssh-remote,151)][2000ms] waiting...
2026-01-22 20:12:25.687 [info] [LocalProcess0][resolveAuthority(ssh-remote,151)][3002ms] waiting...
2026-01-22 20:12:26.220 [error] [LocalProcess0][resolveAuthority(ssh-remote,151)][3535ms] returned an error {"code":"TemporarilyNotAvailable","message":"No route to host"}
2026-01-22 20:12:26.220 [error] resolveAuthority(ssh-remote) returned an error after 3536 ms No route to host
2026-01-22 20:12:26.221 [info] [remote-connection][Management   ][d7c33…][reconnect] A temporarily not available error occurred while trying to reconnect, will try again...
2026-01-22 20:12:26.221 [info] [remote-connection][Management   ][d7c33…][reconnect] waiting for 30 seconds before reconnecting...
2026-01-22 20:12:26.221 [info] [remote-connection][ExtensionHost][b16be…][reconnect] A temporarily not available error occurred while trying to reconnect, will try again...
2026-01-22 20:12:26.221 [info] [remote-connection][ExtensionHost][b16be…][reconnect] waiting for 30 seconds before reconnecting...
2026-01-22 20:12:26.288 [warning] [mainThreadStorage] large extension state detected (extensionId: ms-vscode-remote.remote-ssh, global: true): 8116.080078125kb. Consider to use 'storageUri' or 'globalStorageUri' to store this data on disk instead.
2026-01-22 20:12:42.686 [info] [remote-connection][ExtensionHost][b16be…][reconnect] received socket timeout event (unacknowledgedMsgCount: 1814, timeSinceOldestUnacknowledgedMsg: 4855311, timeSinceLastReceivedSomeData: 4920940).
2026-01-22 20:12:42.699 [info] [remote-connection][Management   ][d7c33…][reconnect] received socket timeout event (unacknowledgedMsgCount: 751, timeSinceOldestUnacknowledgedMsg: 4875336, timeSinceLastReceivedSomeData: 4921671).
2026-01-22 20:12:56.221 [info] [remote-connection][Management   ][d7c33…][reconnect] resolving connection...
2026-01-22 20:12:56.221 [info] Invoking resolveAuthority(ssh-remote)...
2026-01-22 20:12:56.221 [info] [LocalProcess0][resolveAuthority(ssh-remote,152)][0ms] obtaining proxy...
2026-01-22 20:12:56.221 [info] [LocalProcess0][resolveAuthority(ssh-remote,152)][0ms] invoking...
2026-01-22 20:12:56.226 [info] [remote-connection][ExtensionHost][b16be…][reconnect] resolving connection...
2026-01-22 20:12:57.221 [info] [LocalProcess0][resolveAuthority(ssh-remote,152)][1000ms] waiting...
2026-01-22 20:12:58.221 [info] [LocalProcess0][resolveAuthority(ssh-remote,152)][2000ms] waiting...
2026-01-22 20:12:59.221 [info] [LocalProcess0][resolveAuthority(ssh-remote,152)][3000ms] waiting...
2026-01-22 20:12:59.756 [error] [LocalProcess0][resolveAuthority(ssh-remote,152)][3535ms] returned an error {"code":"TemporarilyNotAvailable","message":"No route to host"}
2026-01-22 20:12:59.756 [error] resolveAuthority(ssh-remote) returned an error after 3535 ms No route to host
2026-01-22 20:12:59.756 [info] [remote-connection][Management   ][d7c33…][reconnect] A temporarily not available error occurred while trying to reconnect, will try again...
2026-01-22 20:12:59.756 [info] [remote-connection][Management   ][d7c33…][reconnect] waiting for 30 seconds before reconnecting...
2026-01-22 20:12:59.757 [info] [remote-connection][ExtensionHost][b16be…][reconnect] A temporarily not available error occurred while trying to reconnect, will try again...
2026-01-22 20:12:59.757 [info] [remote-connection][ExtensionHost][b16be…][reconnect] waiting for 30 seconds before reconnecting...
2026-01-22 20:12:59.820 [warning] [mainThreadStorage] large extension state detected (extensionId: ms-vscode-remote.remote-ssh, global: true): 8169.8310546875kb. Consider to use 'storageUri' or 'globalStorageUri' to store this data on disk instead.
2026-01-22 20:13:02.686 [info] [remote-connection][ExtensionHost][b16be…][reconnect] received socket timeout event (unacknowledgedMsgCount: 1826, timeSinceOldestUnacknowledgedMsg: 4875311, timeSinceLastReceivedSomeData: 4940940).
2026-01-22 20:13:02.699 [info] [remote-connection][Management   ][d7c33…][reconnect] received socket timeout event (unacknowledgedMsgCount: 756, timeSinceOldestUnacknowledgedMsg: 4895336, timeSinceLastReceivedSomeData: 4941671).
2026-01-22 20:13:29.757 [info] [remote-connection][Management   ][d7c33…][reconnect] resolving connection...
2026-01-22 20:13:29.757 [info] Invoking resolveAuthority(ssh-remote)...
2026-01-22 20:13:29.757 [info] [LocalProcess0][resolveAuthority(ssh-remote,153)][0ms] obtaining proxy...
2026-01-22 20:13:29.757 [info] [LocalProcess0][resolveAuthority(ssh-remote,153)][0ms] invoking...
2026-01-22 20:13:29.759 [info] [remote-connection][ExtensionHost][b16be…][reconnect] received socket timeout event (unacknowledgedMsgCount: 1827, timeSinceOldestUnacknowledgedMsg: 4902384, timeSinceLastReceivedSomeData: 4968013).
2026-01-22 20:13:29.762 [info] [remote-connection][ExtensionHost][b16be…][reconnect] resolving connection...
2026-01-22 20:13:29.768 [info] [remote-connection][Management   ][d7c33…][reconnect] received socket timeout event (unacknowledgedMsgCount: 757, timeSinceOldestUnacknowledgedMsg: 4922405, timeSinceLastReceivedSomeData: 4968740).
2026-01-22 20:13:30.757 [info] [LocalProcess0][resolveAuthority(ssh-remote,153)][1000ms] waiting...
2026-01-22 20:13:31.757 [info] [LocalProcess0][resolveAuthority(ssh-remote,153)][2000ms] waiting...
2026-01-22 20:13:32.758 [info] [LocalProcess0][resolveAuthority(ssh-remote,153)][3000ms] waiting...
2026-01-22 20:13:33.294 [error] [LocalProcess0][resolveAuthority(ssh-remote,153)][3537ms] returned an error {"code":"TemporarilyNotAvailable","message":"No route to host"}
2026-01-22 20:13:33.295 [error] resolveAuthority(ssh-remote) returned an error after 3537 ms No route to host
2026-01-22 20:13:33.295 [info] [remote-connection][Management   ][d7c33…][reconnect] A temporarily not available error occurred while trying to reconnect, will try again...
2026-01-22 20:13:33.295 [info] [remote-connection][Management   ][d7c33…][reconnect] waiting for 30 seconds before reconnecting...
2026-01-22 20:13:33.295 [info] [remote-connection][ExtensionHost][b16be…][reconnect] A temporarily not available error occurred while trying to reconnect, will try again...
2026-01-22 20:13:33.295 [info] [remote-connection][ExtensionHost][b16be…][reconnect] waiting for 30 seconds before reconnecting...
2026-01-22 20:13:33.363 [warning] [mainThreadStorage] large extension state detected (extensionId: ms-vscode-remote.remote-ssh, global: true): 8223.58203125kb. Consider to use 'storageUri' or 'globalStorageUri' to store this data on disk instead.
2026-01-22 20:13:49.760 [info] [remote-connection][ExtensionHost][b16be…][reconnect] received socket timeout event (unacknowledgedMsgCount: 1838, timeSinceOldestUnacknowledgedMsg: 4922384, timeSinceLastReceivedSomeData: 4988013).
2026-01-22 20:13:49.768 [info] [remote-connection][Management   ][d7c33…][reconnect] received socket timeout event (unacknowledgedMsgCount: 761, timeSinceOldestUnacknowledgedMsg: 4942405, timeSinceLastReceivedSomeData: 4988740).
2026-01-22 20:14:03.295 [info] [remote-connection][Management   ][d7c33…][reconnect] resolving connection...
2026-01-22 20:14:03.295 [info] Invoking resolveAuthority(ssh-remote)...
2026-01-22 20:14:03.296 [info] [LocalProcess0][resolveAuthority(ssh-remote,154)][0ms] obtaining proxy...
2026-01-22 20:14:03.296 [info] [LocalProcess0][resolveAuthority(ssh-remote,154)][0ms] invoking...
2026-01-22 20:14:03.301 [info] [remote-connection][ExtensionHost][b16be…][reconnect] resolving connection...
2026-01-22 20:14:04.296 [info] [LocalProcess0][resolveAuthority(ssh-remote,154)][1001ms] waiting...
2026-01-22 20:14:05.296 [info] [LocalProcess0][resolveAuthority(ssh-remote,154)][2001ms] waiting...
2026-01-22 20:14:06.296 [info] [LocalProcess0][resolveAuthority(ssh-remote,154)][3001ms] waiting...
2026-01-22 20:14:06.841 [error] [LocalProcess0][resolveAuthority(ssh-remote,154)][3545ms] returned an error {"code":"TemporarilyNotAvailable","message":"No route to host"}
2026-01-22 20:14:06.841 [error] resolveAuthority(ssh-remote) returned an error after 3546 ms No route to host
2026-01-22 20:14:06.841 [info] [remote-connection][Management   ][d7c33…][reconnect] A temporarily not available error occurred while trying to reconnect, will try again...
2026-01-22 20:14:06.842 [info] [remote-connection][Management   ][d7c33…][reconnect] waiting for 30 seconds before reconnecting...
2026-01-22 20:14:06.842 [info] [remote-connection][ExtensionHost][b16be…][reconnect] A temporarily not available error occurred while trying to reconnect, will try again...
2026-01-22 20:14:06.842 [info] [remote-connection][ExtensionHost][b16be…][reconnect] waiting for 30 seconds before reconnecting...
2026-01-22 20:14:06.909 [warning] [mainThreadStorage] large extension state detected (extensionId: ms-vscode-remote.remote-ssh, global: true): 8277.3330078125kb. Consider to use 'storageUri' or 'globalStorageUri' to store this data on disk instead.
2026-01-22 20:14:09.760 [info] [remote-connection][ExtensionHost][b16be…][reconnect] received socket timeout event (unacknowledgedMsgCount: 1850, timeSinceOldestUnacknowledgedMsg: 4942384, timeSinceLastReceivedSomeData: 5008013).
2026-01-22 20:14:09.768 [info] [remote-connection][Management   ][d7c33…][reconnect] received socket timeout event (unacknowledgedMsgCount: 766, timeSinceOldestUnacknowledgedMsg: 4962405, timeSinceLastReceivedSomeData: 5008740).
2026-01-22 20:14:36.842 [info] [remote-connection][Management   ][d7c33…][reconnect] resolving connection...
2026-01-22 20:14:36.842 [info] Invoking resolveAuthority(ssh-remote)...
2026-01-22 20:14:36.842 [info] [LocalProcess0][resolveAuthority(ssh-remote,155)][0ms] obtaining proxy...
2026-01-22 20:14:36.842 [info] [LocalProcess0][resolveAuthority(ssh-remote,155)][0ms] invoking...
2026-01-22 20:14:36.844 [info] [remote-connection][ExtensionHost][b16be…][reconnect] received socket timeout event (unacknowledgedMsgCount: 1851, timeSinceOldestUnacknowledgedMsg: 4969469, timeSinceLastReceivedSomeData: 5035098).
2026-01-22 20:14:36.852 [info] [remote-connection][ExtensionHost][b16be…][reconnect] resolving connection...
2026-01-22 20:14:36.858 [info] [remote-connection][Management   ][d7c33…][reconnect] received socket timeout event (unacknowledgedMsgCount: 767, timeSinceOldestUnacknowledgedMsg: 4989494, timeSinceLastReceivedSomeData: 5035829).
2026-01-22 20:14:37.843 [info] [LocalProcess0][resolveAuthority(ssh-remote,155)][1000ms] waiting...
2026-01-22 20:14:38.843 [info] [LocalProcess0][resolveAuthority(ssh-remote,155)][2000ms] waiting...
2026-01-22 20:14:39.843 [info] [LocalProcess0][resolveAuthority(ssh-remote,155)][3000ms] waiting...
2026-01-22 20:14:40.373 [error] [LocalProcess0][resolveAuthority(ssh-remote,155)][3530ms] returned an error {"code":"TemporarilyNotAvailable","message":"No route to host"}
2026-01-22 20:14:40.373 [error] resolveAuthority(ssh-remote) returned an error after 3530 ms No route to host
2026-01-22 20:14:40.373 [info] [remote-connection][Management   ][d7c33…][reconnect] A temporarily not available error occurred while trying to reconnect, will try again...
2026-01-22 20:14:40.373 [info] [remote-connection][Management   ][d7c33…][reconnect] waiting for 30 seconds before reconnecting...
2026-01-22 20:14:40.374 [info] [remote-connection][ExtensionHost][b16be…][reconnect] A temporarily not available error occurred while trying to reconnect, will try again...
2026-01-22 20:14:40.374 [info] [remote-connection][ExtensionHost][b16be…][reconnect] waiting for 30 seconds before reconnecting...
2026-01-22 20:14:40.435 [warning] [mainThreadStorage] large extension state detected (extensionId: ms-vscode-remote.remote-ssh, global: true): 8331.083984375kb. Consider to use 'storageUri' or 'globalStorageUri' to store this data on disk instead.
2026-01-22 20:14:56.845 [info] [remote-connection][ExtensionHost][b16be…][reconnect] received socket timeout event (unacknowledgedMsgCount: 1862, timeSinceOldestUnacknowledgedMsg: 4989469, timeSinceLastReceivedSomeData: 5055098).
2026-01-22 20:14:56.857 [info] [remote-connection][Management   ][d7c33…][reconnect] received socket timeout event (unacknowledgedMsgCount: 771, timeSinceOldestUnacknowledgedMsg: 5009494, timeSinceLastReceivedSomeData: 5055829).
2026-01-22 20:15:10.373 [info] [remote-connection][Management   ][d7c33…][reconnect] resolving connection...
2026-01-22 20:15:10.374 [info] Invoking resolveAuthority(ssh-remote)...
2026-01-22 20:15:10.374 [info] [LocalProcess0][resolveAuthority(ssh-remote,156)][0ms] obtaining proxy...
2026-01-22 20:15:10.374 [info] [LocalProcess0][resolveAuthority(ssh-remote,156)][0ms] invoking...
2026-01-22 20:15:10.378 [info] [remote-connection][ExtensionHost][b16be…][reconnect] resolving connection...
2026-01-22 20:15:11.374 [info] [LocalProcess0][resolveAuthority(ssh-remote,156)][1001ms] waiting...
2026-01-22 20:15:12.374 [info] [LocalProcess0][resolveAuthority(ssh-remote,156)][2001ms] waiting...
2026-01-22 20:15:13.374 [info] [LocalProcess0][resolveAuthority(ssh-remote,156)][3001ms] waiting...
2026-01-22 20:15:13.903 [error] [LocalProcess0][resolveAuthority(ssh-remote,156)][3529ms] returned an error {"code":"TemporarilyNotAvailable","message":"No route to host"}
2026-01-22 20:15:13.903 [error] resolveAuthority(ssh-remote) returned an error after 3530 ms No route to host
2026-01-22 20:15:13.903 [info] [remote-connection][Management   ][d7c33…][reconnect] A temporarily not available error occurred while trying to reconnect, will try again...
2026-01-22 20:15:13.904 [info] [remote-connection][Management   ][d7c33…][reconnect] waiting for 30 seconds before reconnecting...
2026-01-22 20:15:13.904 [info] [remote-connection][ExtensionHost][b16be…][reconnect] A temporarily not available error occurred while trying to reconnect, will try again...
2026-01-22 20:15:13.904 [info] [remote-connection][ExtensionHost][b16be…][reconnect] waiting for 30 seconds before reconnecting...
2026-01-22 20:15:13.973 [warning] [mainThreadStorage] large extension state detected (extensionId: ms-vscode-remote.remote-ssh, global: true): 8384.8349609375kb. Consider to use 'storageUri' or 'globalStorageUri' to store this data on disk instead.
2026-01-22 20:15:16.845 [info] [remote-connection][ExtensionHost][b16be…][reconnect] received socket timeout event (unacknowledgedMsgCount: 1874, timeSinceOldestUnacknowledgedMsg: 5009469, timeSinceLastReceivedSomeData: 5075098).
2026-01-22 20:15:16.857 [info] [remote-connection][Management   ][d7c33…][reconnect] received socket timeout event (unacknowledgedMsgCount: 776, timeSinceOldestUnacknowledgedMsg: 5029494, timeSinceLastReceivedSomeData: 5075829).
2026-01-22 20:15:43.904 [info] [remote-connection][Management   ][d7c33…][reconnect] resolving connection...
2026-01-22 20:15:43.904 [info] Invoking resolveAuthority(ssh-remote)...
2026-01-22 20:15:43.904 [info] [LocalProcess0][resolveAuthority(ssh-remote,157)][0ms] obtaining proxy...
2026-01-22 20:15:43.904 [info] [LocalProcess0][resolveAuthority(ssh-remote,157)][0ms] invoking...
2026-01-22 20:15:43.906 [info] [remote-connection][ExtensionHost][b16be…][reconnect] received socket timeout event (unacknowledgedMsgCount: 1875, timeSinceOldestUnacknowledgedMsg: 5036531, timeSinceLastReceivedSomeData: 5102160).
2026-01-22 20:15:43.909 [info] [remote-connection][ExtensionHost][b16be…][reconnect] resolving connection...
2026-01-22 20:15:43.915 [info] [remote-connection][Management   ][d7c33…][reconnect] received socket timeout event (unacknowledgedMsgCount: 777, timeSinceOldestUnacknowledgedMsg: 5056551, timeSinceLastReceivedSomeData: 5102886).
2026-01-22 20:15:44.904 [info] [LocalProcess0][resolveAuthority(ssh-remote,157)][1000ms] waiting...
2026-01-22 20:15:45.904 [info] [LocalProcess0][resolveAuthority(ssh-remote,157)][2000ms] waiting...
2026-01-22 20:15:46.904 [info] [LocalProcess0][resolveAuthority(ssh-remote,157)][3000ms] waiting...
2026-01-22 20:15:47.444 [error] [LocalProcess0][resolveAuthority(ssh-remote,157)][3540ms] returned an error {"code":"TemporarilyNotAvailable","message":"No route to host"}
2026-01-22 20:15:47.444 [error] resolveAuthority(ssh-remote) returned an error after 3540 ms No route to host
2026-01-22 20:15:47.445 [info] [remote-connection][Management   ][d7c33…][reconnect] A temporarily not available error occurred while trying to reconnect, will try again...
2026-01-22 20:15:47.445 [info] [remote-connection][Management   ][d7c33…][reconnect] waiting for 30 seconds before reconnecting...
2026-01-22 20:15:47.445 [info] [remote-connection][ExtensionHost][b16be…][reconnect] A temporarily not available error occurred while trying to reconnect, will try again...
2026-01-22 20:15:47.445 [info] [remote-connection][ExtensionHost][b16be…][reconnect] waiting for 30 seconds before reconnecting...
2026-01-22 20:15:47.513 [warning] [mainThreadStorage] large extension state detected (extensionId: ms-vscode-remote.remote-ssh, global: true): 8438.5859375kb. Consider to use 'storageUri' or 'globalStorageUri' to store this data on disk instead.
2026-01-22 20:16:03.907 [info] [remote-connection][ExtensionHost][b16be…][reconnect] received socket timeout event (unacknowledgedMsgCount: 1886, timeSinceOldestUnacknowledgedMsg: 5056531, timeSinceLastReceivedSomeData: 5122160).
2026-01-22 20:16:03.914 [info] [remote-connection][Management   ][d7c33…][reconnect] received socket timeout event (unacknowledgedMsgCount: 781, timeSinceOldestUnacknowledgedMsg: 5076551, timeSinceLastReceivedSomeData: 5122886).
2026-01-22 20:16:17.445 [info] [remote-connection][Management   ][d7c33…][reconnect] resolving connection...
2026-01-22 20:16:17.445 [info] Invoking resolveAuthority(ssh-remote)...
2026-01-22 20:16:17.445 [info] [LocalProcess0][resolveAuthority(ssh-remote,158)][0ms] obtaining proxy...
2026-01-22 20:16:17.445 [info] [LocalProcess0][resolveAuthority(ssh-remote,158)][0ms] invoking...
2026-01-22 20:16:17.454 [info] [remote-connection][ExtensionHost][b16be…][reconnect] resolving connection...
2026-01-22 20:16:18.446 [info] [LocalProcess0][resolveAuthority(ssh-remote,158)][1000ms] waiting...
2026-01-22 20:16:19.446 [info] [LocalProcess0][resolveAuthority(ssh-remote,158)][2000ms] waiting...
2026-01-22 20:16:20.446 [info] [LocalProcess0][resolveAuthority(ssh-remote,158)][3000ms] waiting...
2026-01-22 20:16:20.984 [error] [LocalProcess0][resolveAuthority(ssh-remote,158)][3539ms] returned an error {"code":"TemporarilyNotAvailable","message":"No route to host"}
2026-01-22 20:16:20.984 [error] resolveAuthority(ssh-remote) returned an error after 3539 ms No route to host
2026-01-22 20:16:20.984 [info] [remote-connection][Management   ][d7c33…][reconnect] A temporarily not available error occurred while trying to reconnect, will try again...
2026-01-22 20:16:20.984 [info] [remote-connection][Management   ][d7c33…][reconnect] waiting for 30 seconds before reconnecting...
2026-01-22 20:16:20.984 [info] [remote-connection][ExtensionHost][b16be…][reconnect] A temporarily not available error occurred while trying to reconnect, will try again...
2026-01-22 20:16:20.985 [info] [remote-connection][ExtensionHost][b16be…][reconnect] waiting for 30 seconds before reconnecting...
2026-01-22 20:16:21.049 [warning] [mainThreadStorage] large extension state detected (extensionId: ms-vscode-remote.remote-ssh, global: true): 8492.3369140625kb. Consider to use 'storageUri' or 'globalStorageUri' to store this data on disk instead.
2026-01-22 20:16:23.907 [info] [remote-connection][ExtensionHost][b16be…][reconnect] received socket timeout event (unacknowledgedMsgCount: 1898, timeSinceOldestUnacknowledgedMsg: 5076531, timeSinceLastReceivedSomeData: 5142160).
2026-01-22 20:16:23.915 [info] [remote-connection][Management   ][d7c33…][reconnect] received socket timeout event (unacknowledgedMsgCount: 786, timeSinceOldestUnacknowledgedMsg: 5096551, timeSinceLastReceivedSomeData: 5142886).
2026-01-22 20:16:50.985 [info] [remote-connection][Management   ][d7c33…][reconnect] resolving connection...
2026-01-22 20:16:50.985 [info] Invoking resolveAuthority(ssh-remote)...
2026-01-22 20:16:50.985 [info] [LocalProcess0][resolveAuthority(ssh-remote,159)][0ms] obtaining proxy...
2026-01-22 20:16:50.985 [info] [LocalProcess0][resolveAuthority(ssh-remote,159)][0ms] invoking...
2026-01-22 20:16:50.987 [info] [remote-connection][ExtensionHost][b16be…][reconnect] received socket timeout event (unacknowledgedMsgCount: 1899, timeSinceOldestUnacknowledgedMsg: 5103612, timeSinceLastReceivedSomeData: 5169241).
2026-01-22 20:16:50.995 [info] [remote-connection][ExtensionHost][b16be…][reconnect] resolving connection...
2026-01-22 20:16:51.001 [info] [remote-connection][Management   ][d7c33…][reconnect] received socket timeout event (unacknowledgedMsgCount: 787, timeSinceOldestUnacknowledgedMsg: 5123638, timeSinceLastReceivedSomeData: 5169973).
2026-01-22 20:16:51.985 [info] [LocalProcess0][resolveAuthority(ssh-remote,159)][1000ms] waiting...
2026-01-22 20:16:52.985 [info] [LocalProcess0][resolveAuthority(ssh-remote,159)][2000ms] waiting...
2026-01-22 20:16:53.985 [info] [LocalProcess0][resolveAuthority(ssh-remote,159)][3000ms] waiting...
2026-01-22 20:16:54.525 [error] [LocalProcess0][resolveAuthority(ssh-remote,159)][3540ms] returned an error {"code":"TemporarilyNotAvailable","message":"No route to host"}
2026-01-22 20:16:54.525 [error] resolveAuthority(ssh-remote) returned an error after 3540 ms No route to host
2026-01-22 20:16:54.526 [info] [remote-connection][Management   ][d7c33…][reconnect] A temporarily not available error occurred while trying to reconnect, will try again...
2026-01-22 20:16:54.526 [info] [remote-connection][Management   ][d7c33…][reconnect] waiting for 30 seconds before reconnecting...
2026-01-22 20:16:54.526 [info] [remote-connection][ExtensionHost][b16be…][reconnect] A temporarily not available error occurred while trying to reconnect, will try again...
2026-01-22 20:16:54.526 [info] [remote-connection][ExtensionHost][b16be…][reconnect] waiting for 30 seconds before reconnecting...
2026-01-22 20:16:54.592 [warning] [mainThreadStorage] large extension state detected (extensionId: ms-vscode-remote.remote-ssh, global: true): 8546.087890625kb. Consider to use 'storageUri' or 'globalStorageUri' to store this data on disk instead.
2026-01-22 20:17:10.988 [info] [remote-connection][ExtensionHost][b16be…][reconnect] received socket timeout event (unacknowledgedMsgCount: 1910, timeSinceOldestUnacknowledgedMsg: 5123612, timeSinceLastReceivedSomeData: 5189241).
2026-01-22 20:17:11.002 [info] [remote-connection][Management   ][d7c33…][reconnect] received socket timeout event (unacknowledgedMsgCount: 791, timeSinceOldestUnacknowledgedMsg: 5143639, timeSinceLastReceivedSomeData: 5189974).
2026-01-22 20:17:24.526 [info] [remote-connection][Management   ][d7c33…][reconnect] resolving connection...
2026-01-22 20:17:24.526 [info] Invoking resolveAuthority(ssh-remote)...
2026-01-22 20:17:24.526 [info] [LocalProcess0][resolveAuthority(ssh-remote,160)][0ms] obtaining proxy...
2026-01-22 20:17:24.526 [info] [LocalProcess0][resolveAuthority(ssh-remote,160)][0ms] invoking...
2026-01-22 20:17:24.531 [info] [remote-connection][ExtensionHost][b16be…][reconnect] resolving connection...
2026-01-22 20:17:25.527 [info] [LocalProcess0][resolveAuthority(ssh-remote,160)][1000ms] waiting...
2026-01-22 20:17:26.527 [info] [LocalProcess0][resolveAuthority(ssh-remote,160)][2000ms] waiting...
2026-01-22 20:17:27.527 [info] [LocalProcess0][resolveAuthority(ssh-remote,160)][3000ms] waiting...
2026-01-22 20:17:28.060 [error] [LocalProcess0][resolveAuthority(ssh-remote,160)][3534ms] returned an error {"code":"TemporarilyNotAvailable","message":"No route to host"}
2026-01-22 20:17:28.061 [error] resolveAuthority(ssh-remote) returned an error after 3534 ms No route to host
2026-01-22 20:17:28.061 [info] [remote-connection][Management   ][d7c33…][reconnect] A temporarily not available error occurred while trying to reconnect, will try again...
2026-01-22 20:17:28.061 [info] [remote-connection][Management   ][d7c33…][reconnect] waiting for 30 seconds before reconnecting...
2026-01-22 20:17:28.061 [info] [remote-connection][ExtensionHost][b16be…][reconnect] A temporarily not available error occurred while trying to reconnect, will try again...
2026-01-22 20:17:28.061 [info] [remote-connection][ExtensionHost][b16be…][reconnect] waiting for 30 seconds before reconnecting...
2026-01-22 20:17:28.132 [warning] [mainThreadStorage] large extension state detected (extensionId: ms-vscode-remote.remote-ssh, global: true): 8599.8388671875kb. Consider to use 'storageUri' or 'globalStorageUri' to store this data on disk instead.
2026-01-22 20:17:30.987 [info] [remote-connection][ExtensionHost][b16be…][reconnect] received socket timeout event (unacknowledgedMsgCount: 1922, timeSinceOldestUnacknowledgedMsg: 5143612, timeSinceLastReceivedSomeData: 5209241).
2026-01-22 20:17:31.002 [info] [remote-connection][Management   ][d7c33…][reconnect] received socket timeout event (unacknowledgedMsgCount: 796, timeSinceOldestUnacknowledgedMsg: 5163639, timeSinceLastReceivedSomeData: 5209974).
2026-01-22 20:17:58.061 [info] [remote-connection][Management   ][d7c33…][reconnect] resolving connection...
2026-01-22 20:17:58.062 [info] Invoking resolveAuthority(ssh-remote)...
2026-01-22 20:17:58.062 [info] [LocalProcess0][resolveAuthority(ssh-remote,161)][0ms] obtaining proxy...
2026-01-22 20:17:58.062 [info] [LocalProcess0][resolveAuthority(ssh-remote,161)][0ms] invoking...
2026-01-22 20:17:58.064 [info] [remote-connection][ExtensionHost][b16be…][reconnect] received socket timeout event (unacknowledgedMsgCount: 1923, timeSinceOldestUnacknowledgedMsg: 5170688, timeSinceLastReceivedSomeData: 5236317).
2026-01-22 20:17:58.067 [info] [remote-connection][ExtensionHost][b16be…][reconnect] resolving connection...
2026-01-22 20:17:58.073 [info] [remote-connection][Management   ][d7c33…][reconnect] received socket timeout event (unacknowledgedMsgCount: 797, timeSinceOldestUnacknowledgedMsg: 5190710, timeSinceLastReceivedSomeData: 5237045).
2026-01-22 20:17:59.062 [info] [LocalProcess0][resolveAuthority(ssh-remote,161)][1001ms] waiting...
2026-01-22 20:18:00.062 [info] [LocalProcess0][resolveAuthority(ssh-remote,161)][2001ms] waiting...
2026-01-22 20:18:01.062 [info] [LocalProcess0][resolveAuthority(ssh-remote,161)][3001ms] waiting...
2026-01-22 20:18:01.588 [error] [LocalProcess0][resolveAuthority(ssh-remote,161)][3527ms] returned an error {"code":"TemporarilyNotAvailable","message":"No route to host"}
2026-01-22 20:18:01.588 [error] resolveAuthority(ssh-remote) returned an error after 3527 ms No route to host
2026-01-22 20:18:01.589 [info] [remote-connection][Management   ][d7c33…][reconnect] A temporarily not available error occurred while trying to reconnect, will try again...
2026-01-22 20:18:01.589 [info] [remote-connection][Management   ][d7c33…][reconnect] waiting for 30 seconds before reconnecting...
2026-01-22 20:18:01.589 [info] [remote-connection][ExtensionHost][b16be…][reconnect] A temporarily not available error occurred while trying to reconnect, will try again...
2026-01-22 20:18:01.589 [info] [remote-connection][ExtensionHost][b16be…][reconnect] waiting for 30 seconds before reconnecting...
2026-01-22 20:18:01.659 [warning] [mainThreadStorage] large extension state detected (extensionId: ms-vscode-remote.remote-ssh, global: true): 8653.58984375kb. Consider to use 'storageUri' or 'globalStorageUri' to store this data on disk instead.
2026-01-22 20:18:18.063 [info] [remote-connection][ExtensionHost][b16be…][reconnect] received socket timeout event (unacknowledgedMsgCount: 1934, timeSinceOldestUnacknowledgedMsg: 5190688, timeSinceLastReceivedSomeData: 5256317).
2026-01-22 20:18:18.074 [info] [remote-connection][Management   ][d7c33…][reconnect] received socket timeout event (unacknowledgedMsgCount: 801, timeSinceOldestUnacknowledgedMsg: 5210710, timeSinceLastReceivedSomeData: 5257045).
2026-01-22 20:18:31.589 [info] [remote-connection][Management   ][d7c33…][reconnect] resolving connection...
2026-01-22 20:18:31.589 [info] Invoking resolveAuthority(ssh-remote)...
2026-01-22 20:18:31.589 [info] [LocalProcess0][resolveAuthority(ssh-remote,162)][0ms] obtaining proxy...
2026-01-22 20:18:31.590 [info] [LocalProcess0][resolveAuthority(ssh-remote,162)][0ms] invoking...
2026-01-22 20:18:31.599 [info] [remote-connection][ExtensionHost][b16be…][reconnect] resolving connection...
2026-01-22 20:18:32.589 [info] [LocalProcess0][resolveAuthority(ssh-remote,162)][1000ms] waiting...
2026-01-22 20:18:33.589 [info] [LocalProcess0][resolveAuthority(ssh-remote,162)][2000ms] waiting...
2026-01-22 20:18:34.589 [info] [LocalProcess0][resolveAuthority(ssh-remote,162)][3000ms] waiting...
2026-01-22 20:18:35.126 [error] [LocalProcess0][resolveAuthority(ssh-remote,162)][3537ms] returned an error {"code":"TemporarilyNotAvailable","message":"No route to host"}
2026-01-22 20:18:35.126 [error] resolveAuthority(ssh-remote) returned an error after 3537 ms No route to host
2026-01-22 20:18:35.127 [info] [remote-connection][Management   ][d7c33…][reconnect] A temporarily not available error occurred while trying to reconnect, will try again...
2026-01-22 20:18:35.127 [info] [remote-connection][Management   ][d7c33…][reconnect] waiting for 30 seconds before reconnecting...
2026-01-22 20:18:35.127 [info] [remote-connection][ExtensionHost][b16be…][reconnect] A temporarily not available error occurred while trying to reconnect, will try again...
2026-01-22 20:18:35.127 [info] [remote-connection][ExtensionHost][b16be…][reconnect] waiting for 30 seconds before reconnecting...
2026-01-22 20:18:35.193 [warning] [mainThreadStorage] large extension state detected (extensionId: ms-vscode-remote.remote-ssh, global: true): 8707.3408203125kb. Consider to use 'storageUri' or 'globalStorageUri' to store this data on disk instead.
2026-01-22 20:18:38.063 [info] [remote-connection][ExtensionHost][b16be…][reconnect] received socket timeout event (unacknowledgedMsgCount: 1946, timeSinceOldestUnacknowledgedMsg: 5210688, timeSinceLastReceivedSomeData: 5276317).
2026-01-22 20:18:38.073 [info] [remote-connection][Management   ][d7c33…][reconnect] received socket timeout event (unacknowledgedMsgCount: 806, timeSinceOldestUnacknowledgedMsg: 5230710, timeSinceLastReceivedSomeData: 5277045).
2026-01-22 20:19:05.127 [info] [remote-connection][Management   ][d7c33…][reconnect] resolving connection...
2026-01-22 20:19:05.127 [info] Invoking resolveAuthority(ssh-remote)...
2026-01-22 20:19:05.127 [info] [LocalProcess0][resolveAuthority(ssh-remote,163)][0ms] obtaining proxy...
2026-01-22 20:19:05.127 [info] [LocalProcess0][resolveAuthority(ssh-remote,163)][0ms] invoking...
2026-01-22 20:19:05.129 [info] [remote-connection][ExtensionHost][b16be…][reconnect] received socket timeout event (unacknowledgedMsgCount: 1947, timeSinceOldestUnacknowledgedMsg: 5237754, timeSinceLastReceivedSomeData: 5303383).
2026-01-22 20:19:05.133 [info] [remote-connection][ExtensionHost][b16be…][reconnect] resolving connection...
2026-01-22 20:19:05.138 [info] [remote-connection][Management   ][d7c33…][reconnect] received socket timeout event (unacknowledgedMsgCount: 807, timeSinceOldestUnacknowledgedMsg: 5257775, timeSinceLastReceivedSomeData: 5304110).
2026-01-22 20:19:06.128 [info] [LocalProcess0][resolveAuthority(ssh-remote,163)][1000ms] waiting...
2026-01-22 20:19:07.128 [info] [LocalProcess0][resolveAuthority(ssh-remote,163)][2000ms] waiting...
2026-01-22 20:19:08.128 [info] [LocalProcess0][resolveAuthority(ssh-remote,163)][3000ms] waiting...
2026-01-22 20:19:08.660 [error] [LocalProcess0][resolveAuthority(ssh-remote,163)][3533ms] returned an error {"code":"TemporarilyNotAvailable","message":"No route to host"}
2026-01-22 20:19:08.660 [error] resolveAuthority(ssh-remote) returned an error after 3533 ms No route to host
2026-01-22 20:19:08.660 [info] [remote-connection][Management   ][d7c33…][reconnect] A temporarily not available error occurred while trying to reconnect, will try again...
2026-01-22 20:19:08.661 [info] [remote-connection][Management   ][d7c33…][reconnect] waiting for 30 seconds before reconnecting...
2026-01-22 20:19:08.661 [info] [remote-connection][ExtensionHost][b16be…][reconnect] A temporarily not available error occurred while trying to reconnect, will try again...
2026-01-22 20:19:08.661 [info] [remote-connection][ExtensionHost][b16be…][reconnect] waiting for 30 seconds before reconnecting...
2026-01-22 20:19:08.723 [warning] [mainThreadStorage] large extension state detected (extensionId: ms-vscode-remote.remote-ssh, global: true): 8761.091796875kb. Consider to use 'storageUri' or 'globalStorageUri' to store this data on disk instead.
2026-01-22 20:19:25.130 [info] [remote-connection][ExtensionHost][b16be…][reconnect] received socket timeout event (unacknowledgedMsgCount: 1958, timeSinceOldestUnacknowledgedMsg: 5257754, timeSinceLastReceivedSomeData: 5323383).
2026-01-22 20:19:25.138 [info] [remote-connection][Management   ][d7c33…][reconnect] received socket timeout event (unacknowledgedMsgCount: 811, timeSinceOldestUnacknowledgedMsg: 5277775, timeSinceLastReceivedSomeData: 5324110).
2026-01-22 20:19:38.661 [info] [remote-connection][Management   ][d7c33…][reconnect] resolving connection...
2026-01-22 20:19:38.661 [info] Invoking resolveAuthority(ssh-remote)...
2026-01-22 20:19:38.661 [info] [LocalProcess0][resolveAuthority(ssh-remote,164)][0ms] obtaining proxy...
2026-01-22 20:19:38.661 [info] [LocalProcess0][resolveAuthority(ssh-remote,164)][0ms] invoking...
2026-01-22 20:19:38.670 [info] [remote-connection][ExtensionHost][b16be…][reconnect] resolving connection...
2026-01-22 20:19:39.662 [info] [LocalProcess0][resolveAuthority(ssh-remote,164)][1000ms] waiting...
2026-01-22 20:19:40.661 [info] [LocalProcess0][resolveAuthority(ssh-remote,164)][2000ms] waiting...
2026-01-22 20:19:41.661 [info] [LocalProcess0][resolveAuthority(ssh-remote,164)][3000ms] waiting...
2026-01-22 20:19:42.196 [error] [LocalProcess0][resolveAuthority(ssh-remote,164)][3534ms] returned an error {"code":"TemporarilyNotAvailable","message":"No route to host"}
2026-01-22 20:19:42.196 [error] resolveAuthority(ssh-remote) returned an error after 3535 ms No route to host
2026-01-22 20:19:42.196 [info] [remote-connection][Management   ][d7c33…][reconnect] A temporarily not available error occurred while trying to reconnect, will try again...
2026-01-22 20:19:42.196 [info] [remote-connection][Management   ][d7c33…][reconnect] waiting for 30 seconds before reconnecting...
2026-01-22 20:19:42.196 [info] [remote-connection][ExtensionHost][b16be…][reconnect] A temporarily not available error occurred while trying to reconnect, will try again...
2026-01-22 20:19:42.196 [info] [remote-connection][ExtensionHost][b16be…][reconnect] waiting for 30 seconds before reconnecting...
2026-01-22 20:19:42.266 [warning] [mainThreadStorage] large extension state detected (extensionId: ms-vscode-remote.remote-ssh, global: true): 8814.8427734375kb. Consider to use 'storageUri' or 'globalStorageUri' to store this data on disk instead.
2026-01-22 20:19:45.130 [info] [remote-connection][ExtensionHost][b16be…][reconnect] received socket timeout event (unacknowledgedMsgCount: 1970, timeSinceOldestUnacknowledgedMsg: 5277754, timeSinceLastReceivedSomeData: 5343383).
2026-01-22 20:19:45.138 [info] [remote-connection][Management   ][d7c33…][reconnect] received socket timeout event (unacknowledgedMsgCount: 816, timeSinceOldestUnacknowledgedMsg: 5297775, timeSinceLastReceivedSomeData: 5344110).
2026-01-22 20:20:12.196 [info] [remote-connection][Management   ][d7c33…][reconnect] resolving connection...
2026-01-22 20:20:12.197 [info] Invoking resolveAuthority(ssh-remote)...
2026-01-22 20:20:12.197 [info] [LocalProcess0][resolveAuthority(ssh-remote,165)][0ms] obtaining proxy...
2026-01-22 20:20:12.197 [info] [LocalProcess0][resolveAuthority(ssh-remote,165)][1ms] invoking...
2026-01-22 20:20:12.199 [info] [remote-connection][ExtensionHost][b16be…][reconnect] received socket timeout event (unacknowledgedMsgCount: 1971, timeSinceOldestUnacknowledgedMsg: 5304824, timeSinceLastReceivedSomeData: 5370453).
2026-01-22 20:20:12.206 [info] [remote-connection][ExtensionHost][b16be…][reconnect] resolving connection...
2026-01-22 20:20:12.212 [info] [remote-connection][Management   ][d7c33…][reconnect] received socket timeout event (unacknowledgedMsgCount: 817, timeSinceOldestUnacknowledgedMsg: 5324849, timeSinceLastReceivedSomeData: 5371184).
2026-01-22 20:20:13.197 [info] [LocalProcess0][resolveAuthority(ssh-remote,165)][1001ms] waiting...
2026-01-22 20:20:14.197 [info] [LocalProcess0][resolveAuthority(ssh-remote,165)][2001ms] waiting...
2026-01-22 20:20:15.197 [info] [LocalProcess0][resolveAuthority(ssh-remote,165)][3001ms] waiting...
2026-01-22 20:20:15.739 [error] [LocalProcess0][resolveAuthority(ssh-remote,165)][3543ms] returned an error {"code":"TemporarilyNotAvailable","message":"No route to host"}
2026-01-22 20:20:15.739 [error] resolveAuthority(ssh-remote) returned an error after 3543 ms No route to host
2026-01-22 20:20:15.739 [info] [remote-connection][Management   ][d7c33…][reconnect] A temporarily not available error occurred while trying to reconnect, will try again...
2026-01-22 20:20:15.739 [info] [remote-connection][Management   ][d7c33…][reconnect] waiting for 30 seconds before reconnecting...
2026-01-22 20:20:15.739 [info] [remote-connection][ExtensionHost][b16be…][reconnect] A temporarily not available error occurred while trying to reconnect, will try again...
2026-01-22 20:20:15.740 [info] [remote-connection][ExtensionHost][b16be…][reconnect] waiting for 30 seconds before reconnecting...
2026-01-22 20:20:15.811 [warning] [mainThreadStorage] large extension state detected (extensionId: ms-vscode-remote.remote-ssh, global: true): 8868.59375kb. Consider to use 'storageUri' or 'globalStorageUri' to store this data on disk instead.
2026-01-22 20:20:32.200 [info] [remote-connection][ExtensionHost][b16be…][reconnect] received socket timeout event (unacknowledgedMsgCount: 1982, timeSinceOldestUnacknowledgedMsg: 5324824, timeSinceLastReceivedSomeData: 5390453).
2026-01-22 20:20:32.212 [info] [remote-connection][Management   ][d7c33…][reconnect] received socket timeout event (unacknowledgedMsgCount: 821, timeSinceOldestUnacknowledgedMsg: 5344849, timeSinceLastReceivedSomeData: 5391184).
2026-01-22 20:20:45.740 [info] [remote-connection][Management   ][d7c33…][reconnect] resolving connection...
2026-01-22 20:20:45.740 [info] Invoking resolveAuthority(ssh-remote)...
2026-01-22 20:20:45.740 [info] [LocalProcess0][resolveAuthority(ssh-remote,166)][0ms] obtaining proxy...
2026-01-22 20:20:45.740 [info] [LocalProcess0][resolveAuthority(ssh-remote,166)][0ms] invoking...
2026-01-22 20:20:45.745 [info] [remote-connection][ExtensionHost][b16be…][reconnect] resolving connection...
2026-01-22 20:20:46.740 [info] [LocalProcess0][resolveAuthority(ssh-remote,166)][1000ms] waiting...
2026-01-22 20:20:47.740 [info] [LocalProcess0][resolveAuthority(ssh-remote,166)][2000ms] waiting...
2026-01-22 20:20:48.740 [info] [LocalProcess0][resolveAuthority(ssh-remote,166)][3000ms] waiting...
2026-01-22 20:20:49.280 [error] [LocalProcess0][resolveAuthority(ssh-remote,166)][3540ms] returned an error {"code":"TemporarilyNotAvailable","message":"No route to host"}
2026-01-22 20:20:49.280 [error] resolveAuthority(ssh-remote) returned an error after 3540 ms No route to host
2026-01-22 20:20:49.281 [info] [remote-connection][Management   ][d7c33…][reconnect] A temporarily not available error occurred while trying to reconnect, will try again...
2026-01-22 20:20:49.281 [info] [remote-connection][Management   ][d7c33…][reconnect] waiting for 30 seconds before reconnecting...
2026-01-22 20:20:49.281 [info] [remote-connection][ExtensionHost][b16be…][reconnect] A temporarily not available error occurred while trying to reconnect, will try again...
2026-01-22 20:20:49.281 [info] [remote-connection][ExtensionHost][b16be…][reconnect] waiting for 30 seconds before reconnecting...
2026-01-22 20:20:49.349 [warning] [mainThreadStorage] large extension state detected (extensionId: ms-vscode-remote.remote-ssh, global: true): 8922.3447265625kb. Consider to use 'storageUri' or 'globalStorageUri' to store this data on disk instead.
2026-01-22 20:20:52.199 [info] [remote-connection][ExtensionHost][b16be…][reconnect] received socket timeout event (unacknowledgedMsgCount: 1994, timeSinceOldestUnacknowledgedMsg: 5344824, timeSinceLastReceivedSomeData: 5410453).
2026-01-22 20:20:52.212 [info] [remote-connection][Management   ][d7c33…][reconnect] received socket timeout event (unacknowledgedMsgCount: 826, timeSinceOldestUnacknowledgedMsg: 5364849, timeSinceLastReceivedSomeData: 5411184).
2026-01-22 20:21:19.281 [info] [remote-connection][Management   ][d7c33…][reconnect] resolving connection...
2026-01-22 20:21:19.281 [info] Invoking resolveAuthority(ssh-remote)...
2026-01-22 20:21:19.281 [info] [LocalProcess0][resolveAuthority(ssh-remote,167)][0ms] obtaining proxy...
2026-01-22 20:21:19.282 [info] [LocalProcess0][resolveAuthority(ssh-remote,167)][0ms] invoking...
2026-01-22 20:21:19.283 [info] [remote-connection][ExtensionHost][b16be…][reconnect] received socket timeout event (unacknowledgedMsgCount: 1995, timeSinceOldestUnacknowledgedMsg: 5371908, timeSinceLastReceivedSomeData: 5437537).
2026-01-22 20:21:19.289 [info] [remote-connection][ExtensionHost][b16be…][reconnect] resolving connection...
2026-01-22 20:21:19.295 [info] [remote-connection][Management   ][d7c33…][reconnect] received socket timeout event (unacknowledgedMsgCount: 827, timeSinceOldestUnacknowledgedMsg: 5391932, timeSinceLastReceivedSomeData: 5438267).
2026-01-22 20:21:20.282 [info] [LocalProcess0][resolveAuthority(ssh-remote,167)][1000ms] waiting...
2026-01-22 20:21:21.282 [info] [LocalProcess0][resolveAuthority(ssh-remote,167)][2000ms] waiting...
2026-01-22 20:21:22.282 [info] [LocalProcess0][resolveAuthority(ssh-remote,167)][3000ms] waiting...
2026-01-22 20:21:22.808 [error] [LocalProcess0][resolveAuthority(ssh-remote,167)][3526ms] returned an error {"code":"TemporarilyNotAvailable","message":"No route to host"}
2026-01-22 20:21:22.808 [error] resolveAuthority(ssh-remote) returned an error after 3527 ms No route to host
2026-01-22 20:21:22.808 [info] [remote-connection][Management   ][d7c33…][reconnect] A temporarily not available error occurred while trying to reconnect, will try again...
2026-01-22 20:21:22.808 [info] [remote-connection][Management   ][d7c33…][reconnect] waiting for 30 seconds before reconnecting...
2026-01-22 20:21:22.808 [info] [remote-connection][ExtensionHost][b16be…][reconnect] A temporarily not available error occurred while trying to reconnect, will try again...
2026-01-22 20:21:22.809 [info] [remote-connection][ExtensionHost][b16be…][reconnect] waiting for 30 seconds before reconnecting...
2026-01-22 20:21:22.874 [warning] [mainThreadStorage] large extension state detected (extensionId: ms-vscode-remote.remote-ssh, global: true): 8976.095703125kb. Consider to use 'storageUri' or 'globalStorageUri' to store this data on disk instead.
2026-01-22 20:21:39.284 [info] [remote-connection][ExtensionHost][b16be…][reconnect] received socket timeout event (unacknowledgedMsgCount: 2006, timeSinceOldestUnacknowledgedMsg: 5391909, timeSinceLastReceivedSomeData: 5457538).
2026-01-22 20:21:39.295 [info] [remote-connection][Management   ][d7c33…][reconnect] received socket timeout event (unacknowledgedMsgCount: 831, timeSinceOldestUnacknowledgedMsg: 5411932, timeSinceLastReceivedSomeData: 5458267).
2026-01-22 20:21:52.808 [info] [remote-connection][Management   ][d7c33…][reconnect] resolving connection...
2026-01-22 20:21:52.809 [info] Invoking resolveAuthority(ssh-remote)...
2026-01-22 20:21:52.809 [info] [LocalProcess0][resolveAuthority(ssh-remote,168)][0ms] obtaining proxy...
2026-01-22 20:21:52.809 [info] [LocalProcess0][resolveAuthority(ssh-remote,168)][1ms] invoking...
2026-01-22 20:21:52.814 [info] [remote-connection][ExtensionHost][b16be…][reconnect] resolving connection...
2026-01-22 20:21:53.809 [info] [LocalProcess0][resolveAuthority(ssh-remote,168)][1001ms] waiting...
2026-01-22 20:21:54.809 [info] [LocalProcess0][resolveAuthority(ssh-remote,168)][2001ms] waiting...
2026-01-22 20:21:55.809 [info] [LocalProcess0][resolveAuthority(ssh-remote,168)][3001ms] waiting...
2026-01-22 20:21:56.342 [error] [LocalProcess0][resolveAuthority(ssh-remote,168)][3533ms] returned an error {"code":"TemporarilyNotAvailable","message":"No route to host"}
2026-01-22 20:21:56.342 [error] resolveAuthority(ssh-remote) returned an error after 3533 ms No route to host
2026-01-22 20:21:56.342 [info] [remote-connection][Management   ][d7c33…][reconnect] A temporarily not available error occurred while trying to reconnect, will try again...
2026-01-22 20:21:56.342 [info] [remote-connection][Management   ][d7c33…][reconnect] waiting for 30 seconds before reconnecting...
2026-01-22 20:21:56.342 [info] [remote-connection][ExtensionHost][b16be…][reconnect] A temporarily not available error occurred while trying to reconnect, will try again...
2026-01-22 20:21:56.342 [info] [remote-connection][ExtensionHost][b16be…][reconnect] waiting for 30 seconds before reconnecting...
2026-01-22 20:21:56.407 [warning] [mainThreadStorage] large extension state detected (extensionId: ms-vscode-remote.remote-ssh, global: true): 9029.8466796875kb. Consider to use 'storageUri' or 'globalStorageUri' to store this data on disk instead.
2026-01-22 20:21:59.285 [info] [remote-connection][ExtensionHost][b16be…][reconnect] received socket timeout event (unacknowledgedMsgCount: 2018, timeSinceOldestUnacknowledgedMsg: 5411909, timeSinceLastReceivedSomeData: 5477538).
2026-01-22 20:21:59.296 [info] [remote-connection][Management   ][d7c33…][reconnect] received socket timeout event (unacknowledgedMsgCount: 836, timeSinceOldestUnacknowledgedMsg: 5431933, timeSinceLastReceivedSomeData: 5478268).
2026-01-22 20:22:26.342 [info] [remote-connection][Management   ][d7c33…][reconnect] resolving connection...
2026-01-22 20:22:26.343 [info] Invoking resolveAuthority(ssh-remote)...
2026-01-22 20:22:26.343 [info] [LocalProcess0][resolveAuthority(ssh-remote,169)][0ms] obtaining proxy...
2026-01-22 20:22:26.343 [info] [LocalProcess0][resolveAuthority(ssh-remote,169)][0ms] invoking...
2026-01-22 20:22:26.345 [info] [remote-connection][ExtensionHost][b16be…][reconnect] received socket timeout event (unacknowledgedMsgCount: 2019, timeSinceOldestUnacknowledgedMsg: 5438969, timeSinceLastReceivedSomeData: 5504598).
2026-01-22 20:22:26.348 [info] [remote-connection][ExtensionHost][b16be…][reconnect] resolving connection...
2026-01-22 20:22:26.354 [info] [remote-connection][Management   ][d7c33…][reconnect] received socket timeout event (unacknowledgedMsgCount: 837, timeSinceOldestUnacknowledgedMsg: 5458990, timeSinceLastReceivedSomeData: 5505325).
2026-01-22 20:22:27.343 [info] [LocalProcess0][resolveAuthority(ssh-remote,169)][1001ms] waiting...
2026-01-22 20:22:28.343 [info] [LocalProcess0][resolveAuthority(ssh-remote,169)][2001ms] waiting...
2026-01-22 20:22:29.343 [info] [LocalProcess0][resolveAuthority(ssh-remote,169)][3001ms] waiting...
2026-01-22 20:22:29.879 [error] [LocalProcess0][resolveAuthority(ssh-remote,169)][3537ms] returned an error {"code":"TemporarilyNotAvailable","message":"No route to host"}
2026-01-22 20:22:29.879 [error] resolveAuthority(ssh-remote) returned an error after 3537 ms No route to host
2026-01-22 20:22:29.879 [info] [remote-connection][Management   ][d7c33…][reconnect] A temporarily not available error occurred while trying to reconnect, will try again...
2026-01-22 20:22:29.879 [info] [remote-connection][Management   ][d7c33…][reconnect] waiting for 30 seconds before reconnecting...
2026-01-22 20:22:29.880 [info] [remote-connection][ExtensionHost][b16be…][reconnect] A temporarily not available error occurred while trying to reconnect, will try again...
2026-01-22 20:22:29.880 [info] [remote-connection][ExtensionHost][b16be…][reconnect] waiting for 30 seconds before reconnecting...
2026-01-22 20:22:29.953 [warning] [mainThreadStorage] large extension state detected (extensionId: ms-vscode-remote.remote-ssh, global: true): 9083.59765625kb. Consider to use 'storageUri' or 'globalStorageUri' to store this data on disk instead.
2026-01-22 20:22:46.344 [info] [remote-connection][ExtensionHost][b16be…][reconnect] received socket timeout event (unacknowledgedMsgCount: 2030, timeSinceOldestUnacknowledgedMsg: 5458969, timeSinceLastReceivedSomeData: 5524598).
2026-01-22 20:22:46.354 [info] [remote-connection][Management   ][d7c33…][reconnect] received socket timeout event (unacknowledgedMsgCount: 841, timeSinceOldestUnacknowledgedMsg: 5478990, timeSinceLastReceivedSomeData: 5525325).
2026-01-22 20:22:59.880 [info] [remote-connection][Management   ][d7c33…][reconnect] resolving connection...
2026-01-22 20:22:59.880 [info] Invoking resolveAuthority(ssh-remote)...
2026-01-22 20:22:59.880 [info] [LocalProcess0][resolveAuthority(ssh-remote,170)][0ms] obtaining proxy...
2026-01-22 20:22:59.880 [info] [LocalProcess0][resolveAuthority(ssh-remote,170)][0ms] invoking...
2026-01-22 20:22:59.885 [info] [remote-connection][ExtensionHost][b16be…][reconnect] resolving connection...
2026-01-22 20:23:00.880 [info] [LocalProcess0][resolveAuthority(ssh-remote,170)][1000ms] waiting...
2026-01-22 20:23:01.880 [info] [LocalProcess0][resolveAuthority(ssh-remote,170)][2000ms] waiting...
2026-01-22 20:23:02.880 [info] [LocalProcess0][resolveAuthority(ssh-remote,170)][3000ms] waiting...
2026-01-22 20:23:03.417 [error] [LocalProcess0][resolveAuthority(ssh-remote,170)][3537ms] returned an error {"code":"TemporarilyNotAvailable","message":"No route to host"}
2026-01-22 20:23:03.417 [error] resolveAuthority(ssh-remote) returned an error after 3538 ms No route to host
2026-01-22 20:23:03.417 [info] [remote-connection][Management   ][d7c33…][reconnect] A temporarily not available error occurred while trying to reconnect, will try again...
2026-01-22 20:23:03.417 [info] [remote-connection][Management   ][d7c33…][reconnect] waiting for 30 seconds before reconnecting...
2026-01-22 20:23:03.418 [info] [remote-connection][ExtensionHost][b16be…][reconnect] A temporarily not available error occurred while trying to reconnect, will try again...
2026-01-22 20:23:03.418 [info] [remote-connection][ExtensionHost][b16be…][reconnect] waiting for 30 seconds before reconnecting...
2026-01-22 20:23:03.483 [warning] [mainThreadStorage] large extension state detected (extensionId: ms-vscode-remote.remote-ssh, global: true): 9137.3486328125kb. Consider to use 'storageUri' or 'globalStorageUri' to store this data on disk instead.
2026-01-22 20:23:06.344 [info] [remote-connection][ExtensionHost][b16be…][reconnect] received socket timeout event (unacknowledgedMsgCount: 2042, timeSinceOldestUnacknowledgedMsg: 5478969, timeSinceLastReceivedSomeData: 5544598).
2026-01-22 20:23:06.354 [info] [remote-connection][Management   ][d7c33…][reconnect] received socket timeout event (unacknowledgedMsgCount: 846, timeSinceOldestUnacknowledgedMsg: 5498990, timeSinceLastReceivedSomeData: 5545325).
2026-01-22 20:23:33.418 [info] [remote-connection][Management   ][d7c33…][reconnect] resolving connection...
2026-01-22 20:23:33.418 [info] Invoking resolveAuthority(ssh-remote)...
2026-01-22 20:23:33.418 [info] [LocalProcess0][resolveAuthority(ssh-remote,171)][0ms] obtaining proxy...
2026-01-22 20:23:33.418 [info] [LocalProcess0][resolveAuthority(ssh-remote,171)][0ms] invoking...
2026-01-22 20:23:33.420 [info] [remote-connection][ExtensionHost][b16be…][reconnect] received socket timeout event (unacknowledgedMsgCount: 2043, timeSinceOldestUnacknowledgedMsg: 5506045, timeSinceLastReceivedSomeData: 5571674).
2026-01-22 20:23:33.423 [info] [remote-connection][ExtensionHost][b16be…][reconnect] resolving connection...
2026-01-22 20:23:33.429 [info] [remote-connection][Management   ][d7c33…][reconnect] received socket timeout event (unacknowledgedMsgCount: 847, timeSinceOldestUnacknowledgedMsg: 5526066, timeSinceLastReceivedSomeData: 5572401).
2026-01-22 20:23:34.418 [info] [LocalProcess0][resolveAuthority(ssh-remote,171)][1000ms] waiting...
2026-01-22 20:23:35.418 [info] [LocalProcess0][resolveAuthority(ssh-remote,171)][2000ms] waiting...
2026-01-22 20:23:36.418 [info] [LocalProcess0][resolveAuthority(ssh-remote,171)][3000ms] waiting...
2026-01-22 20:23:36.953 [error] [LocalProcess0][resolveAuthority(ssh-remote,171)][3535ms] returned an error {"code":"TemporarilyNotAvailable","message":"No route to host"}
2026-01-22 20:23:36.953 [error] resolveAuthority(ssh-remote) returned an error after 3535 ms No route to host
2026-01-22 20:23:36.954 [info] [remote-connection][Management   ][d7c33…][reconnect] A temporarily not available error occurred while trying to reconnect, will try again...
2026-01-22 20:23:36.954 [info] [remote-connection][Management   ][d7c33…][reconnect] waiting for 30 seconds before reconnecting...
2026-01-22 20:23:36.954 [info] [remote-connection][ExtensionHost][b16be…][reconnect] A temporarily not available error occurred while trying to reconnect, will try again...
2026-01-22 20:23:36.954 [info] [remote-connection][ExtensionHost][b16be…][reconnect] waiting for 30 seconds before reconnecting...
2026-01-22 20:23:37.027 [warning] [mainThreadStorage] large extension state detected (extensionId: ms-vscode-remote.remote-ssh, global: true): 9191.099609375kb. Consider to use 'storageUri' or 'globalStorageUri' to store this data on disk instead.
2026-01-22 20:23:53.421 [info] [remote-connection][ExtensionHost][b16be…][reconnect] received socket timeout event (unacknowledgedMsgCount: 2054, timeSinceOldestUnacknowledgedMsg: 5526045, timeSinceLastReceivedSomeData: 5591674).
2026-01-22 20:23:53.429 [info] [remote-connection][Management   ][d7c33…][reconnect] received socket timeout event (unacknowledgedMsgCount: 851, timeSinceOldestUnacknowledgedMsg: 5546066, timeSinceLastReceivedSomeData: 5592401).
2026-01-22 20:24:06.954 [info] [remote-connection][Management   ][d7c33…][reconnect] resolving connection...
2026-01-22 20:24:06.954 [info] Invoking resolveAuthority(ssh-remote)...
2026-01-22 20:24:06.954 [info] [LocalProcess0][resolveAuthority(ssh-remote,172)][0ms] obtaining proxy...
2026-01-22 20:24:06.954 [info] [LocalProcess0][resolveAuthority(ssh-remote,172)][0ms] invoking...
2026-01-22 20:24:06.959 [info] [remote-connection][ExtensionHost][b16be…][reconnect] resolving connection...
2026-01-22 20:24:07.955 [info] [LocalProcess0][resolveAuthority(ssh-remote,172)][1000ms] waiting...
2026-01-22 20:24:08.954 [info] [LocalProcess0][resolveAuthority(ssh-remote,172)][2000ms] waiting...
2026-01-22 20:24:09.955 [info] [LocalProcess0][resolveAuthority(ssh-remote,172)][3000ms] waiting...
2026-01-22 20:24:10.492 [error] [LocalProcess0][resolveAuthority(ssh-remote,172)][3538ms] returned an error {"code":"TemporarilyNotAvailable","message":"No route to host"}
2026-01-22 20:24:10.492 [error] resolveAuthority(ssh-remote) returned an error after 3538 ms No route to host
2026-01-22 20:24:10.492 [info] [remote-connection][Management   ][d7c33…][reconnect] A temporarily not available error occurred while trying to reconnect, will try again...
2026-01-22 20:24:10.493 [info] [remote-connection][Management   ][d7c33…][reconnect] waiting for 30 seconds before reconnecting...
2026-01-22 20:24:10.493 [info] [remote-connection][ExtensionHost][b16be…][reconnect] A temporarily not available error occurred while trying to reconnect, will try again...
2026-01-22 20:24:10.494 [info] [remote-connection][ExtensionHost][b16be…][reconnect] waiting for 30 seconds before reconnecting...
2026-01-22 20:24:10.561 [warning] [mainThreadStorage] large extension state detected (extensionId: ms-vscode-remote.remote-ssh, global: true): 9244.8505859375kb. Consider to use 'storageUri' or 'globalStorageUri' to store this data on disk instead.
2026-01-22 20:24:13.420 [info] [remote-connection][ExtensionHost][b16be…][reconnect] received socket timeout event (unacknowledgedMsgCount: 2066, timeSinceOldestUnacknowledgedMsg: 5546045, timeSinceLastReceivedSomeData: 5611674).
2026-01-22 20:24:13.429 [info] [remote-connection][Management   ][d7c33…][reconnect] received socket timeout event (unacknowledgedMsgCount: 856, timeSinceOldestUnacknowledgedMsg: 5566066, timeSinceLastReceivedSomeData: 5612401).
2026-01-22 20:24:40.493 [info] [remote-connection][Management   ][d7c33…][reconnect] resolving connection...
2026-01-22 20:24:40.493 [info] Invoking resolveAuthority(ssh-remote)...
2026-01-22 20:24:40.493 [info] [LocalProcess0][resolveAuthority(ssh-remote,173)][0ms] obtaining proxy...
2026-01-22 20:24:40.493 [info] [LocalProcess0][resolveAuthority(ssh-remote,173)][0ms] invoking...
2026-01-22 20:24:40.495 [info] [remote-connection][ExtensionHost][b16be…][reconnect] received socket timeout event (unacknowledgedMsgCount: 2067, timeSinceOldestUnacknowledgedMsg: 5573120, timeSinceLastReceivedSomeData: 5638749).
2026-01-22 20:24:40.501 [info] [remote-connection][ExtensionHost][b16be…][reconnect] resolving connection...
2026-01-22 20:24:40.507 [info] [remote-connection][Management   ][d7c33…][reconnect] received socket timeout event (unacknowledgedMsgCount: 857, timeSinceOldestUnacknowledgedMsg: 5593144, timeSinceLastReceivedSomeData: 5639479).
2026-01-22 20:24:41.493 [info] [LocalProcess0][resolveAuthority(ssh-remote,173)][1000ms] waiting...
2026-01-22 20:24:42.493 [info] [LocalProcess0][resolveAuthority(ssh-remote,173)][2000ms] waiting...
2026-01-22 20:24:43.493 [info] [LocalProcess0][resolveAuthority(ssh-remote,173)][3000ms] waiting...
2026-01-22 20:24:44.034 [error] [LocalProcess0][resolveAuthority(ssh-remote,173)][3541ms] returned an error {"code":"TemporarilyNotAvailable","message":"No route to host"}
2026-01-22 20:24:44.034 [error] resolveAuthority(ssh-remote) returned an error after 3541 ms No route to host
2026-01-22 20:24:44.035 [info] [remote-connection][Management   ][d7c33…][reconnect] A temporarily not available error occurred while trying to reconnect, will try again...
2026-01-22 20:24:44.035 [info] [remote-connection][Management   ][d7c33…][reconnect] waiting for 30 seconds before reconnecting...
2026-01-22 20:24:44.035 [info] [remote-connection][ExtensionHost][b16be…][reconnect] A temporarily not available error occurred while trying to reconnect, will try again...
2026-01-22 20:24:44.035 [info] [remote-connection][ExtensionHost][b16be…][reconnect] waiting for 30 seconds before reconnecting...
2026-01-22 20:24:44.105 [warning] [mainThreadStorage] large extension state detected (extensionId: ms-vscode-remote.remote-ssh, global: true): 9298.6015625kb. Consider to use 'storageUri' or 'globalStorageUri' to store this data on disk instead.
2026-01-22 20:25:00.496 [info] [remote-connection][ExtensionHost][b16be…][reconnect] received socket timeout event (unacknowledgedMsgCount: 2078, timeSinceOldestUnacknowledgedMsg: 5593120, timeSinceLastReceivedSomeData: 5658749).
2026-01-22 20:25:00.508 [info] [remote-connection][Management   ][d7c33…][reconnect] received socket timeout event (unacknowledgedMsgCount: 861, timeSinceOldestUnacknowledgedMsg: 5613144, timeSinceLastReceivedSomeData: 5659479).
2026-01-22 20:25:14.035 [info] [remote-connection][Management   ][d7c33…][reconnect] resolving connection...
2026-01-22 20:25:14.035 [info] Invoking resolveAuthority(ssh-remote)...
2026-01-22 20:25:14.035 [info] [LocalProcess0][resolveAuthority(ssh-remote,174)][0ms] obtaining proxy...
2026-01-22 20:25:14.035 [info] [LocalProcess0][resolveAuthority(ssh-remote,174)][0ms] invoking...
2026-01-22 20:25:14.040 [info] [remote-connection][ExtensionHost][b16be…][reconnect] resolving connection...
2026-01-22 20:25:15.036 [info] [LocalProcess0][resolveAuthority(ssh-remote,174)][1000ms] waiting...
2026-01-22 20:25:16.036 [info] [LocalProcess0][resolveAuthority(ssh-remote,174)][2000ms] waiting...
2026-01-22 20:25:17.036 [info] [LocalProcess0][resolveAuthority(ssh-remote,174)][3000ms] waiting...
2026-01-22 20:25:17.563 [error] [LocalProcess0][resolveAuthority(ssh-remote,174)][3528ms] returned an error {"code":"TemporarilyNotAvailable","message":"No route to host"}
2026-01-22 20:25:17.564 [error] resolveAuthority(ssh-remote) returned an error after 3528 ms No route to host
2026-01-22 20:25:17.564 [info] [remote-connection][Management   ][d7c33…][reconnect] A temporarily not available error occurred while trying to reconnect, will try again...
2026-01-22 20:25:17.564 [info] [remote-connection][Management   ][d7c33…][reconnect] waiting for 30 seconds before reconnecting...
2026-01-22 20:25:17.564 [info] [remote-connection][ExtensionHost][b16be…][reconnect] A temporarily not available error occurred while trying to reconnect, will try again...
2026-01-22 20:25:17.564 [info] [remote-connection][ExtensionHost][b16be…][reconnect] waiting for 30 seconds before reconnecting...
2026-01-22 20:25:17.634 [warning] [mainThreadStorage] large extension state detected (extensionId: ms-vscode-remote.remote-ssh, global: true): 9352.3525390625kb. Consider to use 'storageUri' or 'globalStorageUri' to store this data on disk instead.
2026-01-22 20:25:20.495 [info] [remote-connection][ExtensionHost][b16be…][reconnect] received socket timeout event (unacknowledgedMsgCount: 2090, timeSinceOldestUnacknowledgedMsg: 5613120, timeSinceLastReceivedSomeData: 5678749).
2026-01-22 20:25:20.507 [info] [remote-connection][Management   ][d7c33…][reconnect] received socket timeout event (unacknowledgedMsgCount: 866, timeSinceOldestUnacknowledgedMsg: 5633144, timeSinceLastReceivedSomeData: 5679479).
2026-01-22 20:25:47.564 [info] [remote-connection][Management   ][d7c33…][reconnect] resolving connection...
2026-01-22 20:25:47.565 [info] Invoking resolveAuthority(ssh-remote)...
2026-01-22 20:25:47.565 [info] [LocalProcess0][resolveAuthority(ssh-remote,175)][0ms] obtaining proxy...
2026-01-22 20:25:47.565 [info] [LocalProcess0][resolveAuthority(ssh-remote,175)][0ms] invoking...
2026-01-22 20:25:47.567 [info] [remote-connection][ExtensionHost][b16be…][reconnect] received socket timeout event (unacknowledgedMsgCount: 2091, timeSinceOldestUnacknowledgedMsg: 5640191, timeSinceLastReceivedSomeData: 5705820).
2026-01-22 20:25:47.573 [info] [remote-connection][ExtensionHost][b16be…][reconnect] resolving connection...
2026-01-22 20:25:47.579 [info] [remote-connection][Management   ][d7c33…][reconnect] received socket timeout event (unacknowledgedMsgCount: 867, timeSinceOldestUnacknowledgedMsg: 5660215, timeSinceLastReceivedSomeData: 5706550).
2026-01-22 20:25:48.565 [info] [LocalProcess0][resolveAuthority(ssh-remote,175)][1001ms] waiting...
2026-01-22 20:25:49.565 [info] [LocalProcess0][resolveAuthority(ssh-remote,175)][2001ms] waiting...
2026-01-22 20:25:50.565 [info] [LocalProcess0][resolveAuthority(ssh-remote,175)][3001ms] waiting...
2026-01-22 20:25:51.099 [error] [LocalProcess0][resolveAuthority(ssh-remote,175)][3535ms] returned an error {"code":"TemporarilyNotAvailable","message":"No route to host"}
2026-01-22 20:25:51.099 [error] resolveAuthority(ssh-remote) returned an error after 3535 ms No route to host
2026-01-22 20:25:51.100 [info] [remote-connection][Management   ][d7c33…][reconnect] A temporarily not available error occurred while trying to reconnect, will try again...
2026-01-22 20:25:51.100 [info] [remote-connection][Management   ][d7c33…][reconnect] waiting for 30 seconds before reconnecting...
2026-01-22 20:25:51.100 [info] [remote-connection][ExtensionHost][b16be…][reconnect] A temporarily not available error occurred while trying to reconnect, will try again...
2026-01-22 20:25:51.100 [info] [remote-connection][ExtensionHost][b16be…][reconnect] waiting for 30 seconds before reconnecting...
2026-01-22 20:25:51.169 [warning] [mainThreadStorage] large extension state detected (extensionId: ms-vscode-remote.remote-ssh, global: true): 9406.103515625kb. Consider to use 'storageUri' or 'globalStorageUri' to store this data on disk instead.
2026-01-22 20:26:07.566 [info] [remote-connection][ExtensionHost][b16be…][reconnect] received socket timeout event (unacknowledgedMsgCount: 2102, timeSinceOldestUnacknowledgedMsg: 5660191, timeSinceLastReceivedSomeData: 5725820).
2026-01-22 20:26:07.578 [info] [remote-connection][Management   ][d7c33…][reconnect] received socket timeout event (unacknowledgedMsgCount: 871, timeSinceOldestUnacknowledgedMsg: 5680215, timeSinceLastReceivedSomeData: 5726550).
2026-01-22 20:26:21.100 [info] [remote-connection][Management   ][d7c33…][reconnect] resolving connection...
2026-01-22 20:26:21.100 [info] Invoking resolveAuthority(ssh-remote)...
2026-01-22 20:26:21.100 [info] [LocalProcess0][resolveAuthority(ssh-remote,176)][0ms] obtaining proxy...
2026-01-22 20:26:21.101 [info] [LocalProcess0][resolveAuthority(ssh-remote,176)][0ms] invoking...
2026-01-22 20:26:21.108 [info] [remote-connection][ExtensionHost][b16be…][reconnect] resolving connection...
2026-01-22 20:26:22.101 [info] [LocalProcess0][resolveAuthority(ssh-remote,176)][1000ms] waiting...
2026-01-22 20:26:23.101 [info] [LocalProcess0][resolveAuthority(ssh-remote,176)][2000ms] waiting...
2026-01-22 20:26:24.101 [info] [LocalProcess0][resolveAuthority(ssh-remote,176)][3000ms] waiting...
2026-01-22 20:26:24.652 [error] [LocalProcess0][resolveAuthority(ssh-remote,176)][3551ms] returned an error {"code":"TemporarilyNotAvailable","message":"No route to host"}
2026-01-22 20:26:24.652 [error] resolveAuthority(ssh-remote) returned an error after 3552 ms No route to host
2026-01-22 20:26:24.652 [info] [remote-connection][Management   ][d7c33…][reconnect] A temporarily not available error occurred while trying to reconnect, will try again...
2026-01-22 20:26:24.652 [info] [remote-connection][Management   ][d7c33…][reconnect] waiting for 30 seconds before reconnecting...
2026-01-22 20:26:24.652 [info] [remote-connection][ExtensionHost][b16be…][reconnect] A temporarily not available error occurred while trying to reconnect, will try again...
2026-01-22 20:26:24.653 [info] [remote-connection][ExtensionHost][b16be…][reconnect] waiting for 30 seconds before reconnecting...
2026-01-22 20:26:24.727 [warning] [mainThreadStorage] large extension state detected (extensionId: ms-vscode-remote.remote-ssh, global: true): 9459.8544921875kb. Consider to use 'storageUri' or 'globalStorageUri' to store this data on disk instead.
2026-01-22 20:26:27.567 [info] [remote-connection][ExtensionHost][b16be…][reconnect] received socket timeout event (unacknowledgedMsgCount: 2114, timeSinceOldestUnacknowledgedMsg: 5680191, timeSinceLastReceivedSomeData: 5745820).
2026-01-22 20:26:27.579 [info] [remote-connection][Management   ][d7c33…][reconnect] received socket timeout event (unacknowledgedMsgCount: 876, timeSinceOldestUnacknowledgedMsg: 5700216, timeSinceLastReceivedSomeData: 5746551).
2026-01-22 20:26:54.653 [info] [remote-connection][Management   ][d7c33…][reconnect] resolving connection...
2026-01-22 20:26:54.653 [info] Invoking resolveAuthority(ssh-remote)...
2026-01-22 20:26:54.653 [info] [LocalProcess0][resolveAuthority(ssh-remote,177)][0ms] obtaining proxy...
2026-01-22 20:26:54.653 [info] [LocalProcess0][resolveAuthority(ssh-remote,177)][0ms] invoking...
2026-01-22 20:26:54.655 [info] [remote-connection][ExtensionHost][b16be…][reconnect] received socket timeout event (unacknowledgedMsgCount: 2115, timeSinceOldestUnacknowledgedMsg: 5707280, timeSinceLastReceivedSomeData: 5772909).
2026-01-22 20:26:54.661 [info] [remote-connection][ExtensionHost][b16be…][reconnect] resolving connection...
2026-01-22 20:26:54.668 [info] [remote-connection][Management   ][d7c33…][reconnect] received socket timeout event (unacknowledgedMsgCount: 877, timeSinceOldestUnacknowledgedMsg: 5727305, timeSinceLastReceivedSomeData: 5773640).
2026-01-22 20:26:55.653 [info] [LocalProcess0][resolveAuthority(ssh-remote,177)][1000ms] waiting...
2026-01-22 20:26:56.653 [info] [LocalProcess0][resolveAuthority(ssh-remote,177)][2000ms] waiting...
2026-01-22 20:26:57.653 [info] [LocalProcess0][resolveAuthority(ssh-remote,177)][3000ms] waiting...
2026-01-22 20:26:58.171 [error] [LocalProcess0][resolveAuthority(ssh-remote,177)][3518ms] returned an error {"code":"TemporarilyNotAvailable","message":"No route to host"}
2026-01-22 20:26:58.171 [error] resolveAuthority(ssh-remote) returned an error after 3519 ms No route to host
2026-01-22 20:26:58.171 [info] [remote-connection][Management   ][d7c33…][reconnect] A temporarily not available error occurred while trying to reconnect, will try again...
2026-01-22 20:26:58.171 [info] [remote-connection][Management   ][d7c33…][reconnect] waiting for 30 seconds before reconnecting...
2026-01-22 20:26:58.171 [info] [remote-connection][ExtensionHost][b16be…][reconnect] A temporarily not available error occurred while trying to reconnect, will try again...
2026-01-22 20:26:58.172 [info] [remote-connection][ExtensionHost][b16be…][reconnect] waiting for 30 seconds before reconnecting...
2026-01-22 20:26:58.248 [warning] [mainThreadStorage] large extension state detected (extensionId: ms-vscode-remote.remote-ssh, global: true): 9513.60546875kb. Consider to use 'storageUri' or 'globalStorageUri' to store this data on disk instead.
2026-01-22 20:27:14.656 [info] [remote-connection][ExtensionHost][b16be…][reconnect] received socket timeout event (unacknowledgedMsgCount: 2126, timeSinceOldestUnacknowledgedMsg: 5727281, timeSinceLastReceivedSomeData: 5792910).
2026-01-22 20:27:14.669 [info] [remote-connection][Management   ][d7c33…][reconnect] received socket timeout event (unacknowledgedMsgCount: 881, timeSinceOldestUnacknowledgedMsg: 5747306, timeSinceLastReceivedSomeData: 5793641).
2026-01-22 20:27:28.172 [info] [remote-connection][Management   ][d7c33…][reconnect] resolving connection...
2026-01-22 20:27:28.172 [info] Invoking resolveAuthority(ssh-remote)...
2026-01-22 20:27:28.172 [info] [LocalProcess0][resolveAuthority(ssh-remote,178)][0ms] obtaining proxy...
2026-01-22 20:27:28.172 [info] [LocalProcess0][resolveAuthority(ssh-remote,178)][0ms] invoking...
2026-01-22 20:27:28.180 [info] [remote-connection][ExtensionHost][b16be…][reconnect] resolving connection...
2026-01-22 20:27:29.172 [info] [LocalProcess0][resolveAuthority(ssh-remote,178)][1000ms] waiting...
2026-01-22 20:27:30.172 [info] [LocalProcess0][resolveAuthority(ssh-remote,178)][2000ms] waiting...
2026-01-22 20:27:31.172 [info] [LocalProcess0][resolveAuthority(ssh-remote,178)][3000ms] waiting...
2026-01-22 20:27:31.707 [error] [LocalProcess0][resolveAuthority(ssh-remote,178)][3535ms] returned an error {"code":"TemporarilyNotAvailable","message":"No route to host"}
2026-01-22 20:27:31.708 [error] resolveAuthority(ssh-remote) returned an error after 3535 ms No route to host
2026-01-22 20:27:31.708 [info] [remote-connection][Management   ][d7c33…][reconnect] A temporarily not available error occurred while trying to reconnect, will try again...
2026-01-22 20:27:31.708 [info] [remote-connection][Management   ][d7c33…][reconnect] waiting for 30 seconds before reconnecting...
2026-01-22 20:27:31.708 [info] [remote-connection][ExtensionHost][b16be…][reconnect] A temporarily not available error occurred while trying to reconnect, will try again...
2026-01-22 20:27:31.708 [info] [remote-connection][ExtensionHost][b16be…][reconnect] waiting for 30 seconds before reconnecting...
2026-01-22 20:27:31.785 [warning] [mainThreadStorage] large extension state detected (extensionId: ms-vscode-remote.remote-ssh, global: true): 9567.3564453125kb. Consider to use 'storageUri' or 'globalStorageUri' to store this data on disk instead.
2026-01-22 20:27:34.656 [info] [remote-connection][ExtensionHost][b16be…][reconnect] received socket timeout event (unacknowledgedMsgCount: 2138, timeSinceOldestUnacknowledgedMsg: 5747281, timeSinceLastReceivedSomeData: 5812910).
2026-01-22 20:27:34.669 [info] [remote-connection][Management   ][d7c33…][reconnect] received socket timeout event (unacknowledgedMsgCount: 886, timeSinceOldestUnacknowledgedMsg: 5767306, timeSinceLastReceivedSomeData: 5813641).
2026-01-22 20:28:01.708 [info] [remote-connection][Management   ][d7c33…][reconnect] resolving connection...
2026-01-22 20:28:01.708 [info] Invoking resolveAuthority(ssh-remote)...
2026-01-22 20:28:01.709 [info] [LocalProcess0][resolveAuthority(ssh-remote,179)][0ms] obtaining proxy...
2026-01-22 20:28:01.709 [info] [LocalProcess0][resolveAuthority(ssh-remote,179)][0ms] invoking...
2026-01-22 20:28:01.711 [info] [remote-connection][ExtensionHost][b16be…][reconnect] received socket timeout event (unacknowledgedMsgCount: 2139, timeSinceOldestUnacknowledgedMsg: 5774336, timeSinceLastReceivedSomeData: 5839965).
2026-01-22 20:28:01.718 [info] [remote-connection][ExtensionHost][b16be…][reconnect] resolving connection...
2026-01-22 20:28:01.724 [info] [remote-connection][Management   ][d7c33…][reconnect] received socket timeout event (unacknowledgedMsgCount: 887, timeSinceOldestUnacknowledgedMsg: 5794361, timeSinceLastReceivedSomeData: 5840696).
2026-01-22 20:28:02.709 [info] [LocalProcess0][resolveAuthority(ssh-remote,179)][1001ms] waiting...
2026-01-22 20:28:03.709 [info] [LocalProcess0][resolveAuthority(ssh-remote,179)][2001ms] waiting...
2026-01-22 20:28:04.709 [info] [LocalProcess0][resolveAuthority(ssh-remote,179)][3001ms] waiting...
2026-01-22 20:28:05.252 [error] [LocalProcess0][resolveAuthority(ssh-remote,179)][3544ms] returned an error {"code":"TemporarilyNotAvailable","message":"No route to host"}
2026-01-22 20:28:05.252 [error] resolveAuthority(ssh-remote) returned an error after 3544 ms No route to host
2026-01-22 20:28:05.252 [info] [remote-connection][Management   ][d7c33…][reconnect] A temporarily not available error occurred while trying to reconnect, will try again...
2026-01-22 20:28:05.253 [info] [remote-connection][Management   ][d7c33…][reconnect] waiting for 30 seconds before reconnecting...
2026-01-22 20:28:05.253 [info] [remote-connection][ExtensionHost][b16be…][reconnect] A temporarily not available error occurred while trying to reconnect, will try again...
2026-01-22 20:28:05.253 [info] [remote-connection][ExtensionHost][b16be…][reconnect] waiting for 30 seconds before reconnecting...
2026-01-22 20:28:05.326 [warning] [mainThreadStorage] large extension state detected (extensionId: ms-vscode-remote.remote-ssh, global: true): 9621.107421875kb. Consider to use 'storageUri' or 'globalStorageUri' to store this data on disk instead.
2026-01-22 20:28:21.712 [info] [remote-connection][ExtensionHost][b16be…][reconnect] received socket timeout event (unacknowledgedMsgCount: 2150, timeSinceOldestUnacknowledgedMsg: 5794336, timeSinceLastReceivedSomeData: 5859965).
2026-01-22 20:28:21.724 [info] [remote-connection][Management   ][d7c33…][reconnect] received socket timeout event (unacknowledgedMsgCount: 891, timeSinceOldestUnacknowledgedMsg: 5814361, timeSinceLastReceivedSomeData: 5860696).
2026-01-22 20:28:35.253 [info] [remote-connection][Management   ][d7c33…][reconnect] resolving connection...
2026-01-22 20:28:35.253 [info] Invoking resolveAuthority(ssh-remote)...
2026-01-22 20:28:35.253 [info] [LocalProcess0][resolveAuthority(ssh-remote,180)][0ms] obtaining proxy...
2026-01-22 20:28:35.253 [info] [LocalProcess0][resolveAuthority(ssh-remote,180)][0ms] invoking...
2026-01-22 20:28:35.258 [info] [remote-connection][ExtensionHost][b16be…][reconnect] resolving connection...
2026-01-22 20:28:36.254 [info] [LocalProcess0][resolveAuthority(ssh-remote,180)][1000ms] waiting...
2026-01-22 20:28:37.254 [info] [LocalProcess0][resolveAuthority(ssh-remote,180)][2000ms] waiting...
2026-01-22 20:28:38.254 [info] [LocalProcess0][resolveAuthority(ssh-remote,180)][3000ms] waiting...
2026-01-22 20:28:38.789 [error] [LocalProcess0][resolveAuthority(ssh-remote,180)][3536ms] returned an error {"code":"TemporarilyNotAvailable","message":"No route to host"}
2026-01-22 20:28:38.789 [error] resolveAuthority(ssh-remote) returned an error after 3536 ms No route to host
2026-01-22 20:28:38.789 [info] [remote-connection][Management   ][d7c33…][reconnect] A temporarily not available error occurred while trying to reconnect, will try again...
2026-01-22 20:28:38.789 [info] [remote-connection][Management   ][d7c33…][reconnect] waiting for 30 seconds before reconnecting...
2026-01-22 20:28:38.789 [info] [remote-connection][ExtensionHost][b16be…][reconnect] A temporarily not available error occurred while trying to reconnect, will try again...
2026-01-22 20:28:38.790 [info] [remote-connection][ExtensionHost][b16be…][reconnect] waiting for 30 seconds before reconnecting...
2026-01-22 20:28:38.869 [warning] [mainThreadStorage] large extension state detected (extensionId: ms-vscode-remote.remote-ssh, global: true): 9674.8583984375kb. Consider to use 'storageUri' or 'globalStorageUri' to store this data on disk instead.
2026-01-22 20:28:41.711 [info] [remote-connection][ExtensionHost][b16be…][reconnect] received socket timeout event (unacknowledgedMsgCount: 2162, timeSinceOldestUnacknowledgedMsg: 5814336, timeSinceLastReceivedSomeData: 5879965).
2026-01-22 20:28:41.724 [info] [remote-connection][Management   ][d7c33…][reconnect] received socket timeout event (unacknowledgedMsgCount: 896, timeSinceOldestUnacknowledgedMsg: 5834361, timeSinceLastReceivedSomeData: 5880696).
2026-01-22 20:29:08.790 [info] [remote-connection][Management   ][d7c33…][reconnect] resolving connection...
2026-01-22 20:29:08.790 [info] Invoking resolveAuthority(ssh-remote)...
2026-01-22 20:29:08.790 [info] [LocalProcess0][resolveAuthority(ssh-remote,181)][0ms] obtaining proxy...
2026-01-22 20:29:08.790 [info] [LocalProcess0][resolveAuthority(ssh-remote,181)][0ms] invoking...
2026-01-22 20:29:08.792 [info] [remote-connection][ExtensionHost][b16be…][reconnect] received socket timeout event (unacknowledgedMsgCount: 2163, timeSinceOldestUnacknowledgedMsg: 5841417, timeSinceLastReceivedSomeData: 5907046).
2026-01-22 20:29:08.795 [info] [remote-connection][ExtensionHost][b16be…][reconnect] resolving connection...
2026-01-22 20:29:08.801 [info] [remote-connection][Management   ][d7c33…][reconnect] received socket timeout event (unacknowledgedMsgCount: 897, timeSinceOldestUnacknowledgedMsg: 5861438, timeSinceLastReceivedSomeData: 5907773).
2026-01-22 20:29:09.790 [info] [LocalProcess0][resolveAuthority(ssh-remote,181)][1000ms] waiting...
2026-01-22 20:29:10.790 [info] [LocalProcess0][resolveAuthority(ssh-remote,181)][2000ms] waiting...
2026-01-22 20:29:11.790 [info] [LocalProcess0][resolveAuthority(ssh-remote,181)][3000ms] waiting...
2026-01-22 20:29:12.318 [error] [LocalProcess0][resolveAuthority(ssh-remote,181)][3528ms] returned an error {"code":"TemporarilyNotAvailable","message":"No route to host"}
2026-01-22 20:29:12.319 [error] resolveAuthority(ssh-remote) returned an error after 3528 ms No route to host
2026-01-22 20:29:12.319 [info] [remote-connection][Management   ][d7c33…][reconnect] A temporarily not available error occurred while trying to reconnect, will try again...
2026-01-22 20:29:12.319 [info] [remote-connection][Management   ][d7c33…][reconnect] waiting for 30 seconds before reconnecting...
2026-01-22 20:29:12.319 [info] [remote-connection][ExtensionHost][b16be…][reconnect] A temporarily not available error occurred while trying to reconnect, will try again...
2026-01-22 20:29:12.319 [info] [remote-connection][ExtensionHost][b16be…][reconnect] waiting for 30 seconds before reconnecting...
2026-01-22 20:29:12.399 [warning] [mainThreadStorage] large extension state detected (extensionId: ms-vscode-remote.remote-ssh, global: true): 9728.609375kb. Consider to use 'storageUri' or 'globalStorageUri' to store this data on disk instead.
2026-01-22 20:29:28.793 [info] [remote-connection][ExtensionHost][b16be…][reconnect] received socket timeout event (unacknowledgedMsgCount: 2174, timeSinceOldestUnacknowledgedMsg: 5861417, timeSinceLastReceivedSomeData: 5927046).
2026-01-22 20:29:28.801 [info] [remote-connection][Management   ][d7c33…][reconnect] received socket timeout event (unacknowledgedMsgCount: 901, timeSinceOldestUnacknowledgedMsg: 5881438, timeSinceLastReceivedSomeData: 5927773).
2026-01-22 20:29:42.319 [info] [remote-connection][Management   ][d7c33…][reconnect] resolving connection...
2026-01-22 20:29:42.319 [info] Invoking resolveAuthority(ssh-remote)...
2026-01-22 20:29:42.320 [info] [LocalProcess0][resolveAuthority(ssh-remote,182)][0ms] obtaining proxy...
2026-01-22 20:29:42.320 [info] [LocalProcess0][resolveAuthority(ssh-remote,182)][0ms] invoking...
2026-01-22 20:29:42.324 [info] [remote-connection][ExtensionHost][b16be…][reconnect] resolving connection...
2026-01-22 20:29:43.320 [info] [LocalProcess0][resolveAuthority(ssh-remote,182)][1000ms] waiting...
2026-01-22 20:29:44.320 [info] [LocalProcess0][resolveAuthority(ssh-remote,182)][2000ms] waiting...
2026-01-22 20:29:45.320 [info] [LocalProcess0][resolveAuthority(ssh-remote,182)][3000ms] waiting...
2026-01-22 20:29:45.853 [error] [LocalProcess0][resolveAuthority(ssh-remote,182)][3534ms] returned an error {"code":"TemporarilyNotAvailable","message":"No route to host"}
2026-01-22 20:29:45.853 [error] resolveAuthority(ssh-remote) returned an error after 3534 ms No route to host
2026-01-22 20:29:45.854 [info] [remote-connection][Management   ][d7c33…][reconnect] A temporarily not available error occurred while trying to reconnect, will try again...
2026-01-22 20:29:45.854 [info] [remote-connection][Management   ][d7c33…][reconnect] waiting for 30 seconds before reconnecting...
2026-01-22 20:29:45.854 [info] [remote-connection][ExtensionHost][b16be…][reconnect] A temporarily not available error occurred while trying to reconnect, will try again...
2026-01-22 20:29:45.854 [info] [remote-connection][ExtensionHost][b16be…][reconnect] waiting for 30 seconds before reconnecting...
2026-01-22 20:29:45.929 [warning] [mainThreadStorage] large extension state detected (extensionId: ms-vscode-remote.remote-ssh, global: true): 9782.3603515625kb. Consider to use 'storageUri' or 'globalStorageUri' to store this data on disk instead.
2026-01-22 20:29:48.793 [info] [remote-connection][ExtensionHost][b16be…][reconnect] received socket timeout event (unacknowledgedMsgCount: 2186, timeSinceOldestUnacknowledgedMsg: 5881417, timeSinceLastReceivedSomeData: 5947046).
2026-01-22 20:29:48.802 [info] [remote-connection][Management   ][d7c33…][reconnect] received socket timeout event (unacknowledgedMsgCount: 906, timeSinceOldestUnacknowledgedMsg: 5901439, timeSinceLastReceivedSomeData: 5947774).
2026-01-22 20:30:15.854 [info] [remote-connection][Management   ][d7c33…][reconnect] resolving connection...
2026-01-22 20:30:15.854 [info] Invoking resolveAuthority(ssh-remote)...
2026-01-22 20:30:15.854 [info] [LocalProcess0][resolveAuthority(ssh-remote,183)][0ms] obtaining proxy...
2026-01-22 20:30:15.855 [info] [LocalProcess0][resolveAuthority(ssh-remote,183)][0ms] invoking...
2026-01-22 20:30:15.856 [info] [remote-connection][ExtensionHost][b16be…][reconnect] received socket timeout event (unacknowledgedMsgCount: 2187, timeSinceOldestUnacknowledgedMsg: 5908481, timeSinceLastReceivedSomeData: 5974110).
2026-01-22 20:30:15.860 [info] [remote-connection][ExtensionHost][b16be…][reconnect] resolving connection...
2026-01-22 20:30:15.865 [info] [remote-connection][Management   ][d7c33…][reconnect] received socket timeout event (unacknowledgedMsgCount: 907, timeSinceOldestUnacknowledgedMsg: 5928502, timeSinceLastReceivedSomeData: 5974837).
2026-01-22 20:30:16.855 [info] [LocalProcess0][resolveAuthority(ssh-remote,183)][1000ms] waiting...
2026-01-22 20:30:17.855 [info] [LocalProcess0][resolveAuthority(ssh-remote,183)][2000ms] waiting...
2026-01-22 20:30:18.855 [info] [LocalProcess0][resolveAuthority(ssh-remote,183)][3000ms] waiting...
2026-01-22 20:30:19.392 [error] [LocalProcess0][resolveAuthority(ssh-remote,183)][3537ms] returned an error {"code":"TemporarilyNotAvailable","message":"No route to host"}
2026-01-22 20:30:19.392 [error] resolveAuthority(ssh-remote) returned an error after 3538 ms No route to host
2026-01-22 20:30:19.392 [info] [remote-connection][Management   ][d7c33…][reconnect] A temporarily not available error occurred while trying to reconnect, will try again...
2026-01-22 20:30:19.392 [info] [remote-connection][Management   ][d7c33…][reconnect] waiting for 30 seconds before reconnecting...
2026-01-22 20:30:19.392 [info] [remote-connection][ExtensionHost][b16be…][reconnect] A temporarily not available error occurred while trying to reconnect, will try again...
2026-01-22 20:30:19.393 [info] [remote-connection][ExtensionHost][b16be…][reconnect] waiting for 30 seconds before reconnecting...
2026-01-22 20:30:19.466 [warning] [mainThreadStorage] large extension state detected (extensionId: ms-vscode-remote.remote-ssh, global: true): 9836.111328125kb. Consider to use 'storageUri' or 'globalStorageUri' to store this data on disk instead.
2026-01-22 20:30:35.857 [info] [remote-connection][ExtensionHost][b16be…][reconnect] received socket timeout event (unacknowledgedMsgCount: 2198, timeSinceOldestUnacknowledgedMsg: 5928482, timeSinceLastReceivedSomeData: 5994111).
2026-01-22 20:30:35.865 [info] [remote-connection][Management   ][d7c33…][reconnect] received socket timeout event (unacknowledgedMsgCount: 911, timeSinceOldestUnacknowledgedMsg: 5948502, timeSinceLastReceivedSomeData: 5994837).
2026-01-22 20:30:49.392 [info] [remote-connection][Management   ][d7c33…][reconnect] resolving connection...
2026-01-22 20:30:49.393 [info] Invoking resolveAuthority(ssh-remote)...
2026-01-22 20:30:49.393 [info] [LocalProcess0][resolveAuthority(ssh-remote,184)][0ms] obtaining proxy...
2026-01-22 20:30:49.393 [info] [LocalProcess0][resolveAuthority(ssh-remote,184)][1ms] invoking...
2026-01-22 20:30:49.398 [info] [remote-connection][ExtensionHost][b16be…][reconnect] resolving connection...
2026-01-22 20:30:50.393 [info] [LocalProcess0][resolveAuthority(ssh-remote,184)][1001ms] waiting...
2026-01-22 20:30:51.393 [info] [LocalProcess0][resolveAuthority(ssh-remote,184)][2001ms] waiting...
2026-01-22 20:30:52.393 [info] [LocalProcess0][resolveAuthority(ssh-remote,184)][3001ms] waiting...
2026-01-22 20:30:52.929 [error] [LocalProcess0][resolveAuthority(ssh-remote,184)][3537ms] returned an error {"code":"TemporarilyNotAvailable","message":"No route to host"}
2026-01-22 20:30:52.930 [error] resolveAuthority(ssh-remote) returned an error after 3537 ms No route to host
2026-01-22 20:30:52.930 [info] [remote-connection][Management   ][d7c33…][reconnect] A temporarily not available error occurred while trying to reconnect, will try again...
2026-01-22 20:30:52.930 [info] [remote-connection][Management   ][d7c33…][reconnect] waiting for 30 seconds before reconnecting...
2026-01-22 20:30:52.930 [info] [remote-connection][ExtensionHost][b16be…][reconnect] A temporarily not available error occurred while trying to reconnect, will try again...
2026-01-22 20:30:52.930 [info] [remote-connection][ExtensionHost][b16be…][reconnect] waiting for 30 seconds before reconnecting...
2026-01-22 20:30:53.006 [warning] [mainThreadStorage] large extension state detected (extensionId: ms-vscode-remote.remote-ssh, global: true): 9889.8623046875kb. Consider to use 'storageUri' or 'globalStorageUri' to store this data on disk instead.
2026-01-22 20:30:55.857 [info] [remote-connection][ExtensionHost][b16be…][reconnect] received socket timeout event (unacknowledgedMsgCount: 2210, timeSinceOldestUnacknowledgedMsg: 5948482, timeSinceLastReceivedSomeData: 6014111).
2026-01-22 20:30:55.865 [info] [remote-connection][Management   ][d7c33…][reconnect] received socket timeout event (unacknowledgedMsgCount: 916, timeSinceOldestUnacknowledgedMsg: 5968502, timeSinceLastReceivedSomeData: 6014837).
2026-01-22 20:31:22.930 [info] [remote-connection][Management   ][d7c33…][reconnect] resolving connection...
2026-01-22 20:31:22.930 [info] Invoking resolveAuthority(ssh-remote)...
2026-01-22 20:31:22.931 [info] [LocalProcess0][resolveAuthority(ssh-remote,185)][0ms] obtaining proxy...
2026-01-22 20:31:22.931 [info] [LocalProcess0][resolveAuthority(ssh-remote,185)][0ms] invoking...
2026-01-22 20:31:22.933 [info] [remote-connection][ExtensionHost][b16be…][reconnect] received socket timeout event (unacknowledgedMsgCount: 2211, timeSinceOldestUnacknowledgedMsg: 5975557, timeSinceLastReceivedSomeData: 6041186).
2026-01-22 20:31:22.936 [info] [remote-connection][ExtensionHost][b16be…][reconnect] resolving connection...
2026-01-22 20:31:22.941 [info] [remote-connection][Management   ][d7c33…][reconnect] received socket timeout event (unacknowledgedMsgCount: 917, timeSinceOldestUnacknowledgedMsg: 5995578, timeSinceLastReceivedSomeData: 6041913).
2026-01-22 20:31:23.931 [info] [LocalProcess0][resolveAuthority(ssh-remote,185)][1001ms] waiting...
2026-01-22 20:31:24.931 [info] [LocalProcess0][resolveAuthority(ssh-remote,185)][2001ms] waiting...
2026-01-22 20:31:25.931 [info] [LocalProcess0][resolveAuthority(ssh-remote,185)][3001ms] waiting...
2026-01-22 20:31:26.463 [error] [LocalProcess0][resolveAuthority(ssh-remote,185)][3533ms] returned an error {"code":"TemporarilyNotAvailable","message":"No route to host"}
2026-01-22 20:31:26.463 [error] resolveAuthority(ssh-remote) returned an error after 3533 ms No route to host
2026-01-22 20:31:26.463 [info] [remote-connection][Management   ][d7c33…][reconnect] A temporarily not available error occurred while trying to reconnect, will try again...
2026-01-22 20:31:26.463 [info] [remote-connection][Management   ][d7c33…][reconnect] waiting for 30 seconds before reconnecting...
2026-01-22 20:31:26.463 [info] [remote-connection][ExtensionHost][b16be…][reconnect] A temporarily not available error occurred while trying to reconnect, will try again...
2026-01-22 20:31:26.464 [info] [remote-connection][ExtensionHost][b16be…][reconnect] waiting for 30 seconds before reconnecting...
2026-01-22 20:31:26.537 [warning] [mainThreadStorage] large extension state detected (extensionId: ms-vscode-remote.remote-ssh, global: true): 9943.61328125kb. Consider to use 'storageUri' or 'globalStorageUri' to store this data on disk instead.
2026-01-22 20:31:42.932 [info] [remote-connection][ExtensionHost][b16be…][reconnect] received socket timeout event (unacknowledgedMsgCount: 2222, timeSinceOldestUnacknowledgedMsg: 5995557, timeSinceLastReceivedSomeData: 6061186).
2026-01-22 20:31:42.942 [info] [remote-connection][Management   ][d7c33…][reconnect] received socket timeout event (unacknowledgedMsgCount: 921, timeSinceOldestUnacknowledgedMsg: 6015578, timeSinceLastReceivedSomeData: 6061913).
2026-01-22 20:31:56.464 [info] [remote-connection][Management   ][d7c33…][reconnect] resolving connection...
2026-01-22 20:31:56.464 [info] Invoking resolveAuthority(ssh-remote)...
2026-01-22 20:31:56.464 [info] [LocalProcess0][resolveAuthority(ssh-remote,186)][0ms] obtaining proxy...
2026-01-22 20:31:56.464 [info] [LocalProcess0][resolveAuthority(ssh-remote,186)][0ms] invoking...
2026-01-22 20:31:56.469 [info] [remote-connection][ExtensionHost][b16be…][reconnect] resolving connection...
2026-01-22 20:31:57.464 [info] [LocalProcess0][resolveAuthority(ssh-remote,186)][1000ms] waiting...
2026-01-22 20:31:58.464 [info] [LocalProcess0][resolveAuthority(ssh-remote,186)][2000ms] waiting...
2026-01-22 20:31:59.464 [info] [LocalProcess0][resolveAuthority(ssh-remote,186)][3000ms] waiting...
2026-01-22 20:32:00.003 [error] [LocalProcess0][resolveAuthority(ssh-remote,186)][3539ms] returned an error {"code":"TemporarilyNotAvailable","message":"No route to host"}
2026-01-22 20:32:00.003 [error] resolveAuthority(ssh-remote) returned an error after 3539 ms No route to host
2026-01-22 20:32:00.003 [info] [remote-connection][Management   ][d7c33…][reconnect] A temporarily not available error occurred while trying to reconnect, will try again...
2026-01-22 20:32:00.003 [info] [remote-connection][Management   ][d7c33…][reconnect] waiting for 30 seconds before reconnecting...
2026-01-22 20:32:00.004 [info] [remote-connection][ExtensionHost][b16be…][reconnect] A temporarily not available error occurred while trying to reconnect, will try again...
2026-01-22 20:32:00.004 [info] [remote-connection][ExtensionHost][b16be…][reconnect] waiting for 30 seconds before reconnecting...
2026-01-22 20:32:00.083 [warning] [mainThreadStorage] large extension state detected (extensionId: ms-vscode-remote.remote-ssh, global: true): 9997.3642578125kb. Consider to use 'storageUri' or 'globalStorageUri' to store this data on disk instead.
2026-01-22 20:32:02.932 [info] [remote-connection][ExtensionHost][b16be…][reconnect] received socket timeout event (unacknowledgedMsgCount: 2234, timeSinceOldestUnacknowledgedMsg: 6015557, timeSinceLastReceivedSomeData: 6081186).
2026-01-22 20:32:02.942 [info] [remote-connection][Management   ][d7c33…][reconnect] received socket timeout event (unacknowledgedMsgCount: 926, timeSinceOldestUnacknowledgedMsg: 6035578, timeSinceLastReceivedSomeData: 6081913).
2026-01-22 20:32:30.004 [info] [remote-connection][Management   ][d7c33…][reconnect] resolving connection...
2026-01-22 20:32:30.004 [info] Invoking resolveAuthority(ssh-remote)...
2026-01-22 20:32:30.004 [info] [LocalProcess0][resolveAuthority(ssh-remote,187)][0ms] obtaining proxy...
2026-01-22 20:32:30.004 [info] [LocalProcess0][resolveAuthority(ssh-remote,187)][0ms] invoking...
2026-01-22 20:32:30.006 [info] [remote-connection][ExtensionHost][b16be…][reconnect] received socket timeout event (unacknowledgedMsgCount: 2235, timeSinceOldestUnacknowledgedMsg: 6042631, timeSinceLastReceivedSomeData: 6108260).
2026-01-22 20:32:30.009 [info] [remote-connection][ExtensionHost][b16be…][reconnect] resolving connection...
2026-01-22 20:32:30.024 [info] [remote-connection][Management   ][d7c33…][reconnect] received socket timeout event (unacknowledgedMsgCount: 927, timeSinceOldestUnacknowledgedMsg: 6062661, timeSinceLastReceivedSomeData: 6108996).
2026-01-22 20:32:31.004 [info] [LocalProcess0][resolveAuthority(ssh-remote,187)][1000ms] waiting...
2026-01-22 20:32:32.004 [info] [LocalProcess0][resolveAuthority(ssh-remote,187)][2000ms] waiting...
2026-01-22 20:32:33.004 [info] [LocalProcess0][resolveAuthority(ssh-remote,187)][3000ms] waiting...
2026-01-22 20:32:33.537 [error] [LocalProcess0][resolveAuthority(ssh-remote,187)][3533ms] returned an error {"code":"TemporarilyNotAvailable","message":"No route to host"}
2026-01-22 20:32:33.537 [error] resolveAuthority(ssh-remote) returned an error after 3533 ms No route to host
2026-01-22 20:32:33.537 [info] [remote-connection][Management   ][d7c33…][reconnect] A temporarily not available error occurred while trying to reconnect, will try again...
2026-01-22 20:32:33.537 [info] [remote-connection][Management   ][d7c33…][reconnect] waiting for 30 seconds before reconnecting...
2026-01-22 20:32:33.538 [info] [remote-connection][ExtensionHost][b16be…][reconnect] A temporarily not available error occurred while trying to reconnect, will try again...
2026-01-22 20:32:33.538 [info] [remote-connection][ExtensionHost][b16be…][reconnect] waiting for 30 seconds before reconnecting...
2026-01-22 20:32:33.616 [warning] [mainThreadStorage] large extension state detected (extensionId: ms-vscode-remote.remote-ssh, global: true): 10051.115234375kb. Consider to use 'storageUri' or 'globalStorageUri' to store this data on disk instead.
2026-01-22 20:32:50.007 [info] [remote-connection][ExtensionHost][b16be…][reconnect] received socket timeout event (unacknowledgedMsgCount: 2246, timeSinceOldestUnacknowledgedMsg: 6062631, timeSinceLastReceivedSomeData: 6128260).
2026-01-22 20:32:50.024 [info] [remote-connection][Management   ][d7c33…][reconnect] received socket timeout event (unacknowledgedMsgCount: 931, timeSinceOldestUnacknowledgedMsg: 6082661, timeSinceLastReceivedSomeData: 6128996).
2026-01-22 20:33:03.538 [info] [remote-connection][Management   ][d7c33…][reconnect] resolving connection...
2026-01-22 20:33:03.538 [info] Invoking resolveAuthority(ssh-remote)...
2026-01-22 20:33:03.538 [info] [LocalProcess0][resolveAuthority(ssh-remote,188)][0ms] obtaining proxy...
2026-01-22 20:33:03.538 [info] [LocalProcess0][resolveAuthority(ssh-remote,188)][0ms] invoking...
2026-01-22 20:33:03.544 [info] [remote-connection][ExtensionHost][b16be…][reconnect] resolving connection...
2026-01-22 20:33:04.538 [info] [LocalProcess0][resolveAuthority(ssh-remote,188)][1000ms] waiting...
2026-01-22 20:33:05.538 [info] [LocalProcess0][resolveAuthority(ssh-remote,188)][2000ms] waiting...
2026-01-22 20:33:06.538 [info] [LocalProcess0][resolveAuthority(ssh-remote,188)][3000ms] waiting...
2026-01-22 20:33:07.074 [error] [LocalProcess0][resolveAuthority(ssh-remote,188)][3536ms] returned an error {"code":"TemporarilyNotAvailable","message":"No route to host"}
2026-01-22 20:33:07.074 [error] resolveAuthority(ssh-remote) returned an error after 3536 ms No route to host
2026-01-22 20:33:07.075 [info] [remote-connection][Management   ][d7c33…][reconnect] A temporarily not available error occurred while trying to reconnect, will try again...
2026-01-22 20:33:07.075 [info] [remote-connection][Management   ][d7c33…][reconnect] waiting for 30 seconds before reconnecting...
2026-01-22 20:33:07.075 [info] [remote-connection][ExtensionHost][b16be…][reconnect] A temporarily not available error occurred while trying to reconnect, will try again...
2026-01-22 20:33:07.075 [info] [remote-connection][ExtensionHost][b16be…][reconnect] waiting for 30 seconds before reconnecting...
2026-01-22 20:33:07.151 [warning] [mainThreadStorage] large extension state detected (extensionId: ms-vscode-remote.remote-ssh, global: true): 10104.8662109375kb. Consider to use 'storageUri' or 'globalStorageUri' to store this data on disk instead.
2026-01-22 20:33:10.007 [info] [remote-connection][ExtensionHost][b16be…][reconnect] received socket timeout event (unacknowledgedMsgCount: 2258, timeSinceOldestUnacknowledgedMsg: 6082631, timeSinceLastReceivedSomeData: 6148260).
2026-01-22 20:33:10.024 [info] [remote-connection][Management   ][d7c33…][reconnect] received socket timeout event (unacknowledgedMsgCount: 936, timeSinceOldestUnacknowledgedMsg: 6102661, timeSinceLastReceivedSomeData: 6148996).
2026-01-22 20:33:37.075 [info] [remote-connection][Management   ][d7c33…][reconnect] resolving connection...
2026-01-22 20:33:37.075 [info] Invoking resolveAuthority(ssh-remote)...
2026-01-22 20:33:37.076 [info] [LocalProcess0][resolveAuthority(ssh-remote,189)][0ms] obtaining proxy...
2026-01-22 20:33:37.076 [info] [LocalProcess0][resolveAuthority(ssh-remote,189)][0ms] invoking...
2026-01-22 20:33:37.077 [info] [remote-connection][ExtensionHost][b16be…][reconnect] received socket timeout event (unacknowledgedMsgCount: 2259, timeSinceOldestUnacknowledgedMsg: 6109702, timeSinceLastReceivedSomeData: 6175331).
2026-01-22 20:33:37.080 [info] [remote-connection][ExtensionHost][b16be…][reconnect] resolving connection...
2026-01-22 20:33:37.089 [info] [remote-connection][Management   ][d7c33…][reconnect] received socket timeout event (unacknowledgedMsgCount: 937, timeSinceOldestUnacknowledgedMsg: 6129726, timeSinceLastReceivedSomeData: 6176061).
2026-01-22 20:33:38.076 [info] [LocalProcess0][resolveAuthority(ssh-remote,189)][1000ms] waiting...
2026-01-22 20:33:39.076 [info] [LocalProcess0][resolveAuthority(ssh-remote,189)][2000ms] waiting...
2026-01-22 20:33:40.076 [info] [LocalProcess0][resolveAuthority(ssh-remote,189)][3000ms] waiting...
2026-01-22 20:33:40.607 [error] [LocalProcess0][resolveAuthority(ssh-remote,189)][3532ms] returned an error {"code":"TemporarilyNotAvailable","message":"No route to host"}
2026-01-22 20:33:40.608 [error] resolveAuthority(ssh-remote) returned an error after 3532 ms No route to host
2026-01-22 20:33:40.608 [info] [remote-connection][Management   ][d7c33…][reconnect] A temporarily not available error occurred while trying to reconnect, will try again...
2026-01-22 20:33:40.608 [info] [remote-connection][Management   ][d7c33…][reconnect] waiting for 30 seconds before reconnecting...
2026-01-22 20:33:40.608 [info] [remote-connection][ExtensionHost][b16be…][reconnect] A temporarily not available error occurred while trying to reconnect, will try again...
2026-01-22 20:33:40.608 [info] [remote-connection][ExtensionHost][b16be…][reconnect] waiting for 30 seconds before reconnecting...
2026-01-22 20:33:40.682 [warning] [mainThreadStorage] large extension state detected (extensionId: ms-vscode-remote.remote-ssh, global: true): 10158.6171875kb. Consider to use 'storageUri' or 'globalStorageUri' to store this data on disk instead.
2026-01-22 20:33:57.078 [info] [remote-connection][ExtensionHost][b16be…][reconnect] received socket timeout event (unacknowledgedMsgCount: 2270, timeSinceOldestUnacknowledgedMsg: 6129702, timeSinceLastReceivedSomeData: 6195331).
2026-01-22 20:33:57.089 [info] [remote-connection][Management   ][d7c33…][reconnect] received socket timeout event (unacknowledgedMsgCount: 941, timeSinceOldestUnacknowledgedMsg: 6149726, timeSinceLastReceivedSomeData: 6196061).
2026-01-22 20:34:10.608 [info] [remote-connection][Management   ][d7c33…][reconnect] resolving connection...
2026-01-22 20:34:10.608 [info] Invoking resolveAuthority(ssh-remote)...
2026-01-22 20:34:10.608 [info] [LocalProcess0][resolveAuthority(ssh-remote,190)][0ms] obtaining proxy...
2026-01-22 20:34:10.609 [info] [LocalProcess0][resolveAuthority(ssh-remote,190)][0ms] invoking...
2026-01-22 20:34:10.613 [info] [remote-connection][ExtensionHost][b16be…][reconnect] resolving connection...
2026-01-22 20:34:11.609 [info] [LocalProcess0][resolveAuthority(ssh-remote,190)][1000ms] waiting...
2026-01-22 20:34:12.609 [info] [LocalProcess0][resolveAuthority(ssh-remote,190)][2001ms] waiting...
2026-01-22 20:34:13.609 [info] [LocalProcess0][resolveAuthority(ssh-remote,190)][3000ms] waiting...
2026-01-22 20:34:14.146 [error] [LocalProcess0][resolveAuthority(ssh-remote,190)][3538ms] returned an error {"code":"TemporarilyNotAvailable","message":"No route to host"}
2026-01-22 20:34:14.147 [error] resolveAuthority(ssh-remote) returned an error after 3538 ms No route to host
2026-01-22 20:34:14.147 [info] [remote-connection][Management   ][d7c33…][reconnect] A temporarily not available error occurred while trying to reconnect, will try again...
2026-01-22 20:34:14.147 [info] [remote-connection][Management   ][d7c33…][reconnect] waiting for 30 seconds before reconnecting...
2026-01-22 20:34:14.147 [info] [remote-connection][ExtensionHost][b16be…][reconnect] A temporarily not available error occurred while trying to reconnect, will try again...
2026-01-22 20:34:14.147 [info] [remote-connection][ExtensionHost][b16be…][reconnect] waiting for 30 seconds before reconnecting...
2026-01-22 20:34:14.229 [warning] [mainThreadStorage] large extension state detected (extensionId: ms-vscode-remote.remote-ssh, global: true): 10212.3681640625kb. Consider to use 'storageUri' or 'globalStorageUri' to store this data on disk instead.
2026-01-22 20:34:17.078 [info] [remote-connection][ExtensionHost][b16be…][reconnect] received socket timeout event (unacknowledgedMsgCount: 2282, timeSinceOldestUnacknowledgedMsg: 6149702, timeSinceLastReceivedSomeData: 6215331).
2026-01-22 20:34:17.089 [info] [remote-connection][Management   ][d7c33…][reconnect] received socket timeout event (unacknowledgedMsgCount: 946, timeSinceOldestUnacknowledgedMsg: 6169726, timeSinceLastReceivedSomeData: 6216061).
2026-01-22 20:34:44.147 [info] [remote-connection][Management   ][d7c33…][reconnect] resolving connection...
2026-01-22 20:34:44.147 [info] Invoking resolveAuthority(ssh-remote)...
2026-01-22 20:34:44.147 [info] [LocalProcess0][resolveAuthority(ssh-remote,191)][0ms] obtaining proxy...
2026-01-22 20:34:44.148 [info] [LocalProcess0][resolveAuthority(ssh-remote,191)][0ms] invoking...
2026-01-22 20:34:44.150 [info] [remote-connection][ExtensionHost][b16be…][reconnect] received socket timeout event (unacknowledgedMsgCount: 2283, timeSinceOldestUnacknowledgedMsg: 6176774, timeSinceLastReceivedSomeData: 6242403).
2026-01-22 20:34:44.156 [info] [remote-connection][ExtensionHost][b16be…][reconnect] resolving connection...
2026-01-22 20:34:44.162 [info] [remote-connection][Management   ][d7c33…][reconnect] received socket timeout event (unacknowledgedMsgCount: 947, timeSinceOldestUnacknowledgedMsg: 6196799, timeSinceLastReceivedSomeData: 6243134).
2026-01-22 20:34:45.148 [info] [LocalProcess0][resolveAuthority(ssh-remote,191)][1000ms] waiting...
2026-01-22 20:34:46.148 [info] [LocalProcess0][resolveAuthority(ssh-remote,191)][2000ms] waiting...
2026-01-22 20:34:47.148 [info] [LocalProcess0][resolveAuthority(ssh-remote,191)][3000ms] waiting...
2026-01-22 20:34:47.682 [error] [LocalProcess0][resolveAuthority(ssh-remote,191)][3535ms] returned an error {"code":"TemporarilyNotAvailable","message":"No route to host"}
2026-01-22 20:34:47.682 [error] resolveAuthority(ssh-remote) returned an error after 3535 ms No route to host
2026-01-22 20:34:47.683 [info] [remote-connection][Management   ][d7c33…][reconnect] A temporarily not available error occurred while trying to reconnect, will try again...
2026-01-22 20:34:47.683 [info] [remote-connection][Management   ][d7c33…][reconnect] waiting for 30 seconds before reconnecting...
2026-01-22 20:34:47.683 [info] [remote-connection][ExtensionHost][b16be…][reconnect] A temporarily not available error occurred while trying to reconnect, will try again...
2026-01-22 20:34:47.683 [info] [remote-connection][ExtensionHost][b16be…][reconnect] waiting for 30 seconds before reconnecting...
2026-01-22 20:34:47.762 [warning] [mainThreadStorage] large extension state detected (extensionId: ms-vscode-remote.remote-ssh, global: true): 10266.119140625kb. Consider to use 'storageUri' or 'globalStorageUri' to store this data on disk instead.
2026-01-22 20:35:04.150 [info] [remote-connection][ExtensionHost][b16be…][reconnect] received socket timeout event (unacknowledgedMsgCount: 2294, timeSinceOldestUnacknowledgedMsg: 6196774, timeSinceLastReceivedSomeData: 6262403).
2026-01-22 20:35:04.162 [info] [remote-connection][Management   ][d7c33…][reconnect] received socket timeout event (unacknowledgedMsgCount: 951, timeSinceOldestUnacknowledgedMsg: 6216799, timeSinceLastReceivedSomeData: 6263134).
2026-01-22 20:35:17.683 [info] [remote-connection][Management   ][d7c33…][reconnect] resolving connection...
2026-01-22 20:35:17.683 [info] Invoking resolveAuthority(ssh-remote)...
2026-01-22 20:35:17.683 [info] [LocalProcess0][resolveAuthority(ssh-remote,192)][0ms] obtaining proxy...
2026-01-22 20:35:17.683 [info] [LocalProcess0][resolveAuthority(ssh-remote,192)][0ms] invoking...
2026-01-22 20:35:17.692 [info] [remote-connection][ExtensionHost][b16be…][reconnect] resolving connection...
2026-01-22 20:35:18.684 [info] [LocalProcess0][resolveAuthority(ssh-remote,192)][1000ms] waiting...
2026-01-22 20:35:19.684 [info] [LocalProcess0][resolveAuthority(ssh-remote,192)][2000ms] waiting...
2026-01-22 20:35:20.687 [info] [LocalProcess0][resolveAuthority(ssh-remote,192)][3003ms] waiting...
2026-01-22 20:35:21.219 [error] [LocalProcess0][resolveAuthority(ssh-remote,192)][3536ms] returned an error {"code":"TemporarilyNotAvailable","message":"No route to host"}
2026-01-22 20:35:21.220 [error] resolveAuthority(ssh-remote) returned an error after 3536 ms No route to host
2026-01-22 20:35:21.220 [info] [remote-connection][Management   ][d7c33…][reconnect] A temporarily not available error occurred while trying to reconnect, will try again...
2026-01-22 20:35:21.220 [info] [remote-connection][Management   ][d7c33…][reconnect] waiting for 30 seconds before reconnecting...
2026-01-22 20:35:21.220 [info] [remote-connection][ExtensionHost][b16be…][reconnect] A temporarily not available error occurred while trying to reconnect, will try again...
2026-01-22 20:35:21.220 [info] [remote-connection][ExtensionHost][b16be…][reconnect] waiting for 30 seconds before reconnecting...
2026-01-22 20:35:21.300 [warning] [mainThreadStorage] large extension state detected (extensionId: ms-vscode-remote.remote-ssh, global: true): 10319.8701171875kb. Consider to use 'storageUri' or 'globalStorageUri' to store this data on disk instead.
2026-01-22 20:35:24.150 [info] [remote-connection][ExtensionHost][b16be…][reconnect] received socket timeout event (unacknowledgedMsgCount: 2306, timeSinceOldestUnacknowledgedMsg: 6216775, timeSinceLastReceivedSomeData: 6282404).
2026-01-22 20:35:24.162 [info] [remote-connection][Management   ][d7c33…][reconnect] received socket timeout event (unacknowledgedMsgCount: 956, timeSinceOldestUnacknowledgedMsg: 6236799, timeSinceLastReceivedSomeData: 6283134).
2026-01-22 20:35:51.220 [info] [remote-connection][Management   ][d7c33…][reconnect] resolving connection...
2026-01-22 20:35:51.220 [info] Invoking resolveAuthority(ssh-remote)...
2026-01-22 20:35:51.221 [info] [LocalProcess0][resolveAuthority(ssh-remote,193)][0ms] obtaining proxy...
2026-01-22 20:35:51.221 [info] [LocalProcess0][resolveAuthority(ssh-remote,193)][0ms] invoking...
2026-01-22 20:35:51.223 [info] [remote-connection][ExtensionHost][b16be…][reconnect] received socket timeout event (unacknowledgedMsgCount: 2307, timeSinceOldestUnacknowledgedMsg: 6243847, timeSinceLastReceivedSomeData: 6309476).
2026-01-22 20:35:51.229 [info] [remote-connection][ExtensionHost][b16be…][reconnect] resolving connection...
2026-01-22 20:35:51.235 [info] [remote-connection][Management   ][d7c33…][reconnect] received socket timeout event (unacknowledgedMsgCount: 957, timeSinceOldestUnacknowledgedMsg: 6263872, timeSinceLastReceivedSomeData: 6310207).
2026-01-22 20:35:52.221 [info] [LocalProcess0][resolveAuthority(ssh-remote,193)][1000ms] waiting...
2026-01-22 20:35:53.221 [info] [LocalProcess0][resolveAuthority(ssh-remote,193)][2000ms] waiting...
2026-01-22 20:35:54.221 [info] [LocalProcess0][resolveAuthority(ssh-remote,193)][3000ms] waiting...
2026-01-22 20:35:54.753 [error] [LocalProcess0][resolveAuthority(ssh-remote,193)][3532ms] returned an error {"code":"TemporarilyNotAvailable","message":"No route to host"}
2026-01-22 20:35:54.753 [error] resolveAuthority(ssh-remote) returned an error after 3533 ms No route to host
2026-01-22 20:35:54.753 [info] [remote-connection][Management   ][d7c33…][reconnect] A temporarily not available error occurred while trying to reconnect, will try again...
2026-01-22 20:35:54.753 [info] [remote-connection][Management   ][d7c33…][reconnect] waiting for 30 seconds before reconnecting...
2026-01-22 20:35:54.753 [info] [remote-connection][ExtensionHost][b16be…][reconnect] A temporarily not available error occurred while trying to reconnect, will try again...
2026-01-22 20:35:54.753 [info] [remote-connection][ExtensionHost][b16be…][reconnect] waiting for 30 seconds before reconnecting...
2026-01-22 20:35:54.825 [warning] [mainThreadStorage] large extension state detected (extensionId: ms-vscode-remote.remote-ssh, global: true): 10373.62109375kb. Consider to use 'storageUri' or 'globalStorageUri' to store this data on disk instead.
2026-01-22 20:36:11.223 [info] [remote-connection][ExtensionHost][b16be…][reconnect] received socket timeout event (unacknowledgedMsgCount: 2318, timeSinceOldestUnacknowledgedMsg: 6263847, timeSinceLastReceivedSomeData: 6329476).
2026-01-22 20:36:11.235 [info] [remote-connection][Management   ][d7c33…][reconnect] received socket timeout event (unacknowledgedMsgCount: 961, timeSinceOldestUnacknowledgedMsg: 6283872, timeSinceLastReceivedSomeData: 6330207).
2026-01-22 20:36:24.753 [info] [remote-connection][Management   ][d7c33…][reconnect] resolving connection...
2026-01-22 20:36:24.754 [info] Invoking resolveAuthority(ssh-remote)...
2026-01-22 20:36:24.754 [info] [LocalProcess0][resolveAuthority(ssh-remote,194)][0ms] obtaining proxy...
2026-01-22 20:36:24.754 [info] [LocalProcess0][resolveAuthority(ssh-remote,194)][1ms] invoking...
2026-01-22 20:36:24.759 [info] [remote-connection][ExtensionHost][b16be…][reconnect] resolving connection...
2026-01-22 20:36:25.754 [info] [LocalProcess0][resolveAuthority(ssh-remote,194)][1001ms] waiting...
2026-01-22 20:36:26.754 [info] [LocalProcess0][resolveAuthority(ssh-remote,194)][2001ms] waiting...
2026-01-22 20:36:27.754 [info] [LocalProcess0][resolveAuthority(ssh-remote,194)][3001ms] waiting...
2026-01-22 20:36:28.298 [error] [LocalProcess0][resolveAuthority(ssh-remote,194)][3544ms] returned an error {"code":"TemporarilyNotAvailable","message":"No route to host"}
2026-01-22 20:36:28.298 [error] resolveAuthority(ssh-remote) returned an error after 3544 ms No route to host
2026-01-22 20:36:28.298 [info] [remote-connection][Management   ][d7c33…][reconnect] A temporarily not available error occurred while trying to reconnect, will try again...
2026-01-22 20:36:28.298 [info] [remote-connection][Management   ][d7c33…][reconnect] waiting for 30 seconds before reconnecting...
2026-01-22 20:36:28.298 [info] [remote-connection][ExtensionHost][b16be…][reconnect] A temporarily not available error occurred while trying to reconnect, will try again...
2026-01-22 20:36:28.298 [info] [remote-connection][ExtensionHost][b16be…][reconnect] waiting for 30 seconds before reconnecting...
2026-01-22 20:36:28.379 [warning] [mainThreadStorage] large extension state detected (extensionId: ms-vscode-remote.remote-ssh, global: true): 10427.3720703125kb. Consider to use 'storageUri' or 'globalStorageUri' to store this data on disk instead.
2026-01-22 20:36:31.223 [info] [remote-connection][ExtensionHost][b16be…][reconnect] received socket timeout event (unacknowledgedMsgCount: 2330, timeSinceOldestUnacknowledgedMsg: 6283847, timeSinceLastReceivedSomeData: 6349476).
2026-01-22 20:36:31.236 [info] [remote-connection][Management   ][d7c33…][reconnect] received socket timeout event (unacknowledgedMsgCount: 966, timeSinceOldestUnacknowledgedMsg: 6303872, timeSinceLastReceivedSomeData: 6350207).
2026-01-22 20:36:58.298 [info] [remote-connection][Management   ][d7c33…][reconnect] resolving connection...
2026-01-22 20:36:58.298 [info] Invoking resolveAuthority(ssh-remote)...
2026-01-22 20:36:58.299 [info] [LocalProcess0][resolveAuthority(ssh-remote,195)][0ms] obtaining proxy...
2026-01-22 20:36:58.299 [info] [LocalProcess0][resolveAuthority(ssh-remote,195)][0ms] invoking...
2026-01-22 20:36:58.301 [info] [remote-connection][ExtensionHost][b16be…][reconnect] received socket timeout event (unacknowledgedMsgCount: 2331, timeSinceOldestUnacknowledgedMsg: 6310926, timeSinceLastReceivedSomeData: 6376555).
2026-01-22 20:36:58.305 [info] [remote-connection][ExtensionHost][b16be…][reconnect] resolving connection...
2026-01-22 20:36:58.313 [info] [remote-connection][Management   ][d7c33…][reconnect] received socket timeout event (unacknowledgedMsgCount: 967, timeSinceOldestUnacknowledgedMsg: 6330950, timeSinceLastReceivedSomeData: 6377285).
2026-01-22 20:36:59.299 [info] [LocalProcess0][resolveAuthority(ssh-remote,195)][1001ms] waiting...
2026-01-22 20:37:00.299 [info] [LocalProcess0][resolveAuthority(ssh-remote,195)][2001ms] waiting...
2026-01-22 20:37:01.299 [info] [LocalProcess0][resolveAuthority(ssh-remote,195)][3001ms] waiting...
2026-01-22 20:37:01.829 [error] [LocalProcess0][resolveAuthority(ssh-remote,195)][3530ms] returned an error {"code":"TemporarilyNotAvailable","message":"No route to host"}
2026-01-22 20:37:01.829 [error] resolveAuthority(ssh-remote) returned an error after 3530 ms No route to host
2026-01-22 20:37:01.829 [info] [remote-connection][Management   ][d7c33…][reconnect] A temporarily not available error occurred while trying to reconnect, will try again...
2026-01-22 20:37:01.829 [info] [remote-connection][Management   ][d7c33…][reconnect] waiting for 30 seconds before reconnecting...
2026-01-22 20:37:01.829 [info] [remote-connection][ExtensionHost][b16be…][reconnect] A temporarily not available error occurred while trying to reconnect, will try again...
2026-01-22 20:37:01.829 [info] [remote-connection][ExtensionHost][b16be…][reconnect] waiting for 30 seconds before reconnecting...
2026-01-22 20:37:01.903 [warning] [mainThreadStorage] large extension state detected (extensionId: ms-vscode-remote.remote-ssh, global: true): 10481.123046875kb. Consider to use 'storageUri' or 'globalStorageUri' to store this data on disk instead.
2026-01-22 20:37:18.302 [info] [remote-connection][ExtensionHost][b16be…][reconnect] received socket timeout event (unacknowledgedMsgCount: 2342, timeSinceOldestUnacknowledgedMsg: 6330926, timeSinceLastReceivedSomeData: 6396555).
2026-01-22 20:37:18.313 [info] [remote-connection][Management   ][d7c33…][reconnect] received socket timeout event (unacknowledgedMsgCount: 971, timeSinceOldestUnacknowledgedMsg: 6350950, timeSinceLastReceivedSomeData: 6397285).
2026-01-22 20:37:31.829 [info] [remote-connection][Management   ][d7c33…][reconnect] resolving connection...
2026-01-22 20:37:31.829 [info] Invoking resolveAuthority(ssh-remote)...
2026-01-22 20:37:31.830 [info] [LocalProcess0][resolveAuthority(ssh-remote,196)][0ms] obtaining proxy...
2026-01-22 20:37:31.830 [info] [LocalProcess0][resolveAuthority(ssh-remote,196)][0ms] invoking...
2026-01-22 20:37:31.839 [info] [remote-connection][ExtensionHost][b16be…][reconnect] resolving connection...
2026-01-22 20:37:32.830 [info] [LocalProcess0][resolveAuthority(ssh-remote,196)][1001ms] waiting...
2026-01-22 20:37:33.830 [info] [LocalProcess0][resolveAuthority(ssh-remote,196)][2001ms] waiting...
2026-01-22 20:37:34.830 [info] [LocalProcess0][resolveAuthority(ssh-remote,196)][3001ms] waiting...
2026-01-22 20:37:35.365 [error] [LocalProcess0][resolveAuthority(ssh-remote,196)][3536ms] returned an error {"code":"TemporarilyNotAvailable","message":"No route to host"}
2026-01-22 20:37:35.366 [error] resolveAuthority(ssh-remote) returned an error after 3536 ms No route to host
2026-01-22 20:37:35.366 [info] [remote-connection][Management   ][d7c33…][reconnect] A temporarily not available error occurred while trying to reconnect, will try again...
2026-01-22 20:37:35.366 [info] [remote-connection][Management   ][d7c33…][reconnect] waiting for 30 seconds before reconnecting...
2026-01-22 20:37:35.366 [info] [remote-connection][ExtensionHost][b16be…][reconnect] A temporarily not available error occurred while trying to reconnect, will try again...
2026-01-22 20:37:35.366 [info] [remote-connection][ExtensionHost][b16be…][reconnect] waiting for 30 seconds before reconnecting...
2026-01-22 20:37:35.447 [warning] [mainThreadStorage] large extension state detected (extensionId: ms-vscode-remote.remote-ssh, global: true): 10534.8740234375kb. Consider to use 'storageUri' or 'globalStorageUri' to store this data on disk instead.
2026-01-22 20:37:38.302 [info] [remote-connection][ExtensionHost][b16be…][reconnect] received socket timeout event (unacknowledgedMsgCount: 2354, timeSinceOldestUnacknowledgedMsg: 6350926, timeSinceLastReceivedSomeData: 6416555).
2026-01-22 20:37:38.313 [info] [remote-connection][Management   ][d7c33…][reconnect] received socket timeout event (unacknowledgedMsgCount: 976, timeSinceOldestUnacknowledgedMsg: 6370950, timeSinceLastReceivedSomeData: 6417285).
2026-01-22 20:38:05.366 [info] [remote-connection][Management   ][d7c33…][reconnect] resolving connection...
2026-01-22 20:38:05.366 [info] Invoking resolveAuthority(ssh-remote)...
2026-01-22 20:38:05.367 [info] [LocalProcess0][resolveAuthority(ssh-remote,197)][0ms] obtaining proxy...
2026-01-22 20:38:05.367 [info] [LocalProcess0][resolveAuthority(ssh-remote,197)][0ms] invoking...
2026-01-22 20:38:05.369 [info] [remote-connection][ExtensionHost][b16be…][reconnect] received socket timeout event (unacknowledgedMsgCount: 2355, timeSinceOldestUnacknowledgedMsg: 6377994, timeSinceLastReceivedSomeData: 6443623).
2026-01-22 20:38:05.374 [info] [remote-connection][ExtensionHost][b16be…][reconnect] resolving connection...
2026-01-22 20:38:05.379 [info] [remote-connection][Management   ][d7c33…][reconnect] received socket timeout event (unacknowledgedMsgCount: 977, timeSinceOldestUnacknowledgedMsg: 6398016, timeSinceLastReceivedSomeData: 6444351).
2026-01-22 20:38:06.367 [info] [LocalProcess0][resolveAuthority(ssh-remote,197)][1001ms] waiting...
2026-01-22 20:38:07.367 [info] [LocalProcess0][resolveAuthority(ssh-remote,197)][2001ms] waiting...
2026-01-22 20:38:08.367 [info] [LocalProcess0][resolveAuthority(ssh-remote,197)][3001ms] waiting...
2026-01-22 20:38:08.903 [error] [LocalProcess0][resolveAuthority(ssh-remote,197)][3536ms] returned an error {"code":"TemporarilyNotAvailable","message":"No route to host"}
2026-01-22 20:38:08.903 [error] resolveAuthority(ssh-remote) returned an error after 3537 ms No route to host
2026-01-22 20:38:08.903 [info] [remote-connection][Management   ][d7c33…][reconnect] A temporarily not available error occurred while trying to reconnect, will try again...
2026-01-22 20:38:08.903 [info] [remote-connection][Management   ][d7c33…][reconnect] waiting for 30 seconds before reconnecting...
2026-01-22 20:38:08.903 [info] [remote-connection][ExtensionHost][b16be…][reconnect] A temporarily not available error occurred while trying to reconnect, will try again...
2026-01-22 20:38:08.903 [info] [remote-connection][ExtensionHost][b16be…][reconnect] waiting for 30 seconds before reconnecting...
2026-01-22 20:38:08.984 [warning] [mainThreadStorage] large extension state detected (extensionId: ms-vscode-remote.remote-ssh, global: true): 10588.625kb. Consider to use 'storageUri' or 'globalStorageUri' to store this data on disk instead.
2026-01-22 20:38:25.370 [info] [remote-connection][ExtensionHost][b16be…][reconnect] received socket timeout event (unacknowledgedMsgCount: 2366, timeSinceOldestUnacknowledgedMsg: 6397994, timeSinceLastReceivedSomeData: 6463623).
2026-01-22 20:38:25.379 [info] [remote-connection][Management   ][d7c33…][reconnect] received socket timeout event (unacknowledgedMsgCount: 981, timeSinceOldestUnacknowledgedMsg: 6418016, timeSinceLastReceivedSomeData: 6464351).
2026-01-22 20:38:38.903 [info] [remote-connection][Management   ][d7c33…][reconnect] resolving connection...
2026-01-22 20:38:38.904 [info] Invoking resolveAuthority(ssh-remote)...
2026-01-22 20:38:38.904 [info] [LocalProcess0][resolveAuthority(ssh-remote,198)][0ms] obtaining proxy...
2026-01-22 20:38:38.904 [info] [LocalProcess0][resolveAuthority(ssh-remote,198)][1ms] invoking...
2026-01-22 20:38:38.909 [info] [remote-connection][ExtensionHost][b16be…][reconnect] resolving connection...
2026-01-22 20:38:39.904 [info] [LocalProcess0][resolveAuthority(ssh-remote,198)][1001ms] waiting...
2026-01-22 20:38:40.904 [info] [LocalProcess0][resolveAuthority(ssh-remote,198)][2001ms] waiting...
2026-01-22 20:38:41.904 [info] [LocalProcess0][resolveAuthority(ssh-remote,198)][3001ms] waiting...
2026-01-22 20:38:42.440 [error] [LocalProcess0][resolveAuthority(ssh-remote,198)][3537ms] returned an error {"code":"TemporarilyNotAvailable","message":"No route to host"}
2026-01-22 20:38:42.440 [error] resolveAuthority(ssh-remote) returned an error after 3537 ms No route to host
2026-01-22 20:38:42.440 [info] [remote-connection][Management   ][d7c33…][reconnect] A temporarily not available error occurred while trying to reconnect, will try again...
2026-01-22 20:38:42.440 [info] [remote-connection][Management   ][d7c33…][reconnect] waiting for 30 seconds before reconnecting...
2026-01-22 20:38:42.440 [info] [remote-connection][ExtensionHost][b16be…][reconnect] A temporarily not available error occurred while trying to reconnect, will try again...
2026-01-22 20:38:42.441 [info] [remote-connection][ExtensionHost][b16be…][reconnect] waiting for 30 seconds before reconnecting...
2026-01-22 20:38:42.517 [warning] [mainThreadStorage] large extension state detected (extensionId: ms-vscode-remote.remote-ssh, global: true): 10642.3759765625kb. Consider to use 'storageUri' or 'globalStorageUri' to store this data on disk instead.
2026-01-22 20:38:45.370 [info] [remote-connection][ExtensionHost][b16be…][reconnect] received socket timeout event (unacknowledgedMsgCount: 2378, timeSinceOldestUnacknowledgedMsg: 6417994, timeSinceLastReceivedSomeData: 6483623).
2026-01-22 20:38:45.380 [info] [remote-connection][Management   ][d7c33…][reconnect] received socket timeout event (unacknowledgedMsgCount: 986, timeSinceOldestUnacknowledgedMsg: 6438016, timeSinceLastReceivedSomeData: 6484351).
2026-01-22 20:39:12.441 [info] [remote-connection][Management   ][d7c33…][reconnect] resolving connection...
2026-01-22 20:39:12.441 [info] Invoking resolveAuthority(ssh-remote)...
2026-01-22 20:39:12.441 [info] [LocalProcess0][resolveAuthority(ssh-remote,199)][0ms] obtaining proxy...
2026-01-22 20:39:12.441 [info] [LocalProcess0][resolveAuthority(ssh-remote,199)][0ms] invoking...
2026-01-22 20:39:12.443 [info] [remote-connection][ExtensionHost][b16be…][reconnect] received socket timeout event (unacknowledgedMsgCount: 2379, timeSinceOldestUnacknowledgedMsg: 6445068, timeSinceLastReceivedSomeData: 6510697).
2026-01-22 20:39:12.446 [info] [remote-connection][ExtensionHost][b16be…][reconnect] resolving connection...
2026-01-22 20:39:12.452 [info] [remote-connection][Management   ][d7c33…][reconnect] received socket timeout event (unacknowledgedMsgCount: 987, timeSinceOldestUnacknowledgedMsg: 6465089, timeSinceLastReceivedSomeData: 6511424).
2026-01-22 20:39:13.441 [info] [LocalProcess0][resolveAuthority(ssh-remote,199)][1000ms] waiting...
2026-01-22 20:39:14.441 [info] [LocalProcess0][resolveAuthority(ssh-remote,199)][2000ms] waiting...
2026-01-22 20:39:15.441 [info] [LocalProcess0][resolveAuthority(ssh-remote,199)][3000ms] waiting...
2026-01-22 20:39:15.974 [error] [LocalProcess0][resolveAuthority(ssh-remote,199)][3533ms] returned an error {"code":"TemporarilyNotAvailable","message":"No route to host"}
2026-01-22 20:39:15.974 [error] resolveAuthority(ssh-remote) returned an error after 3534 ms No route to host
2026-01-22 20:39:15.974 [info] [remote-connection][Management   ][d7c33…][reconnect] A temporarily not available error occurred while trying to reconnect, will try again...
2026-01-22 20:39:15.974 [info] [remote-connection][Management   ][d7c33…][reconnect] waiting for 30 seconds before reconnecting...
2026-01-22 20:39:15.975 [info] [remote-connection][ExtensionHost][b16be…][reconnect] A temporarily not available error occurred while trying to reconnect, will try again...
2026-01-22 20:39:15.975 [info] [remote-connection][ExtensionHost][b16be…][reconnect] waiting for 30 seconds before reconnecting...
2026-01-22 20:39:16.052 [warning] [mainThreadStorage] large extension state detected (extensionId: ms-vscode-remote.remote-ssh, global: true): 10696.126953125kb. Consider to use 'storageUri' or 'globalStorageUri' to store this data on disk instead.
2026-01-22 20:39:32.444 [info] [remote-connection][ExtensionHost][b16be…][reconnect] received socket timeout event (unacknowledgedMsgCount: 2390, timeSinceOldestUnacknowledgedMsg: 6465068, timeSinceLastReceivedSomeData: 6530697).
2026-01-22 20:39:32.453 [info] [remote-connection][Management   ][d7c33…][reconnect] received socket timeout event (unacknowledgedMsgCount: 991, timeSinceOldestUnacknowledgedMsg: 6485089, timeSinceLastReceivedSomeData: 6531424).
2026-01-22 20:39:45.975 [info] [remote-connection][Management   ][d7c33…][reconnect] resolving connection...
2026-01-22 20:39:45.975 [info] Invoking resolveAuthority(ssh-remote)...
2026-01-22 20:39:45.975 [info] [LocalProcess0][resolveAuthority(ssh-remote,200)][0ms] obtaining proxy...
2026-01-22 20:39:45.975 [info] [LocalProcess0][resolveAuthority(ssh-remote,200)][0ms] invoking...
2026-01-22 20:39:45.980 [info] [remote-connection][ExtensionHost][b16be…][reconnect] resolving connection...
2026-01-22 20:39:46.975 [info] [LocalProcess0][resolveAuthority(ssh-remote,200)][1000ms] waiting...
2026-01-22 20:39:47.975 [info] [LocalProcess0][resolveAuthority(ssh-remote,200)][2000ms] waiting...
2026-01-22 20:39:48.975 [info] [LocalProcess0][resolveAuthority(ssh-remote,200)][3000ms] waiting...
2026-01-22 20:39:49.513 [error] [LocalProcess0][resolveAuthority(ssh-remote,200)][3537ms] returned an error {"code":"TemporarilyNotAvailable","message":"No route to host"}
2026-01-22 20:39:49.513 [error] resolveAuthority(ssh-remote) returned an error after 3537 ms No route to host
2026-01-22 20:39:49.513 [info] [remote-connection][Management   ][d7c33…][reconnect] A temporarily not available error occurred while trying to reconnect, will try again...
2026-01-22 20:39:49.513 [info] [remote-connection][Management   ][d7c33…][reconnect] waiting for 30 seconds before reconnecting...
2026-01-22 20:39:49.513 [info] [remote-connection][ExtensionHost][b16be…][reconnect] A temporarily not available error occurred while trying to reconnect, will try again...
2026-01-22 20:39:49.513 [info] [remote-connection][ExtensionHost][b16be…][reconnect] waiting for 30 seconds before reconnecting...
2026-01-22 20:39:49.596 [warning] [mainThreadStorage] large extension state detected (extensionId: ms-vscode-remote.remote-ssh, global: true): 10749.8779296875kb. Consider to use 'storageUri' or 'globalStorageUri' to store this data on disk instead.
2026-01-22 20:39:52.443 [info] [remote-connection][ExtensionHost][b16be…][reconnect] received socket timeout event (unacknowledgedMsgCount: 2402, timeSinceOldestUnacknowledgedMsg: 6485068, timeSinceLastReceivedSomeData: 6550697).
2026-01-22 20:39:52.453 [info] [remote-connection][Management   ][d7c33…][reconnect] received socket timeout event (unacknowledgedMsgCount: 996, timeSinceOldestUnacknowledgedMsg: 6505089, timeSinceLastReceivedSomeData: 6551424).
2026-01-22 20:40:19.513 [info] [remote-connection][Management   ][d7c33…][reconnect] resolving connection...
2026-01-22 20:40:19.514 [info] Invoking resolveAuthority(ssh-remote)...
2026-01-22 20:40:19.514 [info] [LocalProcess0][resolveAuthority(ssh-remote,201)][0ms] obtaining proxy...
2026-01-22 20:40:19.514 [info] [LocalProcess0][resolveAuthority(ssh-remote,201)][1ms] invoking...
2026-01-22 20:40:19.516 [info] [remote-connection][ExtensionHost][b16be…][reconnect] received socket timeout event (unacknowledgedMsgCount: 2403, timeSinceOldestUnacknowledgedMsg: 6512140, timeSinceLastReceivedSomeData: 6577769).
2026-01-22 20:40:19.519 [info] [remote-connection][ExtensionHost][b16be…][reconnect] resolving connection...
2026-01-22 20:40:19.524 [info] [remote-connection][Management   ][d7c33…][reconnect] received socket timeout event (unacknowledgedMsgCount: 997, timeSinceOldestUnacknowledgedMsg: 6532161, timeSinceLastReceivedSomeData: 6578496).
2026-01-22 20:40:20.514 [info] [LocalProcess0][resolveAuthority(ssh-remote,201)][1001ms] waiting...
2026-01-22 20:40:21.514 [info] [LocalProcess0][resolveAuthority(ssh-remote,201)][2001ms] waiting...
2026-01-22 20:40:22.514 [info] [LocalProcess0][resolveAuthority(ssh-remote,201)][3001ms] waiting...
2026-01-22 20:40:23.046 [error] [LocalProcess0][resolveAuthority(ssh-remote,201)][3533ms] returned an error {"code":"TemporarilyNotAvailable","message":"No route to host"}
2026-01-22 20:40:23.046 [error] resolveAuthority(ssh-remote) returned an error after 3533 ms No route to host
2026-01-22 20:40:23.046 [info] [remote-connection][Management   ][d7c33…][reconnect] A temporarily not available error occurred while trying to reconnect, will try again...
2026-01-22 20:40:23.046 [info] [remote-connection][Management   ][d7c33…][reconnect] waiting for 30 seconds before reconnecting...
2026-01-22 20:40:23.046 [info] [remote-connection][ExtensionHost][b16be…][reconnect] A temporarily not available error occurred while trying to reconnect, will try again...
2026-01-22 20:40:23.047 [info] [remote-connection][ExtensionHost][b16be…][reconnect] waiting for 30 seconds before reconnecting...
2026-01-22 20:40:23.123 [warning] [mainThreadStorage] large extension state detected (extensionId: ms-vscode-remote.remote-ssh, global: true): 10803.62890625kb. Consider to use 'storageUri' or 'globalStorageUri' to store this data on disk instead.
2026-01-22 20:40:39.515 [info] [remote-connection][ExtensionHost][b16be…][reconnect] received socket timeout event (unacknowledgedMsgCount: 2414, timeSinceOldestUnacknowledgedMsg: 6532140, timeSinceLastReceivedSomeData: 6597769).
2026-01-22 20:40:39.525 [info] [remote-connection][Management   ][d7c33…][reconnect] received socket timeout event (unacknowledgedMsgCount: 1001, timeSinceOldestUnacknowledgedMsg: 6552161, timeSinceLastReceivedSomeData: 6598496).
2026-01-22 20:40:53.047 [info] [remote-connection][Management   ][d7c33…][reconnect] resolving connection...
2026-01-22 20:40:53.047 [info] Invoking resolveAuthority(ssh-remote)...
2026-01-22 20:40:53.047 [info] [LocalProcess0][resolveAuthority(ssh-remote,202)][0ms] obtaining proxy...
2026-01-22 20:40:53.047 [info] [LocalProcess0][resolveAuthority(ssh-remote,202)][0ms] invoking...
2026-01-22 20:40:53.052 [info] [remote-connection][ExtensionHost][b16be…][reconnect] resolving connection...
2026-01-22 20:40:54.047 [info] [LocalProcess0][resolveAuthority(ssh-remote,202)][1000ms] waiting...
2026-01-22 20:40:55.047 [info] [LocalProcess0][resolveAuthority(ssh-remote,202)][2000ms] waiting...
2026-01-22 20:40:56.047 [info] [LocalProcess0][resolveAuthority(ssh-remote,202)][3000ms] waiting...
2026-01-22 20:40:56.585 [error] [LocalProcess0][resolveAuthority(ssh-remote,202)][3538ms] returned an error {"code":"TemporarilyNotAvailable","message":"No route to host"}
2026-01-22 20:40:56.585 [error] resolveAuthority(ssh-remote) returned an error after 3539 ms No route to host
2026-01-22 20:40:56.585 [info] [remote-connection][Management   ][d7c33…][reconnect] A temporarily not available error occurred while trying to reconnect, will try again...
2026-01-22 20:40:56.585 [info] [remote-connection][Management   ][d7c33…][reconnect] waiting for 30 seconds before reconnecting...
2026-01-22 20:40:56.586 [info] [remote-connection][ExtensionHost][b16be…][reconnect] A temporarily not available error occurred while trying to reconnect, will try again...
2026-01-22 20:40:56.586 [info] [remote-connection][ExtensionHost][b16be…][reconnect] waiting for 30 seconds before reconnecting...
2026-01-22 20:40:56.663 [warning] [mainThreadStorage] large extension state detected (extensionId: ms-vscode-remote.remote-ssh, global: true): 10857.3798828125kb. Consider to use 'storageUri' or 'globalStorageUri' to store this data on disk instead.
2026-01-22 20:40:59.516 [info] [remote-connection][ExtensionHost][b16be…][reconnect] received socket timeout event (unacknowledgedMsgCount: 2426, timeSinceOldestUnacknowledgedMsg: 6552141, timeSinceLastReceivedSomeData: 6617770).
2026-01-22 20:40:59.524 [info] [remote-connection][Management   ][d7c33…][reconnect] received socket timeout event (unacknowledgedMsgCount: 1006, timeSinceOldestUnacknowledgedMsg: 6572161, timeSinceLastReceivedSomeData: 6618496).
2026-01-22 20:41:26.586 [info] [remote-connection][Management   ][d7c33…][reconnect] resolving connection...
2026-01-22 20:41:26.586 [info] Invoking resolveAuthority(ssh-remote)...
2026-01-22 20:41:26.586 [info] [LocalProcess0][resolveAuthority(ssh-remote,203)][0ms] obtaining proxy...
2026-01-22 20:41:26.586 [info] [LocalProcess0][resolveAuthority(ssh-remote,203)][0ms] invoking...
2026-01-22 20:41:26.588 [info] [remote-connection][ExtensionHost][b16be…][reconnect] received socket timeout event (unacknowledgedMsgCount: 2427, timeSinceOldestUnacknowledgedMsg: 6579213, timeSinceLastReceivedSomeData: 6644842).
2026-01-22 20:41:26.591 [info] [remote-connection][ExtensionHost][b16be…][reconnect] resolving connection...
2026-01-22 20:41:26.597 [info] [remote-connection][Management   ][d7c33…][reconnect] received socket timeout event (unacknowledgedMsgCount: 1007, timeSinceOldestUnacknowledgedMsg: 6599234, timeSinceLastReceivedSomeData: 6645569).
2026-01-22 20:41:27.586 [info] [LocalProcess0][resolveAuthority(ssh-remote,203)][1000ms] waiting...
2026-01-22 20:41:28.586 [info] [LocalProcess0][resolveAuthority(ssh-remote,203)][2000ms] waiting...
2026-01-22 20:41:29.586 [info] [LocalProcess0][resolveAuthority(ssh-remote,203)][3000ms] waiting...
2026-01-22 20:41:30.120 [error] [LocalProcess0][resolveAuthority(ssh-remote,203)][3533ms] returned an error {"code":"TemporarilyNotAvailable","message":"No route to host"}
2026-01-22 20:41:30.120 [error] resolveAuthority(ssh-remote) returned an error after 3533 ms No route to host
2026-01-22 20:41:30.120 [info] [remote-connection][Management   ][d7c33…][reconnect] A temporarily not available error occurred while trying to reconnect, will try again...
2026-01-22 20:41:30.120 [info] [remote-connection][Management   ][d7c33…][reconnect] waiting for 30 seconds before reconnecting...
2026-01-22 20:41:30.120 [info] [remote-connection][ExtensionHost][b16be…][reconnect] A temporarily not available error occurred while trying to reconnect, will try again...
2026-01-22 20:41:30.120 [info] [remote-connection][ExtensionHost][b16be…][reconnect] waiting for 30 seconds before reconnecting...
2026-01-22 20:41:30.198 [warning] [mainThreadStorage] large extension state detected (extensionId: ms-vscode-remote.remote-ssh, global: true): 10911.130859375kb. Consider to use 'storageUri' or 'globalStorageUri' to store this data on disk instead.
2026-01-22 20:41:46.589 [info] [remote-connection][ExtensionHost][b16be…][reconnect] received socket timeout event (unacknowledgedMsgCount: 2438, timeSinceOldestUnacknowledgedMsg: 6599213, timeSinceLastReceivedSomeData: 6664842).
2026-01-22 20:41:46.598 [info] [remote-connection][Management   ][d7c33…][reconnect] received socket timeout event (unacknowledgedMsgCount: 1011, timeSinceOldestUnacknowledgedMsg: 6619234, timeSinceLastReceivedSomeData: 6665569).
2026-01-22 20:42:00.120 [info] [remote-connection][Management   ][d7c33…][reconnect] resolving connection...
2026-01-22 20:42:00.120 [info] Invoking resolveAuthority(ssh-remote)...
2026-01-22 20:42:00.121 [info] [LocalProcess0][resolveAuthority(ssh-remote,204)][0ms] obtaining proxy...
2026-01-22 20:42:00.121 [info] [LocalProcess0][resolveAuthority(ssh-remote,204)][0ms] invoking...
2026-01-22 20:42:00.126 [info] [remote-connection][ExtensionHost][b16be…][reconnect] resolving connection...
2026-01-22 20:42:01.121 [info] [LocalProcess0][resolveAuthority(ssh-remote,204)][1001ms] waiting...
2026-01-22 20:42:02.121 [info] [LocalProcess0][resolveAuthority(ssh-remote,204)][2001ms] waiting...
2026-01-22 20:42:03.121 [info] [LocalProcess0][resolveAuthority(ssh-remote,204)][3001ms] waiting...
2026-01-22 20:42:03.659 [error] [LocalProcess0][resolveAuthority(ssh-remote,204)][3539ms] returned an error {"code":"TemporarilyNotAvailable","message":"No route to host"}
2026-01-22 20:42:03.660 [error] resolveAuthority(ssh-remote) returned an error after 3539 ms No route to host
2026-01-22 20:42:03.660 [info] [remote-connection][Management   ][d7c33…][reconnect] A temporarily not available error occurred while trying to reconnect, will try again...
2026-01-22 20:42:03.660 [info] [remote-connection][Management   ][d7c33…][reconnect] waiting for 30 seconds before reconnecting...
2026-01-22 20:42:03.660 [info] [remote-connection][ExtensionHost][b16be…][reconnect] A temporarily not available error occurred while trying to reconnect, will try again...
2026-01-22 20:42:03.660 [info] [remote-connection][ExtensionHost][b16be…][reconnect] waiting for 30 seconds before reconnecting...
2026-01-22 20:42:03.740 [warning] [mainThreadStorage] large extension state detected (extensionId: ms-vscode-remote.remote-ssh, global: true): 10964.8818359375kb. Consider to use 'storageUri' or 'globalStorageUri' to store this data on disk instead.
2026-01-22 20:42:06.589 [info] [remote-connection][ExtensionHost][b16be…][reconnect] received socket timeout event (unacknowledgedMsgCount: 2450, timeSinceOldestUnacknowledgedMsg: 6619213, timeSinceLastReceivedSomeData: 6684842).
2026-01-22 20:42:06.597 [info] [remote-connection][Management   ][d7c33…][reconnect] received socket timeout event (unacknowledgedMsgCount: 1016, timeSinceOldestUnacknowledgedMsg: 6639234, timeSinceLastReceivedSomeData: 6685569).
2026-01-22 20:42:33.660 [info] [remote-connection][Management   ][d7c33…][reconnect] resolving connection...
2026-01-22 20:42:33.660 [info] Invoking resolveAuthority(ssh-remote)...
2026-01-22 20:42:33.660 [info] [LocalProcess0][resolveAuthority(ssh-remote,205)][0ms] obtaining proxy...
2026-01-22 20:42:33.661 [info] [LocalProcess0][resolveAuthority(ssh-remote,205)][0ms] invoking...
2026-01-22 20:42:33.662 [info] [remote-connection][ExtensionHost][b16be…][reconnect] received socket timeout event (unacknowledgedMsgCount: 2451, timeSinceOldestUnacknowledgedMsg: 6646287, timeSinceLastReceivedSomeData: 6711916).
2026-01-22 20:42:33.668 [info] [remote-connection][ExtensionHost][b16be…][reconnect] resolving connection...
2026-01-22 20:42:33.674 [info] [remote-connection][Management   ][d7c33…][reconnect] received socket timeout event (unacknowledgedMsgCount: 1017, timeSinceOldestUnacknowledgedMsg: 6666311, timeSinceLastReceivedSomeData: 6712646).
2026-01-22 20:42:34.661 [info] [LocalProcess0][resolveAuthority(ssh-remote,205)][1000ms] waiting...
2026-01-22 20:42:35.661 [info] [LocalProcess0][resolveAuthority(ssh-remote,205)][2000ms] waiting...
2026-01-22 20:42:36.661 [info] [LocalProcess0][resolveAuthority(ssh-remote,205)][3000ms] waiting...
2026-01-22 20:42:37.192 [error] [LocalProcess0][resolveAuthority(ssh-remote,205)][3532ms] returned an error {"code":"TemporarilyNotAvailable","message":"No route to host"}
2026-01-22 20:42:37.192 [error] resolveAuthority(ssh-remote) returned an error after 3532 ms No route to host
2026-01-22 20:42:37.192 [info] [remote-connection][Management   ][d7c33…][reconnect] A temporarily not available error occurred while trying to reconnect, will try again...
2026-01-22 20:42:37.192 [info] [remote-connection][Management   ][d7c33…][reconnect] waiting for 30 seconds before reconnecting...
2026-01-22 20:42:37.192 [info] [remote-connection][ExtensionHost][b16be…][reconnect] A temporarily not available error occurred while trying to reconnect, will try again...
2026-01-22 20:42:37.193 [info] [remote-connection][ExtensionHost][b16be…][reconnect] waiting for 30 seconds before reconnecting...
2026-01-22 20:42:37.273 [warning] [mainThreadStorage] large extension state detected (extensionId: ms-vscode-remote.remote-ssh, global: true): 11018.6328125kb. Consider to use 'storageUri' or 'globalStorageUri' to store this data on disk instead.
2026-01-22 20:42:53.663 [info] [remote-connection][ExtensionHost][b16be…][reconnect] received socket timeout event (unacknowledgedMsgCount: 2462, timeSinceOldestUnacknowledgedMsg: 6666287, timeSinceLastReceivedSomeData: 6731916).
2026-01-22 20:42:53.675 [info] [remote-connection][Management   ][d7c33…][reconnect] received socket timeout event (unacknowledgedMsgCount: 1021, timeSinceOldestUnacknowledgedMsg: 6686311, timeSinceLastReceivedSomeData: 6732646).
2026-01-22 20:43:07.193 [info] [remote-connection][Management   ][d7c33…][reconnect] resolving connection...
2026-01-22 20:43:07.193 [info] Invoking resolveAuthority(ssh-remote)...
2026-01-22 20:43:07.193 [info] [LocalProcess0][resolveAuthority(ssh-remote,206)][0ms] obtaining proxy...
2026-01-22 20:43:07.193 [info] [LocalProcess0][resolveAuthority(ssh-remote,206)][0ms] invoking...
2026-01-22 20:43:07.200 [info] [remote-connection][ExtensionHost][b16be…][reconnect] resolving connection...
2026-01-22 20:43:08.194 [info] [LocalProcess0][resolveAuthority(ssh-remote,206)][1000ms] waiting...
2026-01-22 20:43:09.194 [info] [LocalProcess0][resolveAuthority(ssh-remote,206)][2000ms] waiting...
2026-01-22 20:43:10.194 [info] [LocalProcess0][resolveAuthority(ssh-remote,206)][3000ms] waiting...
2026-01-22 20:43:10.728 [error] [LocalProcess0][resolveAuthority(ssh-remote,206)][3535ms] returned an error {"code":"TemporarilyNotAvailable","message":"No route to host"}
2026-01-22 20:43:10.729 [error] resolveAuthority(ssh-remote) returned an error after 3535 ms No route to host
2026-01-22 20:43:10.729 [info] [remote-connection][Management   ][d7c33…][reconnect] A temporarily not available error occurred while trying to reconnect, will try again...
2026-01-22 20:43:10.729 [info] [remote-connection][Management   ][d7c33…][reconnect] waiting for 30 seconds before reconnecting...
2026-01-22 20:43:10.729 [info] [remote-connection][ExtensionHost][b16be…][reconnect] A temporarily not available error occurred while trying to reconnect, will try again...
2026-01-22 20:43:10.729 [info] [remote-connection][ExtensionHost][b16be…][reconnect] waiting for 30 seconds before reconnecting...
2026-01-22 20:43:10.808 [warning] [mainThreadStorage] large extension state detected (extensionId: ms-vscode-remote.remote-ssh, global: true): 11072.3837890625kb. Consider to use 'storageUri' or 'globalStorageUri' to store this data on disk instead.
2026-01-22 20:43:13.663 [info] [remote-connection][ExtensionHost][b16be…][reconnect] received socket timeout event (unacknowledgedMsgCount: 2474, timeSinceOldestUnacknowledgedMsg: 6686287, timeSinceLastReceivedSomeData: 6751916).
2026-01-22 20:43:13.674 [info] [remote-connection][Management   ][d7c33…][reconnect] received socket timeout event (unacknowledgedMsgCount: 1026, timeSinceOldestUnacknowledgedMsg: 6706311, timeSinceLastReceivedSomeData: 6752646).
2026-01-22 20:43:40.732 [info] [remote-connection][Management   ][d7c33…][reconnect] resolving connection...
2026-01-22 20:43:40.732 [info] Invoking resolveAuthority(ssh-remote)...
2026-01-22 20:43:40.732 [info] [LocalProcess0][resolveAuthority(ssh-remote,207)][0ms] obtaining proxy...
2026-01-22 20:43:40.732 [info] [LocalProcess0][resolveAuthority(ssh-remote,207)][0ms] invoking...
2026-01-22 20:43:40.734 [info] [remote-connection][ExtensionHost][b16be…][reconnect] received socket timeout event (unacknowledgedMsgCount: 2475, timeSinceOldestUnacknowledgedMsg: 6713359, timeSinceLastReceivedSomeData: 6778988).
2026-01-22 20:43:40.734 [info] [remote-connection][ExtensionHost][b16be…][reconnect] resolving connection...
2026-01-22 20:43:40.745 [info] [remote-connection][Management   ][d7c33…][reconnect] received socket timeout event (unacknowledgedMsgCount: 1027, timeSinceOldestUnacknowledgedMsg: 6733382, timeSinceLastReceivedSomeData: 6779717).
2026-01-22 20:43:41.732 [info] [LocalProcess0][resolveAuthority(ssh-remote,207)][1000ms] waiting...
2026-01-22 20:43:42.732 [info] [LocalProcess0][resolveAuthority(ssh-remote,207)][2000ms] waiting...
2026-01-22 20:43:43.732 [info] [LocalProcess0][resolveAuthority(ssh-remote,207)][3000ms] waiting...
2026-01-22 20:43:44.266 [error] [LocalProcess0][resolveAuthority(ssh-remote,207)][3533ms] returned an error {"code":"TemporarilyNotAvailable","message":"No route to host"}
2026-01-22 20:43:44.266 [error] resolveAuthority(ssh-remote) returned an error after 3535 ms No route to host
2026-01-22 20:43:44.266 [info] [remote-connection][Management   ][d7c33…][reconnect] A temporarily not available error occurred while trying to reconnect, will try again...
2026-01-22 20:43:44.266 [info] [remote-connection][Management   ][d7c33…][reconnect] waiting for 30 seconds before reconnecting...
2026-01-22 20:43:44.266 [info] [remote-connection][ExtensionHost][b16be…][reconnect] A temporarily not available error occurred while trying to reconnect, will try again...
2026-01-22 20:43:44.267 [info] [remote-connection][ExtensionHost][b16be…][reconnect] waiting for 30 seconds before reconnecting...
2026-01-22 20:43:44.353 [warning] [mainThreadStorage] large extension state detected (extensionId: ms-vscode-remote.remote-ssh, global: true): 11126.134765625kb. Consider to use 'storageUri' or 'globalStorageUri' to store this data on disk instead.
2026-01-22 20:44:00.735 [info] [remote-connection][ExtensionHost][b16be…][reconnect] received socket timeout event (unacknowledgedMsgCount: 2486, timeSinceOldestUnacknowledgedMsg: 6733359, timeSinceLastReceivedSomeData: 6798988).
2026-01-22 20:44:00.746 [info] [remote-connection][Management   ][d7c33…][reconnect] received socket timeout event (unacknowledgedMsgCount: 1031, timeSinceOldestUnacknowledgedMsg: 6753382, timeSinceLastReceivedSomeData: 6799717).
2026-01-22 20:44:14.266 [info] [remote-connection][Management   ][d7c33…][reconnect] resolving connection...
2026-01-22 20:44:14.267 [info] Invoking resolveAuthority(ssh-remote)...
2026-01-22 20:44:14.267 [info] [LocalProcess0][resolveAuthority(ssh-remote,208)][0ms] obtaining proxy...
2026-01-22 20:44:14.267 [info] [LocalProcess0][resolveAuthority(ssh-remote,208)][1ms] invoking...
2026-01-22 20:44:14.272 [info] [remote-connection][ExtensionHost][b16be…][reconnect] resolving connection...
2026-01-22 20:44:15.267 [info] [LocalProcess0][resolveAuthority(ssh-remote,208)][1001ms] waiting...
2026-01-22 20:44:16.267 [info] [LocalProcess0][resolveAuthority(ssh-remote,208)][2001ms] waiting...
2026-01-22 20:44:17.267 [info] [LocalProcess0][resolveAuthority(ssh-remote,208)][3001ms] waiting...
2026-01-22 20:44:17.802 [error] [LocalProcess0][resolveAuthority(ssh-remote,208)][3536ms] returned an error {"code":"TemporarilyNotAvailable","message":"No route to host"}
2026-01-22 20:44:17.803 [error] resolveAuthority(ssh-remote) returned an error after 3536 ms No route to host
2026-01-22 20:44:17.803 [info] [remote-connection][Management   ][d7c33…][reconnect] A temporarily not available error occurred while trying to reconnect, will try again...
2026-01-22 20:44:17.803 [info] [remote-connection][Management   ][d7c33…][reconnect] waiting for 30 seconds before reconnecting...
2026-01-22 20:44:17.803 [info] [remote-connection][ExtensionHost][b16be…][reconnect] A temporarily not available error occurred while trying to reconnect, will try again...
2026-01-22 20:44:17.803 [info] [remote-connection][ExtensionHost][b16be…][reconnect] waiting for 30 seconds before reconnecting...
2026-01-22 20:44:17.889 [warning] [mainThreadStorage] large extension state detected (extensionId: ms-vscode-remote.remote-ssh, global: true): 11179.8857421875kb. Consider to use 'storageUri' or 'globalStorageUri' to store this data on disk instead.
2026-01-22 20:44:20.735 [info] [remote-connection][ExtensionHost][b16be…][reconnect] received socket timeout event (unacknowledgedMsgCount: 2498, timeSinceOldestUnacknowledgedMsg: 6753359, timeSinceLastReceivedSomeData: 6818988).
2026-01-22 20:44:20.745 [info] [remote-connection][Management   ][d7c33…][reconnect] received socket timeout event (unacknowledgedMsgCount: 1036, timeSinceOldestUnacknowledgedMsg: 6773382, timeSinceLastReceivedSomeData: 6819717).
2026-01-22 20:44:47.803 [info] [remote-connection][Management   ][d7c33…][reconnect] resolving connection...
2026-01-22 20:44:47.803 [info] Invoking resolveAuthority(ssh-remote)...
2026-01-22 20:44:47.803 [info] [LocalProcess0][resolveAuthority(ssh-remote,209)][0ms] obtaining proxy...
2026-01-22 20:44:47.804 [info] [LocalProcess0][resolveAuthority(ssh-remote,209)][0ms] invoking...
2026-01-22 20:44:47.805 [info] [remote-connection][ExtensionHost][b16be…][reconnect] received socket timeout event (unacknowledgedMsgCount: 2499, timeSinceOldestUnacknowledgedMsg: 6780430, timeSinceLastReceivedSomeData: 6846059).
2026-01-22 20:44:47.811 [info] [remote-connection][ExtensionHost][b16be…][reconnect] resolving connection...
2026-01-22 20:44:47.818 [info] [remote-connection][Management   ][d7c33…][reconnect] received socket timeout event (unacknowledgedMsgCount: 1037, timeSinceOldestUnacknowledgedMsg: 6800454, timeSinceLastReceivedSomeData: 6846789).
2026-01-22 20:44:48.804 [info] [LocalProcess0][resolveAuthority(ssh-remote,209)][1000ms] waiting...
2026-01-22 20:44:49.804 [info] [LocalProcess0][resolveAuthority(ssh-remote,209)][2000ms] waiting...
2026-01-22 20:44:50.804 [info] [LocalProcess0][resolveAuthority(ssh-remote,209)][3000ms] waiting...
2026-01-22 20:44:51.340 [error] [LocalProcess0][resolveAuthority(ssh-remote,209)][3537ms] returned an error {"code":"TemporarilyNotAvailable","message":"No route to host"}
2026-01-22 20:44:51.340 [error] resolveAuthority(ssh-remote) returned an error after 3537 ms No route to host
2026-01-22 20:44:51.340 [info] [remote-connection][Management   ][d7c33…][reconnect] A temporarily not available error occurred while trying to reconnect, will try again...
2026-01-22 20:44:51.340 [info] [remote-connection][Management   ][d7c33…][reconnect] waiting for 30 seconds before reconnecting...
2026-01-22 20:44:51.341 [info] [remote-connection][ExtensionHost][b16be…][reconnect] A temporarily not available error occurred while trying to reconnect, will try again...
2026-01-22 20:44:51.341 [info] [remote-connection][ExtensionHost][b16be…][reconnect] waiting for 30 seconds before reconnecting...
2026-01-22 20:44:51.428 [warning] [mainThreadStorage] large extension state detected (extensionId: ms-vscode-remote.remote-ssh, global: true): 11233.63671875kb. Consider to use 'storageUri' or 'globalStorageUri' to store this data on disk instead.
2026-01-22 20:45:07.806 [info] [remote-connection][ExtensionHost][b16be…][reconnect] received socket timeout event (unacknowledgedMsgCount: 2510, timeSinceOldestUnacknowledgedMsg: 6800431, timeSinceLastReceivedSomeData: 6866060).
2026-01-22 20:45:07.817 [info] [remote-connection][Management   ][d7c33…][reconnect] received socket timeout event (unacknowledgedMsgCount: 1041, timeSinceOldestUnacknowledgedMsg: 6820454, timeSinceLastReceivedSomeData: 6866789).
2026-01-22 20:45:21.341 [info] [remote-connection][Management   ][d7c33…][reconnect] resolving connection...
2026-01-22 20:45:21.341 [info] Invoking resolveAuthority(ssh-remote)...
2026-01-22 20:45:21.341 [info] [LocalProcess0][resolveAuthority(ssh-remote,210)][0ms] obtaining proxy...
2026-01-22 20:45:21.341 [info] [LocalProcess0][resolveAuthority(ssh-remote,210)][0ms] invoking...
2026-01-22 20:45:21.350 [info] [remote-connection][ExtensionHost][b16be…][reconnect] resolving connection...
2026-01-22 20:45:22.341 [info] [LocalProcess0][resolveAuthority(ssh-remote,210)][1000ms] waiting...
2026-01-22 20:45:23.341 [info] [LocalProcess0][resolveAuthority(ssh-remote,210)][2000ms] waiting...
2026-01-22 20:45:24.341 [info] [LocalProcess0][resolveAuthority(ssh-remote,210)][3000ms] waiting...
2026-01-22 20:45:24.877 [error] [LocalProcess0][resolveAuthority(ssh-remote,210)][3535ms] returned an error {"code":"TemporarilyNotAvailable","message":"No route to host"}
2026-01-22 20:45:24.877 [error] resolveAuthority(ssh-remote) returned an error after 3536 ms No route to host
2026-01-22 20:45:24.877 [info] [remote-connection][Management   ][d7c33…][reconnect] A temporarily not available error occurred while trying to reconnect, will try again...
2026-01-22 20:45:24.877 [info] [remote-connection][Management   ][d7c33…][reconnect] waiting for 30 seconds before reconnecting...
2026-01-22 20:45:24.877 [info] [remote-connection][ExtensionHost][b16be…][reconnect] A temporarily not available error occurred while trying to reconnect, will try again...
2026-01-22 20:45:24.877 [info] [remote-connection][ExtensionHost][b16be…][reconnect] waiting for 30 seconds before reconnecting...
2026-01-22 20:45:24.964 [warning] [mainThreadStorage] large extension state detected (extensionId: ms-vscode-remote.remote-ssh, global: true): 11287.3876953125kb. Consider to use 'storageUri' or 'globalStorageUri' to store this data on disk instead.
2026-01-22 20:45:27.807 [info] [remote-connection][ExtensionHost][b16be…][reconnect] received socket timeout event (unacknowledgedMsgCount: 2522, timeSinceOldestUnacknowledgedMsg: 6820431, timeSinceLastReceivedSomeData: 6886060).
2026-01-22 20:45:27.818 [info] [remote-connection][Management   ][d7c33…][reconnect] received socket timeout event (unacknowledgedMsgCount: 1046, timeSinceOldestUnacknowledgedMsg: 6840454, timeSinceLastReceivedSomeData: 6886789).
2026-01-22 20:45:54.877 [info] [remote-connection][Management   ][d7c33…][reconnect] resolving connection...
2026-01-22 20:45:54.878 [info] Invoking resolveAuthority(ssh-remote)...
2026-01-22 20:45:54.878 [info] [LocalProcess0][resolveAuthority(ssh-remote,211)][0ms] obtaining proxy...
2026-01-22 20:45:54.878 [info] [LocalProcess0][resolveAuthority(ssh-remote,211)][0ms] invoking...
2026-01-22 20:45:54.880 [info] [remote-connection][ExtensionHost][b16be…][reconnect] received socket timeout event (unacknowledgedMsgCount: 2523, timeSinceOldestUnacknowledgedMsg: 6847505, timeSinceLastReceivedSomeData: 6913134).
2026-01-22 20:45:54.887 [info] [remote-connection][ExtensionHost][b16be…][reconnect] resolving connection...
2026-01-22 20:45:54.893 [info] [remote-connection][Management   ][d7c33…][reconnect] received socket timeout event (unacknowledgedMsgCount: 1047, timeSinceOldestUnacknowledgedMsg: 6867530, timeSinceLastReceivedSomeData: 6913865).
2026-01-22 20:45:55.878 [info] [LocalProcess0][resolveAuthority(ssh-remote,211)][1001ms] waiting...
2026-01-22 20:45:56.878 [info] [LocalProcess0][resolveAuthority(ssh-remote,211)][2001ms] waiting...
2026-01-22 20:45:57.878 [info] [LocalProcess0][resolveAuthority(ssh-remote,211)][3001ms] waiting...
2026-01-22 20:45:58.413 [error] [LocalProcess0][resolveAuthority(ssh-remote,211)][3536ms] returned an error {"code":"TemporarilyNotAvailable","message":"No route to host"}
2026-01-22 20:45:58.413 [error] resolveAuthority(ssh-remote) returned an error after 3536 ms No route to host
2026-01-22 20:45:58.413 [info] [remote-connection][Management   ][d7c33…][reconnect] A temporarily not available error occurred while trying to reconnect, will try again...
2026-01-22 20:45:58.414 [info] [remote-connection][Management   ][d7c33…][reconnect] waiting for 30 seconds before reconnecting...
2026-01-22 20:45:58.414 [info] [remote-connection][ExtensionHost][b16be…][reconnect] A temporarily not available error occurred while trying to reconnect, will try again...
2026-01-22 20:45:58.414 [info] [remote-connection][ExtensionHost][b16be…][reconnect] waiting for 30 seconds before reconnecting...
2026-01-22 20:45:58.501 [warning] [mainThreadStorage] large extension state detected (extensionId: ms-vscode-remote.remote-ssh, global: true): 11341.138671875kb. Consider to use 'storageUri' or 'globalStorageUri' to store this data on disk instead.
2026-01-22 20:46:14.881 [info] [remote-connection][ExtensionHost][b16be…][reconnect] received socket timeout event (unacknowledgedMsgCount: 2534, timeSinceOldestUnacknowledgedMsg: 6867505, timeSinceLastReceivedSomeData: 6933134).
2026-01-22 20:46:14.893 [info] [remote-connection][Management   ][d7c33…][reconnect] received socket timeout event (unacknowledgedMsgCount: 1051, timeSinceOldestUnacknowledgedMsg: 6887530, timeSinceLastReceivedSomeData: 6933865).
2026-01-22 20:46:28.414 [info] [remote-connection][Management   ][d7c33…][reconnect] resolving connection...
2026-01-22 20:46:28.414 [info] Invoking resolveAuthority(ssh-remote)...
2026-01-22 20:46:28.414 [info] [LocalProcess0][resolveAuthority(ssh-remote,212)][0ms] obtaining proxy...
2026-01-22 20:46:28.414 [info] [LocalProcess0][resolveAuthority(ssh-remote,212)][0ms] invoking...
2026-01-22 20:46:28.419 [info] [remote-connection][ExtensionHost][b16be…][reconnect] resolving connection...
2026-01-22 20:46:29.414 [info] [LocalProcess0][resolveAuthority(ssh-remote,212)][1000ms] waiting...
2026-01-22 20:46:30.414 [info] [LocalProcess0][resolveAuthority(ssh-remote,212)][2000ms] waiting...
2026-01-22 20:46:31.414 [info] [LocalProcess0][resolveAuthority(ssh-remote,212)][3000ms] waiting...
2026-01-22 20:46:31.950 [error] [LocalProcess0][resolveAuthority(ssh-remote,212)][3535ms] returned an error {"code":"TemporarilyNotAvailable","message":"No route to host"}
2026-01-22 20:46:31.950 [error] resolveAuthority(ssh-remote) returned an error after 3535 ms No route to host
2026-01-22 20:46:31.950 [info] [remote-connection][Management   ][d7c33…][reconnect] A temporarily not available error occurred while trying to reconnect, will try again...
2026-01-22 20:46:31.950 [info] [remote-connection][Management   ][d7c33…][reconnect] waiting for 30 seconds before reconnecting...
2026-01-22 20:46:31.950 [info] [remote-connection][ExtensionHost][b16be…][reconnect] A temporarily not available error occurred while trying to reconnect, will try again...
2026-01-22 20:46:31.950 [info] [remote-connection][ExtensionHost][b16be…][reconnect] waiting for 30 seconds before reconnecting...
2026-01-22 20:46:32.045 [warning] [mainThreadStorage] large extension state detected (extensionId: ms-vscode-remote.remote-ssh, global: true): 11394.8896484375kb. Consider to use 'storageUri' or 'globalStorageUri' to store this data on disk instead.
2026-01-22 20:46:34.880 [info] [remote-connection][ExtensionHost][b16be…][reconnect] received socket timeout event (unacknowledgedMsgCount: 2546, timeSinceOldestUnacknowledgedMsg: 6887505, timeSinceLastReceivedSomeData: 6953134).
2026-01-22 20:46:34.893 [info] [remote-connection][Management   ][d7c33…][reconnect] received socket timeout event (unacknowledgedMsgCount: 1056, timeSinceOldestUnacknowledgedMsg: 6907530, timeSinceLastReceivedSomeData: 6953865).
2026-01-22 20:47:01.950 [info] [remote-connection][Management   ][d7c33…][reconnect] resolving connection...
2026-01-22 20:47:01.951 [info] Invoking resolveAuthority(ssh-remote)...
2026-01-22 20:47:01.951 [info] [LocalProcess0][resolveAuthority(ssh-remote,213)][0ms] obtaining proxy...
2026-01-22 20:47:01.951 [info] [LocalProcess0][resolveAuthority(ssh-remote,213)][0ms] invoking...
2026-01-22 20:47:01.953 [info] [remote-connection][ExtensionHost][b16be…][reconnect] received socket timeout event (unacknowledgedMsgCount: 2547, timeSinceOldestUnacknowledgedMsg: 6914577, timeSinceLastReceivedSomeData: 6980206).
2026-01-22 20:47:01.956 [info] [remote-connection][ExtensionHost][b16be…][reconnect] resolving connection...
2026-01-22 20:47:01.962 [info] [remote-connection][Management   ][d7c33…][reconnect] received socket timeout event (unacknowledgedMsgCount: 1057, timeSinceOldestUnacknowledgedMsg: 6934598, timeSinceLastReceivedSomeData: 6980933).
2026-01-22 20:47:02.951 [info] [LocalProcess0][resolveAuthority(ssh-remote,213)][1001ms] waiting...
2026-01-22 20:47:03.951 [info] [LocalProcess0][resolveAuthority(ssh-remote,213)][2001ms] waiting...
2026-01-22 20:47:04.951 [info] [LocalProcess0][resolveAuthority(ssh-remote,213)][3001ms] waiting...
2026-01-22 20:47:05.487 [error] [LocalProcess0][resolveAuthority(ssh-remote,213)][3537ms] returned an error {"code":"TemporarilyNotAvailable","message":"No route to host"}
2026-01-22 20:47:05.487 [error] resolveAuthority(ssh-remote) returned an error after 3537 ms No route to host
2026-01-22 20:47:05.487 [info] [remote-connection][Management   ][d7c33…][reconnect] A temporarily not available error occurred while trying to reconnect, will try again...
2026-01-22 20:47:05.487 [info] [remote-connection][Management   ][d7c33…][reconnect] waiting for 30 seconds before reconnecting...
2026-01-22 20:47:05.487 [info] [remote-connection][ExtensionHost][b16be…][reconnect] A temporarily not available error occurred while trying to reconnect, will try again...
2026-01-22 20:47:05.488 [info] [remote-connection][ExtensionHost][b16be…][reconnect] waiting for 30 seconds before reconnecting...
2026-01-22 20:47:05.571 [warning] [mainThreadStorage] large extension state detected (extensionId: ms-vscode-remote.remote-ssh, global: true): 11448.640625kb. Consider to use 'storageUri' or 'globalStorageUri' to store this data on disk instead.
2026-01-22 20:47:21.952 [info] [remote-connection][ExtensionHost][b16be…][reconnect] received socket timeout event (unacknowledgedMsgCount: 2558, timeSinceOldestUnacknowledgedMsg: 6934577, timeSinceLastReceivedSomeData: 7000206).
2026-01-22 20:47:21.961 [info] [remote-connection][Management   ][d7c33…][reconnect] received socket timeout event (unacknowledgedMsgCount: 1061, timeSinceOldestUnacknowledgedMsg: 6954598, timeSinceLastReceivedSomeData: 7000933).
2026-01-22 20:47:35.488 [info] [remote-connection][Management   ][d7c33…][reconnect] resolving connection...
2026-01-22 20:47:35.488 [info] Invoking resolveAuthority(ssh-remote)...
2026-01-22 20:47:35.488 [info] [LocalProcess0][resolveAuthority(ssh-remote,214)][0ms] obtaining proxy...
2026-01-22 20:47:35.488 [info] [LocalProcess0][resolveAuthority(ssh-remote,214)][0ms] invoking...
2026-01-22 20:47:35.493 [info] [remote-connection][ExtensionHost][b16be…][reconnect] resolving connection...
2026-01-22 20:47:36.488 [info] [LocalProcess0][resolveAuthority(ssh-remote,214)][1000ms] waiting...
2026-01-22 20:47:37.488 [info] [LocalProcess0][resolveAuthority(ssh-remote,214)][2000ms] waiting...
2026-01-22 20:47:38.488 [info] [LocalProcess0][resolveAuthority(ssh-remote,214)][3000ms] waiting...
2026-01-22 20:47:39.023 [error] [LocalProcess0][resolveAuthority(ssh-remote,214)][3534ms] returned an error {"code":"TemporarilyNotAvailable","message":"No route to host"}
2026-01-22 20:47:39.023 [error] resolveAuthority(ssh-remote) returned an error after 3536 ms No route to host
2026-01-22 20:47:39.023 [info] [remote-connection][Management   ][d7c33…][reconnect] A temporarily not available error occurred while trying to reconnect, will try again...
2026-01-22 20:47:39.023 [info] [remote-connection][Management   ][d7c33…][reconnect] waiting for 30 seconds before reconnecting...
2026-01-22 20:47:39.023 [info] [remote-connection][ExtensionHost][b16be…][reconnect] A temporarily not available error occurred while trying to reconnect, will try again...
2026-01-22 20:47:39.023 [info] [remote-connection][ExtensionHost][b16be…][reconnect] waiting for 30 seconds before reconnecting...
2026-01-22 20:47:39.106 [warning] [mainThreadStorage] large extension state detected (extensionId: ms-vscode-remote.remote-ssh, global: true): 11502.3916015625kb. Consider to use 'storageUri' or 'globalStorageUri' to store this data on disk instead.
2026-01-22 20:47:41.953 [info] [remote-connection][ExtensionHost][b16be…][reconnect] received socket timeout event (unacknowledgedMsgCount: 2570, timeSinceOldestUnacknowledgedMsg: 6954578, timeSinceLastReceivedSomeData: 7020207).
2026-01-22 20:47:41.962 [info] [remote-connection][Management   ][d7c33…][reconnect] received socket timeout event (unacknowledgedMsgCount: 1066, timeSinceOldestUnacknowledgedMsg: 6974599, timeSinceLastReceivedSomeData: 7020934).
2026-01-22 20:48:09.023 [info] [remote-connection][Management   ][d7c33…][reconnect] resolving connection...
2026-01-22 20:48:09.024 [info] Invoking resolveAuthority(ssh-remote)...
2026-01-22 20:48:09.024 [info] [LocalProcess0][resolveAuthority(ssh-remote,215)][0ms] obtaining proxy...
2026-01-22 20:48:09.024 [info] [LocalProcess0][resolveAuthority(ssh-remote,215)][0ms] invoking...
2026-01-22 20:48:09.026 [info] [remote-connection][ExtensionHost][b16be…][reconnect] received socket timeout event (unacknowledgedMsgCount: 2571, timeSinceOldestUnacknowledgedMsg: 6981651, timeSinceLastReceivedSomeData: 7047280).
2026-01-22 20:48:09.029 [info] [remote-connection][ExtensionHost][b16be…][reconnect] resolving connection...
2026-01-22 20:48:09.035 [info] [remote-connection][Management   ][d7c33…][reconnect] received socket timeout event (unacknowledgedMsgCount: 1067, timeSinceOldestUnacknowledgedMsg: 7001672, timeSinceLastReceivedSomeData: 7048007).
2026-01-22 20:48:10.024 [info] [LocalProcess0][resolveAuthority(ssh-remote,215)][1000ms] waiting...
2026-01-22 20:48:11.024 [info] [LocalProcess0][resolveAuthority(ssh-remote,215)][2000ms] waiting...
2026-01-22 20:48:12.024 [info] [LocalProcess0][resolveAuthority(ssh-remote,215)][3000ms] waiting...
2026-01-22 20:48:12.559 [error] [LocalProcess0][resolveAuthority(ssh-remote,215)][3535ms] returned an error {"code":"TemporarilyNotAvailable","message":"No route to host"}
2026-01-22 20:48:12.559 [error] resolveAuthority(ssh-remote) returned an error after 3536 ms No route to host
2026-01-22 20:48:12.559 [info] [remote-connection][Management   ][d7c33…][reconnect] A temporarily not available error occurred while trying to reconnect, will try again...
2026-01-22 20:48:12.560 [info] [remote-connection][Management   ][d7c33…][reconnect] waiting for 30 seconds before reconnecting...
2026-01-22 20:48:12.560 [info] [remote-connection][ExtensionHost][b16be…][reconnect] A temporarily not available error occurred while trying to reconnect, will try again...
2026-01-22 20:48:12.560 [info] [remote-connection][ExtensionHost][b16be…][reconnect] waiting for 30 seconds before reconnecting...
2026-01-22 20:48:12.650 [warning] [mainThreadStorage] large extension state detected (extensionId: ms-vscode-remote.remote-ssh, global: true): 11556.142578125kb. Consider to use 'storageUri' or 'globalStorageUri' to store this data on disk instead.
2026-01-22 20:48:29.027 [info] [remote-connection][ExtensionHost][b16be…][reconnect] received socket timeout event (unacknowledgedMsgCount: 2582, timeSinceOldestUnacknowledgedMsg: 7001651, timeSinceLastReceivedSomeData: 7067280).
2026-01-22 20:48:29.035 [info] [remote-connection][Management   ][d7c33…][reconnect] received socket timeout event (unacknowledgedMsgCount: 1071, timeSinceOldestUnacknowledgedMsg: 7021672, timeSinceLastReceivedSomeData: 7068007).
2026-01-22 20:48:42.560 [info] [remote-connection][Management   ][d7c33…][reconnect] resolving connection...
2026-01-22 20:48:42.560 [info] Invoking resolveAuthority(ssh-remote)...
2026-01-22 20:48:42.560 [info] [LocalProcess0][resolveAuthority(ssh-remote,216)][0ms] obtaining proxy...
2026-01-22 20:48:42.560 [info] [LocalProcess0][resolveAuthority(ssh-remote,216)][0ms] invoking...
2026-01-22 20:48:42.565 [info] [remote-connection][ExtensionHost][b16be…][reconnect] resolving connection...
2026-01-22 20:48:43.561 [info] [LocalProcess0][resolveAuthority(ssh-remote,216)][1000ms] waiting...
2026-01-22 20:48:44.561 [info] [LocalProcess0][resolveAuthority(ssh-remote,216)][2000ms] waiting...
2026-01-22 20:48:45.561 [info] [LocalProcess0][resolveAuthority(ssh-remote,216)][3000ms] waiting...
2026-01-22 20:48:46.094 [error] [LocalProcess0][resolveAuthority(ssh-remote,216)][3534ms] returned an error {"code":"TemporarilyNotAvailable","message":"No route to host"}
2026-01-22 20:48:46.094 [error] resolveAuthority(ssh-remote) returned an error after 3534 ms No route to host
2026-01-22 20:48:46.095 [info] [remote-connection][Management   ][d7c33…][reconnect] A temporarily not available error occurred while trying to reconnect, will try again...
2026-01-22 20:48:46.095 [info] [remote-connection][Management   ][d7c33…][reconnect] waiting for 30 seconds before reconnecting...
2026-01-22 20:48:46.095 [info] [remote-connection][ExtensionHost][b16be…][reconnect] A temporarily not available error occurred while trying to reconnect, will try again...
2026-01-22 20:48:46.095 [info] [remote-connection][ExtensionHost][b16be…][reconnect] waiting for 30 seconds before reconnecting...
2026-01-22 20:48:46.189 [warning] [mainThreadStorage] large extension state detected (extensionId: ms-vscode-remote.remote-ssh, global: true): 11609.8935546875kb. Consider to use 'storageUri' or 'globalStorageUri' to store this data on disk instead.
2026-01-22 20:48:49.027 [info] [remote-connection][ExtensionHost][b16be…][reconnect] received socket timeout event (unacknowledgedMsgCount: 2594, timeSinceOldestUnacknowledgedMsg: 7021651, timeSinceLastReceivedSomeData: 7087280).
2026-01-22 20:48:49.035 [info] [remote-connection][Management   ][d7c33…][reconnect] received socket timeout event (unacknowledgedMsgCount: 1076, timeSinceOldestUnacknowledgedMsg: 7041672, timeSinceLastReceivedSomeData: 7088007).
2026-01-22 20:49:16.095 [info] [remote-connection][Management   ][d7c33…][reconnect] resolving connection...
2026-01-22 20:49:16.095 [info] Invoking resolveAuthority(ssh-remote)...
2026-01-22 20:49:16.095 [info] [LocalProcess0][resolveAuthority(ssh-remote,217)][0ms] obtaining proxy...
2026-01-22 20:49:16.096 [info] [LocalProcess0][resolveAuthority(ssh-remote,217)][0ms] invoking...
2026-01-22 20:49:16.097 [info] [remote-connection][ExtensionHost][b16be…][reconnect] received socket timeout event (unacknowledgedMsgCount: 2595, timeSinceOldestUnacknowledgedMsg: 7048722, timeSinceLastReceivedSomeData: 7114351).
2026-01-22 20:49:16.101 [info] [remote-connection][ExtensionHost][b16be…][reconnect] resolving connection...
2026-01-22 20:49:16.106 [info] [remote-connection][Management   ][d7c33…][reconnect] received socket timeout event (unacknowledgedMsgCount: 1077, timeSinceOldestUnacknowledgedMsg: 7068743, timeSinceLastReceivedSomeData: 7115078).
2026-01-22 20:49:17.096 [info] [LocalProcess0][resolveAuthority(ssh-remote,217)][1000ms] waiting...
2026-01-22 20:49:18.096 [info] [LocalProcess0][resolveAuthority(ssh-remote,217)][2000ms] waiting...
2026-01-22 20:49:19.096 [info] [LocalProcess0][resolveAuthority(ssh-remote,217)][3000ms] waiting...
2026-01-22 20:49:19.629 [error] [LocalProcess0][resolveAuthority(ssh-remote,217)][3534ms] returned an error {"code":"TemporarilyNotAvailable","message":"No route to host"}
2026-01-22 20:49:19.629 [error] resolveAuthority(ssh-remote) returned an error after 3534 ms No route to host
2026-01-22 20:49:19.630 [info] [remote-connection][Management   ][d7c33…][reconnect] A temporarily not available error occurred while trying to reconnect, will try again...
2026-01-22 20:49:19.630 [info] [remote-connection][Management   ][d7c33…][reconnect] waiting for 30 seconds before reconnecting...
2026-01-22 20:49:19.630 [info] [remote-connection][ExtensionHost][b16be…][reconnect] A temporarily not available error occurred while trying to reconnect, will try again...
2026-01-22 20:49:19.630 [info] [remote-connection][ExtensionHost][b16be…][reconnect] waiting for 30 seconds before reconnecting...
2026-01-22 20:49:19.725 [warning] [mainThreadStorage] large extension state detected (extensionId: ms-vscode-remote.remote-ssh, global: true): 11663.64453125kb. Consider to use 'storageUri' or 'globalStorageUri' to store this data on disk instead.
2026-01-22 20:49:36.098 [info] [remote-connection][ExtensionHost][b16be…][reconnect] received socket timeout event (unacknowledgedMsgCount: 2606, timeSinceOldestUnacknowledgedMsg: 7068723, timeSinceLastReceivedSomeData: 7134352).
2026-01-22 20:49:36.106 [info] [remote-connection][Management   ][d7c33…][reconnect] received socket timeout event (unacknowledgedMsgCount: 1081, timeSinceOldestUnacknowledgedMsg: 7088743, timeSinceLastReceivedSomeData: 7135078).
2026-01-22 20:49:49.630 [info] [remote-connection][Management   ][d7c33…][reconnect] resolving connection...
2026-01-22 20:49:49.630 [info] Invoking resolveAuthority(ssh-remote)...
2026-01-22 20:49:49.630 [info] [LocalProcess0][resolveAuthority(ssh-remote,218)][0ms] obtaining proxy...
2026-01-22 20:49:49.630 [info] [LocalProcess0][resolveAuthority(ssh-remote,218)][0ms] invoking...
2026-01-22 20:49:49.635 [info] [remote-connection][ExtensionHost][b16be…][reconnect] resolving connection...
2026-01-22 20:49:50.630 [info] [LocalProcess0][resolveAuthority(ssh-remote,218)][1000ms] waiting...
2026-01-22 20:49:51.630 [info] [LocalProcess0][resolveAuthority(ssh-remote,218)][2000ms] waiting...
2026-01-22 20:49:52.630 [info] [LocalProcess0][resolveAuthority(ssh-remote,218)][3000ms] waiting...
2026-01-22 20:49:53.163 [error] [LocalProcess0][resolveAuthority(ssh-remote,218)][3533ms] returned an error {"code":"TemporarilyNotAvailable","message":"No route to host"}
2026-01-22 20:49:53.164 [error] resolveAuthority(ssh-remote) returned an error after 3533 ms No route to host
2026-01-22 20:49:53.164 [info] [remote-connection][Management   ][d7c33…][reconnect] A temporarily not available error occurred while trying to reconnect, will try again...
2026-01-22 20:49:53.164 [info] [remote-connection][Management   ][d7c33…][reconnect] waiting for 30 seconds before reconnecting...
2026-01-22 20:49:53.164 [info] [remote-connection][ExtensionHost][b16be…][reconnect] A temporarily not available error occurred while trying to reconnect, will try again...
2026-01-22 20:49:53.164 [info] [remote-connection][ExtensionHost][b16be…][reconnect] waiting for 30 seconds before reconnecting...
2026-01-22 20:49:53.258 [warning] [mainThreadStorage] large extension state detected (extensionId: ms-vscode-remote.remote-ssh, global: true): 11717.3955078125kb. Consider to use 'storageUri' or 'globalStorageUri' to store this data on disk instead.
2026-01-22 20:49:56.099 [info] [remote-connection][ExtensionHost][b16be…][reconnect] received socket timeout event (unacknowledgedMsgCount: 2618, timeSinceOldestUnacknowledgedMsg: 7088724, timeSinceLastReceivedSomeData: 7154353).
2026-01-22 20:49:56.106 [info] [remote-connection][Management   ][d7c33…][reconnect] received socket timeout event (unacknowledgedMsgCount: 1086, timeSinceOldestUnacknowledgedMsg: 7108743, timeSinceLastReceivedSomeData: 7155078).
2026-01-22 20:50:23.164 [info] [remote-connection][Management   ][d7c33…][reconnect] resolving connection...
2026-01-22 20:50:23.164 [info] Invoking resolveAuthority(ssh-remote)...
2026-01-22 20:50:23.165 [info] [LocalProcess0][resolveAuthority(ssh-remote,219)][0ms] obtaining proxy...
2026-01-22 20:50:23.165 [info] [LocalProcess0][resolveAuthority(ssh-remote,219)][0ms] invoking...
2026-01-22 20:50:23.166 [info] [remote-connection][ExtensionHost][b16be…][reconnect] received socket timeout event (unacknowledgedMsgCount: 2619, timeSinceOldestUnacknowledgedMsg: 7115791, timeSinceLastReceivedSomeData: 7181420).
2026-01-22 20:50:23.170 [info] [remote-connection][ExtensionHost][b16be…][reconnect] resolving connection...
2026-01-22 20:50:23.175 [info] [remote-connection][Management   ][d7c33…][reconnect] received socket timeout event (unacknowledgedMsgCount: 1087, timeSinceOldestUnacknowledgedMsg: 7135812, timeSinceLastReceivedSomeData: 7182147).
2026-01-22 20:50:24.165 [info] [LocalProcess0][resolveAuthority(ssh-remote,219)][1001ms] waiting...
2026-01-22 20:50:25.165 [info] [LocalProcess0][resolveAuthority(ssh-remote,219)][2001ms] waiting...
2026-01-22 20:50:26.165 [info] [LocalProcess0][resolveAuthority(ssh-remote,219)][3001ms] waiting...
2026-01-22 20:50:26.705 [error] [LocalProcess0][resolveAuthority(ssh-remote,219)][3541ms] returned an error {"code":"TemporarilyNotAvailable","message":"No route to host"}
2026-01-22 20:50:26.705 [error] resolveAuthority(ssh-remote) returned an error after 3541 ms No route to host
2026-01-22 20:50:26.705 [info] [remote-connection][Management   ][d7c33…][reconnect] A temporarily not available error occurred while trying to reconnect, will try again...
2026-01-22 20:50:26.706 [info] [remote-connection][Management   ][d7c33…][reconnect] waiting for 30 seconds before reconnecting...
2026-01-22 20:50:26.706 [info] [remote-connection][ExtensionHost][b16be…][reconnect] A temporarily not available error occurred while trying to reconnect, will try again...
2026-01-22 20:50:26.706 [info] [remote-connection][ExtensionHost][b16be…][reconnect] waiting for 30 seconds before reconnecting...
2026-01-22 20:50:26.798 [warning] [mainThreadStorage] large extension state detected (extensionId: ms-vscode-remote.remote-ssh, global: true): 11771.146484375kb. Consider to use 'storageUri' or 'globalStorageUri' to store this data on disk instead.
2026-01-22 20:50:43.167 [info] [remote-connection][ExtensionHost][b16be…][reconnect] received socket timeout event (unacknowledgedMsgCount: 2630, timeSinceOldestUnacknowledgedMsg: 7135792, timeSinceLastReceivedSomeData: 7201421).
2026-01-22 20:50:43.175 [info] [remote-connection][Management   ][d7c33…][reconnect] received socket timeout event (unacknowledgedMsgCount: 1091, timeSinceOldestUnacknowledgedMsg: 7155812, timeSinceLastReceivedSomeData: 7202147).
2026-01-22 20:50:56.706 [info] [remote-connection][Management   ][d7c33…][reconnect] resolving connection...
2026-01-22 20:50:56.706 [info] Invoking resolveAuthority(ssh-remote)...
2026-01-22 20:50:56.706 [info] [LocalProcess0][resolveAuthority(ssh-remote,220)][0ms] obtaining proxy...
2026-01-22 20:50:56.706 [info] [LocalProcess0][resolveAuthority(ssh-remote,220)][0ms] invoking...
2026-01-22 20:50:56.711 [info] [remote-connection][ExtensionHost][b16be…][reconnect] resolving connection...
2026-01-22 20:50:57.706 [info] [LocalProcess0][resolveAuthority(ssh-remote,220)][1000ms] waiting...
2026-01-22 20:50:58.706 [info] [LocalProcess0][resolveAuthority(ssh-remote,220)][2000ms] waiting...
2026-01-22 20:50:59.706 [info] [LocalProcess0][resolveAuthority(ssh-remote,220)][3000ms] waiting...
2026-01-22 20:51:00.241 [error] [LocalProcess0][resolveAuthority(ssh-remote,220)][3534ms] returned an error {"code":"TemporarilyNotAvailable","message":"No route to host"}
2026-01-22 20:51:00.241 [error] resolveAuthority(ssh-remote) returned an error after 3534 ms No route to host
2026-01-22 20:51:00.241 [info] [remote-connection][Management   ][d7c33…][reconnect] A temporarily not available error occurred while trying to reconnect, will try again...
2026-01-22 20:51:00.241 [info] [remote-connection][Management   ][d7c33…][reconnect] waiting for 30 seconds before reconnecting...
2026-01-22 20:51:00.241 [info] [remote-connection][ExtensionHost][b16be…][reconnect] A temporarily not available error occurred while trying to reconnect, will try again...
2026-01-22 20:51:00.241 [info] [remote-connection][ExtensionHost][b16be…][reconnect] waiting for 30 seconds before reconnecting...
2026-01-22 20:51:00.335 [warning] [mainThreadStorage] large extension state detected (extensionId: ms-vscode-remote.remote-ssh, global: true): 11824.8974609375kb. Consider to use 'storageUri' or 'globalStorageUri' to store this data on disk instead.
2026-01-22 20:51:03.167 [info] [remote-connection][ExtensionHost][b16be…][reconnect] received socket timeout event (unacknowledgedMsgCount: 2642, timeSinceOldestUnacknowledgedMsg: 7155792, timeSinceLastReceivedSomeData: 7221421).
2026-01-22 20:51:03.176 [info] [remote-connection][Management   ][d7c33…][reconnect] received socket timeout event (unacknowledgedMsgCount: 1096, timeSinceOldestUnacknowledgedMsg: 7175812, timeSinceLastReceivedSomeData: 7222147).
2026-01-22 20:51:30.241 [info] [remote-connection][Management   ][d7c33…][reconnect] resolving connection...
2026-01-22 20:51:30.242 [info] Invoking resolveAuthority(ssh-remote)...
2026-01-22 20:51:30.242 [info] [LocalProcess0][resolveAuthority(ssh-remote,221)][0ms] obtaining proxy...
2026-01-22 20:51:30.242 [info] [LocalProcess0][resolveAuthority(ssh-remote,221)][1ms] invoking...
2026-01-22 20:51:30.244 [info] [remote-connection][ExtensionHost][b16be…][reconnect] received socket timeout event (unacknowledgedMsgCount: 2643, timeSinceOldestUnacknowledgedMsg: 7182868, timeSinceLastReceivedSomeData: 7248497).
2026-01-22 20:51:30.247 [info] [remote-connection][ExtensionHost][b16be…][reconnect] resolving connection...
2026-01-22 20:51:30.253 [info] [remote-connection][Management   ][d7c33…][reconnect] received socket timeout event (unacknowledgedMsgCount: 1097, timeSinceOldestUnacknowledgedMsg: 7202890, timeSinceLastReceivedSomeData: 7249225).
2026-01-22 20:51:31.242 [info] [LocalProcess0][resolveAuthority(ssh-remote,221)][1001ms] waiting...
2026-01-22 20:51:32.242 [info] [LocalProcess0][resolveAuthority(ssh-remote,221)][2001ms] waiting...
2026-01-22 20:51:33.242 [info] [LocalProcess0][resolveAuthority(ssh-remote,221)][3001ms] waiting...
2026-01-22 20:51:33.782 [error] [LocalProcess0][resolveAuthority(ssh-remote,221)][3541ms] returned an error {"code":"TemporarilyNotAvailable","message":"No route to host"}
2026-01-22 20:51:33.782 [error] resolveAuthority(ssh-remote) returned an error after 3541 ms No route to host
2026-01-22 20:51:33.782 [info] [remote-connection][Management   ][d7c33…][reconnect] A temporarily not available error occurred while trying to reconnect, will try again...
2026-01-22 20:51:33.782 [info] [remote-connection][Management   ][d7c33…][reconnect] waiting for 30 seconds before reconnecting...
2026-01-22 20:51:33.782 [info] [remote-connection][ExtensionHost][b16be…][reconnect] A temporarily not available error occurred while trying to reconnect, will try again...
2026-01-22 20:51:33.783 [info] [remote-connection][ExtensionHost][b16be…][reconnect] waiting for 30 seconds before reconnecting...
2026-01-22 20:51:33.872 [warning] [mainThreadStorage] large extension state detected (extensionId: ms-vscode-remote.remote-ssh, global: true): 11878.6484375kb. Consider to use 'storageUri' or 'globalStorageUri' to store this data on disk instead.
2026-01-22 20:51:50.244 [info] [remote-connection][ExtensionHost][b16be…][reconnect] received socket timeout event (unacknowledgedMsgCount: 2654, timeSinceOldestUnacknowledgedMsg: 7202868, timeSinceLastReceivedSomeData: 7268497).
2026-01-22 20:51:50.254 [info] [remote-connection][Management   ][d7c33…][reconnect] received socket timeout event (unacknowledgedMsgCount: 1101, timeSinceOldestUnacknowledgedMsg: 7222890, timeSinceLastReceivedSomeData: 7269225).
2026-01-22 20:52:03.783 [info] [remote-connection][Management   ][d7c33…][reconnect] resolving connection...
2026-01-22 20:52:03.783 [info] Invoking resolveAuthority(ssh-remote)...
2026-01-22 20:52:03.783 [info] [LocalProcess0][resolveAuthority(ssh-remote,222)][0ms] obtaining proxy...
2026-01-22 20:52:03.783 [info] [LocalProcess0][resolveAuthority(ssh-remote,222)][0ms] invoking...
2026-01-22 20:52:03.792 [info] [remote-connection][ExtensionHost][b16be…][reconnect] resolving connection...
2026-01-22 20:52:04.783 [info] [LocalProcess0][resolveAuthority(ssh-remote,222)][1000ms] waiting...
2026-01-22 20:52:05.783 [info] [LocalProcess0][resolveAuthority(ssh-remote,222)][2000ms] waiting...
2026-01-22 20:52:06.783 [info] [LocalProcess0][resolveAuthority(ssh-remote,222)][3000ms] waiting...
2026-01-22 20:52:07.376 [error] [LocalProcess0][resolveAuthority(ssh-remote,222)][3593ms] returned an error {"code":"TemporarilyNotAvailable","message":"No route to host"}
2026-01-22 20:52:07.376 [error] resolveAuthority(ssh-remote) returned an error after 3594 ms No route to host
2026-01-22 20:52:07.377 [info] [remote-connection][Management   ][d7c33…][reconnect] A temporarily not available error occurred while trying to reconnect, will try again...
2026-01-22 20:52:07.377 [info] [remote-connection][Management   ][d7c33…][reconnect] waiting for 30 seconds before reconnecting...
2026-01-22 20:52:07.377 [info] [remote-connection][ExtensionHost][b16be…][reconnect] A temporarily not available error occurred while trying to reconnect, will try again...
2026-01-22 20:52:07.377 [info] [remote-connection][ExtensionHost][b16be…][reconnect] waiting for 30 seconds before reconnecting...
2026-01-22 20:52:07.468 [warning] [mainThreadStorage] large extension state detected (extensionId: ms-vscode-remote.remote-ssh, global: true): 11932.3994140625kb. Consider to use 'storageUri' or 'globalStorageUri' to store this data on disk instead.
2026-01-22 20:52:10.243 [info] [remote-connection][ExtensionHost][b16be…][reconnect] received socket timeout event (unacknowledgedMsgCount: 2666, timeSinceOldestUnacknowledgedMsg: 7222868, timeSinceLastReceivedSomeData: 7288497).
2026-01-22 20:52:10.254 [info] [remote-connection][Management   ][d7c33…][reconnect] received socket timeout event (unacknowledgedMsgCount: 1106, timeSinceOldestUnacknowledgedMsg: 7242890, timeSinceLastReceivedSomeData: 7289225).
2026-01-22 20:52:37.377 [info] [remote-connection][Management   ][d7c33…][reconnect] resolving connection...
2026-01-22 20:52:37.377 [info] Invoking resolveAuthority(ssh-remote)...
2026-01-22 20:52:37.377 [info] [LocalProcess0][resolveAuthority(ssh-remote,223)][0ms] obtaining proxy...
2026-01-22 20:52:37.377 [info] [LocalProcess0][resolveAuthority(ssh-remote,223)][0ms] invoking...
2026-01-22 20:52:37.379 [info] [remote-connection][ExtensionHost][b16be…][reconnect] received socket timeout event (unacknowledgedMsgCount: 2667, timeSinceOldestUnacknowledgedMsg: 7250004, timeSinceLastReceivedSomeData: 7315633).
2026-01-22 20:52:37.383 [info] [remote-connection][ExtensionHost][b16be…][reconnect] resolving connection...
2026-01-22 20:52:37.388 [info] [remote-connection][Management   ][d7c33…][reconnect] received socket timeout event (unacknowledgedMsgCount: 1107, timeSinceOldestUnacknowledgedMsg: 7270025, timeSinceLastReceivedSomeData: 7316360).
2026-01-22 20:52:38.378 [info] [LocalProcess0][resolveAuthority(ssh-remote,223)][1000ms] waiting...
2026-01-22 20:52:39.378 [info] [LocalProcess0][resolveAuthority(ssh-remote,223)][2000ms] waiting...
2026-01-22 20:52:40.378 [info] [LocalProcess0][resolveAuthority(ssh-remote,223)][3000ms] waiting...
2026-01-22 20:52:40.914 [error] [LocalProcess0][resolveAuthority(ssh-remote,223)][3536ms] returned an error {"code":"TemporarilyNotAvailable","message":"No route to host"}
2026-01-22 20:52:40.914 [error] resolveAuthority(ssh-remote) returned an error after 3536 ms No route to host
2026-01-22 20:52:40.914 [info] [remote-connection][Management   ][d7c33…][reconnect] A temporarily not available error occurred while trying to reconnect, will try again...
2026-01-22 20:52:40.914 [info] [remote-connection][Management   ][d7c33…][reconnect] waiting for 30 seconds before reconnecting...
2026-01-22 20:52:40.914 [info] [remote-connection][ExtensionHost][b16be…][reconnect] A temporarily not available error occurred while trying to reconnect, will try again...
2026-01-22 20:52:40.914 [info] [remote-connection][ExtensionHost][b16be…][reconnect] waiting for 30 seconds before reconnecting...
2026-01-22 20:52:41.009 [warning] [mainThreadStorage] large extension state detected (extensionId: ms-vscode-remote.remote-ssh, global: true): 11986.150390625kb. Consider to use 'storageUri' or 'globalStorageUri' to store this data on disk instead.
2026-01-22 20:52:57.380 [info] [remote-connection][ExtensionHost][b16be…][reconnect] received socket timeout event (unacknowledgedMsgCount: 2678, timeSinceOldestUnacknowledgedMsg: 7270004, timeSinceLastReceivedSomeData: 7335633).
2026-01-22 20:52:57.388 [info] [remote-connection][Management   ][d7c33…][reconnect] received socket timeout event (unacknowledgedMsgCount: 1111, timeSinceOldestUnacknowledgedMsg: 7290025, timeSinceLastReceivedSomeData: 7336360).
2026-01-22 20:53:10.914 [info] [remote-connection][Management   ][d7c33…][reconnect] resolving connection...
2026-01-22 20:53:10.914 [info] Invoking resolveAuthority(ssh-remote)...
2026-01-22 20:53:10.915 [info] [LocalProcess0][resolveAuthority(ssh-remote,224)][0ms] obtaining proxy...
2026-01-22 20:53:10.915 [info] [LocalProcess0][resolveAuthority(ssh-remote,224)][0ms] invoking...
2026-01-22 20:53:10.919 [info] [remote-connection][ExtensionHost][b16be…][reconnect] resolving connection...
2026-01-22 20:53:11.915 [info] [LocalProcess0][resolveAuthority(ssh-remote,224)][1001ms] waiting...
2026-01-22 20:53:12.915 [info] [LocalProcess0][resolveAuthority(ssh-remote,224)][2001ms] waiting...
2026-01-22 20:53:13.915 [info] [LocalProcess0][resolveAuthority(ssh-remote,224)][3001ms] waiting...
2026-01-22 20:53:14.449 [error] [LocalProcess0][resolveAuthority(ssh-remote,224)][3535ms] returned an error {"code":"TemporarilyNotAvailable","message":"No route to host"}
2026-01-22 20:53:14.450 [error] resolveAuthority(ssh-remote) returned an error after 3535 ms No route to host
2026-01-22 20:53:14.450 [info] [remote-connection][Management   ][d7c33…][reconnect] A temporarily not available error occurred while trying to reconnect, will try again...
2026-01-22 20:53:14.450 [info] [remote-connection][Management   ][d7c33…][reconnect] waiting for 30 seconds before reconnecting...
2026-01-22 20:53:14.450 [info] [remote-connection][ExtensionHost][b16be…][reconnect] A temporarily not available error occurred while trying to reconnect, will try again...
2026-01-22 20:53:14.450 [info] [remote-connection][ExtensionHost][b16be…][reconnect] waiting for 30 seconds before reconnecting...
2026-01-22 20:53:14.548 [warning] [mainThreadStorage] large extension state detected (extensionId: ms-vscode-remote.remote-ssh, global: true): 12039.9013671875kb. Consider to use 'storageUri' or 'globalStorageUri' to store this data on disk instead.
2026-01-22 20:53:17.380 [info] [remote-connection][ExtensionHost][b16be…][reconnect] received socket timeout event (unacknowledgedMsgCount: 2690, timeSinceOldestUnacknowledgedMsg: 7290004, timeSinceLastReceivedSomeData: 7355633).
2026-01-22 20:53:17.388 [info] [remote-connection][Management   ][d7c33…][reconnect] received socket timeout event (unacknowledgedMsgCount: 1116, timeSinceOldestUnacknowledgedMsg: 7310025, timeSinceLastReceivedSomeData: 7356360).
2026-01-22 20:53:44.450 [info] [remote-connection][Management   ][d7c33…][reconnect] resolving connection...
2026-01-22 20:53:44.450 [info] Invoking resolveAuthority(ssh-remote)...
2026-01-22 20:53:44.450 [info] [LocalProcess0][resolveAuthority(ssh-remote,225)][0ms] obtaining proxy...
2026-01-22 20:53:44.451 [info] [LocalProcess0][resolveAuthority(ssh-remote,225)][0ms] invoking...
2026-01-22 20:53:44.452 [info] [remote-connection][ExtensionHost][b16be…][reconnect] received socket timeout event (unacknowledgedMsgCount: 2691, timeSinceOldestUnacknowledgedMsg: 7317077, timeSinceLastReceivedSomeData: 7382706).
2026-01-22 20:53:44.456 [info] [remote-connection][ExtensionHost][b16be…][reconnect] resolving connection...
2026-01-22 20:53:44.461 [info] [remote-connection][Management   ][d7c33…][reconnect] received socket timeout event (unacknowledgedMsgCount: 1117, timeSinceOldestUnacknowledgedMsg: 7337098, timeSinceLastReceivedSomeData: 7383433).
2026-01-22 20:53:45.451 [info] [LocalProcess0][resolveAuthority(ssh-remote,225)][1000ms] waiting...
2026-01-22 20:53:46.451 [info] [LocalProcess0][resolveAuthority(ssh-remote,225)][2000ms] waiting...
2026-01-22 20:53:47.451 [info] [LocalProcess0][resolveAuthority(ssh-remote,225)][3000ms] waiting...
2026-01-22 20:53:47.986 [error] [LocalProcess0][resolveAuthority(ssh-remote,225)][3535ms] returned an error {"code":"TemporarilyNotAvailable","message":"No route to host"}
2026-01-22 20:53:47.986 [error] resolveAuthority(ssh-remote) returned an error after 3536 ms No route to host
2026-01-22 20:53:47.986 [info] [remote-connection][Management   ][d7c33…][reconnect] A temporarily not available error occurred while trying to reconnect, will try again...
2026-01-22 20:53:47.986 [info] [remote-connection][Management   ][d7c33…][reconnect] waiting for 30 seconds before reconnecting...
2026-01-22 20:53:47.986 [info] [remote-connection][ExtensionHost][b16be…][reconnect] A temporarily not available error occurred while trying to reconnect, will try again...
2026-01-22 20:53:47.986 [info] [remote-connection][ExtensionHost][b16be…][reconnect] waiting for 30 seconds before reconnecting...
2026-01-22 20:53:48.079 [warning] [mainThreadStorage] large extension state detected (extensionId: ms-vscode-remote.remote-ssh, global: true): 12093.65234375kb. Consider to use 'storageUri' or 'globalStorageUri' to store this data on disk instead.
2026-01-22 20:54:04.453 [info] [remote-connection][ExtensionHost][b16be…][reconnect] received socket timeout event (unacknowledgedMsgCount: 2702, timeSinceOldestUnacknowledgedMsg: 7337078, timeSinceLastReceivedSomeData: 7402707).
2026-01-22 20:54:04.461 [info] [remote-connection][Management   ][d7c33…][reconnect] received socket timeout event (unacknowledgedMsgCount: 1121, timeSinceOldestUnacknowledgedMsg: 7357098, timeSinceLastReceivedSomeData: 7403433).
2026-01-22 20:54:17.987 [info] [remote-connection][Management   ][d7c33…][reconnect] resolving connection...
2026-01-22 20:54:17.987 [info] Invoking resolveAuthority(ssh-remote)...
2026-01-22 20:54:17.987 [info] [LocalProcess0][resolveAuthority(ssh-remote,226)][0ms] obtaining proxy...
2026-01-22 20:54:17.987 [info] [LocalProcess0][resolveAuthority(ssh-remote,226)][1ms] invoking...
2026-01-22 20:54:17.992 [info] [remote-connection][ExtensionHost][b16be…][reconnect] resolving connection...
2026-01-22 20:54:18.987 [info] [LocalProcess0][resolveAuthority(ssh-remote,226)][1001ms] waiting...
2026-01-22 20:54:19.987 [info] [LocalProcess0][resolveAuthority(ssh-remote,226)][2001ms] waiting...
2026-01-22 20:54:20.987 [info] [LocalProcess0][resolveAuthority(ssh-remote,226)][3001ms] waiting...
2026-01-22 20:54:21.584 [error] [LocalProcess0][resolveAuthority(ssh-remote,226)][3598ms] returned an error {"code":"TemporarilyNotAvailable","message":"No route to host"}
2026-01-22 20:54:21.585 [error] resolveAuthority(ssh-remote) returned an error after 3598 ms No route to host
2026-01-22 20:54:21.585 [info] [remote-connection][Management   ][d7c33…][reconnect] A temporarily not available error occurred while trying to reconnect, will try again...
2026-01-22 20:54:21.585 [info] [remote-connection][Management   ][d7c33…][reconnect] waiting for 30 seconds before reconnecting...
2026-01-22 20:54:21.585 [info] [remote-connection][ExtensionHost][b16be…][reconnect] A temporarily not available error occurred while trying to reconnect, will try again...
2026-01-22 20:54:21.585 [info] [remote-connection][ExtensionHost][b16be…][reconnect] waiting for 30 seconds before reconnecting...
2026-01-22 20:54:21.686 [warning] [mainThreadStorage] large extension state detected (extensionId: ms-vscode-remote.remote-ssh, global: true): 12147.4033203125kb. Consider to use 'storageUri' or 'globalStorageUri' to store this data on disk instead.
2026-01-22 20:54:24.453 [info] [remote-connection][ExtensionHost][b16be…][reconnect] received socket timeout event (unacknowledgedMsgCount: 2714, timeSinceOldestUnacknowledgedMsg: 7357078, timeSinceLastReceivedSomeData: 7422707).
2026-01-22 20:54:24.462 [info] [remote-connection][Management   ][d7c33…][reconnect] received socket timeout event (unacknowledgedMsgCount: 1126, timeSinceOldestUnacknowledgedMsg: 7377099, timeSinceLastReceivedSomeData: 7423434).
2026-01-22 20:54:51.585 [info] [remote-connection][Management   ][d7c33…][reconnect] resolving connection...
2026-01-22 20:54:51.585 [info] Invoking resolveAuthority(ssh-remote)...
2026-01-22 20:54:51.586 [info] [LocalProcess0][resolveAuthority(ssh-remote,227)][0ms] obtaining proxy...
2026-01-22 20:54:51.586 [info] [LocalProcess0][resolveAuthority(ssh-remote,227)][0ms] invoking...
2026-01-22 20:54:51.588 [info] [remote-connection][ExtensionHost][b16be…][reconnect] received socket timeout event (unacknowledgedMsgCount: 2715, timeSinceOldestUnacknowledgedMsg: 7384212, timeSinceLastReceivedSomeData: 7449841).
2026-01-22 20:54:51.591 [info] [remote-connection][ExtensionHost][b16be…][reconnect] resolving connection...
2026-01-22 20:54:51.597 [info] [remote-connection][Management   ][d7c33…][reconnect] received socket timeout event (unacknowledgedMsgCount: 1127, timeSinceOldestUnacknowledgedMsg: 7404234, timeSinceLastReceivedSomeData: 7450569).
2026-01-22 20:54:52.586 [info] [LocalProcess0][resolveAuthority(ssh-remote,227)][1001ms] waiting...
2026-01-22 20:54:53.586 [info] [LocalProcess0][resolveAuthority(ssh-remote,227)][2001ms] waiting...
2026-01-22 20:54:54.586 [info] [LocalProcess0][resolveAuthority(ssh-remote,227)][3001ms] waiting...
2026-01-22 20:54:55.123 [error] [LocalProcess0][resolveAuthority(ssh-remote,227)][3538ms] returned an error {"code":"TemporarilyNotAvailable","message":"No route to host"}
2026-01-22 20:54:55.123 [error] resolveAuthority(ssh-remote) returned an error after 3538 ms No route to host
2026-01-22 20:54:55.123 [info] [remote-connection][Management   ][d7c33…][reconnect] A temporarily not available error occurred while trying to reconnect, will try again...
2026-01-22 20:54:55.123 [info] [remote-connection][Management   ][d7c33…][reconnect] waiting for 30 seconds before reconnecting...
2026-01-22 20:54:55.124 [info] [remote-connection][ExtensionHost][b16be…][reconnect] A temporarily not available error occurred while trying to reconnect, will try again...
2026-01-22 20:54:55.124 [info] [remote-connection][ExtensionHost][b16be…][reconnect] waiting for 30 seconds before reconnecting...
2026-01-22 20:54:55.217 [warning] [mainThreadStorage] large extension state detected (extensionId: ms-vscode-remote.remote-ssh, global: true): 12201.154296875kb. Consider to use 'storageUri' or 'globalStorageUri' to store this data on disk instead.
2026-01-22 20:55:11.587 [info] [remote-connection][ExtensionHost][b16be…][reconnect] received socket timeout event (unacknowledgedMsgCount: 2726, timeSinceOldestUnacknowledgedMsg: 7404212, timeSinceLastReceivedSomeData: 7469841).
2026-01-22 20:55:11.597 [info] [remote-connection][Management   ][d7c33…][reconnect] received socket timeout event (unacknowledgedMsgCount: 1131, timeSinceOldestUnacknowledgedMsg: 7424234, timeSinceLastReceivedSomeData: 7470569).
2026-01-22 20:55:25.124 [info] [remote-connection][Management   ][d7c33…][reconnect] resolving connection...
2026-01-22 20:55:25.124 [info] Invoking resolveAuthority(ssh-remote)...
2026-01-22 20:55:25.124 [info] [LocalProcess0][resolveAuthority(ssh-remote,228)][0ms] obtaining proxy...
2026-01-22 20:55:25.124 [info] [LocalProcess0][resolveAuthority(ssh-remote,228)][0ms] invoking...
2026-01-22 20:55:25.129 [info] [remote-connection][ExtensionHost][b16be…][reconnect] resolving connection...
2026-01-22 20:55:26.124 [info] [LocalProcess0][resolveAuthority(ssh-remote,228)][1000ms] waiting...
2026-01-22 20:55:27.124 [info] [LocalProcess0][resolveAuthority(ssh-remote,228)][2000ms] waiting...
2026-01-22 20:55:28.124 [info] [LocalProcess0][resolveAuthority(ssh-remote,228)][3000ms] waiting...
2026-01-22 20:55:28.725 [error] [LocalProcess0][resolveAuthority(ssh-remote,228)][3601ms] returned an error {"code":"TemporarilyNotAvailable","message":"No route to host"}
2026-01-22 20:55:28.725 [error] resolveAuthority(ssh-remote) returned an error after 3601 ms No route to host
2026-01-22 20:55:28.726 [info] [remote-connection][Management   ][d7c33…][reconnect] A temporarily not available error occurred while trying to reconnect, will try again...
2026-01-22 20:55:28.726 [info] [remote-connection][Management   ][d7c33…][reconnect] waiting for 30 seconds before reconnecting...
2026-01-22 20:55:28.726 [info] [remote-connection][ExtensionHost][b16be…][reconnect] A temporarily not available error occurred while trying to reconnect, will try again...
2026-01-22 20:55:28.726 [info] [remote-connection][ExtensionHost][b16be…][reconnect] waiting for 30 seconds before reconnecting...
2026-01-22 20:55:28.824 [warning] [mainThreadStorage] large extension state detected (extensionId: ms-vscode-remote.remote-ssh, global: true): 12254.9052734375kb. Consider to use 'storageUri' or 'globalStorageUri' to store this data on disk instead.
2026-01-22 20:55:31.587 [info] [remote-connection][ExtensionHost][b16be…][reconnect] received socket timeout event (unacknowledgedMsgCount: 2738, timeSinceOldestUnacknowledgedMsg: 7424212, timeSinceLastReceivedSomeData: 7489841).
2026-01-22 20:55:31.598 [info] [remote-connection][Management   ][d7c33…][reconnect] received socket timeout event (unacknowledgedMsgCount: 1136, timeSinceOldestUnacknowledgedMsg: 7444235, timeSinceLastReceivedSomeData: 7490570).
2026-01-22 20:55:58.726 [info] [remote-connection][Management   ][d7c33…][reconnect] resolving connection...
2026-01-22 20:55:58.726 [info] Invoking resolveAuthority(ssh-remote)...
2026-01-22 20:55:58.726 [info] [LocalProcess0][resolveAuthority(ssh-remote,229)][0ms] obtaining proxy...
2026-01-22 20:55:58.726 [info] [LocalProcess0][resolveAuthority(ssh-remote,229)][0ms] invoking...
2026-01-22 20:55:58.729 [info] [remote-connection][ExtensionHost][b16be…][reconnect] received socket timeout event (unacknowledgedMsgCount: 2739, timeSinceOldestUnacknowledgedMsg: 7451353, timeSinceLastReceivedSomeData: 7516982).
2026-01-22 20:55:58.732 [info] [remote-connection][ExtensionHost][b16be…][reconnect] resolving connection...
2026-01-22 20:55:58.746 [info] [remote-connection][Management   ][d7c33…][reconnect] received socket timeout event (unacknowledgedMsgCount: 1137, timeSinceOldestUnacknowledgedMsg: 7471383, timeSinceLastReceivedSomeData: 7517718).
2026-01-22 20:55:59.727 [info] [LocalProcess0][resolveAuthority(ssh-remote,229)][1000ms] waiting...
2026-01-22 20:56:00.727 [info] [LocalProcess0][resolveAuthority(ssh-remote,229)][2000ms] waiting...
2026-01-22 20:56:01.727 [info] [LocalProcess0][resolveAuthority(ssh-remote,229)][3000ms] waiting...
2026-01-22 20:56:02.323 [error] [LocalProcess0][resolveAuthority(ssh-remote,229)][3597ms] returned an error {"code":"TemporarilyNotAvailable","message":"No route to host"}
2026-01-22 20:56:02.323 [error] resolveAuthority(ssh-remote) returned an error after 3597 ms No route to host
2026-01-22 20:56:02.323 [info] [remote-connection][Management   ][d7c33…][reconnect] A temporarily not available error occurred while trying to reconnect, will try again...
2026-01-22 20:56:02.324 [info] [remote-connection][Management   ][d7c33…][reconnect] waiting for 30 seconds before reconnecting...
2026-01-22 20:56:02.324 [info] [remote-connection][ExtensionHost][b16be…][reconnect] A temporarily not available error occurred while trying to reconnect, will try again...
2026-01-22 20:56:02.324 [info] [remote-connection][ExtensionHost][b16be…][reconnect] waiting for 30 seconds before reconnecting...
2026-01-22 20:56:02.423 [warning] [mainThreadStorage] large extension state detected (extensionId: ms-vscode-remote.remote-ssh, global: true): 12308.65625kb. Consider to use 'storageUri' or 'globalStorageUri' to store this data on disk instead.
2026-01-22 20:56:18.728 [info] [remote-connection][ExtensionHost][b16be…][reconnect] received socket timeout event (unacknowledgedMsgCount: 2750, timeSinceOldestUnacknowledgedMsg: 7471353, timeSinceLastReceivedSomeData: 7536982).
2026-01-22 20:56:18.747 [info] [remote-connection][Management   ][d7c33…][reconnect] received socket timeout event (unacknowledgedMsgCount: 1141, timeSinceOldestUnacknowledgedMsg: 7491383, timeSinceLastReceivedSomeData: 7537718).
2026-01-22 20:56:32.324 [info] [remote-connection][Management   ][d7c33…][reconnect] resolving connection...
2026-01-22 20:56:32.324 [info] Invoking resolveAuthority(ssh-remote)...
2026-01-22 20:56:32.325 [info] [LocalProcess0][resolveAuthority(ssh-remote,230)][0ms] obtaining proxy...
2026-01-22 20:56:32.325 [info] [LocalProcess0][resolveAuthority(ssh-remote,230)][0ms] invoking...
2026-01-22 20:56:32.329 [info] [remote-connection][ExtensionHost][b16be…][reconnect] resolving connection...
2026-01-22 20:56:33.324 [info] [LocalProcess0][resolveAuthority(ssh-remote,230)][1000ms] waiting...
2026-01-22 20:56:34.324 [info] [LocalProcess0][resolveAuthority(ssh-remote,230)][2000ms] waiting...
2026-01-22 20:56:35.324 [info] [LocalProcess0][resolveAuthority(ssh-remote,230)][3000ms] waiting...
2026-01-22 20:56:35.860 [error] [LocalProcess0][resolveAuthority(ssh-remote,230)][3535ms] returned an error {"code":"TemporarilyNotAvailable","message":"No route to host"}
2026-01-22 20:56:35.860 [error] resolveAuthority(ssh-remote) returned an error after 3535 ms No route to host
2026-01-22 20:56:35.860 [info] [remote-connection][Management   ][d7c33…][reconnect] A temporarily not available error occurred while trying to reconnect, will try again...
2026-01-22 20:56:35.860 [info] [remote-connection][Management   ][d7c33…][reconnect] waiting for 30 seconds before reconnecting...
2026-01-22 20:56:35.860 [info] [remote-connection][ExtensionHost][b16be…][reconnect] A temporarily not available error occurred while trying to reconnect, will try again...
2026-01-22 20:56:35.860 [info] [remote-connection][ExtensionHost][b16be…][reconnect] waiting for 30 seconds before reconnecting...
2026-01-22 20:56:35.951 [warning] [mainThreadStorage] large extension state detected (extensionId: ms-vscode-remote.remote-ssh, global: true): 12362.4072265625kb. Consider to use 'storageUri' or 'globalStorageUri' to store this data on disk instead.
2026-01-22 20:56:38.728 [info] [remote-connection][ExtensionHost][b16be…][reconnect] received socket timeout event (unacknowledgedMsgCount: 2762, timeSinceOldestUnacknowledgedMsg: 7491353, timeSinceLastReceivedSomeData: 7556982).
2026-01-22 20:56:38.746 [info] [remote-connection][Management   ][d7c33…][reconnect] received socket timeout event (unacknowledgedMsgCount: 1146, timeSinceOldestUnacknowledgedMsg: 7511383, timeSinceLastReceivedSomeData: 7557718).
2026-01-22 20:57:05.860 [info] [remote-connection][Management   ][d7c33…][reconnect] resolving connection...
2026-01-22 20:57:05.861 [info] Invoking resolveAuthority(ssh-remote)...
2026-01-22 20:57:05.861 [info] [LocalProcess0][resolveAuthority(ssh-remote,231)][1ms] obtaining proxy...
2026-01-22 20:57:05.861 [info] [LocalProcess0][resolveAuthority(ssh-remote,231)][1ms] invoking...
2026-01-22 20:57:05.863 [info] [remote-connection][ExtensionHost][b16be…][reconnect] received socket timeout event (unacknowledgedMsgCount: 2763, timeSinceOldestUnacknowledgedMsg: 7518487, timeSinceLastReceivedSomeData: 7584116).
2026-01-22 20:57:05.866 [info] [remote-connection][ExtensionHost][b16be…][reconnect] resolving connection...
2026-01-22 20:57:05.872 [info] [remote-connection][Management   ][d7c33…][reconnect] received socket timeout event (unacknowledgedMsgCount: 1147, timeSinceOldestUnacknowledgedMsg: 7538508, timeSinceLastReceivedSomeData: 7584843).
2026-01-22 20:57:06.861 [info] [LocalProcess0][resolveAuthority(ssh-remote,231)][1001ms] waiting...
2026-01-22 20:57:07.861 [info] [LocalProcess0][resolveAuthority(ssh-remote,231)][2001ms] waiting...
2026-01-22 20:57:08.861 [info] [LocalProcess0][resolveAuthority(ssh-remote,231)][3001ms] waiting...
2026-01-22 20:57:09.396 [error] [LocalProcess0][resolveAuthority(ssh-remote,231)][3536ms] returned an error {"code":"TemporarilyNotAvailable","message":"No route to host"}
2026-01-22 20:57:09.396 [error] resolveAuthority(ssh-remote) returned an error after 3536 ms No route to host
2026-01-22 20:57:09.396 [info] [remote-connection][Management   ][d7c33…][reconnect] A temporarily not available error occurred while trying to reconnect, will try again...
2026-01-22 20:57:09.396 [info] [remote-connection][Management   ][d7c33…][reconnect] waiting for 30 seconds before reconnecting...
2026-01-22 20:57:09.396 [info] [remote-connection][ExtensionHost][b16be…][reconnect] A temporarily not available error occurred while trying to reconnect, will try again...
2026-01-22 20:57:09.397 [info] [remote-connection][ExtensionHost][b16be…][reconnect] waiting for 30 seconds before reconnecting...
2026-01-22 20:57:09.488 [warning] [mainThreadStorage] large extension state detected (extensionId: ms-vscode-remote.remote-ssh, global: true): 12416.158203125kb. Consider to use 'storageUri' or 'globalStorageUri' to store this data on disk instead.
2026-01-22 20:57:25.863 [info] [remote-connection][ExtensionHost][b16be…][reconnect] received socket timeout event (unacknowledgedMsgCount: 2774, timeSinceOldestUnacknowledgedMsg: 7538487, timeSinceLastReceivedSomeData: 7604116).
2026-01-22 20:57:25.872 [info] [remote-connection][Management   ][d7c33…][reconnect] received socket timeout event (unacknowledgedMsgCount: 1151, timeSinceOldestUnacknowledgedMsg: 7558508, timeSinceLastReceivedSomeData: 7604843).
2026-01-22 20:57:39.397 [info] [remote-connection][Management   ][d7c33…][reconnect] resolving connection...
2026-01-22 20:57:39.397 [info] Invoking resolveAuthority(ssh-remote)...
2026-01-22 20:57:39.397 [info] [LocalProcess0][resolveAuthority(ssh-remote,232)][0ms] obtaining proxy...
2026-01-22 20:57:39.397 [info] [LocalProcess0][resolveAuthority(ssh-remote,232)][0ms] invoking...
2026-01-22 20:57:39.402 [info] [remote-connection][ExtensionHost][b16be…][reconnect] resolving connection...
2026-01-22 20:57:40.397 [info] [LocalProcess0][resolveAuthority(ssh-remote,232)][1000ms] waiting...
2026-01-22 20:57:41.397 [info] [LocalProcess0][resolveAuthority(ssh-remote,232)][2000ms] waiting...
2026-01-22 20:57:42.397 [info] [LocalProcess0][resolveAuthority(ssh-remote,232)][3000ms] waiting...
2026-01-22 20:57:42.938 [error] [LocalProcess0][resolveAuthority(ssh-remote,232)][3541ms] returned an error {"code":"TemporarilyNotAvailable","message":"No route to host"}
2026-01-22 20:57:42.939 [error] resolveAuthority(ssh-remote) returned an error after 3542 ms No route to host
2026-01-22 20:57:42.939 [info] [remote-connection][Management   ][d7c33…][reconnect] A temporarily not available error occurred while trying to reconnect, will try again...
2026-01-22 20:57:42.939 [info] [remote-connection][Management   ][d7c33…][reconnect] waiting for 30 seconds before reconnecting...
2026-01-22 20:57:42.939 [info] [remote-connection][ExtensionHost][b16be…][reconnect] A temporarily not available error occurred while trying to reconnect, will try again...
2026-01-22 20:57:42.939 [info] [remote-connection][ExtensionHost][b16be…][reconnect] waiting for 30 seconds before reconnecting...
2026-01-22 20:57:43.032 [warning] [mainThreadStorage] large extension state detected (extensionId: ms-vscode-remote.remote-ssh, global: true): 12469.9091796875kb. Consider to use 'storageUri' or 'globalStorageUri' to store this data on disk instead.
2026-01-22 20:57:45.862 [info] [remote-connection][ExtensionHost][b16be…][reconnect] received socket timeout event (unacknowledgedMsgCount: 2786, timeSinceOldestUnacknowledgedMsg: 7558487, timeSinceLastReceivedSomeData: 7624116).
2026-01-22 20:57:45.872 [info] [remote-connection][Management   ][d7c33…][reconnect] received socket timeout event (unacknowledgedMsgCount: 1156, timeSinceOldestUnacknowledgedMsg: 7578508, timeSinceLastReceivedSomeData: 7624843).
2026-01-22 20:58:12.939 [info] [remote-connection][Management   ][d7c33…][reconnect] resolving connection...
2026-01-22 20:58:12.939 [info] Invoking resolveAuthority(ssh-remote)...
2026-01-22 20:58:12.939 [info] [LocalProcess0][resolveAuthority(ssh-remote,233)][0ms] obtaining proxy...
2026-01-22 20:58:12.940 [info] [LocalProcess0][resolveAuthority(ssh-remote,233)][0ms] invoking...
2026-01-22 20:58:12.942 [info] [remote-connection][ExtensionHost][b16be…][reconnect] received socket timeout event (unacknowledgedMsgCount: 2787, timeSinceOldestUnacknowledgedMsg: 7585566, timeSinceLastReceivedSomeData: 7651195).
2026-01-22 20:58:12.949 [info] [remote-connection][ExtensionHost][b16be…][reconnect] resolving connection...
2026-01-22 20:58:12.955 [info] [remote-connection][Management   ][d7c33…][reconnect] received socket timeout event (unacknowledgedMsgCount: 1157, timeSinceOldestUnacknowledgedMsg: 7605592, timeSinceLastReceivedSomeData: 7651927).
2026-01-22 20:58:13.940 [info] [LocalProcess0][resolveAuthority(ssh-remote,233)][1001ms] waiting...
2026-01-22 20:58:14.940 [info] [LocalProcess0][resolveAuthority(ssh-remote,233)][2001ms] waiting...
2026-01-22 20:58:15.940 [info] [LocalProcess0][resolveAuthority(ssh-remote,233)][3001ms] waiting...
2026-01-22 20:58:16.533 [error] [LocalProcess0][resolveAuthority(ssh-remote,233)][3593ms] returned an error {"code":"TemporarilyNotAvailable","message":"No route to host"}
2026-01-22 20:58:16.533 [error] resolveAuthority(ssh-remote) returned an error after 3594 ms No route to host
2026-01-22 20:58:16.533 [info] [remote-connection][Management   ][d7c33…][reconnect] A temporarily not available error occurred while trying to reconnect, will try again...
2026-01-22 20:58:16.533 [info] [remote-connection][Management   ][d7c33…][reconnect] waiting for 30 seconds before reconnecting...
2026-01-22 20:58:16.533 [info] [remote-connection][ExtensionHost][b16be…][reconnect] A temporarily not available error occurred while trying to reconnect, will try again...
2026-01-22 20:58:16.534 [info] [remote-connection][ExtensionHost][b16be…][reconnect] waiting for 30 seconds before reconnecting...
2026-01-22 20:58:16.631 [warning] [mainThreadStorage] large extension state detected (extensionId: ms-vscode-remote.remote-ssh, global: true): 12523.66015625kb. Consider to use 'storageUri' or 'globalStorageUri' to store this data on disk instead.
2026-01-22 20:58:32.941 [info] [remote-connection][ExtensionHost][b16be…][reconnect] received socket timeout event (unacknowledgedMsgCount: 2798, timeSinceOldestUnacknowledgedMsg: 7605566, timeSinceLastReceivedSomeData: 7671195).
2026-01-22 20:58:32.956 [info] [remote-connection][Management   ][d7c33…][reconnect] received socket timeout event (unacknowledgedMsgCount: 1161, timeSinceOldestUnacknowledgedMsg: 7625592, timeSinceLastReceivedSomeData: 7671927).
